CreditScore,Geography,Gender,Age,Tenure, Balance ,NumOfProducts,HasCrCard,IsActiveMember, EstimatedSalary ,Engagement score
619,France,Female,42,2, € -   ,1,1,1,"€ 1,01,348.88",50.00%
608,Spain,Female,41,1,"€ 83,807.86",1,0,1,"€ 1,12,542.58",100.00%
502,France,Female,42,8,"€ 1,59,660.80",3,1,0,"€ 1,13,931.57",0.00%
699,France,Female,39,1, € -   ,2,0,0,"€ 93,826.63",0.00%
850,Spain,Female,43,2,"€ 1,25,510.82",1,1,1,"€ 79,084.10",50.00%
645,Spain,Male,44,8,"€ 1,13,755.78",2,1,0,"€ 1,49,756.71",0.00%
822,France,Male,50,7, € -   ,2,1,1,"€ 10,062.80",28.57%
376,Germany,Female,29,4,"€ 1,15,046.74",4,1,0,"€ 1,19,346.88",0.00%
501,France,Male,44,4,"€ 1,42,051.07",2,0,1,"€ 74,940.50",50.00%
684,France,Male,27,2,"€ 1,34,603.88",1,1,1,"€ 71,725.73",50.00%
528,France,Male,31,6,"€ 1,02,016.72",2,0,0,"€ 80,181.12",0.00%
497,Spain,Male,24,3, € -   ,2,1,0,"€ 76,390.01",0.00%
476,France,Female,34,10, € -   ,2,1,0,"€ 26,260.98",0.00%
549,France,Female,25,5, € -   ,2,0,0,"€ 1,90,857.79",0.00%
635,Spain,Female,35,7, € -   ,2,1,1,"€ 65,951.65",28.57%
616,Germany,Male,45,3,"€ 1,43,129.41",2,0,1,"€ 64,327.26",66.67%
653,Germany,Male,58,1,"€ 1,32,602.88",1,1,0,"€ 5,097.67",0.00%
549,Spain,Female,24,9, € -   ,2,1,1,"€ 14,406.41",22.22%
587,Spain,Male,45,6, € -   ,1,0,0,"€ 1,58,684.81",0.00%
726,France,Female,24,6, € -   ,2,1,1,"€ 54,724.03",33.33%
732,France,Male,41,8, € -   ,2,1,1,"€ 1,70,886.17",25.00%
636,Spain,Female,32,8, € -   ,2,1,0,"€ 1,38,555.46",0.00%
510,Spain,Female,38,4, € -   ,1,1,0,"€ 1,18,913.53",0.00%
669,France,Male,46,3, € -   ,2,0,1,"€ 8,487.75",66.67%
846,France,Female,38,5, € -   ,1,1,1,"€ 1,87,616.16",20.00%
577,France,Male,25,3, € -   ,2,0,1,"€ 1,24,508.29",66.67%
756,Germany,Male,36,2,"€ 1,36,815.64",1,1,1,"€ 1,70,041.95",50.00%
571,France,Male,44,9, € -   ,2,0,0,"€ 38,433.35",0.00%
574,Germany,Female,43,3,"€ 1,41,349.43",1,1,1,"€ 1,00,187.43",33.33%
411,France,Male,29,0,"€ 59,697.17",2,1,1,"€ 53,483.21",200.00%
591,Spain,Female,39,3, € -   ,3,1,0,"€ 1,40,469.38",0.00%
533,France,Male,36,7,"€ 85,311.70",1,0,1,"€ 1,56,731.91",14.29%
553,Germany,Male,41,9,"€ 1,10,112.54",2,0,0,"€ 81,898.81",0.00%
520,Spain,Female,42,6, € -   ,2,1,1,"€ 34,410.55",33.33%
722,Spain,Female,29,9, € -   ,2,1,1,"€ 1,42,033.07",22.22%
475,France,Female,45,0,"€ 1,34,264.04",1,1,0,"€ 27,822.99",0.00%
490,Spain,Male,31,3,"€ 1,45,260.23",1,0,1,"€ 1,14,066.77",33.33%
804,Spain,Male,33,7,"€ 76,548.60",1,0,1,"€ 98,453.45",14.29%
850,France,Male,36,7, € -   ,1,1,1,"€ 40,812.90",14.29%
582,Germany,Male,41,6,"€ 70,349.48",2,0,1,"€ 1,78,074.04",33.33%
472,Spain,Male,40,4, € -   ,1,1,0,"€ 70,154.22",0.00%
465,France,Female,51,8,"€ 1,22,522.32",1,0,0,"€ 1,81,297.65",0.00%
556,France,Female,61,2,"€ 1,17,419.35",1,1,1,"€ 94,153.83",50.00%
834,France,Female,49,2,"€ 1,31,394.56",1,0,0,"€ 1,94,365.76",0.00%
660,Spain,Female,61,5,"€ 1,55,931.11",1,1,1,"€ 1,58,338.39",20.00%
776,Germany,Female,32,4,"€ 1,09,421.13",2,1,1,"€ 1,26,517.46",50.00%
829,Germany,Female,27,9,"€ 1,12,045.67",1,1,1,"€ 1,19,708.21",11.11%
637,Germany,Female,39,9,"€ 1,37,843.80",1,1,1,"€ 1,17,622.80",11.11%
550,Germany,Male,38,2,"€ 1,03,391.38",1,0,1,"€ 90,878.13",50.00%
776,Germany,Female,37,2,"€ 1,03,769.22",2,1,0,"€ 1,94,099.12",0.00%
698,Germany,Male,44,10,"€ 1,16,363.37",2,1,0,"€ 1,98,059.16",0.00%
585,Germany,Male,36,5,"€ 1,46,050.97",2,0,0,"€ 86,424.57",0.00%
788,France,Female,33,5, € -   ,2,0,0,"€ 1,16,978.19",0.00%
655,Germany,Male,41,8,"€ 1,25,561.97",1,0,0,"€ 1,64,040.94",0.00%
601,Germany,Male,42,1,"€ 98,495.72",1,1,0,"€ 40,014.76",0.00%
619,France,Male,43,1,"€ 1,25,211.92",1,1,1,"€ 1,13,410.49",100.00%
656,France,Male,45,5,"€ 1,27,864.40",1,1,0,"€ 87,107.57",0.00%
725,Germany,Male,19,0,"€ 75,888.20",1,0,0,"€ 45,613.75",0.00%
511,Spain,Female,66,4, € -   ,1,1,0,"€ 1,643.11",0.00%
614,France,Male,51,4,"€ 40,685.92",1,1,1,"€ 46,775.28",25.00%
742,Germany,Male,35,5,"€ 1,36,857.00",1,0,0,"€ 84,509.57",0.00%
687,Germany,Female,27,9,"€ 1,52,328.88",2,0,0,"€ 1,26,494.82",0.00%
555,Spain,Male,33,1,"€ 56,084.69",2,0,0,"€ 1,78,798.13",0.00%
684,Spain,Male,56,8,"€ 78,707.16",1,1,1,"€ 99,398.36",12.50%
603,Germany,Male,26,4,"€ 1,09,166.37",1,1,1,"€ 92,840.67",25.00%
751,Germany,Female,36,6,"€ 1,69,831.46",2,1,1,"€ 27,758.36",33.33%
581,Germany,Female,34,1,"€ 1,01,633.04",1,1,0,"€ 1,10,431.51",0.00%
735,Germany,Male,43,10,"€ 1,23,180.01",2,1,1,"€ 1,96,673.28",20.00%
661,Germany,Female,35,5,"€ 1,50,725.53",2,0,1,"€ 1,13,656.85",40.00%
675,France,Female,21,8,"€ 98,373.26",1,1,0,"€ 18,203.00",0.00%
738,Germany,Male,58,2,"€ 1,33,745.44",4,1,0,"€ 28,373.86",0.00%
813,France,Male,29,6, € -   ,1,1,0,"€ 33,953.87",0.00%
657,Spain,Female,37,0,"€ 1,63,607.18",1,0,1,"€ 44,203.55",100.00%
604,Germany,Female,25,5,"€ 1,57,780.84",2,1,1,"€ 58,426.81",40.00%
519,France,Male,36,9, € -   ,2,0,1,"€ 1,45,562.40",22.22%
735,France,Female,21,1,"€ 1,78,718.19",2,1,0,"€ 22,388.00",0.00%
664,France,Male,55,8, € -   ,2,1,1,"€ 1,39,161.64",25.00%
678,France,Female,32,9, € -   ,1,1,1,"€ 1,48,210.64",11.11%
757,Spain,Male,33,5,"€ 77,253.22",1,0,1,"€ 1,94,239.63",20.00%
416,Germany,Female,41,10,"€ 1,22,189.66",2,1,0,"€ 98,301.61",0.00%
665,France,Female,34,1,"€ 96,645.54",2,0,0,"€ 1,71,413.66",0.00%
777,France,Female,32,2, € -   ,1,1,0,"€ 1,36,458.19",0.00%
543,France,Female,36,3, € -   ,2,0,0,"€ 26,019.59",0.00%
506,France,Female,34,4,"€ 90,307.62",1,1,1,"€ 1,59,235.29",25.00%
493,France,Female,46,4, € -   ,2,1,0,"€ 1,907.66",0.00%
652,Spain,Female,75,10, € -   ,2,1,1,"€ 1,14,675.75",20.00%
750,Spain,Male,22,3,"€ 1,21,681.82",1,1,0,"€ 1,28,643.35",0.00%
729,France,Male,30,9, € -   ,2,1,0,"€ 1,51,869.35",0.00%
646,France,Female,46,4, € -   ,3,1,0,"€ 93,251.42",0.00%
635,Germany,Female,28,3,"€ 81,623.67",2,1,1,"€ 1,56,791.36",66.67%
647,Spain,Female,44,5, € -   ,3,1,1,"€ 1,74,205.22",60.00%
808,France,Male,45,7,"€ 1,18,626.55",2,1,0,"€ 1,47,132.46",0.00%
524,France,Female,36,10, € -   ,2,1,0,"€ 1,09,614.57",0.00%
769,France,Male,29,8, € -   ,2,1,1,"€ 1,72,290.61",25.00%
730,Spain,Male,42,4, € -   ,2,0,1,"€ 85,982.47",50.00%
515,Spain,Male,35,10,"€ 1,76,273.95",1,0,1,"€ 1,21,277.78",10.00%
773,Spain,Male,41,9,"€ 1,02,827.44",1,0,1,"€ 64,595.25",11.11%
814,Germany,Male,29,8,"€ 97,086.40",2,1,1,"€ 1,97,276.13",25.00%
710,Spain,Male,22,8, € -   ,2,0,0,"€ 99,645.04",0.00%
413,France,Male,34,9, € -   ,2,0,0,"€ 6,534.18",0.00%
665,France,Female,40,6, € -   ,1,1,1,"€ 1,61,848.03",16.67%
623,France,Female,44,6, € -   ,2,0,0,"€ 1,67,162.43",0.00%
738,France,Male,31,9,"€ 82,674.15",1,1,0,"€ 41,970.72",0.00%
528,Spain,Male,36,7, € -   ,2,1,0,"€ 60,536.56",0.00%
670,Spain,Female,65,1, € -   ,1,1,1,"€ 1,77,655.68",100.00%
622,Spain,Female,46,4,"€ 1,07,073.27",2,1,1,"€ 30,984.59",50.00%
582,Germany,Male,32,1,"€ 88,938.62",1,1,1,"€ 10,054.53",100.00%
785,Germany,Female,36,2,"€ 99,806.85",1,0,1,"€ 36,976.52",50.00%
605,Spain,Male,33,5,"€ 1,50,092.80",1,0,0,"€ 71,862.79",0.00%
479,Germany,Male,35,9,"€ 92,833.89",1,1,0,"€ 99,449.86",0.00%
685,Germany,Male,30,3,"€ 90,536.81",1,0,1,"€ 63,082.88",33.33%
538,Germany,Male,39,7,"€ 1,08,055.10",2,1,0,"€ 27,231.26",0.00%
562,France,Male,42,2,"€ 1,00,238.35",1,0,0,"€ 86,797.41",0.00%
675,Spain,Male,36,9,"€ 1,06,190.55",1,0,1,"€ 22,994.32",11.11%
721,Germany,Male,28,9,"€ 1,54,475.54",2,0,1,"€ 1,01,300.94",22.22%
628,Germany,Female,30,9,"€ 1,32,351.29",2,1,1,"€ 74,169.13",22.22%
668,Germany,Female,37,6,"€ 1,67,864.40",1,1,0,"€ 1,15,638.29",0.00%
506,France,Female,41,1, € -   ,2,1,0,"€ 31,766.30",0.00%
524,Germany,Female,31,8,"€ 1,07,818.63",1,1,0,"€ 1,99,725.39",0.00%
699,Germany,Male,34,4,"€ 1,85,173.81",2,1,0,"€ 1,20,834.48",0.00%
828,France,Male,34,8,"€ 1,29,433.34",2,0,0,"€ 38,131.77",0.00%
674,Spain,Male,39,6,"€ 1,20,193.42",1,0,0,"€ 1,00,130.95",0.00%
656,France,Female,39,6, € -   ,2,1,0,"€ 1,41,069.88",0.00%
684,Germany,Female,48,10,"€ 1,26,384.42",1,1,1,"€ 1,98,129.36",10.00%
625,France,Female,28,3, € -   ,1,0,0,"€ 1,83,646.41",0.00%
432,France,Male,42,9,"€ 1,52,603.45",1,1,0,"€ 1,10,265.24",0.00%
549,France,Female,52,1, € -   ,1,0,1,"€ 8,636.05",100.00%
625,Germany,Male,56,0,"€ 1,48,507.24",1,1,0,"€ 46,824.08",0.00%
828,France,Female,41,7, € -   ,2,1,0,"€ 1,71,378.77",0.00%
770,France,Male,24,9,"€ 1,01,827.07",1,1,0,"€ 1,67,256.35",0.00%
758,France,Female,34,3, € -   ,2,1,1,"€ 1,24,226.16",66.67%
795,Germany,Female,33,9,"€ 1,30,862.43",1,1,1,"€ 1,14,935.21",11.11%
687,France,Male,38,9,"€ 1,22,570.87",1,1,1,"€ 35,608.88",11.11%
686,France,Male,25,1, € -   ,2,0,1,"€ 16,459.37",200.00%
789,Germany,Male,39,7,"€ 1,24,828.46",2,1,1,"€ 1,24,411.08",28.57%
589,Germany,Female,50,5,"€ 1,44,895.05",2,1,1,"€ 34,941.23",40.00%
461,Germany,Female,34,5,"€ 63,663.93",1,0,1,"€ 1,67,784.28",20.00%
637,France,Male,40,2,"€ 1,33,463.10",1,0,1,"€ 93,165.34",50.00%
584,Spain,Female,48,2,"€ 2,13,146.20",1,1,0,"€ 75,161.25",0.00%
579,Spain,Female,35,1,"€ 1,29,490.36",2,0,1,"€ 8,590.83",200.00%
756,Germany,Male,44,10,"€ 1,37,452.09",1,1,0,"€ 1,89,543.90",0.00%
663,France,Male,34,7, € -   ,2,1,1,"€ 1,80,427.24",28.57%
682,France,Female,43,5,"€ 1,25,851.93",1,1,1,"€ 1,93,318.33",20.00%
793,Spain,Male,52,2, € -   ,1,1,0,"€ 1,59,123.82",0.00%
691,France,Female,31,5,"€ 40,915.55",1,1,0,"€ 1,26,213.84",0.00%
485,Spain,Female,21,5,"€ 1,13,157.22",1,1,1,"€ 54,141.50",20.00%
635,Spain,Female,29,8,"€ 1,38,296.94",2,1,0,"€ 1,41,075.51",0.00%
650,France,Male,37,5,"€ 1,06,967.18",1,0,0,"€ 24,495.03",0.00%
735,France,Male,44,9,"€ 1,20,681.63",1,1,0,"€ 74,836.34",0.00%
416,France,Male,32,0, € -   ,2,0,1,€ 878.87,200.00%
754,Spain,Female,32,7, € -   ,2,1,0,"€ 89,520.75",0.00%
535,France,Female,48,9, € -   ,1,1,0,"€ 1,49,892.79",0.00%
716,Spain,Male,42,8, € -   ,2,1,0,"€ 1,80,800.42",0.00%
539,France,Male,37,2,"€ 1,27,609.59",1,1,0,"€ 98,646.22",0.00%
614,France,Female,43,6, € -   ,2,1,1,"€ 1,09,041.53",33.33%
706,Spain,Male,57,7, € -   ,1,1,0,"€ 17,941.16",0.00%
758,France,Female,33,7, € -   ,2,0,0,"€ 82,996.47",0.00%
586,Spain,Female,28,2, € -   ,2,1,1,"€ 92,067.35",100.00%
646,France,Female,73,6,"€ 97,259.25",1,0,1,"€ 1,04,719.66",16.67%
631,Germany,Female,33,4,"€ 1,23,246.70",1,0,0,"€ 1,12,687.57",0.00%
717,Spain,Female,22,6,"€ 1,01,060.25",1,0,1,"€ 84,699.56",16.67%
684,France,Male,30,2, € -   ,2,1,0,"€ 83,473.82",0.00%
800,France,Female,49,7,"€ 1,08,007.36",1,0,0,"€ 47,125.11",0.00%
721,Spain,Female,36,2, € -   ,2,1,1,"€ 1,06,977.80",100.00%
683,Spain,Male,29,0,"€ 1,33,702.89",1,1,0,"€ 55,582.54",0.00%
660,Germany,Male,31,9,"€ 1,25,189.75",2,1,1,"€ 1,39,874.43",22.22%
704,Germany,Female,24,7,"€ 1,13,034.22",1,1,0,"€ 1,62,503.48",0.00%
615,Spain,Female,41,9,"€ 1,09,013.23",1,1,0,"€ 1,96,499.96",0.00%
667,Spain,Female,39,2, € -   ,2,1,0,"€ 40,721.24",0.00%
682,Germany,Male,24,9,"€ 57,929.81",2,0,0,"€ 53,134.30",0.00%
484,France,Female,29,4,"€ 1,30,114.39",1,1,0,"€ 1,64,017.89",0.00%
628,Germany,Male,27,5,"€ 95,826.49",2,1,0,"€ 1,55,996.96",0.00%
480,Germany,Male,44,10,"€ 1,29,608.57",1,1,0,"€ 5,472.70",0.00%
578,France,Male,30,4,"€ 1,69,462.09",1,1,0,"€ 1,12,187.11",0.00%
512,France,Male,40,5, € -   ,2,1,1,"€ 1,46,457.83",40.00%
484,Spain,Female,35,7,"€ 1,33,868.21",1,1,1,"€ 27,286.10",14.29%
510,France,Female,30,0, € -   ,2,1,1,"€ 1,30,553.47",200.00%
606,Germany,Male,36,5,"€ 1,90,479.48",2,0,0,"€ 1,79,351.89",0.00%
597,Spain,Female,40,8,"€ 1,01,993.12",1,0,1,"€ 94,774.12",12.50%
754,Germany,Female,55,3,"€ 1,61,608.81",1,1,0,"€ 8,080.85",0.00%
850,Spain,Female,45,2,"€ 1,22,311.21",1,1,1,"€ 19,482.50",50.00%
510,France,Male,65,2, € -   ,2,1,1,"€ 48,071.61",100.00%
778,Germany,Female,45,1,"€ 1,62,150.42",2,1,0,"€ 1,74,531.27",0.00%
636,France,Male,42,2, € -   ,2,1,1,"€ 55,470.78",100.00%
804,France,Female,50,4, € -   ,1,1,1,"€ 8,546.87",25.00%
514,France,Male,32,8, € -   ,2,1,0,"€ 95,857.18",0.00%
730,France,Female,39,1,"€ 99,010.67",1,1,0,"€ 1,94,945.80",0.00%
525,Spain,Female,37,0, € -   ,1,0,1,"€ 1,31,521.72",100.00%
616,Spain,Male,30,5, € -   ,2,0,1,"€ 1,96,108.51",40.00%
687,Germany,Female,34,7,"€ 1,11,388.18",2,1,0,"€ 1,48,564.76",0.00%
715,France,Female,41,8,"€ 56,214.85",2,0,0,"€ 92,982.61",0.00%
512,France,Female,36,3,"€ 84,327.77",2,1,0,"€ 17,675.36",0.00%
479,France,Male,40,1, € -   ,2,0,0,"€ 1,14,996.43",0.00%
601,France,Male,32,8,"€ 93,012.89",1,1,0,"€ 86,957.42",0.00%
580,Spain,Male,29,9,"€ 61,710.44",2,1,0,"€ 1,28,077.80",0.00%
807,France,Male,35,3,"€ 1,74,790.15",1,1,1,€ 600.36,33.33%
616,Spain,Female,32,6, € -   ,2,1,1,"€ 43,001.46",33.33%
721,Germany,Male,37,3,"€ 1,07,720.64",1,1,1,"€ 1,58,591.12",33.33%
501,France,Male,57,10, € -   ,2,1,1,"€ 47,847.19",20.00%
521,France,Male,35,6,"€ 96,423.84",1,1,0,"€ 10,488.44",0.00%
850,Spain,Male,30,2,"€ 1,41,040.01",1,1,1,"€ 5,978.20",50.00%
759,France,Male,42,4,"€ 1,05,420.18",1,0,1,"€ 1,21,409.06",25.00%
516,Spain,Male,50,5, € -   ,1,0,1,"€ 1,46,145.93",20.00%
711,France,Female,38,2,"€ 1,29,022.06",2,1,1,"€ 14,374.86",100.00%
512,Spain,Male,33,3,"€ 1,76,666.62",1,1,0,"€ 94,670.77",0.00%
550,France,Male,37,3, € -   ,1,1,1,"€ 1,79,670.31",33.33%
608,Spain,Female,41,3,"€ 89,763.84",1,0,0,"€ 1,99,304.74",0.00%
618,France,Male,34,5,"€ 1,34,954.53",1,1,1,"€ 1,51,954.39",20.00%
643,France,Male,45,5, € -   ,1,1,0,"€ 1,42,513.50",0.00%
671,France,Male,45,2,"€ 1,06,376.85",1,0,1,"€ 1,58,264.62",50.00%
689,Germany,Male,33,2,"€ 1,61,814.64",2,1,0,"€ 1,69,381.90",0.00%
603,France,Male,31,8, € -   ,2,1,1,"€ 1,69,915.02",25.00%
620,France,Female,41,9, € -   ,2,0,0,"€ 88,852.47",0.00%
676,France,Female,34,1,"€ 63,095.01",1,1,1,"€ 40,645.81",100.00%
572,Germany,Male,26,4,"€ 1,18,287.01",2,0,0,"€ 60,427.30",0.00%
668,Germany,Male,47,7,"€ 1,06,854.21",1,0,1,"€ 1,57,959.02",14.29%
695,France,Male,46,7,"€ 49,512.55",1,1,0,"€ 1,33,007.34",0.00%
730,Spain,Female,33,9, € -   ,2,0,0,"€ 1,76,576.62",0.00%
807,France,Male,43,1,"€ 1,05,799.32",2,1,0,"€ 34,888.04",0.00%
592,France,Male,54,8, € -   ,1,1,1,"€ 28,737.71",12.50%
726,France,Female,31,9,"€ 1,14,722.05",2,1,1,"€ 98,178.57",22.22%
514,Spain,Male,30,7, € -   ,1,0,1,"€ 1,25,010.24",14.29%
567,France,Male,42,2, € -   ,2,1,1,"€ 1,67,984.61",100.00%
850,France,Male,33,10, € -   ,1,1,0,"€ 4,861.72",0.00%
671,Germany,Male,45,6,"€ 99,564.22",1,1,1,"€ 1,08,872.45",16.67%
670,France,Male,37,4,"€ 1,70,557.91",2,1,0,"€ 1,98,252.88",0.00%
694,France,Female,30,9, € -   ,2,1,1,"€ 26,960.31",22.22%
547,Germany,Female,39,6,"€ 74,596.15",3,1,1,"€ 85,746.52",50.00%
751,Germany,Male,50,2,"€ 96,888.39",1,1,0,"€ 77,206.25",0.00%
594,Germany,Female,29,3,"€ 1,30,830.22",1,1,0,"€ 61,048.53",0.00%
673,France,Male,72,1, € -   ,2,0,1,"€ 1,11,981.19",200.00%
610,France,Male,40,0, € -   ,2,1,0,"€ 62,232.60",0.00%
512,France,Female,37,1, € -   ,2,0,1,"€ 1,56,105.03",200.00%
767,Germany,Male,20,3,"€ 1,19,714.25",2,0,1,"€ 1,50,135.38",66.67%
585,France,Female,67,5,"€ 1,13,978.97",2,0,1,"€ 93,146.11",40.00%
763,Germany,Male,42,6,"€ 1,00,160.75",1,1,0,"€ 33,462.94",0.00%
712,France,Female,29,2, € -   ,1,1,1,"€ 1,44,375.00",50.00%
539,Germany,Female,43,3,"€ 1,16,220.50",3,1,0,"€ 55,803.96",0.00%
668,France,Female,46,2, € -   ,3,1,0,"€ 89,048.46",0.00%
703,France,Male,28,2,"€ 81,173.83",2,0,1,"€ 1,62,812.16",100.00%
662,Spain,Male,38,4, € -   ,2,1,0,"€ 1,36,259.65",0.00%
725,Germany,Female,39,5,"€ 1,16,803.80",1,1,0,"€ 1,24,052.97",0.00%
703,France,Male,37,8,"€ 1,05,961.68",2,0,1,"€ 74,158.80",25.00%
659,Germany,Male,67,6,"€ 1,17,411.60",1,1,1,"€ 45,071.09",16.67%
523,Spain,Male,34,7, € -   ,2,1,0,"€ 62,030.06",0.00%
635,France,Female,40,10,"€ 1,23,497.58",1,1,0,"€ 1,31,953.23",0.00%
772,Germany,Male,26,7,"€ 1,52,400.51",2,1,0,"€ 79,414.00",0.00%
545,France,Female,26,1, € -   ,2,1,1,"€ 1,99,638.56",200.00%
634,Germany,Male,24,8,"€ 1,03,097.85",1,1,1,"€ 1,57,577.29",12.50%
739,Germany,Male,54,8,"€ 1,26,418.14",1,1,0,"€ 1,34,420.75",0.00%
771,Germany,Female,36,5,"€ 77,846.90",1,0,0,"€ 99,805.99",0.00%
587,Spain,Female,34,1, € -   ,2,1,1,"€ 97,932.68",200.00%
681,France,Female,79,0, € -   ,2,0,1,"€ 1,70,968.99",200.00%
544,Germany,Male,37,2,"€ 79,731.91",1,1,1,"€ 57,558.95",50.00%
696,Spain,Male,28,8, € -   ,1,0,0,"€ 1,76,713.47",0.00%
766,Spain,Male,41,0, € -   ,2,0,1,"€ 34,283.23",200.00%
727,France,Male,34,10, € -   ,2,1,1,"€ 1,98,637.34",20.00%
671,Germany,Female,34,6,"€ 37,266.67",2,0,0,"€ 1,56,917.12",0.00%
693,France,Female,30,6,"€ 1,27,992.25",1,1,1,"€ 50,457.20",16.67%
850,Germany,Male,38,3,"€ 54,901.01",1,1,1,"€ 1,40,075.55",33.33%
732,Germany,Male,42,9,"€ 1,08,748.08",2,1,1,"€ 65,323.11",22.22%
726,Spain,Female,48,6,"€ 99,906.19",1,1,0,"€ 64,323.24",0.00%
557,France,Female,32,6,"€ 1,84,686.41",2,1,0,"€ 14,956.44",0.00%
682,France,Female,26,0,"€ 1,10,654.02",1,0,1,"€ 1,11,879.21",100.00%
738,Spain,Male,31,9,"€ 79,019.80",1,1,1,"€ 18,606.23",11.11%
531,Spain,Female,36,9,"€ 99,240.51",1,1,0,"€ 1,23,137.01",0.00%
498,France,Male,34,2, € -   ,2,1,1,"€ 1,48,528.24",100.00%
651,France,Male,36,7, € -   ,2,1,0,"€ 13,898.31",0.00%
549,Spain,Female,39,7, € -   ,1,0,0,"€ 81,259.25",0.00%
791,Germany,Female,35,7,"€ 52,436.20",1,1,0,"€ 1,61,051.75",0.00%
650,Spain,Male,41,9, € -   ,2,0,1,"€ 1,91,599.67",22.22%
733,Germany,Male,34,3,"€ 1,00,337.96",3,1,0,"€ 48,559.19",0.00%
811,Germany,Female,34,1,"€ 1,49,297.19",2,1,1,"€ 1,86,339.74",200.00%
707,France,Male,30,8, € -   ,2,1,0,"€ 33,159.37",0.00%
712,Germany,Male,28,4,"€ 1,45,605.44",1,0,1,"€ 93,883.53",25.00%
706,Spain,Female,37,7, € -   ,2,1,1,"€ 1,10,899.30",28.57%
756,France,Male,62,3, € -   ,1,1,1,"€ 11,199.04",33.33%
777,France,Female,53,10, € -   ,2,1,0,"€ 1,89,992.97",0.00%
646,France,Male,35,6,"€ 84,026.86",1,0,1,"€ 1,64,255.69",16.67%
714,France,Male,46,1, € -   ,1,1,0,"€ 1,52,167.79",0.00%
782,France,Male,39,8, € -   ,2,1,1,"€ 33,949.67",25.00%
775,Spain,Male,29,10, € -   ,2,1,1,"€ 68,143.93",20.00%
479,Germany,Male,35,4,"€ 1,38,718.92",1,1,1,"€ 47,251.79",25.00%
807,France,Male,42,7,"€ 1,18,274.71",1,1,1,"€ 25,885.72",14.29%
799,France,Female,22,8,"€ 1,74,185.98",2,0,1,"€ 1,92,633.85",25.00%
675,France,Male,40,7,"€ 1,13,208.86",2,1,0,"€ 34,577.36",0.00%
602,Spain,Male,29,5,"€ 1,03,907.28",1,1,0,"€ 1,61,229.84",0.00%
475,France,Female,32,8,"€ 1,19,023.28",1,1,0,"€ 1,00,816.29",0.00%
744,Spain,Female,26,5,"€ 1,66,297.89",1,1,1,"€ 1,81,694.44",20.00%
588,Spain,Male,34,10, € -   ,2,1,0,"€ 79,078.91",0.00%
703,Germany,Male,42,9,"€ 63,227.00",1,0,1,"€ 1,37,316.32",11.11%
747,Spain,Female,41,5,"€ 94,521.17",2,1,0,"€ 1,94,926.86",0.00%
583,France,Male,27,7, € -   ,2,1,0,"€ 51,285.49",0.00%
750,Spain,Female,34,9,"€ 1,12,822.26",1,0,0,"€ 1,50,401.53",0.00%
681,France,Male,38,3, € -   ,2,1,1,"€ 1,12,491.96",66.67%
773,France,Male,25,2,"€ 1,35,903.33",1,1,0,"€ 73,656.38",0.00%
714,France,Female,31,4,"€ 1,25,169.26",1,1,1,"€ 1,06,636.89",25.00%
687,Spain,Female,44,7, € -   ,3,1,0,"€ 1,55,853.52",0.00%
511,France,Male,58,0,"€ 1,49,117.31",1,1,1,"€ 1,62,599.51",100.00%
627,France,Male,33,5, € -   ,2,1,1,"€ 1,03,737.82",40.00%
694,France,Female,31,10, € -   ,2,1,0,"€ 1,60,990.27",0.00%
616,Spain,Female,36,6,"€ 1,32,311.71",1,0,0,"€ 15,462.84",0.00%
687,France,Male,35,8, € -   ,2,1,0,"€ 10,334.05",0.00%
712,France,Female,33,6, € -   ,2,1,1,"€ 1,90,686.16",33.33%
553,France,Male,33,4,"€ 1,18,082.89",1,0,0,"€ 94,440.45",0.00%
667,France,Male,31,1,"€ 1,19,266.69",1,1,1,"€ 28,257.63",100.00%
731,France,Male,43,2, € -   ,1,1,1,"€ 1,70,034.95",50.00%
629,Germany,Male,35,7,"€ 1,56,847.29",2,1,0,"€ 31,824.29",0.00%
614,France,Male,50,4,"€ 1,37,104.47",1,1,0,"€ 1,27,166.49",0.00%
438,Germany,Male,31,8,"€ 78,398.69",1,1,0,"€ 44,937.01",0.00%
652,France,Female,80,4, € -   ,2,1,1,"€ 1,88,603.07",50.00%
729,Germany,Male,30,6,"€ 63,669.42",1,1,0,"€ 1,45,111.37",0.00%
642,France,Male,38,3, € -   ,2,0,0,"€ 1,71,463.83",0.00%
806,Germany,Female,59,0,"€ 1,35,296.33",1,1,0,"€ 1,82,822.50",0.00%
744,Spain,Male,36,2,"€ 1,53,804.44",1,1,1,"€ 87,213.33",50.00%
474,Spain,Male,37,3, € -   ,2,0,0,"€ 57,175.32",0.00%
559,France,Male,49,2,"€ 1,47,069.78",1,1,0,"€ 1,20,540.83",0.00%
706,Spain,Male,42,9, € -   ,2,1,1,"€ 28,714.34",22.22%
628,Spain,Female,22,3, € -   ,1,1,0,"€ 85,426.28",0.00%
429,France,Male,24,4,"€ 95,741.75",1,1,0,"€ 46,170.75",0.00%
525,Spain,Female,57,2,"€ 1,45,965.33",1,1,1,"€ 64,448.36",50.00%
680,France,Female,30,8,"€ 1,41,441.75",1,1,1,"€ 16,278.97",12.50%
749,France,Male,40,1,"€ 1,39,290.41",1,1,0,"€ 1,82,855.42",0.00%
763,France,Female,31,4, € -   ,2,0,0,"€ 50,404.72",0.00%
734,France,Male,30,3, € -   ,2,1,0,"€ 1,07,640.25",0.00%
716,France,Male,35,4,"€ 1,44,428.87",1,1,0,"€ 1,34,132.65",0.00%
594,France,Male,35,2, € -   ,2,1,0,"€ 1,03,480.69",0.00%
644,France,Female,46,9,"€ 95,441.27",1,1,0,"€ 1,08,761.05",0.00%
671,Germany,Male,35,1,"€ 1,44,848.74",1,1,1,"€ 1,79,012.30",100.00%
664,Germany,Male,26,7,"€ 1,16,244.14",2,1,1,"€ 95,145.14",28.57%
656,France,Male,50,7, € -   ,2,0,1,"€ 72,143.44",28.57%
667,Spain,Female,40,1,"€ 1,46,502.07",1,1,0,"€ 19,162.89",0.00%
663,Germany,Male,44,2,"€ 1,17,028.60",2,0,1,"€ 1,44,680.18",100.00%
584,Germany,Female,30,8,"€ 1,12,013.81",1,1,0,"€ 1,77,772.03",0.00%
626,Spain,Female,37,6,"€ 1,08,269.37",1,1,0,"€ 5,597.94",0.00%
485,France,Male,29,7,"€ 1,82,123.79",1,1,0,"€ 1,16,828.51",0.00%
659,Germany,Female,32,3,"€ 1,50,923.74",2,0,1,"€ 1,74,652.51",66.67%
649,France,Male,33,2, € -   ,2,1,0,"€ 2,010.98",0.00%
805,Spain,Female,39,5,"€ 1,65,272.13",1,1,0,"€ 14,109.85",0.00%
716,Germany,Female,39,10,"€ 1,15,301.31",1,1,0,"€ 43,527.40",0.00%
642,Germany,Female,40,6,"€ 1,29,502.49",2,0,1,"€ 86,099.23",33.33%
659,France,Male,31,4,"€ 1,18,342.26",1,0,0,"€ 1,61,574.19",0.00%
545,Spain,Female,47,5, € -   ,2,1,1,"€ 38,970.14",40.00%
543,France,Male,22,8, € -   ,2,0,0,"€ 1,27,587.22",0.00%
718,France,Female,25,7, € -   ,2,1,0,"€ 30,380.12",0.00%
840,France,Female,43,7, € -   ,2,1,0,"€ 90,908.95",0.00%
630,Germany,Female,34,9,"€ 1,06,937.05",2,1,0,"€ 1,38,275.01",0.00%
643,Germany,Male,59,3,"€ 1,70,331.37",1,1,1,"€ 32,171.79",33.33%
654,Germany,Female,32,1,"€ 1,14,510.85",1,1,1,"€ 1,26,143.23",100.00%
582,France,Male,39,5, € -   ,2,1,1,"€ 1,29,892.93",40.00%
659,Spain,Male,32,3,"€ 1,07,594.11",2,1,1,"€ 1,02,416.84",66.67%
762,Spain,Male,39,2,"€ 81,273.13",1,1,1,"€ 18,719.67",50.00%
568,Spain,Female,32,7,"€ 1,69,399.60",1,1,0,"€ 61,936.22",0.00%
670,Spain,Male,25,6, € -   ,2,1,1,"€ 78,358.94",33.33%
613,France,Female,45,1,"€ 1,87,841.99",2,1,1,"€ 1,47,224.27",200.00%
539,France,Male,30,0, € -   ,2,1,0,"€ 1,60,979.66",0.00%
850,Spain,Female,57,8,"€ 1,26,776.30",2,1,1,"€ 1,32,298.49",25.00%
522,Spain,Male,34,9,"€ 1,26,436.29",1,1,0,"€ 1,74,248.52",0.00%
737,France,Male,41,1,"€ 1,01,960.74",1,1,1,"€ 1,23,547.28",100.00%
520,France,Male,58,3, € -   ,2,0,1,"€ 32,790.02",66.67%
706,Spain,Male,28,3, € -   ,2,0,1,"€ 1,81,543.67",66.67%
643,Germany,Female,45,2,"€ 1,50,842.93",1,0,1,"€ 2,319.96",50.00%
648,France,Female,50,9,"€ 1,02,535.57",1,1,1,"€ 1,89,543.19",11.11%
443,Germany,Female,29,9,"€ 99,027.61",2,1,0,"€ 10,940.40",0.00%
640,France,Male,68,9, € -   ,2,1,1,"€ 1,99,493.38",22.22%
628,Spain,Female,33,3, € -   ,1,1,1,"€ 1,88,193.25",33.33%
540,Germany,Female,42,9,"€ 87,271.41",2,1,0,"€ 1,72,572.64",0.00%
460,Germany,Female,35,8,"€ 1,02,742.91",2,1,1,"€ 1,89,339.60",25.00%
636,Germany,Male,34,2,"€ 40,105.51",2,0,1,"€ 53,512.16",100.00%
593,France,Female,29,2,"€ 1,52,265.43",1,1,0,"€ 34,004.44",0.00%
801,Spain,Male,42,4,"€ 1,41,947.67",1,1,1,"€ 10,598.29",25.00%
640,Germany,Female,75,1,"€ 1,06,307.91",2,0,1,"€ 1,13,428.77",200.00%
611,Germany,Male,31,0,"€ 1,07,884.81",2,1,1,"€ 1,83,487.98",200.00%
802,Germany,Male,31,1,"€ 1,25,013.72",1,1,1,"€ 1,87,658.09",100.00%
717,Germany,Male,35,7,"€ 58,469.37",2,1,1,"€ 1,72,459.39",28.57%
769,France,Female,39,8, € -   ,1,0,1,"€ 21,016.00",12.50%
745,Germany,Male,45,10,"€ 1,17,231.63",3,1,1,"€ 1,22,381.02",30.00%
572,Spain,Male,35,4,"€ 1,52,390.26",1,1,0,"€ 1,28,123.66",0.00%
629,Spain,Female,30,2,"€ 34,013.63",1,1,0,"€ 19,570.63",0.00%
687,Spain,Female,39,2, € -   ,3,0,0,"€ 1,88,150.60",0.00%
483,France,Female,50,9, € -   ,2,1,1,"€ 1,11,020.24",22.22%
690,France,Male,36,7,"€ 1,01,583.11",2,1,0,"€ 1,23,775.15",0.00%
492,Germany,Female,30,10,"€ 77,168.87",2,0,1,"€ 1,46,700.22",20.00%
709,Germany,Male,28,8,"€ 1,24,695.72",2,1,0,"€ 1,45,251.35",0.00%
705,Germany,Male,44,3,"€ 1,05,934.96",1,1,0,"€ 82,463.69",0.00%
560,France,Female,66,9, € -   ,1,1,1,"€ 15,928.49",11.11%
611,Spain,Male,46,6, € -   ,2,1,0,"€ 45,886.33",0.00%
730,Spain,Male,62,2, € -   ,2,1,1,"€ 1,86,489.95",100.00%
709,Spain,Female,45,2, € -   ,2,0,1,"€ 1,62,922.65",100.00%
544,France,Female,21,10,"€ 1,61,525.96",2,1,0,"€ 9,262.77",0.00%
712,Germany,Female,29,7,"€ 1,47,199.07",1,1,1,"€ 84,932.40",14.29%
752,Germany,Male,38,3,"€ 1,83,102.29",1,1,1,"€ 71,557.12",33.33%
648,Spain,Male,46,9,"€ 1,27,209.00",2,1,0,"€ 77,405.95",0.00%
556,Spain,Male,38,8, € -   ,2,0,0,€ 417.41,0.00%
594,Spain,Female,24,0,"€ 97,378.54",1,1,1,"€ 71,405.17",100.00%
645,Germany,Female,37,2,"€ 1,36,925.09",2,0,1,"€ 1,53,400.24",100.00%
557,France,Male,33,3,"€ 54,503.55",1,1,1,€ 371.05,33.33%
547,Germany,Male,32,8,"€ 1,55,726.85",1,1,0,"€ 67,789.99",0.00%
701,France,Female,39,9, € -   ,2,0,1,"€ 1,45,894.90",22.22%
616,France,Female,66,1,"€ 1,35,842.41",1,1,0,"€ 1,83,840.51",0.00%
605,France,Male,52,1,"€ 63,349.75",1,1,0,"€ 1,08,887.44",0.00%
593,Germany,Female,38,4,"€ 1,29,499.42",1,1,1,"€ 1,54,071.27",25.00%
751,Spain,Male,52,8, € -   ,2,0,1,"€ 1,79,291.85",25.00%
443,Spain,Male,36,6,"€ 70,438.01",2,0,1,"€ 56,937.43",33.33%
685,France,Male,23,8, € -   ,2,1,1,"€ 1,12,239.03",25.00%
718,France,Male,36,9, € -   ,1,1,0,"€ 45,909.87",0.00%
538,Spain,Female,49,9,"€ 1,41,434.04",1,0,0,"€ 1,73,779.25",0.00%
611,Spain,Female,37,4, € -   ,2,1,0,"€ 1,25,696.26",0.00%
668,Germany,Male,37,10,"€ 1,52,958.29",2,1,1,"€ 1,59,585.61",20.00%
537,Germany,Female,41,3,"€ 1,38,306.34",1,1,0,"€ 1,06,761.47",0.00%
709,Spain,Male,23,10, € -   ,2,0,0,"€ 1,29,590.18",0.00%
850,France,Male,38,1, € -   ,2,1,1,"€ 80,006.65",200.00%
745,Spain,Female,31,3,"€ 1,24,328.84",1,1,1,"€ 1,40,451.52",33.33%
693,Germany,Female,41,9,"€ 1,81,461.48",3,1,1,"€ 1,87,929.43",33.33%
795,Spain,Male,35,8, € -   ,2,1,0,"€ 1,67,155.36",0.00%
626,Spain,Male,26,8, € -   ,2,0,0,"€ 1,91,420.71",0.00%
487,Germany,Female,61,5,"€ 1,10,368.03",1,0,0,"€ 11,384.45",0.00%
556,France,Female,39,9,"€ 89,588.35",1,1,1,"€ 94,898.10",11.11%
643,France,Female,46,6, € -   ,2,0,0,"€ 1,06,781.59",0.00%
605,France,Female,28,6, € -   ,2,0,0,"€ 1,59,508.52",0.00%
756,Germany,Female,60,3,"€ 1,15,924.89",1,1,0,"€ 93,524.19",0.00%
586,France,Female,38,2, € -   ,2,1,0,"€ 87,168.46",0.00%
535,Germany,Male,40,7,"€ 1,11,756.50",1,1,0,"€ 8,128.32",0.00%
678,France,Female,35,4, € -   ,1,1,0,"€ 1,25,518.32",0.00%
596,France,Male,39,9, € -   ,1,1,0,"€ 48,963.59",0.00%
648,France,Male,26,9,"€ 1,62,923.85",1,1,0,"€ 98,368.24",0.00%
492,Germany,Male,39,10,"€ 1,24,576.65",2,1,0,"€ 1,48,584.61",0.00%
702,France,Male,45,0,"€ 80,793.58",1,1,1,"€ 27,474.81",100.00%
486,Germany,Female,40,9,"€ 71,340.09",1,1,0,"€ 76,192.21",0.00%
568,Germany,Male,40,1,"€ 99,282.63",1,0,0,"€ 1,34,600.94",0.00%
619,Germany,Male,57,3,"€ 1,37,946.39",1,1,1,"€ 72,467.99",33.33%
724,Germany,Male,41,2,"€ 1,27,892.57",2,0,1,"€ 1,99,645.45",100.00%
548,Germany,Female,33,0,"€ 1,01,084.36",1,1,0,"€ 42,749.85",0.00%
545,Germany,Female,37,8,"€ 1,14,754.08",1,1,0,"€ 1,36,050.44",0.00%
683,France,Male,33,8, € -   ,1,0,0,"€ 73,564.44",0.00%
762,France,Female,51,3,"€ 99,286.98",1,0,1,"€ 85,578.63",33.33%
627,Germany,Female,30,4,"€ 79,871.02",2,1,0,"€ 1,29,826.89",0.00%
516,France,Male,35,10,"€ 1,04,088.59",2,0,0,"€ 1,19,666.00",0.00%
800,France,Female,38,2,"€ 1,68,190.33",2,1,0,"€ 68,052.08",0.00%
464,Germany,Female,42,3,"€ 85,679.25",1,1,1,"€ 1,64,104.74",33.33%
626,France,Female,35,3, € -   ,1,0,0,"€ 80,190.36",0.00%
790,France,Female,31,9, € -   ,2,1,0,"€ 84,126.75",0.00%
534,France,Female,34,7,"€ 1,21,551.58",2,1,1,"€ 70,179.00",28.57%
745,France,Male,46,2,"€ 1,22,220.19",1,1,1,"€ 1,18,024.10",50.00%
553,Spain,Male,47,3,"€ 1,16,528.15",1,0,0,"€ 1,45,704.19",0.00%
748,France,Female,26,1,"€ 77,780.29",1,0,1,"€ 1,83,049.41",100.00%
722,France,Male,37,2, € -   ,1,0,0,"€ 1,20,906.83",0.00%
501,France,Male,40,4,"€ 1,25,832.20",1,1,1,"€ 1,00,433.83",25.00%
675,France,Female,38,6,"€ 68,065.80",1,0,0,"€ 1,38,777.00",0.00%
778,Spain,Female,47,6,"€ 1,27,299.34",2,1,0,"€ 1,24,694.99",0.00%
494,Germany,Female,38,7,"€ 1,74,937.64",1,1,0,"€ 40,084.32",0.00%
850,France,Male,40,9, € -   ,2,0,1,"€ 1,19,232.33",22.22%
592,Spain,Male,31,7,"€ 1,10,071.10",1,0,0,"€ 43,921.36",0.00%
590,Spain,Female,44,3,"€ 1,39,432.37",1,1,0,"€ 62,222.81",0.00%
758,France,Female,39,6,"€ 1,27,357.76",1,0,1,"€ 56,577.00",16.67%
506,France,Male,36,5, € -   ,2,1,0,"€ 1,64,253.35",0.00%
733,France,Male,33,3, € -   ,1,1,1,"€ 7,666.73",33.33%
711,France,Male,38,3, € -   ,2,1,0,"€ 68,487.51",0.00%
514,Germany,Male,43,1,"€ 95,556.31",1,0,1,"€ 1,99,273.98",100.00%
637,Spain,Male,37,8, € -   ,1,1,1,"€ 1,86,062.36",12.50%
468,Germany,Male,29,1,"€ 1,11,681.98",2,1,1,"€ 1,95,711.16",200.00%
539,France,Male,39,3, € -   ,2,1,0,"€ 36,692.17",0.00%
509,Spain,Female,25,3,"€ 1,08,738.71",2,1,0,"€ 1,06,920.57",0.00%
662,France,Female,32,4,"€ 1,33,950.37",1,1,1,"€ 48,725.68",25.00%
818,Spain,Male,26,4, € -   ,2,1,1,"€ 1,67,036.94",50.00%
608,France,Male,33,9,"€ 89,968.69",1,1,0,"€ 68,777.26",0.00%
850,Spain,Female,32,9, € -   ,2,1,1,"€ 18,924.92",22.22%
816,Germany,Female,38,5,"€ 1,30,878.75",3,1,0,"€ 71,905.77",0.00%
536,France,Male,35,8, € -   ,2,1,0,"€ 64,833.28",0.00%
753,France,Male,35,3, € -   ,2,1,1,"€ 1,84,843.77",66.67%
631,Spain,Male,27,10,"€ 1,34,169.62",1,1,1,"€ 1,76,730.02",10.00%
703,France,Male,37,1,"€ 1,49,762.08",1,1,0,"€ 20,629.40",0.00%
774,France,Male,26,2,"€ 93,844.69",1,1,0,"€ 28,415.36",0.00%
785,France,Male,28,8, € -   ,2,1,0,"€ 77,231.27",0.00%
571,France,Female,33,1, € -   ,2,1,0,"€ 1,02,750.70",0.00%
621,Germany,Male,46,6,"€ 1,41,078.37",1,0,0,"€ 34,580.80",0.00%
605,Germany,Female,31,1,"€ 1,17,992.59",1,1,1,"€ 1,83,598.77",100.00%
611,France,Female,40,8,"€ 1,00,812.33",2,1,0,"€ 1,47,358.27",0.00%
569,France,Male,38,7, € -   ,1,1,1,"€ 1,08,469.20",14.29%
658,France,Male,29,4,"€ 80,262.60",1,1,1,"€ 20,612.82",25.00%
788,Spain,Male,34,6,"€ 1,56,478.62",1,0,1,"€ 1,81,196.76",16.67%
525,France,Female,23,5, € -   ,2,1,0,"€ 1,60,249.10",0.00%
798,France,Male,37,8, € -   ,3,0,0,"€ 1,10,783.28",0.00%
486,Germany,Male,37,9,"€ 1,15,217.99",2,1,0,"€ 1,44,995.33",0.00%
615,Spain,Male,61,9, € -   ,2,1,0,"€ 1,50,227.85",0.00%
730,France,Female,35,0,"€ 1,55,470.55",1,1,1,"€ 53,718.28",100.00%
641,France,Male,37,7, € -   ,2,1,0,"€ 75,248.30",0.00%
542,France,Male,39,3,"€ 1,35,096.77",1,1,1,"€ 14,353.43",33.33%
692,France,Male,30,2, € -   ,2,0,1,"€ 1,30,486.57",100.00%
714,Germany,Female,55,9,"€ 1,80,075.22",1,1,1,"€ 1,00,127.71",11.11%
591,Spain,Male,29,1,"€ 97,541.24",1,1,1,"€ 1,96,356.17",100.00%
710,France,Female,41,2,"€ 1,56,067.05",1,1,1,"€ 9,983.88",50.00%
639,France,Female,38,4,"€ 81,550.94",2,0,1,"€ 1,18,974.77",50.00%
531,France,Female,47,6, € -   ,1,0,0,"€ 1,94,998.34",0.00%
673,France,Female,38,2,"€ 1,70,061.92",2,0,0,"€ 1,34,901.34",0.00%
765,Germany,Male,36,8,"€ 92,310.54",2,1,1,"€ 72,924.56",25.00%
622,France,Female,32,6,"€ 1,69,089.38",2,1,0,"€ 1,01,057.95",0.00%
806,France,Male,40,5,"€ 80,613.93",1,1,1,"€ 1,42,838.64",20.00%
757,Germany,Male,26,8,"€ 1,21,581.56",2,1,1,"€ 1,27,059.04",25.00%
570,France,Female,58,8, € -   ,1,0,1,"€ 1,16,503.92",12.50%
555,Spain,Male,32,4, € -   ,2,1,1,"€ 54,405.79",50.00%
692,France,Male,54,5, € -   ,2,1,1,"€ 88,721.84",40.00%
774,France,Male,60,5,"€ 85,891.55",1,1,0,"€ 74,135.48",0.00%
638,Spain,Male,44,9,"€ 77,637.35",2,1,1,"€ 1,11,346.22",22.22%
543,Spain,Female,41,4, € -   ,1,0,0,"€ 1,94,902.16",0.00%
584,France,Male,31,5, € -   ,2,1,0,"€ 31,474.27",0.00%
691,Germany,Male,30,7,"€ 1,16,927.89",1,1,0,"€ 21,198.39",0.00%
684,Germany,Female,40,6,"€ 1,37,326.65",1,1,0,"€ 1,86,976.60",0.00%
733,France,Male,22,5, € -   ,2,1,1,"€ 1,17,202.19",40.00%
599,Spain,Female,37,2, € -   ,2,1,1,"€ 1,43,739.29",100.00%
524,Germany,Female,31,10,"€ 67,238.98",2,1,1,"€ 1,61,811.23",20.00%
632,Germany,Female,38,6,"€ 86,569.76",2,1,0,"€ 98,090.91",0.00%
735,Spain,Male,34,5, € -   ,2,0,0,"€ 71,095.41",0.00%
734,France,Male,34,6,"€ 1,33,598.40",1,1,1,"€ 13,107.24",16.67%
605,France,Female,51,3,"€ 1,36,188.78",1,1,1,"€ 67,110.59",33.33%
793,Spain,Male,38,9, € -   ,2,1,0,"€ 88,225.02",0.00%
468,France,Female,56,10, € -   ,3,0,1,"€ 62,256.87",30.00%
779,Germany,Male,37,7,"€ 1,20,092.52",2,1,0,"€ 1,35,925.72",0.00%
698,France,Male,48,4,"€ 1,01,238.24",2,0,1,"€ 1,77,815.87",50.00%
707,France,Male,58,6,"€ 89,685.92",1,0,1,"€ 1,26,471.13",16.67%
850,France,Female,35,1,"€ 2,11,774.31",1,1,0,"€ 1,88,574.12",0.00%
850,France,Male,56,7,"€ 1,31,317.48",1,1,1,"€ 1,19,175.45",14.29%
527,Spain,Male,37,5,"€ 93,722.73",2,1,1,"€ 1,39,093.73",40.00%
696,Germany,Male,32,8,"€ 1,01,160.99",1,1,1,"€ 1,15,916.55",12.50%
661,France,Male,48,3,"€ 1,20,320.54",1,0,0,"€ 96,463.25",0.00%
776,France,Female,31,2, € -   ,2,1,1,"€ 1,12,349.51",100.00%
701,France,Male,43,2, € -   ,2,1,1,"€ 1,65,303.79",100.00%
610,France,Male,26,8, € -   ,2,1,0,"€ 1,66,031.08",0.00%
572,Germany,Female,48,3,"€ 1,52,827.99",1,1,0,"€ 38,411.79",0.00%
673,France,Male,30,1,"€ 64,097.75",1,1,1,"€ 77,783.35",100.00%
519,Spain,Female,57,2,"€ 1,19,035.35",2,1,1,"€ 29,871.79",100.00%
702,Spain,Female,26,4,"€ 1,35,219.57",1,0,1,"€ 59,747.63",25.00%
729,France,Male,32,6,"€ 93,694.42",1,1,1,"€ 79,919.13",16.67%
543,Spain,Male,35,10,"€ 59,408.63",1,1,0,"€ 76,773.53",0.00%
550,France,Female,40,7,"€ 1,14,354.95",1,1,0,"€ 54,018.93",0.00%
608,France,Male,59,1, € -   ,1,1,0,"€ 70,649.64",0.00%
639,Germany,Male,35,10,"€ 1,28,173.90",2,1,0,"€ 59,093.39",0.00%
686,Spain,Male,34,9, € -   ,2,1,0,"€ 1,27,569.80",0.00%
564,Germany,Female,62,5,"€ 1,14,931.35",3,0,1,"€ 18,260.98",60.00%
745,Germany,Female,28,1,"€ 1,11,071.36",1,1,0,"€ 73,275.96",0.00%
833,France,Male,37,8,"€ 1,51,226.18",2,1,1,"€ 1,36,129.49",25.00%
622,France,Male,26,9, € -   ,2,1,1,"€ 1,53,237.59",22.22%
597,France,Female,42,4,"€ 64,740.12",1,1,1,"€ 1,06,841.12",25.00%
721,Spain,Male,51,0,"€ 1,69,312.13",1,1,0,"€ 1,09,078.35",0.00%
504,France,Female,49,7, € -   ,3,0,1,"€ 87,822.14",42.86%
842,Spain,Female,44,2,"€ 1,12,652.08",2,1,0,"€ 1,26,644.98",0.00%
587,France,Male,38,0, € -   ,2,1,0,"€ 47,414.15",0.00%
479,Germany,Female,30,7,"€ 1,43,964.36",2,1,0,"€ 41,879.99",0.00%
508,France,Male,49,7,"€ 1,22,451.46",2,1,1,"€ 75,808.10",28.57%
749,France,Male,24,1, € -   ,3,1,1,"€ 47,911.03",300.00%
721,Germany,Female,36,3,"€ 65,253.07",2,1,0,"€ 28,737.78",0.00%
674,Germany,Male,47,6,"€ 1,06,901.94",1,1,1,"€ 2,079.20",16.67%
685,Spain,Female,25,10,"€ 1,28,509.63",1,1,0,"€ 1,21,562.33",0.00%
417,France,Male,34,7, € -   ,2,1,0,"€ 55,003.79",0.00%
574,Germany,Male,33,3,"€ 1,29,834.67",1,1,0,"€ 1,93,131.42",0.00%
590,Spain,Female,51,3,"€ 1,54,962.99",3,0,1,"€ 1,91,932.27",100.00%
587,Germany,Male,40,5,"€ 1,38,241.90",2,1,0,"€ 1,59,418.10",0.00%
598,Germany,Male,41,3,"€ 91,536.93",1,1,0,"€ 1,91,468.78",0.00%
741,Spain,Male,53,3, € -   ,2,1,1,"€ 38,913.68",66.67%
850,Spain,Female,70,5, € -   ,1,1,1,€ 705.18,20.00%
584,Germany,Female,29,7,"€ 1,05,204.01",1,0,1,"€ 1,38,490.03",14.29%
650,Spain,Male,61,1,"€ 1,52,968.73",1,0,1,"€ 82,970.69",100.00%
607,Spain,Male,36,8,"€ 1,58,261.68",1,1,1,"€ 76,744.72",12.50%
509,France,Female,46,1, € -   ,1,1,0,"€ 71,244.59",0.00%
689,Spain,Female,38,6,"€ 1,21,021.05",1,1,1,"€ 12,182.15",16.67%
543,France,Male,36,4, € -   ,2,1,1,"€ 1,41,210.50",50.00%
438,Spain,Female,54,2, € -   ,1,0,0,"€ 1,91,763.07",0.00%
687,Spain,Female,63,1,"€ 1,37,715.66",1,1,1,"€ 37,938.74",100.00%
737,Germany,Male,31,5,"€ 1,21,192.22",2,1,1,"€ 74,890.58",40.00%
761,France,Male,31,7, € -   ,3,1,1,"€ 1,66,698.18",42.86%
601,France,Male,44,1,"€ 1,00,486.18",2,1,1,"€ 62,678.53",200.00%
651,France,Male,45,1, € -   ,1,1,0,"€ 67,740.08",0.00%
745,France,Male,35,9,"€ 92,566.53",2,1,0,"€ 1,61,519.77",0.00%
648,Spain,Female,49,10, € -   ,2,1,1,"€ 1,59,835.78",20.00%
848,Spain,Male,40,3,"€ 1,10,929.96",1,1,1,"€ 30,876.84",33.33%
546,France,Female,27,8, € -   ,2,1,1,"€ 14,858.10",25.00%
439,Spain,Female,32,3,"€ 1,38,901.61",1,1,0,"€ 75,685.97",0.00%
755,France,Male,30,4,"€ 1,23,217.66",2,0,1,"€ 1,44,183.10",50.00%
593,France,Female,41,6, € -   ,1,1,0,"€ 65,170.66",0.00%
701,France,Male,39,2, € -   ,2,1,1,"€ 82,526.92",100.00%
701,Spain,Male,36,8, € -   ,2,1,0,"€ 1,69,161.46",0.00%
607,Spain,Female,33,2,"€ 1,08,431.87",2,0,1,"€ 1,09,291.39",100.00%
586,Spain,Female,57,3, € -   ,2,0,1,"€ 6,057.81",66.67%
547,Germany,Female,30,9,"€ 72,392.41",1,1,0,"€ 77,077.14",0.00%
647,Germany,Female,51,1,"€ 1,19,741.77",2,0,0,"€ 54,954.51",0.00%
760,France,Female,51,2,"€ 1,00,946.71",1,0,0,"€ 1,79,614.80",0.00%
621,Spain,Male,53,9,"€ 1,70,491.84",1,1,0,"€ 35,588.07",0.00%
725,France,Male,44,5, € -   ,1,1,1,"€ 1,17,356.14",20.00%
526,France,Male,36,1, € -   ,1,1,0,"€ 1,60,696.72",0.00%
519,Spain,Female,47,6,"€ 1,57,296.02",2,0,0,"€ 1,47,278.43",0.00%
713,Germany,Female,38,7,"€ 1,44,606.22",1,1,1,"€ 56,594.36",14.29%
700,France,Male,38,8,"€ 1,34,811.30",1,1,0,"€ 1,299.75",0.00%
666,France,Female,34,9,"€ 1,15,897.12",1,1,1,"€ 25,095.03",11.11%
630,Spain,Male,32,4,"€ 82,034.00",1,0,0,"€ 1,46,326.45",0.00%
779,Spain,Female,26,4,"€ 1,74,318.13",2,0,1,"€ 38,296.21",50.00%
611,Germany,Female,41,2,"€ 1,14,206.84",1,1,0,"€ 1,64,061.60",0.00%
685,Spain,Male,43,9, € -   ,2,1,0,"€ 1,07,811.28",0.00%
646,Germany,Male,39,9,"€ 1,11,574.41",1,1,1,"€ 30,838.51",11.11%
683,Germany,Female,57,5,"€ 1,62,448.69",1,0,0,"€ 9,221.78",0.00%
484,Germany,Female,34,4,"€ 1,48,249.54",1,0,1,"€ 33,738.27",25.00%
601,France,Female,43,8, € -   ,3,0,1,"€ 1,10,916.15",37.50%
762,Spain,Female,26,7,"€ 1,23,709.46",2,1,1,"€ 1,69,654.57",28.57%
687,France,Female,72,9, € -   ,1,0,1,"€ 69,829.40",11.11%
566,France,Male,30,5, € -   ,1,1,0,"€ 54,926.51",0.00%
702,France,Male,37,10,"€ 1,50,525.80",1,1,1,"€ 94,728.49",10.00%
601,France,Male,29,9, € -   ,1,1,1,"€ 80,393.27",11.11%
699,France,Male,53,4, € -   ,2,0,1,"€ 1,11,307.98",50.00%
584,France,Male,28,10, € -   ,2,1,0,"€ 19,834.32",0.00%
699,France,Male,35,5, € -   ,2,1,1,"€ 78,397.24",40.00%
698,Germany,Female,51,2,"€ 1,11,018.98",1,1,0,"€ 86,410.28",0.00%
495,France,Male,30,10,"€ 1,29,755.99",1,0,0,"€ 1,72,749.65",0.00%
650,France,Female,27,6, € -   ,2,1,0,"€ 1,002.39",0.00%
605,France,Female,64,2,"€ 1,29,555.70",1,1,1,"€ 13,601.79",50.00%
667,Spain,Male,38,1,"€ 87,202.38",1,1,1,"€ 77,866.91",100.00%
688,Germany,Male,26,8,"€ 1,46,133.39",1,1,1,"€ 1,75,296.76",12.50%
727,Spain,Female,31,0, € -   ,1,1,0,"€ 1,21,751.04",0.00%
754,Spain,Male,39,6,"€ 1,70,184.99",2,1,0,"€ 89,593.26",0.00%
612,Germany,Female,62,8,"€ 1,40,745.33",1,1,0,"€ 1,93,437.89",0.00%
546,Spain,Male,42,7,"€ 1,39,070.51",1,1,1,"€ 86,945.00",14.29%
673,Spain,Female,37,8, € -   ,2,1,1,"€ 1,83,318.79",25.00%
593,France,Male,35,9,"€ 1,14,193.24",1,1,0,"€ 71,154.10",0.00%
656,Spain,Female,40,10,"€ 1,67,878.50",1,0,1,"€ 1,51,887.16",10.00%
535,Germany,Female,53,5,"€ 1,41,616.55",2,1,1,"€ 75,888.65",40.00%
678,Germany,Male,36,3,"€ 1,45,747.67",2,0,1,"€ 89,566.74",66.67%
477,Spain,Female,48,2,"€ 1,29,120.64",1,0,1,"€ 26,475.79",50.00%
850,Spain,Male,35,7,"€ 1,10,349.82",1,0,0,"€ 1,26,355.80",0.00%
427,France,Male,29,1,"€ 1,41,325.56",1,1,1,"€ 93,839.30",100.00%
752,France,Male,49,2,"€ 78,653.84",1,1,0,"€ 7,698.60",0.00%
649,France,Male,47,1, € -   ,2,1,1,"€ 1,45,593.85",200.00%
799,Spain,Female,28,3,"€ 1,42,253.65",1,1,0,"€ 45,042.56",0.00%
589,France,Female,61,1, € -   ,1,1,0,"€ 61,108.56",0.00%
583,Germany,Female,54,6,"€ 1,15,988.86",1,1,0,"€ 57,553.98",0.00%
839,Spain,Female,33,10,"€ 75,592.43",1,1,0,"€ 62,674.42",0.00%
540,Germany,Male,44,3,"€ 1,64,113.04",2,1,1,"€ 12,120.79",66.67%
850,France,Male,31,6,"€ 67,996.23",2,0,0,"€ 50,129.87",0.00%
696,Spain,Female,51,5, € -   ,2,1,0,"€ 55,022.43",0.00%
660,Spain,Female,33,1, € -   ,2,0,0,"€ 1,17,834.91",0.00%
682,France,Male,48,1,"€ 1,38,778.15",1,0,1,"€ 1,68,840.23",100.00%
744,France,Female,43,10,"€ 1,47,832.15",1,0,1,"€ 24,234.11",10.00%
785,France,Female,36,4,"€ 1,35,438.40",1,0,0,"€ 1,90,627.01",0.00%
752,Spain,Male,48,5,"€ 1,16,060.08",1,1,0,"€ 1,56,618.38",0.00%
706,France,Female,29,5,"€ 1,12,564.62",1,1,0,"€ 42,334.38",0.00%
583,France,Female,27,1,"€ 1,25,406.58",1,1,1,"€ 1,10,784.42",100.00%
660,Germany,Female,39,5,"€ 1,35,134.99",1,1,0,"€ 1,73,683.00",0.00%
819,France,Female,39,9,"€ 1,33,102.92",1,1,0,"€ 27,046.46",0.00%
673,France,Female,34,8,"€ 42,157.08",1,1,0,"€ 20,598.59",0.00%
752,France,Female,30,3, € -   ,2,1,1,"€ 1,04,991.28",66.67%
578,France,Male,38,7,"€ 82,259.29",1,1,0,"€ 8,996.97",0.00%
438,France,Female,36,4, € -   ,2,1,0,"€ 64,420.50",0.00%
652,France,Male,38,6, € -   ,2,1,1,"€ 1,45,700.22",33.33%
629,France,Female,49,4, € -   ,2,1,1,"€ 1,96,335.48",50.00%
720,France,Male,52,7, € -   ,1,1,1,"€ 14,781.12",14.29%
668,France,Male,42,3,"€ 1,50,461.07",1,1,0,"€ 1,08,139.23",0.00%
459,Germany,Male,48,4,"€ 1,33,994.52",1,1,1,"€ 19,287.06",25.00%
729,Spain,Male,31,8,"€ 1,64,870.81",2,1,1,"€ 9,567.39",25.00%
498,Germany,Male,25,8,"€ 1,21,702.73",1,1,1,"€ 1,32,210.49",12.50%
549,Spain,Male,25,6,"€ 1,93,858.20",1,0,1,"€ 21,600.11",16.67%
601,Germany,Female,54,1,"€ 1,31,039.97",2,1,1,"€ 1,99,661.50",200.00%
544,France,Male,64,9,"€ 1,13,829.45",1,1,1,"€ 1,24,341.49",11.11%
751,France,Female,30,6, € -   ,2,1,0,"€ 15,766.10",0.00%
632,Germany,Female,41,3,"€ 81,877.38",1,1,1,"€ 33,642.21",33.33%
694,Spain,Male,57,8,"€ 1,16,326.07",1,1,1,"€ 1,17,704.65",12.50%
678,France,Male,31,2, € -   ,2,1,1,"€ 58,803.28",100.00%
695,France,Male,46,4, € -   ,2,1,1,"€ 1,37,537.22",50.00%
661,France,Female,41,1, € -   ,2,0,1,"€ 1,31,300.68",200.00%
661,France,Male,33,9, € -   ,2,1,1,"€ 84,174.81",22.22%
559,France,Female,31,3,"€ 1,27,070.73",1,0,1,"€ 1,60,941.78",33.33%
503,France,Male,29,3, € -   ,2,1,1,"€ 1,43,954.99",66.67%
695,Spain,Male,46,3,"€ 1,22,549.64",1,1,1,"€ 56,297.85",33.33%
640,France,Female,42,5,"€ 1,76,099.13",1,1,1,"€ 8,404.73",20.00%
624,Germany,Female,48,3,"€ 1,22,388.38",2,0,0,"€ 30,020.09",0.00%
667,France,Male,42,9, € -   ,2,0,1,"€ 58,137.42",22.22%
642,France,Male,26,0, € -   ,1,0,0,"€ 47,472.68",0.00%
640,Spain,Female,32,6,"€ 1,18,879.35",2,1,1,"€ 19,131.71",33.33%
529,Spain,Male,35,5, € -   ,2,1,1,"€ 1,87,288.50",40.00%
563,France,Female,39,5, € -   ,2,1,1,"€ 17,603.81",40.00%
593,Spain,Female,38,4,"€ 88,736.44",2,1,0,"€ 67,020.03",0.00%
739,Germany,Male,45,7,"€ 1,02,703.62",1,0,1,"€ 1,47,802.94",14.29%
788,Spain,Female,70,1, € -   ,2,1,1,"€ 41,610.62",200.00%
684,Spain,Female,38,3, € -   ,2,1,0,"€ 44,255.65",0.00%
482,France,Male,55,5,"€ 97,318.25",1,0,1,"€ 78,416.14",20.00%
591,Spain,Male,58,5,"€ 1,28,468.69",1,0,1,"€ 1,37,254.55",20.00%
651,Germany,Female,41,4,"€ 1,33,432.59",1,0,1,"€ 1,51,303.48",25.00%
749,Germany,Female,40,8,"€ 1,41,782.57",2,0,0,"€ 86,333.63",0.00%
583,France,Male,24,9,"€ 1,35,125.28",1,0,0,"€ 89,801.90",0.00%
661,Spain,Male,42,2,"€ 1,78,820.91",1,0,0,"€ 29,358.57",0.00%
715,France,Female,31,2,"€ 1,12,212.14",2,1,1,"€ 1,81,600.72",100.00%
769,Germany,Female,45,5,"€ 1,26,674.81",1,1,0,"€ 1,24,118.71",0.00%
625,France,Female,51,7,"€ 1,36,294.97",1,1,0,"€ 38,867.46",0.00%
641,France,Female,36,5,"€ 66,392.64",1,1,0,"€ 31,106.67",0.00%
716,Germany,Male,27,1,"€ 1,22,552.34",2,1,0,"€ 67,611.36",0.00%
767,France,Male,43,1,"€ 76,408.85",2,1,0,"€ 77,837.63",0.00%
745,Germany,Male,36,8,"€ 1,45,071.24",1,0,0,"€ 6,078.46",0.00%
589,France,Male,34,6, € -   ,2,1,1,"€ 1,77,896.92",33.33%
796,France,Female,45,2,"€ 1,09,730.22",1,1,1,"€ 1,23,882.73",50.00%
664,France,Male,57,6, € -   ,2,1,1,"€ 15,304.08",33.33%
445,Spain,Male,62,1,"€ 64,119.38",1,1,1,"€ 76,569.64",100.00%
543,Germany,Female,57,1,"€ 1,06,138.33",2,1,1,"€ 1,20,657.32",200.00%
746,Spain,Male,36,2, € -   ,2,1,1,"€ 16,436.56",100.00%
742,Germany,Male,33,0,"€ 1,81,656.51",1,1,1,"€ 1,07,667.91",100.00%
750,France,Female,32,5, € -   ,2,1,0,"€ 95,611.47",0.00%
669,France,Male,30,7,"€ 95,128.86",1,0,0,"€ 19,799.26",0.00%
594,Spain,Female,49,2,"€ 1,26,615.94",2,0,1,"€ 1,23,214.74",100.00%
574,Spain,Male,36,1, € -   ,2,0,1,"€ 71,709.12",200.00%
659,Germany,Male,36,2,"€ 76,190.48",2,1,1,"€ 1,49,066.14",100.00%
750,Germany,Male,40,5,"€ 1,68,286.81",3,1,0,"€ 20,451.99",0.00%
626,Germany,Male,35,4,"€ 88,109.81",1,1,1,"€ 32,825.50",25.00%
620,France,Male,42,4, € -   ,2,1,0,"€ 6,232.31",0.00%
580,France,Female,35,8, € -   ,2,0,1,"€ 10,357.03",25.00%
686,France,Female,34,3,"€ 1,23,971.51",2,1,0,"€ 1,47,794.63",0.00%
540,France,Male,48,0,"€ 1,48,116.48",1,0,0,"€ 1,16,973.48",0.00%
634,Germany,Male,35,6,"€ 1,16,269.01",1,1,0,"€ 1,29,964.94",0.00%
632,Spain,Male,38,1,"€ 1,20,599.21",1,1,0,"€ 92,816.86",0.00%
501,France,Female,41,3,"€ 1,44,260.50",1,1,0,"€ 1,72,114.67",0.00%
650,Spain,Female,25,3,"€ 86,605.50",3,1,0,"€ 16,649.31",0.00%
786,France,Male,34,9, € -   ,2,1,0,"€ 1,44,517.19",0.00%
554,Germany,Female,37,4,"€ 58,629.97",1,0,0,"€ 1,82,038.60",0.00%
701,Spain,Female,42,5, € -   ,2,0,0,"€ 24,210.56",0.00%
474,France,Male,45,10, € -   ,2,0,0,"€ 1,72,175.90",0.00%
621,France,Female,43,5, € -   ,1,1,1,"€ 47,578.45",20.00%
672,Spain,Female,56,2,"€ 2,09,767.31",2,1,1,"€ 1,50,694.42",100.00%
459,Spain,Female,42,6,"€ 1,29,634.25",2,1,1,"€ 1,77,683.02",33.33%
669,France,Male,23,1, € -   ,2,0,0,"€ 66,088.83",0.00%
776,France,Female,38,2,"€ 1,69,824.46",1,1,0,"€ 1,69,291.70",0.00%
694,France,Male,36,3,"€ 97,530.25",1,1,1,"€ 1,17,140.41",33.33%
787,France,Female,42,10,"€ 1,45,988.65",2,1,1,"€ 79,510.37",20.00%
580,France,Male,37,9, € -   ,2,0,1,"€ 77,108.66",22.22%
711,France,Female,25,7, € -   ,3,1,1,"€ 9,679.28",42.86%
673,France,Female,40,5,"€ 1,37,494.28",1,1,0,"€ 81,753.92",0.00%
499,France,Female,57,1, € -   ,1,0,0,"€ 1,31,372.38",0.00%
591,France,Male,24,6,"€ 1,47,360.00",1,1,1,"€ 25,310.82",16.67%
769,France,Female,25,10, € -   ,2,0,0,"€ 1,87,925.75",0.00%
657,Spain,Male,31,3,"€ 1,25,167.02",1,0,0,"€ 98,820.39",0.00%
738,Germany,Male,43,9,"€ 1,21,152.05",2,1,0,"€ 64,166.70",0.00%
545,Germany,Female,60,7,"€ 1,28,981.07",1,0,1,"€ 1,76,924.21",14.29%
497,France,Male,47,6, € -   ,1,1,1,"€ 90,055.08",16.67%
816,Spain,Male,67,6,"€ 1,51,858.98",1,1,1,"€ 72,814.31",16.67%
525,France,Male,36,2,"€ 1,14,628.40",1,0,1,"€ 1,68,290.06",50.00%
725,France,Male,46,6, € -   ,2,1,0,"€ 1,61,767.38",0.00%
692,France,Female,28,8,"€ 95,059.02",2,1,0,"€ 44,420.18",0.00%
618,France,Female,24,7,"€ 1,28,736.39",1,0,1,"€ 37,147.61",14.29%
546,France,Male,24,8,"€ 1,56,325.38",1,1,1,"€ 1,25,381.02",12.50%
635,France,Male,29,7,"€ 1,05,405.97",1,1,1,"€ 1,49,853.89",14.29%
611,France,Female,49,2,"€ 88,915.37",3,0,0,"€ 1,61,435.02",0.00%
650,France,Male,60,8, € -   ,2,1,1,"€ 1,02,925.76",25.00%
606,France,Male,40,5, € -   ,2,1,1,"€ 70,899.27",40.00%
844,France,Male,18,2,"€ 1,60,980.03",1,0,0,"€ 1,45,936.28",0.00%
450,Spain,Female,46,5,"€ 1,77,619.71",1,1,0,"€ 54,227.06",0.00%
727,Spain,Male,38,2,"€ 62,276.99",1,1,1,"€ 59,280.79",50.00%
460,Germany,Male,46,4,"€ 1,27,559.97",2,1,1,"€ 1,26,952.50",50.00%
649,France,Male,41,0, € -   ,2,0,1,"€ 1,30,567.02",200.00%
758,Germany,Female,47,9,"€ 95,523.16",1,1,0,"€ 73,294.48",0.00%
490,France,Female,35,7,"€ 1,07,749.03",1,1,1,"€ 3,937.37",14.29%
815,Germany,Male,37,2,"€ 1,10,777.26",2,1,0,"€ 2,383.59",0.00%
838,Spain,Female,39,5,"€ 1,66,733.92",2,1,0,"€ 14,279.44",0.00%
803,France,Male,31,9,"€ 1,57,120.86",2,1,0,"€ 1,41,300.53",0.00%
664,Germany,Female,36,2,"€ 1,27,160.78",2,1,0,"€ 78,140.75",0.00%
736,Spain,Female,28,2, € -   ,2,1,1,"€ 1,17,431.10",100.00%
633,France,Female,37,9,"€ 1,56,091.97",1,1,0,"€ 72,008.61",0.00%
664,France,Male,58,5,"€ 98,668.18",1,1,1,"€ 60,887.58",20.00%
600,France,Female,43,5,"€ 1,34,022.06",1,1,0,"€ 1,94,764.83",0.00%
693,France,Female,35,5,"€ 1,24,151.09",1,1,0,"€ 88,705.14",0.00%
663,Germany,Female,36,6,"€ 77,253.50",1,0,0,"€ 35,817.97",0.00%
742,Germany,Female,21,1,"€ 1,14,292.48",1,1,0,"€ 31,520.40",0.00%
710,Germany,Male,43,2,"€ 1,40,080.32",3,1,1,"€ 1,57,908.19",150.00%
710,Spain,Female,27,2,"€ 1,35,277.96",1,1,0,"€ 1,42,200.15",0.00%
700,France,Female,82,2, € -   ,2,0,1,"€ 1,82,055.36",100.00%
720,Germany,Male,60,9,"€ 1,15,920.62",2,0,0,"€ 1,57,552.08",0.00%
684,Spain,Male,41,2,"€ 1,19,782.72",2,0,0,"€ 1,20,284.67",0.00%
531,France,Female,63,1,"€ 1,14,715.71",1,0,1,"€ 24,506.95",100.00%
742,Germany,Female,36,2,"€ 1,29,748.54",2,0,0,"€ 47,271.61",0.00%
717,France,Male,31,4,"€ 1,29,722.57",1,0,0,"€ 41,176.60",0.00%
589,France,Male,32,2, € -   ,2,0,1,"€ 9,468.64",100.00%
767,France,Male,36,3,"€ 1,39,180.20",1,0,0,"€ 1,23,880.19",0.00%
636,Germany,Male,49,6,"€ 1,13,599.74",2,1,0,"€ 1,58,887.09",0.00%
648,France,Male,33,7,"€ 1,34,944.00",1,1,1,"€ 1,17,036.38",14.29%
622,Germany,Female,58,7,"€ 1,16,922.25",1,1,0,"€ 1,20,415.61",0.00%
692,Spain,Male,28,9,"€ 1,18,945.09",1,0,0,"€ 16,064.25",0.00%
754,France,Male,28,8, € -   ,2,1,1,"€ 52,615.62",25.00%
679,Spain,Female,35,8,"€ 1,19,182.73",1,0,0,"€ 1,21,210.09",0.00%
639,France,Male,27,8, € -   ,2,1,0,"€ 1,92,247.35",0.00%
774,France,Female,28,1,"€ 71,264.02",2,0,1,"€ 68,759.57",200.00%
517,France,Male,41,2, € -   ,2,0,1,"€ 75,937.47",100.00%
571,France,Female,35,8, € -   ,2,0,0,"€ 84,569.13",0.00%
747,Germany,Male,58,7,"€ 1,16,313.57",1,1,1,"€ 1,90,696.35",14.29%
792,Spain,Male,36,5,"€ 92,140.15",1,0,1,"€ 67,468.67",20.00%
688,France,Male,26,1, € -   ,2,1,1,"€ 1,04,435.94",200.00%
714,Germany,Male,42,2,"€ 1,77,640.09",1,0,1,"€ 47,166.55",50.00%
562,Spain,Female,35,0, € -   ,2,1,0,"€ 1,19,899.52",0.00%
704,Spain,Male,48,8,"€ 1,67,997.60",1,1,1,"€ 1,73,498.45",12.50%
698,France,Male,36,2,"€ 82,275.35",2,1,1,"€ 93,249.26",100.00%
611,France,Male,49,3, € -   ,2,1,1,"€ 1,42,917.54",66.67%
850,Germany,Female,48,6,"€ 1,11,962.99",1,1,0,"€ 1,11,755.80",0.00%
743,Germany,Female,34,1,"€ 1,31,736.88",1,1,1,"€ 1,08,543.21",100.00%
654,France,Male,29,1, € -   ,1,1,0,"€ 1,80,345.44",0.00%
761,Germany,Male,36,8,"€ 1,08,239.11",2,0,0,"€ 99,444.02",0.00%
702,France,Female,46,9,"€ 98,444.19",1,0,1,"€ 1,09,563.28",11.11%
488,Germany,Male,32,3,"€ 1,14,540.38",1,1,0,"€ 92,568.07",0.00%
683,France,Female,35,6,"€ 1,87,530.66",2,1,1,"€ 37,976.36",33.33%
601,Germany,Female,42,9,"€ 1,33,636.16",1,0,1,"€ 1,03,315.74",11.11%
605,France,Male,52,7, € -   ,2,1,1,"€ 1,73,952.50",28.57%
671,Germany,Female,44,0,"€ 84,745.03",2,0,1,"€ 34,673.98",200.00%
614,Germany,Female,31,7,"€ 1,20,599.38",2,1,1,"€ 46,163.44",28.57%
511,Spain,Female,29,9, € -   ,2,0,1,"€ 1,40,676.98",22.22%
850,France,Male,39,4,"€ 1,27,771.35",2,0,1,"€ 1,51,738.54",50.00%
790,Spain,Female,46,9, € -   ,1,0,0,"€ 14,679.81",0.00%
793,France,Female,33,0, € -   ,1,0,0,"€ 1,75,544.02",0.00%
628,France,Male,69,5, € -   ,2,1,1,"€ 1,81,964.60",40.00%
598,Germany,Male,53,10,"€ 1,67,772.96",1,1,1,"€ 1,36,886.86",10.00%
657,France,Female,37,6,"€ 95,845.60",1,1,0,"€ 1,22,218.23",0.00%
618,France,Female,35,10, € -   ,2,1,0,"€ 1,80,439.75",0.00%
681,Spain,Male,65,7,"€ 1,34,714.70",2,0,1,"€ 1,90,419.81",28.57%
516,Spain,Female,33,3, € -   ,2,1,1,"€ 58,685.59",66.67%
421,Germany,Male,28,8,"€ 1,22,384.22",3,1,1,"€ 89,017.38",37.50%
700,France,Female,26,2, € -   ,2,0,0,"€ 50,051.42",0.00%
745,France,Male,25,5,"€ 1,57,993.15",2,1,0,"€ 1,46,041.45",0.00%
696,France,Male,29,8, € -   ,2,1,0,"€ 1,91,166.09",0.00%
580,Germany,Female,42,2,"€ 1,23,331.36",1,0,0,"€ 1,03,516.08",0.00%
497,Spain,Male,27,9,"€ 75,263.16",1,1,1,"€ 1,64,825.04",11.11%
720,France,Female,43,6,"€ 1,37,824.03",2,1,0,"€ 1,72,557.77",0.00%
659,Germany,Male,36,4,"€ 1,32,578.92",2,1,0,"€ 84,320.94",0.00%
841,France,Female,36,5,"€ 1,56,021.31",1,0,0,"€ 1,22,662.98",0.00%
642,Spain,Male,34,8, € -   ,1,1,0,"€ 72,085.10",0.00%
732,Spain,Female,69,9,"€ 1,37,453.43",1,0,1,"€ 1,10,932.24",11.11%
600,Spain,Male,36,4, € -   ,2,1,0,"€ 1,43,635.36",0.00%
464,Germany,Male,33,8,"€ 1,64,284.72",2,1,1,"€ 3,710.34",25.00%
680,France,Female,47,5, € -   ,2,1,1,"€ 1,79,843.33",40.00%
758,Spain,Male,56,1, € -   ,2,1,1,"€ 10,643.38",200.00%
630,Germany,Female,31,2,"€ 1,12,373.49",2,1,1,"€ 1,31,167.98",100.00%
577,France,Female,39,10, € -   ,2,1,0,"€ 10,553.31",0.00%
684,France,Female,34,6, € -   ,2,1,1,"€ 1,30,928.22",33.33%
708,Spain,Female,41,5, € -   ,1,0,1,"€ 1,57,003.99",20.00%
732,Germany,Female,29,1,"€ 1,54,333.82",1,1,1,"€ 1,38,527.56",100.00%
634,Germany,Male,37,3,"€ 1,11,432.77",2,1,1,"€ 1,67,032.49",66.67%
633,France,Female,30,6, € -   ,2,0,0,"€ 41,642.29",0.00%
559,France,Male,34,2,"€ 1,37,390.11",2,1,0,"€ 9,677.00",0.00%
694,Spain,Female,37,3, € -   ,2,1,1,"€ 1,47,012.22",66.67%
686,Germany,Female,56,5,"€ 1,11,642.08",1,1,1,"€ 80,553.87",20.00%
553,Spain,Female,48,3, € -   ,1,0,1,"€ 30,730.95",33.33%
507,France,Male,36,4,"€ 83,543.37",1,0,0,"€ 1,40,134.43",0.00%
732,Germany,Male,50,6,"€ 1,45,338.76",1,0,0,"€ 91,936.10",0.00%
818,France,Female,31,1,"€ 1,86,796.37",1,0,0,"€ 1,78,252.63",0.00%
660,Germany,Male,35,8,"€ 58,641.43",1,0,1,"€ 1,98,674.08",12.50%
773,Spain,Female,41,5, € -   ,1,1,0,"€ 28,266.90",0.00%
640,France,Male,44,3,"€ 1,37,148.68",1,1,0,"€ 92,381.01",0.00%
505,France,Male,49,7,"€ 80,001.23",1,0,0,"€ 1,35,180.11",0.00%
714,Germany,Male,21,6,"€ 86,402.52",2,0,0,"€ 27,330.59",0.00%
468,France,Female,42,5, € -   ,2,1,0,"€ 1,25,305.34",0.00%
611,Spain,Male,51,1,"€ 1,22,874.74",1,1,1,"€ 1,49,648.45",100.00%
705,France,Male,25,0,"€ 97,544.29",1,0,1,"€ 59,887.15",100.00%
646,Germany,Male,46,1,"€ 1,70,826.55",2,1,0,"€ 45,041.32",0.00%
667,Germany,Female,48,1,"€ 97,133.92",2,0,0,"€ 1,13,316.77",0.00%
511,Germany,Female,41,8,"€ 1,53,895.65",1,1,1,"€ 39,087.42",12.50%
653,France,Female,43,6, € -   ,2,1,1,"€ 7,330.59",33.33%
675,France,Female,57,8, € -   ,2,0,1,"€ 95,463.29",25.00%
523,Spain,Male,32,4, € -   ,2,1,0,"€ 1,67,848.02",0.00%
567,Germany,Female,49,5,"€ 1,34,956.02",1,1,0,"€ 93,953.84",0.00%
741,Spain,Male,39,7,"€ 1,43,637.58",2,0,1,"€ 1,74,227.66",28.57%
456,Spain,Male,32,9,"€ 1,47,506.25",1,1,1,"€ 1,35,399.21",11.11%
598,France,Male,64,1, € -   ,2,1,0,"€ 1,95,635.30",0.00%
667,France,Male,43,8,"€ 1,90,227.46",1,1,0,"€ 97,508.04",0.00%
548,France,Female,32,2,"€ 1,72,448.77",1,1,0,"€ 1,88,083.77",0.00%
725,France,Male,41,7,"€ 1,13,980.21",1,1,1,"€ 1,16,704.25",14.29%
717,France,Male,53,6, € -   ,2,0,1,"€ 97,614.87",33.33%
594,France,Male,38,4, € -   ,2,0,0,"€ 1,86,884.04",0.00%
678,Germany,Female,25,10,"€ 76,968.12",2,0,1,"€ 1,31,501.72",20.00%
545,France,Male,38,1,"€ 88,293.13",2,1,1,"€ 24,302.95",200.00%
636,France,Female,48,1,"€ 1,70,833.46",1,1,0,"€ 1,10,510.28",0.00%
603,Germany,Male,44,6,"€ 1,08,122.39",2,1,0,"€ 1,08,488.33",0.00%
435,France,Male,36,4, € -   ,1,1,1,"€ 1,97,015.20",25.00%
535,France,Female,40,8, € -   ,1,1,1,"€ 27,689.77",12.50%
629,Germany,Female,45,7,"€ 1,29,818.39",3,1,0,"€ 9,217.55",0.00%
722,France,Female,35,2,"€ 1,63,943.89",2,1,1,"€ 15,068.18",100.00%
561,France,Male,28,7, € -   ,2,1,0,"€ 7,797.01",0.00%
645,France,Female,38,5,"€ 1,01,430.30",2,0,1,"€ 4,400.32",40.00%
501,France,Female,39,9,"€ 1,17,301.66",1,0,0,"€ 1,82,025.95",0.00%
502,Germany,Female,32,1,"€ 1,73,340.83",1,0,1,"€ 1,22,763.95",100.00%
652,Spain,Female,42,4, € -   ,2,1,1,"€ 38,152.01",50.00%
574,France,Female,33,3,"€ 1,34,348.57",1,1,0,"€ 63,163.99",0.00%
518,France,Female,45,9,"€ 1,05,525.65",2,1,1,"€ 73,418.29",22.22%
749,France,Female,60,6, € -   ,1,1,0,"€ 17,978.68",0.00%
679,France,Female,43,4, € -   ,3,1,0,"€ 1,15,136.51",0.00%
565,France,Male,36,6,"€ 1,06,192.10",1,1,0,"€ 1,49,575.59",0.00%
643,France,Female,45,4,"€ 45,144.43",1,1,0,"€ 60,917.24",0.00%
515,France,Male,65,7,"€ 92,113.61",1,1,1,"€ 1,42,548.33",14.29%
521,France,Male,25,7, € -   ,2,1,1,"€ 1,57,878.67",28.57%
739,Spain,Male,38,0,"€ 1,28,366.44",1,1,0,"€ 12,796.43",0.00%
585,France,Male,42,2, € -   ,2,1,1,"€ 18,657.77",100.00%
733,Germany,Male,74,3,"€ 1,06,545.53",1,1,1,"€ 1,34,589.58",33.33%
542,France,Female,43,8,"€ 1,45,618.37",1,0,1,"€ 10,350.74",12.50%
788,Spain,Male,37,8,"€ 1,41,541.25",1,0,0,"€ 66,013.27",0.00%
435,Germany,Male,32,2,"€ 57,017.06",2,1,1,"€ 5,907.11",100.00%
577,France,Male,42,9, € -   ,1,1,0,"€ 74,077.91",0.00%
703,France,Female,51,3, € -   ,3,1,1,"€ 77,294.56",100.00%
728,Germany,Female,35,8,"€ 1,25,884.95",2,1,0,"€ 54,359.02",0.00%
728,Germany,Male,32,5,"€ 61,825.50",1,1,1,"€ 1,56,124.93",20.00%
718,France,Male,35,8, € -   ,2,1,0,"€ 94,820.85",0.00%
621,France,Female,40,6, € -   ,1,1,0,"€ 1,55,155.25",0.00%
523,France,Female,40,2,"€ 1,02,967.41",1,1,0,"€ 1,28,702.10",0.00%
657,Germany,Male,25,2,"€ 1,71,770.55",1,1,0,"€ 22,745.50",0.00%
727,Germany,Male,40,1,"€ 93,051.64",2,1,0,"€ 71,865.31",0.00%
643,France,Male,36,7,"€ 1,61,064.64",2,0,1,"€ 84,294.82",28.57%
645,France,Female,48,7,"€ 90,612.34",1,1,1,"€ 1,49,139.13",14.29%
568,France,Male,28,5,"€ 1,45,105.64",2,1,0,"€ 1,85,489.11",0.00%
599,France,Male,58,4, € -   ,1,0,0,"€ 1,76,407.15",0.00%
672,France,Female,45,9, € -   ,1,1,1,"€ 92,027.69",11.11%
685,France,Male,33,6,"€ 1,74,912.72",1,1,1,"€ 43,932.54",16.67%
516,France,Female,46,1,"€ 1,04,947.72",1,1,0,"€ 1,15,789.25",0.00%
685,Spain,Male,31,10,"€ 1,35,213.71",1,1,1,"€ 1,25,777.28",10.00%
806,Spain,Male,25,7, € -   ,2,1,0,"€ 18,461.90",0.00%
604,France,Male,36,6,"€ 1,16,229.85",2,1,1,"€ 79,633.38",33.33%
648,Spain,Female,53,6,"€ 1,11,201.41",1,1,1,"€ 1,21,542.29",16.67%
545,Spain,Female,32,4, € -   ,1,1,0,"€ 94,739.20",0.00%
756,Germany,Male,27,1,"€ 1,31,899.00",1,1,0,"€ 93,302.29",0.00%
569,France,Male,35,10,"€ 1,24,525.52",1,1,1,"€ 1,93,793.78",10.00%
596,France,Male,47,6, € -   ,1,1,0,"€ 74,835.65",0.00%
475,France,Male,39,6, € -   ,1,1,1,"€ 56,999.90",16.67%
646,France,Female,45,3,"€ 47,134.75",1,1,1,"€ 57,236.44",33.33%
784,Spain,Male,35,3, € -   ,2,0,0,"€ 81,483.64",0.00%
552,Spain,Male,45,9, € -   ,2,1,0,"€ 26,752.56",0.00%
729,France,Male,44,5, € -   ,2,0,1,"€ 9,200.54",40.00%
609,Spain,Male,61,1, € -   ,1,1,0,"€ 22,447.85",0.00%
555,France,Male,51,5, € -   ,3,1,0,"€ 1,89,122.89",0.00%
572,Germany,Female,19,1,"€ 1,38,657.08",1,1,1,"€ 16,161.82",100.00%
785,France,Female,34,9,"€ 70,302.48",1,1,1,"€ 68,600.36",11.11%
714,Germany,Female,36,1,"€ 1,01,609.01",2,1,1,€ 447.73,200.00%
738,Spain,Male,35,3, € -   ,1,1,1,"€ 15,650.73",33.33%
639,Germany,Male,38,5,"€ 1,30,170.82",1,1,1,"€ 1,49,599.62",20.00%
520,Germany,Male,61,8,"€ 1,33,802.29",2,1,1,"€ 90,304.01",25.00%
764,France,Female,24,7,"€ 1,06,234.02",1,0,0,"€ 1,15,676.38",0.00%
661,Spain,Male,39,6,"€ 1,32,628.98",1,0,0,"€ 38,812.67",0.00%
564,Germany,Male,41,9,"€ 1,03,522.75",2,1,1,"€ 34,338.21",22.22%
708,Germany,Female,42,8,"€ 1,92,390.52",2,1,0,€ 823.36,0.00%
512,Spain,Male,36,1, € -   ,1,0,1,"€ 1,35,482.26",100.00%
592,Spain,Male,37,9, € -   ,3,1,1,"€ 10,656.89",33.33%
619,France,Female,38,3, € -   ,2,0,1,"€ 1,16,467.35",66.67%
775,France,Male,52,8,"€ 1,09,922.61",1,1,1,"€ 96,823.32",12.50%
850,Germany,Female,44,5,"€ 1,28,605.32",1,0,1,"€ 1,71,096.20",20.00%
577,France,Female,37,4, € -   ,1,1,1,"€ 79,881.39",25.00%
724,France,Female,37,10,"€ 68,598.56",1,1,0,"€ 1,57,862.82",0.00%
710,Spain,Male,35,1,"€ 1,06,518.52",1,1,1,"€ 1,27,951.81",100.00%
696,France,Female,31,8, € -   ,2,0,0,"€ 1,91,074.11",0.00%
376,France,Female,46,6, € -   ,1,1,0,"€ 1,57,333.69",0.00%
675,Germany,Female,29,8,"€ 1,21,326.42",1,1,0,"€ 1,33,457.52",0.00%
745,France,Male,36,8,"€ 67,226.37",1,1,0,"€ 1,30,789.60",0.00%
697,Spain,Female,25,5,"€ 82,931.85",2,1,1,"€ 1,28,373.88",40.00%
599,Spain,Female,39,4, € -   ,1,1,0,"€ 1,94,273.20",0.00%
715,France,Female,38,5,"€ 1,18,590.41",1,1,1,"€ 5,684.17",20.00%
659,France,Male,67,4,"€ 1,45,981.87",1,1,1,"€ 1,31,043.20",25.00%
684,France,Female,48,3,"€ 73,309.38",1,0,0,"€ 21,228.34",0.00%
635,France,Female,48,8,"€ 1,30,796.33",2,1,1,"€ 43,250.30",25.00%
789,Germany,Male,33,8,"€ 1,51,607.56",1,1,0,"€ 4,389.40",0.00%
571,Germany,Female,66,9,"€ 1,11,577.01",1,0,1,"€ 1,89,271.90",11.11%
694,Spain,Male,39,0,"€ 1,07,042.74",1,1,1,"€ 1,02,284.20",100.00%
665,Spain,Female,42,2,"€ 1,56,371.61",2,0,1,"€ 1,56,774.94",100.00%
706,France,Female,44,4,"€ 1,29,605.99",1,0,0,"€ 69,865.49",0.00%
807,Spain,Female,43,0, € -   ,2,0,1,"€ 85,523.24",200.00%
771,Spain,Female,67,8, € -   ,2,1,1,"€ 51,219.80",25.00%
531,Spain,Male,27,8,"€ 1,32,576.25",1,0,0,"€ 7,222.92",0.00%
629,France,Female,37,6,"€ 1,29,101.30",1,1,1,"€ 23,971.33",16.67%
850,Germany,Female,31,1,"€ 1,08,822.40",1,1,1,"€ 1,32,173.31",100.00%
685,Spain,Male,35,4,"€ 1,37,948.51",1,1,0,"€ 1,13,639.64",0.00%
642,Spain,Male,32,7,"€ 1,00,433.80",1,1,1,"€ 39,768.59",14.29%
529,Spain,Male,63,4,"€ 96,134.11",3,1,0,"€ 1,08,732.96",0.00%
683,Germany,Female,43,4,"€ 1,15,888.04",1,1,1,"€ 1,17,349.19",25.00%
663,France,Female,42,5,"€ 1,24,626.07",1,1,1,"€ 78,004.50",20.00%
563,France,Female,34,6,"€ 1,39,810.34",1,1,1,"€ 1,52,417.79",16.67%
637,Spain,Female,34,9, € -   ,2,0,0,"€ 26,057.08",0.00%
544,France,Male,37,3,"€ 84,496.71",1,0,0,"€ 79,972.09",0.00%
649,Germany,Male,70,9,"€ 1,16,854.71",2,0,1,"€ 1,07,125.79",22.22%
638,France,Female,48,10,"€ 1,38,333.03",1,1,1,"€ 47,679.14",10.00%
723,France,Male,25,3, € -   ,2,1,1,"€ 1,34,509.47",66.67%
635,Germany,Male,43,5,"€ 78,992.75",2,0,0,"€ 1,53,265.31",0.00%
750,Spain,Female,38,7,"€ 97,257.41",2,0,1,"€ 1,79,883.04",28.57%
730,France,Male,34,5,"€ 1,22,453.37",2,1,0,"€ 1,38,882.98",0.00%
750,Spain,Female,36,8,"€ 1,12,940.07",1,0,1,"€ 9,855.81",12.50%
586,France,Female,43,8,"€ 1,32,558.26",1,1,0,"€ 67,046.83",0.00%
520,France,Female,38,4, € -   ,2,1,0,"€ 56,388.63",0.00%
652,France,Female,48,8,"€ 1,33,297.24",1,1,0,"€ 77,764.37",0.00%
550,France,Female,46,7, € -   ,2,1,0,"€ 1,30,590.35",0.00%
594,France,Male,27,0,"€ 1,97,041.80",1,0,0,"€ 1,51,912.49",0.00%
749,Germany,Female,44,0,"€ 71,497.79",2,0,0,"€ 1,51,083.80",0.00%
668,France,Male,32,7, € -   ,2,1,1,€ 777.37,28.57%
614,Germany,Female,35,6,"€ 1,28,100.28",1,0,0,"€ 69,454.24",0.00%
773,France,Male,25,1,"€ 1,24,532.78",2,0,1,"€ 11,723.57",200.00%
551,Germany,Male,31,9,"€ 82,293.82",2,1,1,"€ 91,565.25",22.22%
566,France,Male,36,1,"€ 1,42,120.91",1,1,0,"€ 79,616.37",0.00%
569,Spain,Male,34,0,"€ 1,51,839.26",1,1,0,"€ 1,02,299.81",0.00%
659,Spain,Male,31,7,"€ 1,49,620.88",2,1,1,"€ 1,04,533.51",28.57%
722,France,Female,49,3,"€ 1,68,197.66",1,1,0,"€ 1,40,765.57",0.00%
655,France,Male,37,5,"€ 93,147.00",2,1,0,"€ 66,214.13",0.00%
615,France,Female,35,2,"€ 97,440.02",2,1,1,"€ 1,39,816.10",100.00%
752,Germany,Female,42,3,"€ 65,046.08",2,0,1,"€ 1,40,139.28",66.67%
661,Spain,Female,28,7,"€ 95,357.49",1,0,0,"€ 1,02,297.15",0.00%
838,Spain,Male,43,9,"€ 1,23,105.88",2,1,0,"€ 1,45,765.83",0.00%
610,Spain,Male,29,9, € -   ,3,0,1,"€ 83,912.24",33.33%
811,Spain,Male,44,3, € -   ,2,0,1,"€ 78,439.73",66.67%
587,Spain,Male,62,7,"€ 1,21,286.27",1,0,1,"€ 6,776.92",14.29%
811,Germany,Female,28,4,"€ 1,67,738.82",2,1,1,"€ 9,903.42",50.00%
759,France,Female,38,1,"€ 1,04,091.29",1,0,0,"€ 91,561.91",0.00%
648,Germany,Female,42,8,"€ 1,21,980.56",2,1,0,"€ 4,027.02",0.00%
788,France,Female,43,10, € -   ,2,1,1,"€ 1,16,111.51",20.00%
725,Germany,Male,39,1,"€ 50,880.98",2,1,1,"€ 1,84,023.54",200.00%
646,France,Female,42,3,"€ 1,75,159.90",2,0,0,"€ 67,124.48",0.00%
601,Germany,Female,26,7,"€ 1,05,514.69",2,1,0,"€ 50,070.59",0.00%
521,Germany,Male,52,5,"€ 1,16,497.31",3,0,0,"€ 53,793.10",0.00%
561,Spain,Female,33,6, € -   ,2,1,0,"€ 45,261.47",0.00%
564,France,Male,42,7,"€ 99,824.45",1,1,1,"€ 36,721.40",14.29%
444,France,Male,45,6, € -   ,1,1,0,"€ 1,30,009.85",0.00%
650,Spain,Male,71,0, € -   ,1,1,1,"€ 1,75,380.77",100.00%
724,France,Male,40,10, € -   ,1,1,0,"€ 1,27,847.25",0.00%
719,Spain,Male,35,3,"€ 1,22,964.88",1,1,1,"€ 1,38,231.70",33.33%
548,France,Female,29,4, € -   ,2,0,1,"€ 48,673.18",50.00%
635,Spain,Male,24,4, € -   ,2,1,1,"€ 70,668.77",50.00%
496,Spain,Female,43,3, € -   ,2,0,1,"€ 1,99,505.53",66.67%
676,France,Female,37,5,"€ 89,634.69",1,1,1,"€ 1,69,583.18",20.00%
541,Germany,Male,40,7,"€ 95,710.11",2,1,0,"€ 49,063.42",0.00%
778,Germany,Male,41,7,"€ 1,39,706.31",1,1,0,"€ 63,337.19",0.00%
850,Germany,Female,45,5,"€ 1,03,909.86",1,1,0,"€ 60,083.11",0.00%
633,France,Male,31,1, € -   ,1,1,0,"€ 48,606.71",0.00%
625,France,Male,49,6,"€ 1,73,434.90",1,1,0,"€ 1,65,580.93",0.00%
485,Spain,Male,32,6,"€ 1,02,238.01",2,1,1,"€ 1,94,010.12",33.33%
547,France,Female,48,1,"€ 1,79,380.74",2,0,1,"€ 69,263.10",200.00%
642,France,Male,32,3, € -   ,2,1,1,"€ 88,698.83",66.67%
718,France,Female,25,4,"€ 1,08,691.95",1,1,0,"€ 63,030.97",0.00%
582,France,Female,32,4, € -   ,2,1,0,"€ 59,668.81",0.00%
628,France,Male,33,6, € -   ,2,0,0,"€ 1,84,230.23",0.00%
737,Germany,Male,35,0,"€ 1,33,377.80",1,0,1,"€ 64,050.19",100.00%
828,Spain,Male,34,9, € -   ,2,1,1,"€ 81,853.98",22.22%
609,Spain,Male,53,10, € -   ,1,1,1,"€ 1,54,642.91",10.00%
730,France,Male,39,1,"€ 1,16,537.60",1,0,0,"€ 1,45,679.60",0.00%
631,France,Female,22,3, € -   ,2,0,0,"€ 30,781.77",0.00%
830,Spain,Male,40,4, € -   ,2,0,1,"€ 81,622.52",50.00%
645,France,Male,29,1,"€ 1,30,131.08",2,0,1,"€ 1,96,474.35",200.00%
663,France,Male,46,3, € -   ,2,0,1,"€ 1,76,276.10",66.67%
678,Spain,Male,30,0, € -   ,1,1,0,"€ 35,113.08",0.00%
521,France,Male,30,2,"€ 1,07,316.09",1,1,0,"€ 64,299.82",0.00%
625,France,Female,24,1, € -   ,2,1,1,"€ 1,80,969.55",200.00%
523,France,Male,30,1,"€ 83,181.29",1,1,1,"€ 1,38,176.78",100.00%
714,France,Female,72,3, € -   ,1,1,1,"€ 86,733.61",33.33%
580,Spain,Male,67,3,"€ 1,53,946.14",1,1,1,"€ 7,418.92",33.33%
722,France,Male,30,5, € -   ,2,1,0,"€ 1,66,376.54",0.00%
630,Spain,Female,39,7,"€ 1,35,483.17",1,1,0,"€ 1,40,881.20",0.00%
579,France,Male,35,1, € -   ,2,1,0,"€ 4,460.20",0.00%
670,France,Female,38,4,"€ 1,19,624.54",2,1,1,"€ 1,10,472.12",50.00%
588,Spain,Male,34,6,"€ 1,21,132.26",2,1,0,"€ 86,460.28",0.00%
807,Spain,Female,42,1, € -   ,1,1,0,"€ 16,500.66",0.00%
726,France,Female,48,4, € -   ,1,1,0,"€ 1,14,020.06",0.00%
812,Germany,Male,25,5,"€ 54,817.55",1,1,0,"€ 1,31,660.31",0.00%
631,Germany,Male,40,3,"€ 1,07,949.45",1,1,0,"€ 52,449.62",0.00%
682,France,Male,30,4, € -   ,1,0,1,"€ 1,61,465.31",25.00%
625,Spain,Female,49,2,"€ 80,816.45",1,1,1,"€ 20,018.79",50.00%
607,Germany,Male,38,3,"€ 98,205.77",1,1,0,"€ 1,76,318.27",0.00%
600,Spain,Female,50,6,"€ 94,684.27",1,1,1,"€ 50,488.91",16.67%
602,Spain,Female,22,7,"€ 1,41,604.76",1,1,0,"€ 30,379.60",0.00%
545,Spain,Female,74,3, € -   ,2,1,1,"€ 1,61,326.73",66.67%
675,Spain,Male,33,3, € -   ,2,1,0,"€ 45,348.08",0.00%
581,France,Female,47,1,"€ 1,22,949.14",1,0,0,"€ 1,80,251.68",0.00%
640,Germany,Male,33,8,"€ 81,677.22",2,0,0,"€ 34,925.56",0.00%
850,France,Male,38,7,"€ 80,293.98",1,0,0,"€ 1,26,555.74",0.00%
490,Spain,Female,48,8,"€ 1,55,413.06",1,1,0,"€ 1,87,921.30",0.00%
710,Spain,Female,38,4, € -   ,2,1,1,"€ 1,36,390.88",50.00%
613,Germany,Male,38,9,"€ 67,111.65",1,1,0,"€ 78,566.64",0.00%
812,France,Male,34,5,"€ 1,03,818.43",1,1,1,"€ 1,66,038.27",20.00%
723,France,Female,20,4, € -   ,2,1,1,"€ 1,40,385.33",50.00%
512,France,Male,36,4,"€ 1,52,169.12",2,0,0,"€ 38,629.30",0.00%
731,France,Female,52,10, € -   ,1,1,1,"€ 24,998.75",10.00%
650,Germany,Male,26,4,"€ 2,14,346.96",2,1,0,"€ 1,28,815.33",0.00%
594,France,Male,57,6, € -   ,1,1,0,"€ 19,376.56",0.00%
844,France,Male,40,7,"€ 1,13,348.14",1,1,0,"€ 31,904.31",0.00%
686,Germany,Female,47,5,"€ 1,70,935.94",1,1,0,"€ 1,73,179.79",0.00%
695,Germany,Male,52,8,"€ 1,03,023.26",1,1,1,"€ 22,485.64",12.50%
624,Spain,Female,23,6, € -   ,2,0,1,"€ 1,96,668.51",33.33%
503,Spain,Male,37,6, € -   ,2,0,0,"€ 1,36,506.86",0.00%
535,France,Female,31,7,"€ 1,11,855.04",2,1,1,"€ 36,278.89",28.57%
743,Germany,Female,32,6,"€ 1,40,348.56",2,1,1,"€ 1,63,254.39",33.33%
702,Spain,Male,39,8, € -   ,2,1,0,"€ 99,654.13",0.00%
658,France,Male,29,3,"€ 1,45,512.84",1,1,0,"€ 20,207.02",0.00%
677,Germany,Female,41,8,"€ 1,46,720.98",2,1,1,"€ 4,195.84",25.00%
664,France,Male,32,10,"€ 1,07,209.73",1,1,1,"€ 1,12,340.20",10.00%
766,Germany,Female,38,7,"€ 1,30,933.74",1,0,1,"€ 2,035.94",14.29%
461,Spain,Female,35,8, € -   ,1,1,0,"€ 1,32,295.95",0.00%
688,Spain,Male,36,0,"€ 89,772.30",1,1,0,"€ 1,77,383.68",0.00%
678,France,Female,32,5, € -   ,2,1,0,"€ 90,284.47",0.00%
796,France,Male,24,8, € -   ,2,1,0,"€ 61,349.37",0.00%
803,France,Male,42,5, € -   ,1,1,0,"€ 1,96,466.83",0.00%
712,France,Male,36,2,"€ 1,00,749.50",3,0,0,"€ 70,758.37",0.00%
498,France,Female,31,10, € -   ,2,1,0,"€ 13,892.57",0.00%
850,Spain,Male,22,2, € -   ,2,1,1,"€ 9,684.52",100.00%
628,France,Female,51,3,"€ 1,23,981.31",2,1,1,"€ 40,546.15",66.67%
539,Germany,Female,34,4,"€ 91,622.42",1,1,1,"€ 1,36,603.42",25.00%
732,France,Male,36,7,"€ 1,26,195.81",1,1,1,"€ 1,33,172.48",14.29%
715,France,Male,41,4,"€ 94,267.90",1,0,1,"€ 1,52,821.12",25.00%
651,France,Male,40,4, € -   ,2,1,1,"€ 1,47,715.83",50.00%
813,France,Male,34,0, € -   ,2,1,0,"€ 43,169.15",0.00%
692,France,Male,29,4, € -   ,1,1,0,"€ 76,755.99",0.00%
756,Germany,Female,39,3,"€ 1,00,717.85",3,1,1,"€ 73,406.04",100.00%
543,France,Male,36,6, € -   ,2,1,0,"€ 1,76,728.28",0.00%
790,France,Female,26,4,"€ 1,41,581.71",2,0,0,"€ 98,309.27",0.00%
494,Spain,Male,38,7, € -   ,2,1,1,"€ 6,203.66",28.57%
850,France,Female,39,2,"€ 1,48,586.64",1,1,1,"€ 1,76,791.27",50.00%
703,Spain,Male,29,9, € -   ,2,1,0,"€ 50,679.48",0.00%
432,Spain,Male,38,7, € -   ,2,1,0,"€ 1,50,580.88",0.00%
512,Germany,Female,32,2,"€ 1,23,403.85",2,1,0,"€ 80,120.19",0.00%
589,France,Male,28,7, € -   ,2,1,0,"€ 1,51,645.96",0.00%
514,France,Female,46,3,"€ 1,06,511.85",1,1,0,"€ 55,072.32",0.00%
678,France,Female,38,2, € -   ,2,0,0,"€ 1,15,068.99",0.00%
420,Germany,Female,34,1,"€ 1,35,549.90",1,0,0,"€ 1,49,471.13",0.00%
679,Germany,Male,38,7,"€ 1,10,555.37",2,1,0,"€ 46,522.68",0.00%
595,France,Male,31,4, € -   ,2,1,0,"€ 1,89,995.86",0.00%
713,France,Female,52,0,"€ 1,85,891.54",1,1,1,"€ 46,369.57",100.00%
833,Germany,Male,59,1,"€ 1,30,854.59",1,1,1,"€ 30,722.52",100.00%
690,France,Female,42,3,"€ 92,578.14",2,0,0,"€ 70,810.60",0.00%
731,Germany,Female,21,8,"€ 1,32,312.06",1,1,0,"€ 1,06,663.46",0.00%
608,France,Female,62,8,"€ 1,44,976.50",1,0,0,"€ 1,75,836.03",0.00%
479,Spain,Male,48,5,"€ 87,070.23",1,0,1,"€ 85,646.41",20.00%
519,France,Male,42,8, € -   ,2,1,1,"€ 1,01,485.72",25.00%
731,France,Female,47,1,"€ 1,15,414.19",3,0,0,"€ 1,91,734.67",0.00%
617,Spain,Male,61,7,"€ 91,070.43",1,1,1,"€ 1,01,839.77",14.29%
756,Spain,Male,29,2,"€ 1,17,412.19",2,1,0,"€ 4,888.91",0.00%
848,Germany,Male,31,4,"€ 90,018.45",2,1,0,"€ 1,93,132.98",0.00%
809,France,Female,24,4, € -   ,2,1,0,"€ 1,93,518.76",0.00%
698,Germany,Male,56,1,"€ 1,12,414.81",2,0,0,"€ 93,982.02",0.00%
779,Germany,Male,33,1,"€ 1,58,456.76",1,1,1,"€ 1,97,000.92",100.00%
606,Spain,Male,35,7, € -   ,1,1,0,"€ 1,06,837.06",0.00%
612,Germany,Female,58,1,"€ 1,49,641.53",1,1,1,"€ 1,15,161.28",100.00%
663,Spain,Female,33,8,"€ 1,22,528.18",1,1,0,"€ 1,96,260.30",0.00%
549,Germany,Female,45,3,"€ 1,43,734.01",2,1,1,"€ 96,404.38",66.67%
675,France,Female,32,2,"€ 1,55,663.31",1,1,0,"€ 97,658.66",0.00%
669,France,Female,35,7, € -   ,1,1,1,"€ 49,108.23",14.29%
571,Germany,Female,34,1,"€ 1,01,736.66",1,0,1,"€ 1,95,651.66",100.00%
500,Spain,Male,37,9,"€ 1,25,822.21",1,1,0,"€ 1,11,698.00",0.00%
628,France,Male,37,0, € -   ,2,1,1,"€ 1,71,707.93",200.00%
559,France,Male,34,4, € -   ,2,1,1,"€ 66,721.98",50.00%
769,France,Female,27,2, € -   ,1,1,1,"€ 57,876.05",50.00%
733,Germany,Male,31,6,"€ 1,57,791.07",2,0,0,"€ 1,77,994.81",0.00%
750,France,Male,22,5, € -   ,2,0,1,"€ 1,05,125.65",40.00%
583,France,Female,42,4, € -   ,2,1,0,"€ 17,439.66",0.00%
468,Germany,Male,42,9,"€ 1,81,627.14",2,1,0,"€ 1,72,668.39",0.00%
727,Spain,Female,57,1,"€ 1,09,679.72",1,0,1,€ 753.37,100.00%
618,France,Female,37,5,"€ 96,652.86",1,1,0,"€ 98,686.40",0.00%
617,France,Male,40,5,"€ 1,90,008.32",2,1,1,"€ 1,07,047.92",40.00%
793,Spain,Male,41,9, € -   ,2,1,0,"€ 1,52,153.74",0.00%
630,France,Male,43,9, € -   ,2,1,1,"€ 34,338.04",22.22%
765,Germany,Male,43,4,"€ 1,48,962.76",1,0,1,"€ 1,73,878.87",25.00%
546,France,Male,28,8, € -   ,1,1,0,"€ 1,59,254.29",0.00%
614,Germany,Female,30,3,"€ 1,31,344.52",2,1,0,"€ 54,776.64",0.00%
593,Germany,Female,29,5,"€ 1,01,713.84",3,1,0,"€ 1,34,594.99",0.00%
613,Spain,Male,34,3, € -   ,1,1,1,"€ 41,724.72",33.33%
655,France,Male,38,4, € -   ,2,0,0,"€ 1,10,527.71",0.00%
700,France,Female,27,6,"€ 1,37,963.07",1,0,0,"€ 8,996.79",0.00%
826,Spain,Female,29,4,"€ 1,29,938.07",1,0,1,"€ 1,90,200.53",25.00%
652,Germany,Male,45,2,"€ 1,51,421.44",1,0,1,"€ 1,15,333.43",50.00%
755,Germany,Female,45,7,"€ 1,35,643.00",1,0,0,"€ 1,43,619.52",0.00%
538,Spain,Male,39,2,"€ 1,22,773.50",2,1,1,"€ 58,467.08",100.00%
729,France,Male,34,3,"€ 1,52,303.80",1,1,0,"€ 12,128.69",0.00%
615,France,Male,49,3, € -   ,2,1,1,"€ 49,872.33",66.67%
700,Spain,Male,54,1,"€ 79,415.67",1,0,1,"€ 1,39,735.54",100.00%
434,Germany,Female,58,9,"€ 1,25,801.03",2,1,0,"€ 60,891.80",0.00%
729,Spain,Male,37,10, € -   ,2,1,0,"€ 1,00,862.54",0.00%
513,France,Male,35,8, € -   ,1,1,0,"€ 76,640.29",0.00%
755,France,Male,41,6,"€ 1,04,817.41",1,1,0,"€ 1,26,013.58",0.00%
615,France,Female,30,9, € -   ,1,1,0,"€ 87,347.82",0.00%
747,Germany,Female,32,5,"€ 67,495.04",2,0,1,"€ 77,370.37",40.00%
850,France,Female,36,0,"€ 1,64,850.54",1,1,1,"€ 62,722.44",100.00%
712,Germany,Female,49,5,"€ 1,54,776.42",2,0,0,"€ 1,96,257.68",0.00%
622,Germany,Female,28,1,"€ 1,43,124.63",2,1,0,"€ 81,723.80",0.00%
548,France,Female,35,10, € -   ,1,1,1,"€ 31,299.71",10.00%
607,France,Female,27,2, € -   ,2,1,0,"€ 63,495.86",0.00%
653,France,Female,38,8,"€ 1,02,133.38",1,1,1,"€ 1,66,520.96",12.50%
699,Spain,Male,26,6,"€ 79,932.41",1,0,0,"€ 1,50,242.44",0.00%
693,Germany,Male,40,0,"€ 1,20,711.73",1,0,0,"€ 27,345.18",0.00%
647,Germany,Female,43,3,"€ 1,22,717.53",2,1,1,"€ 87,000.39",66.67%
478,Spain,Female,36,3,"€ 92,363.30",2,1,0,"€ 44,912.70",0.00%
705,Spain,Female,40,5,"€ 2,03,715.15",1,1,0,"€ 1,79,978.68",0.00%
719,Spain,Male,39,5, € -   ,2,1,0,"€ 1,45,759.70",0.00%
726,France,Male,34,9, € -   ,2,0,0,"€ 14,121.61",0.00%
626,France,Male,21,1, € -   ,2,1,0,"€ 66,232.23",0.00%
552,France,Male,49,4, € -   ,1,1,1,"€ 1,90,296.76",25.00%
807,Germany,Female,31,1,"€ 93,460.47",2,0,0,"€ 1,72,782.69",0.00%
621,France,Male,34,6, € -   ,2,1,1,"€ 99,128.13",33.33%
651,Germany,Female,24,7,"€ 40,224.70",1,1,1,"€ 1,78,341.33",14.29%
673,France,Female,43,5,"€ 1,68,069.73",1,1,1,"€ 1,46,992.24",20.00%
652,France,Male,36,1, € -   ,2,1,1,"€ 1,51,314.98",200.00%
584,Germany,Male,47,7,"€ 1,30,538.77",1,1,0,"€ 92,915.84",0.00%
756,France,Male,37,3,"€ 1,32,623.60",1,1,1,"€ 58,974.00",33.33%
670,France,Female,35,3,"€ 1,03,465.02",2,1,1,"€ 1,74,627.06",66.67%
765,France,Female,50,9,"€ 1,26,547.80",1,1,1,"€ 79,579.94",11.11%
528,France,Male,30,2,"€ 1,28,262.72",2,1,0,"€ 50,771.16",0.00%
701,France,Male,40,5,"€ 1,69,742.64",1,1,1,"€ 1,53,537.55",20.00%
797,France,Female,29,1, € -   ,2,1,1,"€ 1,32,975.39",200.00%
639,Germany,Male,27,3,"€ 1,50,795.81",1,0,1,"€ 85,208.93",33.33%
785,Spain,Female,61,4,"€ 1,29,855.72",2,1,0,"€ 1,70,214.82",0.00%
363,Spain,Female,28,6,"€ 1,46,098.43",3,1,0,"€ 1,00,615.14",0.00%
764,France,Female,24,7, € -   ,2,1,0,"€ 1,86,105.99",0.00%
676,France,Female,43,2, € -   ,1,1,1,"€ 55,119.53",50.00%
718,Germany,Male,28,4,"€ 65,643.30",1,1,0,"€ 28,760.99",0.00%
590,Spain,Female,34,6, € -   ,2,1,0,"€ 1,71,021.44",0.00%
584,France,Male,38,9,"€ 1,04,584.16",1,1,0,"€ 1,76,678.72",0.00%
645,France,Male,41,7, € -   ,1,0,1,"€ 28,667.56",14.29%
772,Germany,Male,30,6,"€ 99,785.28",2,0,0,"€ 1,97,238.03",0.00%
399,Germany,Male,46,2,"€ 1,27,655.22",1,1,0,"€ 1,39,994.68",0.00%
529,France,Male,22,5, € -   ,1,1,0,"€ 1,51,169.83",0.00%
463,France,Male,35,2,"€ 1,01,257.16",1,1,1,"€ 1,18,113.64",50.00%
630,France,Female,40,7, € -   ,2,1,1,"€ 34,453.17",28.57%
780,France,Male,76,10,"€ 1,21,313.88",1,0,1,"€ 64,872.33",10.00%
584,Spain,Male,32,5, € -   ,2,1,0,"€ 10,956.82",0.00%
752,Germany,Male,30,4,"€ 81,523.38",1,1,1,"€ 36,885.85",25.00%
697,France,Female,47,6,"€ 1,28,252.66",1,1,1,"€ 1,68,053.40",16.67%
850,France,Female,32,7, € -   ,2,0,0,"€ 1,55,227.00",0.00%
711,France,Male,51,7, € -   ,3,1,0,"€ 38,409.79",0.00%
452,France,Female,32,5, € -   ,2,0,1,"€ 75,279.39",40.00%
610,Spain,Male,42,6, € -   ,2,1,0,"€ 1,58,302.59",0.00%
694,France,Female,22,4, € -   ,2,1,1,"€ 11,525.72",50.00%
579,Spain,Male,33,6, € -   ,1,1,0,"€ 94,993.04",0.00%
745,Spain,Female,54,8, € -   ,1,1,0,"€ 1,73,912.29",0.00%
572,France,Male,33,5, € -   ,1,0,1,"€ 41,139.05",20.00%
505,Germany,Male,29,3,"€ 1,45,541.56",2,1,1,"€ 58,019.95",66.67%
706,France,Female,23,5, € -   ,1,0,0,"€ 1,64,128.41",0.00%
693,Germany,Male,44,5,"€ 1,24,601.58",2,1,1,"€ 46,998.13",40.00%
725,Germany,Female,33,7,"€ 1,15,182.84",2,1,1,"€ 1,77,279.41",28.57%
791,France,Male,37,2,"€ 1,63,789.49",2,1,0,"€ 75,832.53",0.00%
536,France,Male,46,1,"€ 65,733.41",1,1,0,"€ 61,094.53",0.00%
699,Spain,Male,47,1, € -   ,2,0,1,"€ 30,117.44",200.00%
500,Spain,Female,47,8,"€ 1,28,486.11",1,1,0,"€ 1,79,227.12",0.00%
707,Spain,Female,53,6,"€ 1,09,663.47",1,1,1,"€ 52,110.45",16.67%
531,Germany,Female,42,6,"€ 88,324.31",2,1,0,"€ 75,248.75",0.00%
557,France,Female,28,7,"€ 1,46,445.24",2,1,0,"€ 1,84,317.74",0.00%
659,France,Female,38,3, € -   ,2,1,0,"€ 1,58,553.10",0.00%
575,Spain,Female,31,6, € -   ,2,1,1,"€ 95,686.42",33.33%
775,Germany,Male,36,2,"€ 1,09,949.05",2,0,1,"€ 71,682.54",100.00%
772,Spain,Male,30,4,"€ 78,653.05",1,1,0,"€ 1,790.48",0.00%
587,Germany,Male,46,9,"€ 1,07,850.82",1,1,0,"€ 1,39,431.00",0.00%
667,Germany,Female,39,4,"€ 83,765.35",2,1,0,"€ 1,18,358.54",0.00%
771,France,Female,66,7,"€ 1,43,773.07",1,1,1,"€ 1,30,827.88",14.29%
523,Germany,Male,63,6,"€ 1,16,227.27",1,1,1,"€ 1,19,404.63",16.67%
662,Germany,Male,33,0,"€ 1,03,471.52",1,1,1,"€ 1,62,703.00",100.00%
717,France,Male,42,5, € -   ,2,1,0,"€ 1,72,665.21",0.00%
746,France,Male,24,3,"€ 1,37,492.35",2,0,1,"€ 1,70,142.09",66.67%
569,France,Male,28,7, € -   ,2,1,0,"€ 73,977.23",0.00%
579,France,Male,36,9,"€ 1,29,829.59",1,1,1,"€ 60,906.12",11.11%
519,France,Female,21,1,"€ 1,46,329.57",2,1,1,"€ 1,94,867.27",200.00%
696,Germany,Male,30,4,"€ 1,14,027.70",1,1,1,"€ 1,93,716.56",25.00%
693,Germany,Male,25,6,"€ 1,46,580.69",1,0,1,"€ 14,633.35",16.67%
587,Germany,Female,38,0,"€ 1,32,122.42",2,0,0,"€ 31,730.32",0.00%
626,France,Female,44,10,"€ 81,553.93",1,1,0,"€ 20,063.63",0.00%
666,France,Female,66,7, € -   ,2,1,1,"€ 99,792.82",28.57%
512,France,Male,24,6, € -   ,2,1,0,"€ 37,654.31",0.00%
689,Spain,Female,28,3, € -   ,2,1,1,"€ 1,92,449.02",66.67%
803,France,Female,26,4, € -   ,2,1,1,"€ 1,81,208.47",50.00%
548,Germany,Male,32,5,"€ 1,75,214.71",1,1,1,"€ 1,55,165.61",20.00%
588,Germany,Female,40,10,"€ 1,25,534.51",1,1,0,"€ 1,21,504.18",0.00%
693,France,Male,68,4,"€ 97,705.99",1,1,1,"€ 61,569.07",25.00%
499,Germany,Female,55,4,"€ 1,26,817.65",2,1,0,"€ 1,23,269.71",0.00%
628,France,Female,46,1,"€ 46,870.43",4,1,0,"€ 31,272.14",0.00%
624,Spain,Male,46,3, € -   ,2,1,1,"€ 62,825.03",66.67%
733,France,Male,42,9,"€ 1,20,094.93",1,1,0,"€ 1,84,056.45",0.00%
628,France,Female,38,3, € -   ,2,1,1,"€ 48,924.73",66.67%
633,France,Female,33,3, € -   ,2,1,0,"€ 1,91,111.02",0.00%
559,Germany,Female,36,1,"€ 1,04,356.94",2,0,1,"€ 54,184.06",200.00%
704,Germany,Male,27,5,"€ 1,47,004.34",1,1,0,"€ 64,381.33",0.00%
744,Germany,Male,38,6,"€ 73,023.17",2,1,0,"€ 78,770.86",0.00%
665,Spain,Female,40,1,"€ 1,73,432.55",1,0,1,"€ 1,16,766.79",100.00%
638,France,Female,42,7,"€ 1,65,679.92",1,0,0,"€ 32,916.29",0.00%
837,Spain,Male,31,9,"€ 1,04,678.62",1,0,1,"€ 50,972.60",11.11%
534,France,Female,55,8,"€ 1,16,973.26",3,1,0,"€ 1,22,066.50",0.00%
548,France,Female,36,3, € -   ,1,1,0,"€ 65,996.90",0.00%
837,Germany,Male,38,2,"€ 1,26,732.85",1,1,1,"€ 79,577.38",50.00%
658,France,Female,44,6,"€ 1,48,481.09",1,1,0,"€ 1,30,529.13",0.00%
554,France,Female,38,4,"€ 1,37,654.05",2,1,1,"€ 1,72,629.67",50.00%
724,Germany,Male,30,7,"€ 1,15,315.04",1,1,0,"€ 15,216.53",0.00%
723,France,Male,42,2,"€ 99,095.73",1,1,1,"€ 17,512.53",50.00%
585,Germany,Female,39,7,"€ 1,65,610.41",2,0,0,"€ 1,31,852.01",0.00%
474,France,Male,33,5, € -   ,2,1,0,"€ 1,81,945.52",0.00%
562,Spain,Male,32,6,"€ 1,61,628.66",1,1,0,"€ 91,482.50",0.00%
719,France,Male,32,9,"€ 1,46,605.27",1,1,1,"€ 77,119.45",11.11%
635,Germany,Male,37,5,"€ 1,13,488.68",1,1,0,"€ 95,611.74",0.00%
743,France,Male,42,7,"€ 77,002.20",2,1,1,"€ 80,428.42",28.57%
681,Spain,Male,67,7, € -   ,2,0,1,"€ 1,63,714.92",28.57%
521,France,Female,39,6, € -   ,2,0,1,"€ 27,375.15",33.33%
741,Spain,Male,25,4, € -   ,2,1,1,"€ 73,873.65",50.00%
790,Spain,Male,46,8,"€ 1,82,364.53",1,0,0,"€ 1,39,266.48",0.00%
622,France,Male,35,8, € -   ,2,1,1,"€ 1,31,772.51",25.00%
669,France,Male,45,7,"€ 1,49,364.58",1,0,1,"€ 1,73,454.07",14.29%
583,France,Male,59,7,"€ 1,27,450.14",1,0,1,"€ 67,552.71",14.29%
520,Spain,Female,63,5,"€ 1,62,278.32",1,1,1,"€ 34,765.33",20.00%
579,Spain,Male,37,5,"€ 1,52,212.88",2,0,0,"€ 1,20,219.14",0.00%
698,Spain,Female,39,9,"€ 1,61,993.89",1,0,0,"€ 90,212.38",0.00%
548,Spain,Male,39,7,"€ 1,31,468.44",1,1,0,"€ 1,64,975.82",0.00%
672,Germany,Male,40,10,"€ 1,02,980.44",1,1,0,"€ 1,285.81",0.00%
653,Germany,Male,31,9,"€ 1,43,321.97",1,1,0,"€ 83,679.46",0.00%
734,Spain,Female,37,2,"€ 1,30,404.92",1,0,0,"€ 34,548.74",0.00%
794,France,Female,41,7, € -   ,2,1,1,"€ 74,275.08",28.57%
641,France,Male,30,2,"€ 87,505.47",2,0,1,"€ 7,278.57",100.00%
824,France,Male,30,0,"€ 1,33,634.02",1,1,1,"€ 1,62,053.92",100.00%
534,Spain,Female,33,3,"€ 1,51,233.62",1,0,0,"€ 1,99,336.63",0.00%
653,Spain,Male,55,2,"€ 70,263.83",1,0,1,"€ 62,347.71",50.00%
498,France,Male,34,5, € -   ,2,1,1,"€ 91,711.66",40.00%
683,France,Male,30,10,"€ 57,657.49",1,0,0,"€ 79,240.90",0.00%
618,Germany,Male,42,8,"€ 1,53,572.31",2,1,1,"€ 76,679.60",25.00%
538,France,Male,37,1,"€ 1,34,752.08",1,1,0,"€ 1,62,511.55",0.00%
643,Spain,Male,34,3,"€ 83,132.09",1,1,1,"€ 21,360.88",33.33%
428,France,Female,31,2, € -   ,2,1,0,"€ 54,487.43",0.00%
593,Germany,Female,32,9,"€ 1,34,096.53",2,1,0,"€ 53,931.05",0.00%
718,France,Female,31,0,"€ 1,18,100.59",2,1,0,"€ 1,03,165.15",0.00%
811,Germany,Male,52,10,"€ 76,915.40",1,0,0,"€ 1,46,359.81",0.00%
823,Spain,Female,46,3,"€ 81,576.75",1,1,1,"€ 28,370.95",33.33%
645,Spain,Male,49,2, € -   ,2,0,0,"€ 10,023.15",0.00%
710,France,Male,33,10,"€ 1,18,327.17",2,1,1,"€ 1,92,928.82",20.00%
591,Spain,Male,30,8,"€ 1,24,857.69",2,0,0,"€ 50,485.70",0.00%
748,Germany,Female,27,2,"€ 90,971.85",1,1,1,"€ 1,31,662.47",50.00%
850,France,Female,37,7,"€ 1,53,147.75",1,1,1,"€ 1,52,235.30",14.29%
542,France,Male,38,8,"€ 65,942.26",1,1,1,"€ 68,093.23",12.50%
809,France,Male,38,3, € -   ,2,1,1,"€ 80,061.31",66.67%
675,France,Male,54,2, € -   ,1,1,0,"€ 1,49,583.67",0.00%
607,Spain,Female,27,5,"€ 1,00,912.19",1,0,0,"€ 7,631.27",0.00%
850,France,Female,31,4, € -   ,2,1,1,"€ 33,082.81",50.00%
789,France,Male,37,3, € -   ,1,1,0,"€ 1,21,883.87",0.00%
598,France,Female,43,5, € -   ,3,1,1,"€ 1,00,722.72",60.00%
756,Germany,Male,41,2,"€ 1,24,439.49",2,0,1,"€ 47,093.11",100.00%
687,France,Female,47,7, € -   ,2,1,1,"€ 1,77,624.01",28.57%
724,France,Male,40,6, € -   ,2,0,0,"€ 1,06,149.48",0.00%
700,France,Female,44,2,"€ 58,781.76",1,1,0,"€ 16,874.92",0.00%
635,Spain,Male,50,7,"€ 1,59,453.64",2,0,0,"€ 54,560.79",0.00%
687,Germany,Male,26,2,"€ 1,42,721.52",1,1,1,"€ 1,53,605.75",50.00%
613,France,Female,46,8,"€ 1,67,795.60",1,0,1,"€ 44,390.38",12.50%
781,France,Female,38,3,"€ 1,28,345.69",2,1,0,"€ 63,218.85",0.00%
703,Spain,Male,20,3,"€ 1,65,260.98",1,1,1,"€ 41,626.78",33.33%
593,Germany,Female,62,3,"€ 1,18,233.81",1,0,1,"€ 24,765.53",33.33%
743,France,Female,40,6, € -   ,1,1,0,"€ 28,280.80",0.00%
640,Spain,Female,46,8, € -   ,2,1,0,"€ 89,043.19",0.00%
849,Germany,Male,37,7,"€ 1,43,452.74",2,1,1,"€ 17,294.12",28.57%
778,France,Male,38,3,"€ 1,45,018.49",2,1,1,"€ 1,26,702.41",66.67%
539,Germany,Female,38,8,"€ 82,407.51",1,1,0,"€ 13,123.41",0.00%
489,Germany,Male,28,1,"€ 79,460.98",2,1,1,"€ 1,67,973.63",200.00%
568,Spain,Female,43,9, € -   ,1,1,0,"€ 1,25,870.79",0.00%
618,Spain,Male,38,5,"€ 1,26,473.99",1,1,0,"€ 91,972.49",0.00%
710,Germany,Female,30,10,"€ 1,33,537.10",2,1,0,"€ 1,55,593.74",0.00%
625,France,Male,52,5,"€ 1,64,978.01",1,1,1,"€ 67,788.49",20.00%
682,Spain,Male,46,7,"€ 1,28,029.72",1,1,1,"€ 62,615.35",14.29%
727,Spain,Male,43,2,"€ 97,403.18",1,1,1,"€ 1,07,415.02",50.00%
794,France,Female,41,7,"€ 1,76,845.41",3,1,0,"€ 1,66,526.26",0.00%
652,Spain,Male,71,4, € -   ,1,1,1,"€ 1,20,107.10",25.00%
670,Spain,Male,42,3,"€ 81,589.04",1,1,0,"€ 1,88,227.80",0.00%
460,Germany,Female,40,6,"€ 1,19,507.58",2,1,0,"€ 91,560.63",0.00%
568,Spain,Female,26,6, € -   ,2,0,0,"€ 1,66,495.20",0.00%
643,France,Male,30,5,"€ 94,443.77",1,1,1,"€ 1,65,614.40",20.00%
521,France,Male,37,2, € -   ,2,1,1,"€ 86,372.24",100.00%
615,France,Male,32,7,"€ 92,199.84",1,1,1,"€ 2,755.53",14.29%
575,Spain,Male,43,3, € -   ,1,1,0,"€ 83,594.51",0.00%
717,France,Female,41,3,"€ 1,35,756.96",1,1,1,"€ 1,03,706.41",33.33%
648,France,Female,54,9,"€ 1,20,633.42",1,0,0,"€ 5,924.38",0.00%
535,Germany,Male,48,5,"€ 1,34,542.73",1,1,1,"€ 58,203.67",20.00%
626,Spain,Male,29,7, € -   ,2,1,0,"€ 49,361.84",0.00%
611,Spain,Male,52,7, € -   ,1,0,1,"€ 73,585.18",14.29%
734,Spain,Male,39,6, € -   ,1,1,1,"€ 95,135.27",16.67%
709,France,Male,49,4,"€ 1,54,344.49",2,1,1,"€ 38,794.57",50.00%
591,France,Male,43,3, € -   ,2,0,1,"€ 1,98,926.36",66.67%
664,France,Male,43,9,"€ 1,89,026.53",2,1,1,"€ 56,099.86",22.22%
431,France,Male,37,0,"€ 1,20,764.08",1,1,1,"€ 1,17,023.08",100.00%
647,Germany,Female,22,3,"€ 97,975.82",2,0,1,"€ 62,083.00",66.67%
578,France,Male,32,4, € -   ,2,1,1,"€ 1,41,822.80",50.00%
555,Germany,Male,41,10,"€ 1,13,270.20",2,1,1,"€ 1,85,387.14",20.00%
775,Spain,Male,30,4, € -   ,2,0,1,"€ 57,461.13",50.00%
850,Germany,Male,39,3,"€ 1,24,548.99",2,1,1,"€ 1,20,380.12",66.67%
625,France,Male,43,8,"€ 2,01,696.07",1,1,0,"€ 1,33,020.90",0.00%
645,Spain,Female,37,7, € -   ,2,1,0,"€ 13,589.93",0.00%
608,Germany,Male,44,7,"€ 1,14,203.47",1,1,1,"€ 77,830.36",14.29%
689,Spain,Female,31,4, € -   ,2,1,1,"€ 1,36,610.02",50.00%
652,Germany,Male,50,8,"€ 1,25,437.64",1,1,1,"€ 17,160.94",12.50%
769,France,Female,26,7, € -   ,2,1,0,"€ 1,76,843.53",0.00%
611,France,Female,43,8,"€ 64,897.75",1,1,0,"€ 1,14,996.33",0.00%
489,France,Male,38,8, € -   ,2,0,1,"€ 1,96,990.79",25.00%
528,Germany,Female,46,9,"€ 1,35,555.66",1,1,0,"€ 1,33,146.03",0.00%
632,France,Male,44,3,"€ 1,07,764.75",1,1,0,"€ 1,85,667.72",0.00%
429,France,Female,27,6,"€ 1,17,307.44",2,1,1,"€ 24,020.49",33.33%
457,France,Male,41,8,"€ 73,700.12",3,1,1,"€ 1,85,750.02",37.50%
768,Spain,Female,44,6,"€ 60,603.40",1,1,1,"€ 1,78,045.97",16.67%
715,Spain,Female,35,4,"€ 40,169.88",2,1,1,"€ 1,99,857.47",50.00%
668,Germany,Female,32,10,"€ 92,041.87",1,1,1,"€ 43,595.90",10.00%
625,Germany,Male,26,3,"€ 1,30,483.95",1,1,0,"€ 1,22,810.53",0.00%
846,France,Female,41,5, € -   ,3,1,0,"€ 3,440.47",0.00%
661,Spain,Female,42,3, € -   ,2,1,0,"€ 35,989.41",0.00%
571,France,Female,23,10,"€ 1,51,097.28",1,0,1,"€ 17,163.75",10.00%
582,Spain,Female,46,8,"€ 67,563.31",1,1,0,"€ 44,506.09",0.00%
716,France,Female,35,8,"€ 1,12,808.18",1,0,1,"€ 17,848.30",12.50%
758,France,Female,42,7, € -   ,2,0,1,"€ 76,209.56",28.57%
725,France,Male,66,4,"€ 86,459.80",1,1,1,"€ 1,41,476.56",25.00%
630,France,Female,40,0,"€ 1,18,633.08",1,0,1,"€ 60,032.46",100.00%
627,France,Female,55,2,"€ 1,59,441.27",1,1,0,"€ 1,00,686.11",0.00%
653,France,Female,27,9, € -   ,2,1,0,"€ 96,429.29",0.00%
775,Germany,Female,38,4,"€ 1,25,212.65",2,1,1,"€ 15,795.88",50.00%
794,Spain,Male,45,8,"€ 88,656.37",2,1,0,"€ 1,16,547.31",0.00%
831,France,Female,32,2,"€ 1,46,033.62",1,1,0,"€ 1,91,260.74",0.00%
561,France,Male,29,9,"€ 1,20,268.13",1,1,1,"€ 1,73,870.39",11.11%
705,Spain,Male,46,7, € -   ,2,1,0,"€ 1,17,273.35",0.00%
636,Spain,Female,33,0, € -   ,1,1,0,"€ 92,277.47",0.00%
487,Germany,Female,46,4,"€ 1,35,070.58",2,1,1,"€ 44,244.49",50.00%
693,France,Female,38,3, € -   ,2,0,0,"€ 78,133.48",0.00%
517,Spain,Female,29,5, € -   ,2,1,0,"€ 1,03,402.88",0.00%
684,France,Female,27,9,"€ 1,22,550.05",2,0,1,"€ 1,37,835.82",22.22%
620,Spain,Female,43,2, € -   ,2,1,0,"€ 20,670.10",0.00%
757,France,Male,29,8,"€ 1,30,306.49",1,1,0,"€ 77,469.38",0.00%
739,France,Female,27,6, € -   ,1,1,1,"€ 57,572.38",16.67%
662,Spain,Female,41,4,"€ 90,350.77",1,1,0,"€ 75,884.65",0.00%
359,France,Female,44,6,"€ 1,28,747.69",1,1,0,"€ 1,46,955.71",0.00%
572,Spain,Male,23,2,"€ 1,26,873.52",1,0,1,"€ 67,040.12",50.00%
721,France,Male,69,2,"€ 1,08,424.19",1,1,1,"€ 1,78,418.35",50.00%
707,France,Male,32,9, € -   ,2,0,0,"€ 30,807.02",0.00%
444,France,Female,40,5,"€ 84,350.07",1,1,0,"€ 1,43,835.76",0.00%
523,France,Female,73,7, € -   ,2,0,0,"€ 1,30,883.90",0.00%
685,Germany,Female,30,4,"€ 84,958.60",2,0,1,"€ 1,94,343.72",50.00%
673,Germany,Female,29,4,"€ 99,097.36",1,1,1,"€ 9,796.69",25.00%
503,Germany,Male,30,10,"€ 1,36,622.55",2,0,0,"€ 47,310.24",0.00%
485,Germany,Female,30,5,"€ 1,56,771.68",1,1,1,"€ 1,41,148.21",20.00%
799,Germany,Male,28,7,"€ 1,67,658.33",2,1,1,"€ 1,11,138.25",28.57%
585,Spain,Female,33,8, € -   ,2,1,0,"€ 1,14,182.07",0.00%
607,Germany,Female,24,2,"€ 1,09,483.54",2,0,1,"€ 1,27,560.77",100.00%
521,Germany,Female,40,9,"€ 1,34,504.78",1,1,0,"€ 18,082.06",0.00%
535,France,Female,44,2,"€ 1,14,427.86",1,1,1,"€ 1,36,330.26",50.00%
724,Spain,Male,45,5,"€ 83,888.54",1,0,1,"€ 34,121.81",20.00%
520,Germany,Male,32,5,"€ 1,10,029.77",1,1,0,"€ 56,246.69",0.00%
696,Spain,Male,41,9,"€ 1,27,523.75",1,0,1,"€ 1,91,417.42",11.11%
657,Germany,Male,30,1,"€ 1,39,762.13",2,1,1,"€ 23,317.88",200.00%
603,Spain,Female,42,8,"€ 91,611.12",1,0,0,"€ 1,44,675.30",0.00%
726,France,Female,42,2,"€ 1,09,471.79",1,0,1,"€ 1,75,161.05",50.00%
591,France,Female,39,4,"€ 1,50,500.64",1,1,0,"€ 14,928.80",0.00%
792,Germany,Female,59,9,"€ 1,01,609.77",1,0,0,"€ 1,61,479.19",0.00%
550,France,Male,57,5, € -   ,1,1,1,"€ 1,33,501.94",20.00%
601,France,Female,26,8,"€ 78,892.23",1,1,1,"€ 23,703.52",12.50%
820,France,Female,29,3,"€ 82,344.84",1,0,1,"€ 1,15,985.38",33.33%
667,France,Male,48,2, € -   ,1,1,0,"€ 43,229.20",0.00%
573,Spain,Female,44,4, € -   ,1,1,1,"€ 94,862.93",25.00%
755,France,Male,62,1,"€ 1,27,706.33",2,0,1,"€ 1,42,377.69",200.00%
552,France,Female,41,9,"€ 1,24,349.34",1,1,0,"€ 1,35,635.25",0.00%
598,Spain,Male,44,8, € -   ,2,1,0,"€ 1,48,487.90",0.00%
576,Germany,Male,28,1,"€ 1,19,336.29",2,0,1,"€ 58,976.85",200.00%
670,France,Female,31,9, € -   ,1,0,1,"€ 76,254.83",11.11%
504,Germany,Male,56,9,"€ 1,04,217.30",1,0,0,"€ 55,857.48",0.00%
778,France,Female,65,7, € -   ,1,1,1,"€ 77,867.23",14.29%
558,Germany,Male,39,10,"€ 1,44,757.02",1,1,0,"€ 22,878.16",0.00%
627,Spain,Male,44,6, € -   ,1,1,1,"€ 1,14,469.55",16.67%
683,France,Male,43,8, € -   ,1,1,0,"€ 96,754.80",0.00%
556,France,Female,43,6, € -   ,3,0,0,"€ 1,25,154.57",0.00%
583,France,Female,38,10, € -   ,2,0,1,"€ 1,13,597.64",20.00%
705,France,Female,24,7,"€ 1,00,169.51",1,1,0,"€ 1,21,408.55",0.00%
637,France,Male,33,2,"€ 1,45,731.83",1,0,1,"€ 1,09,219.43",50.00%
697,Spain,Male,56,5,"€ 1,10,802.03",1,1,1,"€ 50,230.31",20.00%
555,Germany,Female,46,4,"€ 1,20,392.99",1,1,0,"€ 1,77,719.88",0.00%
594,Germany,Female,26,6,"€ 1,35,067.52",2,0,0,"€ 1,31,211.86",0.00%
632,Spain,Male,31,3,"€ 1,36,556.44",1,1,0,"€ 82,152.83",0.00%
551,France,Female,38,10, € -   ,2,1,1,€ 216.27,20.00%
687,France,Female,35,3,"€ 99,587.43",1,1,1,"€ 1,713.10",33.33%
672,France,Female,53,7, € -   ,1,1,1,"€ 1,36,910.18",14.29%
521,Spain,Female,34,7,"€ 70,731.07",1,1,1,"€ 20,243.97",14.29%
686,Germany,Male,35,2,"€ 1,09,342.82",2,0,1,"€ 86,043.27",100.00%
639,Spain,Male,28,8, € -   ,2,1,0,"€ 1,26,561.07",0.00%
850,France,Male,66,4, € -   ,2,0,1,"€ 64,350.80",50.00%
465,France,Male,25,2,"€ 78,247.31",2,1,1,"€ 10,472.31",100.00%
817,France,Female,55,10,"€ 1,17,561.49",1,1,0,"€ 95,941.55",0.00%
578,France,Male,23,10,"€ 88,980.32",1,1,1,"€ 1,25,222.36",10.00%
611,Spain,Male,34,4, € -   ,2,1,0,"€ 1,70,950.58",0.00%
616,Germany,Female,41,1,"€ 1,03,560.57",1,1,0,€ 236.45,0.00%
517,France,Male,37,5,"€ 1,13,308.84",1,0,1,"€ 31,517.16",20.00%
637,Spain,Female,40,6, € -   ,2,1,1,"€ 1,81,610.60",33.33%
806,France,Female,32,3,"€ 63,763.49",1,1,0,"€ 1,56,593.09",0.00%
633,France,Female,29,7,"€ 1,69,988.35",1,1,0,"€ 4,272.00",0.00%
624,Germany,Female,35,0,"€ 1,80,303.24",2,1,0,"€ 1,63,587.90",0.00%
691,France,Male,52,3, € -   ,1,1,0,"€ 1,75,843.68",0.00%
819,Germany,Female,49,1,"€ 1,20,656.86",4,0,0,"€ 1,66,164.30",0.00%
568,Germany,Female,31,1,"€ 61,592.14",2,1,1,"€ 61,796.64",200.00%
806,France,Male,48,4,"€ 1,64,701.68",1,1,1,"€ 21,439.49",25.00%
726,Spain,Female,26,1,"€ 80,780.16",1,1,1,"€ 19,225.85",100.00%
552,France,Male,36,8, € -   ,2,0,0,"€ 1,32,547.02",0.00%
755,Germany,Female,30,6,"€ 1,54,221.37",2,0,1,"€ 62,688.55",33.33%
634,France,Male,26,8, € -   ,1,1,0,"€ 21,760.96",0.00%
756,France,Female,26,5,"€ 1,01,641.14",2,0,1,"€ 1,54,460.68",40.00%
776,France,Male,37,2, € -   ,1,0,1,"€ 8,065.00",50.00%
649,France,Female,45,5,"€ 92,786.66",1,1,0,"€ 1,73,365.90",0.00%
595,Germany,Male,32,8,"€ 1,31,081.66",2,1,1,"€ 69,428.79",25.00%
646,France,Male,30,5,"€ 98,014.74",1,1,1,"€ 12,757.14",20.00%
592,Spain,Male,38,8, € -   ,2,1,0,"€ 1,80,426.20",0.00%
574,France,Male,26,8,"€ 97,460.10",1,1,1,"€ 43,093.67",12.50%
850,France,Male,36,1,"€ 1,04,077.19",2,0,1,"€ 68,594.00",200.00%
850,Spain,Female,29,1, € -   ,2,1,1,"€ 1,97,996.65",200.00%
475,France,Female,46,10, € -   ,2,0,0,"€ 1,22,953.00",0.00%
642,France,Female,39,4, € -   ,1,1,1,"€ 76,821.24",25.00%
710,Spain,Female,51,4,"€ 93,656.95",1,0,1,"€ 1,41,400.51",25.00%
596,Spain,Male,30,6,"€ 1,21,345.88",4,1,0,"€ 41,921.75",0.00%
609,France,Female,39,8,"€ 1,41,675.23",1,0,1,"€ 1,75,664.25",12.50%
797,Spain,Female,31,8, € -   ,2,1,0,"€ 1,17,916.63",0.00%
504,Germany,Female,43,7,"€ 1,02,365.49",1,1,0,"€ 1,94,690.77",0.00%
735,Spain,Male,50,9, € -   ,1,0,0,"€ 1,66,677.35",0.00%
680,Spain,Female,30,3, € -   ,1,1,0,"€ 1,60,131.58",0.00%
449,France,Male,52,6, € -   ,2,0,1,"€ 1,23,622.00",33.33%
685,Germany,Male,57,7,"€ 1,01,868.51",1,0,1,"€ 1,13,483.96",14.29%
569,Spain,Male,38,8, € -   ,2,0,0,"€ 79,618.79",0.00%
631,France,Male,35,9,"€ 1,12,392.45",2,1,0,"€ 24,472.23",0.00%
595,Germany,Female,25,7,"€ 1,06,570.34",2,0,1,"€ 1,77,025.79",28.57%
461,France,Female,28,8, € -   ,1,1,1,"€ 1,03,349.74",12.50%
630,France,Male,50,1,"€ 81,947.76",1,0,1,"€ 63,606.22",100.00%
661,France,Female,31,7,"€ 1,44,162.30",2,1,1,"€ 14,490.79",28.57%
796,Germany,Male,39,5,"€ 86,350.87",2,0,0,"€ 1,05,080.53",0.00%
710,France,Male,47,5,"€ 1,58,623.14",1,0,0,"€ 83,499.89",0.00%
741,France,Male,32,8, € -   ,2,1,0,"€ 1,43,598.70",0.00%
606,Germany,Male,48,4,"€ 1,32,403.56",1,0,0,"€ 36,091.91",0.00%
747,France,Male,27,10, € -   ,2,0,0,"€ 13,007.89",0.00%
549,Germany,Female,43,3,"€ 1,34,985.66",1,1,0,"€ 6,101.41",0.00%
576,France,Male,36,6, € -   ,2,1,1,"€ 48,314.00",33.33%
528,France,Male,37,6,"€ 1,03,772.45",1,1,0,"€ 1,97,111.99",0.00%
535,France,Male,33,2,"€ 1,33,040.32",1,1,1,"€ 1,10,299.78",50.00%
575,Spain,Female,37,0, € -   ,2,0,0,"€ 30,114.32",0.00%
656,France,Male,39,10, € -   ,2,1,1,"€ 98,894.64",20.00%
440,France,Male,42,2, € -   ,2,1,0,"€ 49,826.68",0.00%
539,Spain,Male,38,8,"€ 71,460.67",2,1,1,"€ 10,074.05",25.00%
850,Spain,Male,39,6,"€ 1,33,214.13",1,0,1,"€ 20,769.88",16.67%
646,France,Female,37,7,"€ 96,558.66",1,0,0,"€ 1,63,427.18",0.00%
744,France,Male,54,6,"€ 93,806.31",2,0,1,"€ 1,40,068.77",33.33%
710,Spain,Female,36,8, € -   ,2,0,0,"€ 83,206.19",0.00%
544,France,Female,64,3,"€ 1,24,043.80",1,1,1,"€ 1,11,402.97",33.33%
723,Germany,Male,52,5,"€ 1,31,694.97",1,0,1,"€ 92,873.50",20.00%
507,Spain,Female,29,6, € -   ,2,0,1,"€ 94,780.90",33.33%
787,France,Female,35,1,"€ 1,06,266.80",1,1,1,"€ 16,607.15",100.00%
598,Spain,Male,41,8, € -   ,2,1,1,"€ 1,61,954.43",25.00%
796,France,Male,51,6, € -   ,2,0,1,"€ 1,94,733.28",33.33%
569,Spain,Female,41,4,"€ 1,39,840.36",1,1,1,"€ 1,63,524.70",25.00%
711,France,Male,34,8, € -   ,2,0,0,"€ 48,260.19",0.00%
661,Germany,Male,35,8,"€ 1,24,098.54",1,1,0,"€ 86,678.48",0.00%
415,France,Male,32,5,"€ 1,45,807.59",1,1,1,"€ 3,064.65",20.00%
578,Spain,Male,23,8, € -   ,2,1,0,"€ 1,12,124.98",0.00%
611,France,Female,26,2,"€ 1,07,508.93",2,1,1,"€ 1,20,801.65",100.00%
600,France,Female,28,6, € -   ,2,0,1,"€ 52,193.23",33.33%
661,Germany,Female,32,1,"€ 1,45,980.23",1,0,1,"€ 56,636.28",100.00%
850,France,Female,37,3,"€ 2,12,778.20",1,0,1,"€ 69,372.88",33.33%
573,Germany,Female,47,4,"€ 1,52,522.47",1,0,1,"€ 1,64,038.07",25.00%
764,Spain,Female,33,9,"€ 1,68,964.77",1,0,1,"€ 1,18,982.51",11.11%
838,France,Female,34,8, € -   ,2,1,0,"€ 27,472.07",0.00%
821,France,Female,28,8, € -   ,1,1,1,"€ 36,754.13",12.50%
607,Spain,Female,36,4,"€ 98,266.30",1,1,1,"€ 46,416.36",25.00%
558,France,Male,38,8,"€ 1,13,000.92",1,1,1,"€ 1,52,872.39",12.50%
530,Germany,Male,23,1,"€ 1,37,060.88",2,1,1,"€ 1,65,227.23",200.00%
654,Germany,Male,37,5,"€ 1,12,146.12",1,1,0,"€ 75,927.35",0.00%
530,France,Female,33,4,"€ 1,29,307.32",1,1,1,"€ 1,72,930.28",25.00%
656,Spain,Male,69,6,"€ 1,63,975.09",1,1,1,"€ 36,108.50",16.67%
520,Spain,Male,43,7, € -   ,2,1,1,"€ 36,202.74",28.57%
602,Germany,Female,42,6,"€ 1,58,414.85",1,1,1,"€ 1,31,886.46",16.67%
701,Germany,Female,48,1,"€ 92,072.68",1,1,1,"€ 1,33,992.36",100.00%
653,Spain,Female,30,2,"€ 88,243.29",2,1,1,"€ 96,658.26",100.00%
668,Spain,Male,25,8, € -   ,2,1,1,"€ 1,35,112.09",25.00%
652,France,Male,48,4,"€ 59,486.31",1,1,0,"€ 1,63,944.18",0.00%
639,Spain,Female,54,2, € -   ,2,1,1,"€ 53,843.71",100.00%
730,Spain,Female,52,7, € -   ,2,0,1,"€ 1,22,398.84",28.57%
780,France,Male,34,1, € -   ,1,1,1,"€ 64,804.04",100.00%
592,France,Female,38,8,"€ 1,19,278.01",2,0,1,"€ 19,370.73",25.00%
628,France,Male,34,4,"€ 1,58,741.43",2,1,1,"€ 1,26,192.54",50.00%
658,France,Female,40,7,"€ 1,40,596.95",1,0,1,"€ 1,35,459.02",14.29%
850,Spain,Female,29,10, € -   ,2,1,1,"€ 94,815.04",20.00%
515,Germany,Male,37,2,"€ 90,432.92",1,1,1,"€ 1,88,366.04",50.00%
571,France,Female,35,1,"€ 1,04,783.81",2,0,1,"€ 1,78,512.52",200.00%
760,Germany,Male,42,0,"€ 77,992.97",2,1,1,"€ 97,906.38",200.00%
720,Germany,Female,43,10,"€ 1,10,822.90",1,0,0,"€ 72,861.94",0.00%
632,Germany,Male,42,4,"€ 1,19,624.60",2,1,1,"€ 1,95,978.86",50.00%
694,Germany,Male,31,6,"€ 1,09,052.59",2,1,1,"€ 19,448.93",33.33%
559,Spain,Female,40,5,"€ 1,39,129.44",1,0,1,"€ 32,635.54",20.00%
773,Germany,Female,42,8,"€ 1,52,324.66",2,1,0,"€ 1,71,733.22",0.00%
581,France,Male,38,1, € -   ,2,1,0,"€ 46,176.22",0.00%
524,Germany,Female,37,9,"€ 1,27,480.58",2,1,0,"€ 1,79,634.69",0.00%
713,France,Male,53,6,"€ 1,15,029.40",1,0,0,"€ 1,91,521.32",0.00%
676,France,Male,40,8,"€ 1,14,005.78",1,1,1,"€ 67,998.45",12.50%
651,Germany,Female,42,1,"€ 1,16,646.76",1,1,0,"€ 44,731.80",0.00%
717,Spain,Female,49,1,"€ 1,10,864.38",2,1,1,"€ 1,24,532.90",200.00%
594,France,Male,23,5,"€ 1,56,267.59",1,1,0,"€ 1,60,968.44",0.00%
716,France,Female,44,3,"€ 1,09,528.28",1,1,0,"€ 27,341.63",0.00%
668,France,Female,35,6,"€ 1,02,482.76",1,1,1,"€ 53,994.64",16.67%
678,Germany,Male,23,10,"€ 1,15,563.71",1,1,1,"€ 91,633.53",10.00%
545,France,Male,23,2, € -   ,2,1,0,"€ 1,89,613.12",0.00%
613,France,Female,40,9,"€ 95,624.36",2,1,1,"€ 60,706.33",22.22%
687,Spain,Female,21,8, € -   ,2,1,1,"€ 1,54,767.34",25.00%
715,France,Male,28,7,"€ 1,60,376.61",1,0,0,"€ 1,96,853.11",0.00%
618,Germany,Male,41,8,"€ 37,702.79",1,1,1,"€ 1,95,775.48",12.50%
721,France,Female,35,6,"€ 1,18,273.83",1,0,1,"€ 3,086.89",16.67%
445,Germany,Female,34,7,"€ 1,31,082.17",2,1,1,"€ 70,618.00",28.57%
690,France,Male,38,1,"€ 94,456.00",2,0,1,"€ 55,034.02",200.00%
709,France,Female,43,8, € -   ,2,0,0,"€ 1,68,035.62",0.00%
671,Spain,Female,42,3, € -   ,2,1,1,"€ 1,28,449.33",66.67%
538,France,Male,33,6,"€ 93,791.38",1,1,1,"€ 1,99,249.29",16.67%
735,France,Female,33,4, € -   ,2,1,0,"€ 1,49,474.69",0.00%
592,France,Female,37,7, € -   ,2,1,1,"€ 1,26,726.33",28.57%
747,France,Male,61,7,"€ 1,55,973.13",1,0,1,"€ 1,47,554.26",14.29%
675,Germany,Male,36,7,"€ 89,409.95",1,1,1,"€ 1,49,399.70",14.29%
632,Spain,Female,39,5,"€ 97,854.37",2,1,0,"€ 93,536.38",0.00%
621,France,Male,39,6, € -   ,2,1,1,"€ 58,883.91",33.33%
521,Spain,Male,29,3,"€ 60,280.62",1,1,0,"€ 1,54,271.41",0.00%
591,Spain,Male,36,7,"€ 1,35,216.80",1,1,1,"€ 1,22,022.89",14.29%
706,Germany,Female,28,6,"€ 1,24,923.35",2,1,1,"€ 50,299.14",33.33%
677,France,Male,38,4, € -   ,2,1,0,"€ 1,87,800.63",0.00%
769,Germany,Male,27,7,"€ 1,88,614.07",1,1,0,"€ 1,71,344.09",0.00%
771,France,Male,32,5,"€ 62,321.62",1,1,1,"€ 40,920.59",20.00%
601,Germany,Female,48,8,"€ 1,20,782.70",1,1,0,"€ 63,940.68",0.00%
670,France,Female,42,1,"€ 1,15,961.58",2,0,1,"€ 29,483.87",200.00%
517,France,Male,28,2,"€ 1,15,062.61",1,1,0,"€ 1,79,056.23",0.00%
834,France,Female,49,8,"€ 1,60,602.25",2,1,0,"€ 1,29,273.94",0.00%
571,France,Female,42,4,"€ 1,08,825.34",3,1,0,"€ 55,558.51",0.00%
576,Germany,Female,36,8,"€ 1,66,287.85",1,1,1,"€ 23,305.85",12.50%
718,France,Female,31,1,"€ 1,52,663.77",1,0,1,"€ 17,128.64",100.00%
636,Germany,Female,31,9,"€ 80,844.69",2,1,1,"€ 74,641.90",22.22%
566,Germany,Female,40,2,"€ 97,001.36",2,1,0,"€ 1,54,486.01",0.00%
711,France,Male,64,4, € -   ,2,1,1,"€ 3,185.67",50.00%
574,France,Female,39,2,"€ 1,22,524.61",2,1,0,"€ 88,463.63",0.00%
619,France,Female,35,8,"€ 1,32,292.63",1,1,0,"€ 65,682.93",0.00%
588,France,Female,24,0, € -   ,2,1,1,"€ 1,40,586.08",200.00%
760,Germany,Female,49,9,"€ 91,502.99",1,1,0,"€ 1,17,232.90",0.00%
665,France,Male,52,3, € -   ,1,1,0,"€ 1,16,137.01",0.00%
739,Germany,Male,29,3,"€ 59,385.98",2,1,1,"€ 1,05,533.96",66.67%
641,France,Male,77,9, € -   ,3,1,1,"€ 81,514.06",33.33%
685,Germany,Female,21,6,"€ 97,956.50",1,1,1,"€ 1,64,966.27",16.67%
594,France,Female,49,4, € -   ,2,1,1,"€ 23,631.55",50.00%
557,Spain,Female,40,4, € -   ,2,0,1,"€ 1,05,433.53",50.00%
697,France,Male,27,8,"€ 1,41,223.68",2,1,0,"€ 90,591.15",0.00%
656,France,Male,18,10,"€ 1,51,762.74",1,0,1,"€ 1,27,014.32",10.00%
712,Germany,Male,43,1,"€ 1,41,749.74",2,0,1,"€ 90,905.26",200.00%
689,Spain,Male,38,5,"€ 75,075.14",1,1,1,"€ 8,651.92",20.00%
697,France,Female,25,4,"€ 1,65,686.11",2,1,0,"€ 15,467.98",0.00%
589,France,Male,38,2, € -   ,1,1,0,"€ 79,915.28",0.00%
525,Spain,Female,25,10, € -   ,2,1,0,"€ 69,361.95",0.00%
680,France,Male,44,3, € -   ,2,1,0,"€ 86,935.08",0.00%
617,France,Female,28,0, € -   ,2,1,1,"€ 7,597.83",200.00%
680,France,Male,32,5,"€ 92,961.61",1,1,0,"€ 1,16,957.60",0.00%
662,Spain,Female,30,9, € -   ,2,0,1,"€ 1,57,884.83",22.22%
736,Germany,Male,46,5,"€ 1,30,812.91",1,1,1,"€ 77,981.54",20.00%
657,Germany,Male,57,8,"€ 1,07,174.58",1,1,1,"€ 1,26,369.55",12.50%
350,Spain,Male,54,1,"€ 1,52,677.48",1,1,1,"€ 1,91,973.49",100.00%
617,France,Male,30,3,"€ 1,32,005.77",1,1,0,"€ 1,42,940.39",0.00%
562,France,Male,35,7, € -   ,1,0,0,"€ 48,869.67",0.00%
705,Spain,Female,23,5, € -   ,2,1,1,"€ 73,131.73",40.00%
516,France,Female,33,7,"€ 1,27,305.50",1,1,1,"€ 1,20,037.36",14.29%
573,France,Female,37,6, € -   ,2,1,0,"€ 1,93,995.37",0.00%
538,Spain,Female,31,0, € -   ,2,0,0,"€ 1,79,453.66",0.00%
699,France,Male,39,9, € -   ,1,1,0,"€ 80,963.92",0.00%
504,Germany,Male,32,8,"€ 1,70,291.22",2,0,1,"€ 15,658.99",25.00%
583,Spain,Male,47,5,"€ 1,02,562.23",1,1,0,"€ 92,708.10",0.00%
712,Spain,Male,53,2,"€ 1,11,061.01",2,0,0,"€ 26,542.17",0.00%
626,Spain,Male,62,3, € -   ,1,1,1,"€ 65,010.74",33.33%
631,France,Female,34,4,"€ 1,24,379.14",1,1,0,"€ 1,06,892.91",0.00%
663,France,Female,37,7, € -   ,1,1,1,"€ 1,85,210.63",14.29%
506,Germany,Female,41,3,"€ 57,745.76",1,1,0,"€ 4,035.46",0.00%
570,Germany,Female,50,5,"€ 1,29,293.74",1,1,0,"€ 1,77,805.44",0.00%
703,France,Female,45,7, € -   ,2,1,1,"€ 68,831.72",28.57%
698,Germany,Female,40,8,"€ 1,50,777.10",1,1,0,"€ 1,14,732.62",0.00%
731,Spain,Male,41,4, € -   ,2,1,0,"€ 22,299.27",0.00%
625,France,Male,34,6, € -   ,2,0,0,"€ 1,97,283.20",0.00%
634,Spain,Male,31,9,"€ 1,08,632.48",1,1,1,"€ 1,79,485.96",11.11%
616,France,Male,59,5,"€ 1,53,861.10",1,1,1,"€ 17,699.48",20.00%
500,France,Male,56,1,"€ 1,00,374.58",1,1,0,"€ 1,18,490.80",0.00%
446,France,Male,32,8, € -   ,2,0,0,"€ 1,33,292.94",0.00%
669,France,Female,47,9,"€ 61,196.54",1,1,0,"€ 58,170.24",0.00%
581,Germany,Male,31,6,"€ 1,16,891.72",1,1,0,"€ 1,07,137.30",0.00%
704,Germany,Female,54,6,"€ 1,33,656.91",3,1,0,"€ 1,45,071.33",0.00%
748,France,Male,44,2,"€ 92,911.52",1,0,1,"€ 85,495.24",50.00%
680,Spain,Female,31,9,"€ 1,19,825.75",2,1,1,"€ 1,01,139.30",22.22%
655,France,Female,37,7,"€ 1,11,852.84",2,1,0,"€ 10,511.13",0.00%
690,Germany,Male,32,0,"€ 1,06,683.52",2,1,1,"€ 1,37,916.49",200.00%
695,Germany,Male,40,7,"€ 1,39,022.24",1,0,1,"€ 1,93,383.13",14.29%
700,Germany,Female,40,4,"€ 1,48,571.07",1,1,0,"€ 1,89,826.96",0.00%
773,France,Male,52,4, € -   ,1,0,1,"€ 1,44,113.42",25.00%
749,France,Male,42,1,"€ 1,29,776.72",2,0,1,"€ 1,43,538.51",200.00%
611,France,Female,46,5, € -   ,1,1,0,"€ 77,677.14",0.00%
606,Spain,Female,46,8, € -   ,2,1,1,"€ 1,83,717.94",25.00%
554,France,Male,24,10, € -   ,1,0,0,"€ 92,180.62",0.00%
567,France,Female,37,7, € -   ,2,1,1,"€ 28,690.90",28.57%
559,Spain,Male,24,3,"€ 1,14,739.92",1,1,0,"€ 85,891.02",0.00%
594,Germany,Male,41,2,"€ 1,22,545.65",2,1,1,"€ 42,050.24",100.00%
513,France,Female,37,6, € -   ,2,1,0,"€ 1,10,142.34",0.00%
652,Germany,Female,26,1,"€ 1,31,908.35",1,1,1,"€ 1,79,269.79",100.00%
680,Germany,Female,42,7,"€ 1,05,722.69",1,1,1,"€ 90,558.24",14.29%
784,Spain,Male,33,10, € -   ,2,1,0,"€ 1,62,022.47",0.00%
812,Spain,Female,44,8, € -   ,3,1,0,"€ 66,926.83",0.00%
784,Spain,Female,40,8, € -   ,2,1,0,"€ 1,08,891.30",0.00%
570,France,Female,18,4,"€ 82,767.42",1,1,0,"€ 71,811.90",0.00%
712,France,Female,42,1,"€ 87,842.98",1,0,0,"€ 92,223.59",0.00%
705,Spain,Male,39,6,"€ 1,33,261.13",1,1,1,"€ 78,065.90",16.67%
681,Spain,Female,32,3, € -   ,2,1,1,"€ 59,679.90",66.67%
620,France,Male,41,0,"€ 97,925.11",1,1,0,"€ 85,000.32",0.00%
711,France,Male,52,5, € -   ,1,1,1,"€ 1,59,808.95",20.00%
613,France,Female,24,7,"€ 1,40,453.91",1,1,0,"€ 1,29,001.30",0.00%
613,Germany,Female,20,0,"€ 1,17,356.19",1,0,0,"€ 1,13,557.70",0.00%
682,Spain,Male,36,5, € -   ,2,1,1,"€ 1,47,758.51",40.00%
850,Spain,Male,37,4,"€ 1,37,204.77",1,1,1,"€ 28,865.59",25.00%
601,France,Female,41,1, € -   ,2,0,1,"€ 1,60,607.06",200.00%
595,Spain,Male,35,8, € -   ,1,1,0,"€ 1,00,015.79",0.00%
675,Spain,Male,36,3,"€ 54,098.18",2,0,1,"€ 54,478.52",66.67%
591,Spain,Male,31,8, € -   ,1,1,1,"€ 1,41,677.33",12.50%
602,France,Male,23,7,"€ 1,13,758.48",2,0,0,"€ 84,077.60",0.00%
554,Spain,Female,34,8, € -   ,1,0,1,"€ 1,06,981.03",12.50%
541,France,Male,37,9,"€ 1,18,636.92",1,1,1,"€ 73,551.44",11.11%
506,France,Male,34,7, € -   ,2,0,0,"€ 1,15,842.10",0.00%
814,Germany,Male,44,8,"€ 95,488.82",2,0,0,"€ 1,07,013.59",0.00%
683,France,Male,30,8,"€ 1,10,829.52",2,0,0,"€ 24,938.84",0.00%
485,Germany,Male,51,7,"€ 1,44,244.59",2,1,0,"€ 51,113.14",0.00%
696,Germany,Female,31,8,"€ 1,22,021.92",2,1,0,"€ 33,828.64",0.00%
608,France,Female,30,8, € -   ,2,1,0,"€ 1,28,875.86",0.00%
792,France,Male,50,9, € -   ,4,1,1,"€ 1,94,700.81",44.44%
686,Spain,Male,22,5, € -   ,2,1,0,"€ 1,58,974.45",0.00%
790,Germany,Male,42,1,"€ 85,839.62",1,1,0,"€ 1,98,182.73",0.00%
654,France,Female,29,4,"€ 96,974.97",1,0,1,"€ 1,41,404.07",25.00%
452,France,Male,35,4,"€ 1,48,172.44",1,1,1,"€ 4,175.68",25.00%
719,Spain,Male,38,0, € -   ,1,1,0,"€ 1,26,876.47",0.00%
707,France,Female,40,5, € -   ,2,1,0,"€ 41,052.82",0.00%
699,France,Female,49,2, € -   ,1,0,0,"€ 1,05,760.01",0.00%
850,Spain,Male,30,2, € -   ,2,0,1,"€ 27,937.12",100.00%
828,Spain,Male,28,8,"€ 1,34,766.85",1,1,0,"€ 79,355.87",0.00%
850,Germany,Male,30,5,"€ 1,23,210.56",2,1,1,"€ 1,02,180.27",40.00%
712,Spain,Male,47,1,"€ 1,39,887.01",1,1,1,"€ 95,719.73",100.00%
634,France,Male,44,9,"€ 1,49,961.11",1,1,0,"€ 57,121.51",0.00%
730,Germany,Male,45,6,"€ 1,52,880.97",1,0,0,"€ 1,62,478.11",0.00%
685,Germany,Male,43,9,"€ 1,08,589.47",2,0,1,"€ 1,94,808.51",22.22%
809,Spain,Male,33,9, € -   ,1,1,1,"€ 1,24,045.65",11.11%
707,Spain,Female,35,3,"€ 56,674.48",1,1,0,"€ 17,987.40",0.00%
648,Spain,Male,32,8, € -   ,1,1,0,"€ 1,33,653.38",0.00%
760,Spain,Female,57,1, € -   ,2,1,1,"€ 25,101.17",200.00%
805,Germany,Female,33,3,"€ 1,05,663.56",2,0,1,"€ 33,330.89",66.67%
585,France,Female,39,7, € -   ,2,1,0,"€ 2,401.26",0.00%
595,Spain,Female,30,5,"€ 1,00,683.54",1,1,1,"€ 1,78,361.04",20.00%
630,France,Male,42,6, € -   ,2,1,0,"€ 1,62,697.93",0.00%
627,Germany,Male,29,5,"€ 1,39,541.58",2,1,0,"€ 80,607.33",0.00%
631,Germany,Female,37,2,"€ 1,21,801.72",2,0,1,"€ 23,146.62",100.00%
776,Germany,Male,38,5,"€ 1,12,281.70",1,0,1,"€ 89,893.60",20.00%
676,Spain,Female,36,4, € -   ,2,1,1,"€ 3,173.31",50.00%
758,Spain,Female,40,5,"€ 93,499.82",2,0,0,"€ 1,23,218.81",0.00%
637,France,Male,33,0,"€ 1,32,255.99",2,0,1,"€ 74,588.41",200.00%
850,France,Male,20,7, € -   ,2,1,0,"€ 31,288.77",0.00%
601,Spain,Female,44,4, € -   ,2,1,0,"€ 58,561.31",0.00%
735,France,Male,49,5,"€ 1,21,973.28",1,1,0,"€ 1,48,804.36",0.00%
614,Germany,Male,32,7,"€ 99,462.80",2,1,1,"€ 51,117.06",28.57%
672,Germany,Female,21,3,"€ 1,65,878.76",2,1,1,"€ 1,64,537.17",66.67%
642,France,Male,30,8,"€ 1,17,494.27",1,0,0,"€ 61,977.82",0.00%
633,Germany,Female,29,0,"€ 1,38,577.34",1,1,0,"€ 1,93,362.99",0.00%
769,Spain,Male,39,9, € -   ,1,1,1,"€ 47,722.79",11.11%
796,Spain,Male,41,8,"€ 1,07,525.07",1,1,0,"€ 18,510.41",0.00%
715,France,Male,23,7,"€ 1,39,224.92",2,1,0,"€ 65,057.71",0.00%
695,France,Female,42,7,"€ 1,21,453.63",1,0,0,"€ 46,374.64",0.00%
747,France,Female,25,4, € -   ,2,0,1,"€ 42,039.67",50.00%
584,Germany,Female,54,1,"€ 77,354.37",1,0,0,"€ 1,38,192.98",0.00%
476,France,Male,40,6, € -   ,1,1,1,"€ 22,735.45",16.67%
850,France,Female,39,7,"€ 79,259.99",1,0,1,"€ 1,86,910.74",14.29%
529,France,Male,30,2,"€ 1,16,295.29",1,1,0,"€ 75,285.47",0.00%
584,Spain,Female,59,1, € -   ,1,0,1,"€ 1,30,260.11",100.00%
586,Germany,Male,34,9,"€ 74,309.81",1,1,0,"€ 15,034.93",0.00%
674,Germany,Male,34,2,"€ 1,52,797.90",1,1,0,"€ 1,75,709.40",0.00%
552,France,Male,42,9,"€ 1,33,701.07",2,1,0,"€ 1,01,069.71",0.00%
601,Germany,Female,33,7,"€ 1,14,430.18",2,1,1,"€ 1,53,012.13",28.57%
541,France,Male,29,7,"€ 1,27,504.57",1,0,0,"€ 86,173.92",0.00%
744,Germany,Female,41,2,"€ 84,113.41",1,1,0,"€ 1,97,548.63",0.00%
595,Spain,Female,23,10,"€ 1,01,126.66",2,0,0,"€ 37,042.80",0.00%
724,Germany,Male,33,5,"€ 1,03,564.83",2,1,0,"€ 1,21,085.72",0.00%
533,Spain,Female,52,7, € -   ,1,0,1,"€ 1,94,113.99",14.29%
618,France,Male,37,2,"€ 1,68,178.21",2,0,1,"€ 1,01,273.23",100.00%
523,Germany,Female,39,1,"€ 1,43,903.11",1,1,1,"€ 1,18,711.75",100.00%
642,Germany,Female,30,5,"€ 1,29,753.69",1,1,0,€ 582.53,0.00%
584,France,Male,35,9, € -   ,2,1,0,"€ 1,92,381.21",0.00%
521,France,Male,38,5,"€ 1,10,641.18",1,0,1,"€ 1,36,507.69",20.00%
662,France,Female,36,4,"€ 1,66,909.20",2,1,0,"€ 1,38,871.12",0.00%
758,France,Female,34,1,"€ 1,54,139.45",1,1,1,"€ 60,728.89",100.00%
717,France,Male,38,7,"€ 97,459.06",1,0,0,"€ 1,89,175.71",0.00%
611,France,Male,40,1, € -   ,2,1,1,"€ 1,02,547.56",200.00%
766,Germany,Male,43,6,"€ 1,12,088.04",2,1,1,"€ 36,706.56",33.33%
636,France,Female,34,3, € -   ,2,1,1,"€ 44,756.25",66.67%
814,France,Female,48,7, € -   ,2,1,1,"€ 1,32,870.15",28.57%
760,Spain,Male,28,1,"€ 1,41,038.57",2,0,0,"€ 16,287.38",0.00%
607,Germany,Male,39,2,"€ 84,468.67",2,1,1,"€ 1,21,945.42",100.00%
725,Spain,Female,36,4,"€ 1,18,520.26",1,0,0,"€ 1,31,173.90",0.00%
600,France,Male,37,1,"€ 1,42,663.46",1,0,1,"€ 88,669.89",100.00%
656,Germany,Male,27,4,"€ 1,18,627.16",2,1,1,"€ 1,60,835.30",50.00%
640,Spain,Male,34,1,"€ 1,37,523.02",1,0,0,"€ 24,761.36",0.00%
439,France,Male,28,7,"€ 1,10,976.23",2,1,0,"€ 1,38,526.96",0.00%
549,France,Female,38,8,"€ 1,07,283.40",1,0,0,"€ 1,57,442.75",0.00%
622,France,Male,38,5, € -   ,2,0,0,"€ 1,05,295.77",0.00%
715,France,Male,34,4,"€ 1,24,314.45",1,0,0,"€ 97,782.92",0.00%
657,France,Female,41,5,"€ 95,858.37",1,1,1,"€ 68,255.88",20.00%
703,France,Male,36,2, € -   ,2,1,0,"€ 1,08,790.95",0.00%
802,France,Male,33,8, € -   ,2,1,0,"€ 1,43,706.18",0.00%
793,Spain,Female,36,0, € -   ,1,0,0,"€ 1,48,993.47",0.00%
554,France,Female,35,6,"€ 1,17,707.18",2,0,0,"€ 95,277.15",0.00%
533,Spain,Male,38,1,"€ 1,35,289.33",2,0,1,"€ 1,52,956.33",200.00%
658,France,Male,36,8,"€ 1,74,060.46",1,1,1,"€ 94,925.62",12.50%
713,Germany,Male,40,3,"€ 1,14,446.84",2,1,1,"€ 87,308.18",66.67%
711,Spain,Male,37,2, € -   ,2,1,0,"€ 83,978.86",0.00%
669,France,Male,25,1,"€ 1,57,848.53",1,0,0,"€ 37,543.93",0.00%
439,France,Female,43,8, € -   ,1,0,1,"€ 1,04,889.30",12.50%
763,Spain,Female,37,6, € -   ,2,1,1,"€ 1,49,705.25",33.33%
697,Germany,Female,74,3,"€ 1,08,071.36",2,1,1,"€ 16,445.79",66.67%
702,Spain,Female,35,8,"€ 14,262.80",2,1,0,"€ 54,689.16",0.00%
686,Spain,Male,41,7,"€ 1,02,749.72",1,0,1,"€ 1,94,913.86",14.29%
629,Spain,Male,36,1,"€ 1,61,757.87",2,1,1,"€ 1,46,371.72",200.00%
823,France,Male,38,1, € -   ,2,1,0,"€ 1,56,603.70",0.00%
683,Germany,Female,35,5,"€ 95,698.79",1,0,1,"€ 1,82,566.76",20.00%
555,France,Male,37,9,"€ 1,24,969.13",1,1,0,"€ 60,194.05",0.00%
647,Germany,Male,44,4,"€ 93,960.35",1,1,0,"€ 36,579.53",0.00%
714,France,Female,51,4,"€ 88,308.87",3,0,0,"€ 5,862.53",0.00%
850,Spain,Female,39,10, € -   ,2,1,1,"€ 1,43,030.09",20.00%
713,France,Female,59,3, € -   ,2,1,1,"€ 62,700.08",66.67%
452,France,Male,30,7,"€ 1,12,935.87",1,1,1,"€ 99,017.34",14.29%
683,Spain,Female,24,8,"€ 98,567.10",1,1,0,"€ 1,87,987.01",0.00%
577,France,Female,26,1,"€ 1,80,530.51",1,0,0,"€ 1,23,454.62",0.00%
552,France,Male,33,5,"€ 1,40,931.57",1,0,1,"€ 10,921.50",20.00%
769,Germany,Female,31,7,"€ 1,48,913.72",2,1,0,"€ 53,817.23",0.00%
691,France,Male,38,7, € -   ,2,0,0,"€ 81,617.40",0.00%
818,France,Female,49,2, € -   ,1,0,1,"€ 1,92,298.84",50.00%
739,France,Male,41,5, € -   ,2,0,0,"€ 1,43,882.25",0.00%
639,France,Female,50,6,"€ 1,15,335.32",2,1,1,"€ 53,130.41",33.33%
651,France,Female,65,0, € -   ,2,1,1,"€ 1,90,454.04",200.00%
779,France,Female,26,0, € -   ,2,0,1,"€ 1,11,906.00",200.00%
850,Germany,Female,33,7,"€ 1,34,678.13",1,1,0,"€ 1,13,177.95",0.00%
829,France,Male,38,9, € -   ,2,1,0,"€ 30,529.88",0.00%
579,Germany,Male,31,2,"€ 90,547.48",2,1,1,"€ 18,800.13",100.00%
510,France,Male,32,9,"€ 1,03,324.78",1,1,1,"€ 46,127.70",11.11%
531,France,Male,29,3,"€ 1,14,590.58",1,0,0,"€ 75,585.48",0.00%
628,Germany,Female,36,3,"€ 91,286.51",1,1,0,"€ 63,085.94",0.00%
633,Spain,Male,32,5,"€ 1,63,340.12",2,1,1,"€ 74,415.20",40.00%
714,Spain,Male,45,8,"€ 1,50,900.29",2,0,1,"€ 1,39,889.15",25.00%
604,Spain,Male,23,9,"€ 1,24,577.33",1,1,1,"€ 7,267.25",11.11%
630,Spain,Male,35,1, € -   ,2,0,0,"€ 1,86,826.22",0.00%
850,Spain,Female,31,4,"€ 91,292.70",1,1,1,"€ 1,62,149.07",25.00%
788,Germany,Female,57,8,"€ 93,716.72",1,1,1,"€ 1,80,150.49",12.50%
798,France,Female,37,4,"€ 1,11,723.08",1,1,1,"€ 83,478.12",25.00%
770,Germany,Male,45,4,"€ 1,10,765.68",1,1,0,"€ 26,163.74",0.00%
569,Germany,Male,25,9,"€ 1,73,459.45",2,1,1,"€ 44,381.06",22.22%
425,Spain,Female,22,7,"€ 1,69,649.73",2,0,1,"€ 1,36,365.00",28.57%
547,Spain,Female,31,9, € -   ,2,0,0,"€ 99,294.22",0.00%
725,Germany,Male,45,8,"€ 1,16,917.07",1,0,0,"€ 1,73,464.43",0.00%
506,France,Male,37,5, € -   ,2,1,1,"€ 1,27,543.81",40.00%
632,France,Female,36,7, € -   ,2,1,1,"€ 52,526.65",28.57%
620,France,Male,22,0, € -   ,1,1,0,"€ 32,589.45",0.00%
663,Germany,Male,32,8,"€ 1,30,627.66",1,1,0,"€ 47,161.25",0.00%
700,Spain,Female,46,5,"€ 56,580.95",2,0,1,"€ 45,424.13",40.00%
696,Germany,Male,38,6,"€ 1,42,316.14",1,1,1,"€ 8,018.49",16.67%
767,Spain,Male,31,6, € -   ,2,1,1,"€ 1,95,668.00",33.33%
561,France,Male,56,7,"€ 1,52,759.00",2,1,0,"€ 1,33,167.11",0.00%
350,Germany,Male,39,0,"€ 1,09,733.20",2,0,0,"€ 1,23,602.11",0.00%
706,France,Male,54,9,"€ 1,17,444.51",1,1,1,"€ 1,86,238.85",11.11%
464,Spain,Female,34,5,"€ 76,001.57",1,1,1,"€ 1,58,668.87",20.00%
501,France,Female,34,3,"€ 1,07,747.57",1,1,0,"€ 9,249.36",0.00%
745,Spain,Female,35,8, € -   ,2,1,1,"€ 1,16,581.10",25.00%
587,France,Female,36,1,"€ 1,34,997.49",2,1,0,"€ 44,688.08",0.00%
667,France,Female,48,2, € -   ,2,1,1,"€ 1,48,608.39",100.00%
737,France,Male,36,9, € -   ,1,0,1,"€ 1,88,670.90",11.11%
485,Spain,Female,30,7, € -   ,1,1,0,"€ 1,07,067.37",0.00%
590,Spain,Female,37,0,"€ 64,345.21",1,0,1,"€ 61,759.33",100.00%
518,Germany,Female,35,8,"€ 1,41,665.63",1,0,1,"€ 1,92,776.64",12.50%
581,Spain,Female,29,8, € -   ,2,1,0,"€ 46,735.19",0.00%
785,Germany,Female,33,5,"€ 1,36,624.60",2,1,1,"€ 1,69,117.74",40.00%
799,France,Female,52,4,"€ 1,61,209.66",1,1,1,"€ 89,081.41",25.00%
698,Spain,Male,38,10,"€ 95,010.92",1,1,1,"€ 1,05,227.86",10.00%
730,France,Female,41,4,"€ 1,67,545.32",1,1,0,"€ 1,28,246.81",0.00%
740,Germany,Female,36,4,"€ 1,09,044.60",1,0,0,"€ 94,554.74",0.00%
785,France,Female,47,9,"€ 1,22,031.55",1,1,1,"€ 33,823.50",11.11%
527,Spain,Female,29,2,"€ 27,755.97",1,1,0,"€ 97,468.44",0.00%
544,France,Female,29,1,"€ 1,18,560.55",1,1,1,"€ 1,64,137.36",100.00%
705,France,Male,61,4, € -   ,2,1,1,"€ 1,91,313.70",50.00%
684,France,Male,34,9, € -   ,2,1,1,"€ 65,257.57",22.22%
639,Spain,Female,28,8,"€ 97,840.72",1,1,1,"€ 1,78,222.77",12.50%
565,Germany,Female,38,2,"€ 1,58,651.29",2,1,1,"€ 1,79,445.28",100.00%
481,France,Male,44,9,"€ 1,75,303.06",1,1,0,"€ 65,500.53",0.00%
731,Spain,Male,25,8,"€ 96,950.21",1,1,0,"€ 97,877.92",0.00%
607,France,Male,45,7,"€ 1,23,859.60",1,0,1,"€ 1,13,051.57",14.29%
760,France,Female,32,7, € -   ,2,1,1,"€ 1,05,969.05",28.57%
559,France,Female,70,9, € -   ,1,1,1,"€ 1,22,996.76",11.11%
715,France,Female,33,3,"€ 85,227.84",1,1,1,"€ 68,087.15",33.33%
656,France,Male,36,8,"€ 97,786.08",2,0,1,"€ 21,478.36",25.00%
652,Germany,Male,33,7,"€ 1,28,135.99",1,1,0,"€ 1,58,437.73",0.00%
624,Spain,Male,33,6, € -   ,2,0,0,"€ 76,551.70",0.00%
634,Spain,Male,36,2,"€ 85,996.19",1,1,0,"€ 15,887.68",0.00%
850,Spain,Female,50,10, € -   ,2,1,1,"€ 33,741.84",20.00%
659,Germany,Female,39,1,"€ 1,04,502.11",1,1,0,"€ 20,652.69",0.00%
529,Spain,Male,35,5,"€ 95,772.97",1,1,1,"€ 1,12,781.50",20.00%
572,Spain,Male,31,5,"€ 98,108.79",1,0,1,"€ 1,19,996.95",20.00%
640,Germany,Male,39,9,"€ 1,31,607.28",4,0,1,"€ 6,981.43",44.44%
770,Spain,Male,55,9,"€ 63,127.41",2,1,0,"€ 1,85,211.28",0.00%
648,Spain,Male,35,7, € -   ,2,1,1,"€ 78,436.36",28.57%
579,France,Male,31,9, € -   ,1,0,1,"€ 1,39,048.00",11.11%
589,Germany,Female,36,9,"€ 1,40,355.56",2,1,0,"€ 1,36,329.96",0.00%
530,Spain,Female,36,2, € -   ,2,1,1,"€ 14,721.80",100.00%
831,France,Male,30,2, € -   ,2,0,1,"€ 3,430.38",100.00%
790,Germany,Male,24,7,"€ 1,07,418.27",1,0,1,"€ 1,60,450.21",14.29%
656,France,Male,35,6, € -   ,2,1,0,"€ 1,485.27",0.00%
563,Spain,Male,32,6, € -   ,2,1,1,"€ 19,720.08",33.33%
667,Spain,Male,39,7,"€ 1,67,557.12",1,1,1,"€ 41,183.02",14.29%
613,Spain,Male,34,8,"€ 1,17,300.02",1,1,0,"€ 1,39,410.08",0.00%
429,France,Male,60,7, € -   ,2,1,1,"€ 1,63,691.48",28.57%
665,France,Female,23,9,"€ 1,43,672.90",1,1,1,"€ 1,15,147.33",11.11%
731,France,Male,33,4, € -   ,2,1,1,"€ 74,945.11",50.00%
584,France,Female,37,1, € -   ,2,1,1,"€ 1,80,363.56",200.00%
634,Germany,Female,31,8,"€ 76,798.92",1,0,0,"€ 1,96,021.73",0.00%
488,France,Male,34,3, € -   ,2,1,1,"€ 1,25,979.36",66.67%
535,Spain,Female,49,7,"€ 1,15,309.75",1,1,0,"€ 1,11,421.77",0.00%
776,France,Female,29,7,"€ 1,78,171.04",2,1,1,"€ 1,15,818.51",28.57%
850,Spain,Female,38,3, € -   ,2,0,1,"€ 1,79,360.76",66.67%
673,Spain,Female,37,0, € -   ,2,0,0,"€ 82,351.06",0.00%
850,Germany,Female,45,5,"€ 1,27,258.79",1,1,1,"€ 1,92,744.23",20.00%
627,Spain,Female,30,6, € -   ,1,1,1,"€ 1,13,408.47",16.67%
570,France,Female,33,8, € -   ,1,1,1,"€ 1,24,641.42",12.50%
796,Spain,Male,67,5, € -   ,2,0,1,"€ 54,871.02",40.00%
773,Spain,Female,33,10, € -   ,1,1,1,"€ 98,820.09",10.00%
752,Spain,Male,36,2, € -   ,2,1,1,"€ 45,570.84",100.00%
625,Spain,Female,69,1,"€ 1,07,569.96",1,1,1,"€ 1,82,336.45",100.00%
535,Germany,Male,20,9,"€ 1,34,874.40",1,1,1,"€ 1,18,825.56",11.11%
786,France,Female,29,4, € -   ,2,1,0,"€ 1,03,372.79",0.00%
620,France,Female,67,3, € -   ,2,1,1,"€ 43,486.73",66.67%
605,Spain,Female,48,6, € -   ,2,1,1,"€ 40,062.99",33.33%
670,Spain,Female,32,3, € -   ,2,1,0,"€ 46,175.70",0.00%
617,Spain,Male,42,0,"€ 70,105.87",1,1,1,"€ 1,20,830.73",100.00%
595,France,Male,41,9, € -   ,2,1,0,"€ 5,967.09",0.00%
687,Germany,Female,29,4,"€ 78,939.15",1,1,0,"€ 1,22,134.56",0.00%
757,Germany,Male,30,6,"€ 1,05,128.85",2,1,1,"€ 62,972.13",33.33%
746,Spain,Male,31,2,"€ 1,13,836.27",1,1,1,"€ 1,74,815.54",50.00%
503,Spain,Male,25,7, € -   ,1,0,1,"€ 1,92,841.13",14.29%
543,Germany,Male,48,1,"€ 1,00,900.50",1,0,0,"€ 33,310.72",0.00%
428,Germany,Female,40,3,"€ 1,29,248.11",2,1,0,"€ 72,876.43",0.00%
768,France,Female,28,3,"€ 1,09,118.05",2,0,1,"€ 50,911.41",66.67%
618,France,Male,56,7, € -   ,1,1,1,"€ 1,42,400.27",14.29%
591,France,Female,31,7, € -   ,2,0,1,"€ 48,778.46",28.57%
658,France,Female,35,5,"€ 1,26,397.66",1,0,0,"€ 1,56,361.58",0.00%
625,France,Male,36,9,"€ 1,08,546.16",3,1,0,"€ 1,33,807.77",0.00%
717,France,Male,36,2,"€ 1,48,061.89",1,1,0,"€ 1,79,128.69",0.00%
667,France,Male,44,8,"€ 1,22,277.87",1,1,1,"€ 91,810.71",12.50%
804,France,Male,24,3, € -   ,2,1,0,"€ 1,73,195.33",0.00%
693,France,Male,31,1, € -   ,2,0,1,"€ 1,82,270.88",200.00%
729,Germany,Male,36,8,"€ 1,52,899.24",2,1,0,"€ 1,77,130.33",0.00%
484,Germany,Male,54,3,"€ 1,34,388.11",1,0,0,"€ 49,954.79",0.00%
632,Spain,Female,40,3,"€ 1,09,740.62",1,1,0,"€ 1,41,896.74",0.00%
536,Germany,Male,23,6,"€ 92,366.72",2,1,0,"€ 1,20,661.71",0.00%
573,France,Female,26,4,"€ 1,29,109.02",1,0,0,"€ 1,49,814.68",0.00%
655,Spain,Female,56,5, € -   ,2,1,1,"€ 41,782.70",40.00%
666,Germany,Male,74,7,"€ 1,05,102.50",1,1,1,"€ 46,172.47",14.29%
726,Germany,Male,30,5,"€ 1,11,375.32",2,1,0,"€ 2,704.09",0.00%
523,France,Male,39,3, € -   ,2,1,0,"€ 6,726.53",0.00%
728,Germany,Female,33,9,"€ 1,50,412.14",2,1,0,"€ 1,70,764.08",0.00%
701,France,Male,30,3,"€ 1,56,660.72",2,1,0,"€ 45,742.42",0.00%
518,France,Male,38,3,"€ 90,957.81",1,0,1,"€ 1,62,304.59",33.33%
739,France,Male,37,7,"€ 1,04,960.46",1,0,1,"€ 80,883.82",14.29%
531,Germany,Female,31,7,"€ 1,17,052.82",1,1,0,"€ 1,18,508.09",0.00%
452,Spain,Male,44,3,"€ 88,915.85",1,1,0,"€ 69,697.74",0.00%
684,France,Male,45,6,"€ 1,48,071.39",1,1,0,"€ 1,83,575.01",0.00%
728,Germany,Male,39,6,"€ 1,52,182.83",1,0,0,"€ 1,61,203.60",0.00%
783,Spain,Male,39,9, € -   ,2,1,0,"€ 1,43,752.77",0.00%
734,France,Male,22,5,"€ 1,30,056.23",1,0,0,"€ 1,21,894.31",0.00%
648,Germany,Male,34,3,"€ 95,039.73",2,1,1,"€ 1,47,055.87",66.67%
688,France,Male,52,1, € -   ,2,1,1,"€ 1,72,033.57",200.00%
680,Spain,Male,35,9, € -   ,2,0,0,"€ 1,43,774.06",0.00%
516,France,Female,43,2,"€ 1,12,773.73",2,1,1,"€ 1,39,366.58",100.00%
680,France,Female,37,10,"€ 1,23,806.28",1,1,0,"€ 81,776.84",0.00%
604,France,Male,53,8,"€ 1,44,453.75",1,1,0,"€ 1,90,998.96",0.00%
624,Germany,Male,27,9,"€ 94,667.29",2,0,1,"€ 4,470.52",22.22%
623,France,Male,21,10, € -   ,2,0,1,"€ 1,35,851.30",20.00%
624,Spain,Male,51,5,"€ 1,74,397.21",2,1,1,"€ 1,72,372.63",40.00%
565,Germany,Female,58,3,"€ 1,08,888.24",3,0,1,"€ 1,35,875.51",100.00%
565,France,Male,55,4,"€ 1,18,803.35",2,1,1,"€ 1,28,124.70",50.00%
710,France,Male,54,6,"€ 1,71,137.62",1,1,1,"€ 1,67,023.95",16.67%
645,France,Male,42,6, € -   ,1,0,0,"€ 1,49,807.01",0.00%
707,France,Male,33,8,"€ 1,36,678.52",1,1,0,"€ 54,290.62",0.00%
655,Spain,Female,36,1,"€ 1,35,515.76",1,1,0,"€ 86,013.96",0.00%
705,Spain,Female,24,5,"€ 1,77,799.83",2,0,0,"€ 79,886.06",0.00%
358,Spain,Female,52,8,"€ 1,43,542.36",3,1,0,"€ 1,41,959.11",0.00%
578,Germany,Male,34,8,"€ 1,47,487.23",2,1,0,"€ 66,680.77",0.00%
800,France,Female,40,5,"€ 97,764.41",1,1,0,"€ 98,640.15",0.00%
612,France,Female,33,9, € -   ,1,0,0,"€ 1,42,797.50",0.00%
681,Germany,Female,48,8,"€ 1,39,480.18",1,1,1,"€ 1,63,581.67",12.50%
559,Spain,Male,25,5, € -   ,2,1,1,"€ 1,63,221.22",40.00%
488,Spain,Female,39,9,"€ 1,40,553.46",1,0,0,"€ 12,440.44",0.00%
717,France,Female,36,5, € -   ,2,1,1,"€ 1,45,551.60",40.00%
666,France,Female,41,10,"€ 1,41,162.08",1,1,0,"€ 50,908.48",0.00%
582,Spain,Male,26,4,"€ 65,848.36",2,1,0,"€ 30,149.21",0.00%
733,Spain,Female,30,0,"€ 83,319.28",1,0,0,"€ 57,769.20",0.00%
693,France,Male,41,4, € -   ,2,0,0,"€ 1,56,381.47",0.00%
694,France,Female,33,4,"€ 1,29,731.64",2,1,0,"€ 1,78,123.86",0.00%
622,France,Female,35,5, € -   ,2,1,0,"€ 51,112.80",0.00%
598,Spain,Female,38,6, € -   ,2,0,0,"€ 1,73,783.38",0.00%
717,Spain,Male,35,1, € -   ,3,0,0,"€ 1,74,770.14",0.00%
494,Germany,Male,37,5,"€ 1,07,106.33",2,1,0,"€ 1,72,063.09",0.00%
644,France,Male,33,8, € -   ,2,1,1,"€ 1,55,294.17",25.00%
554,France,Female,30,9, € -   ,2,1,1,"€ 40,320.30",22.22%
476,Spain,Female,69,1,"€ 1,05,303.73",1,0,1,"€ 1,34,260.34",100.00%
667,France,Male,28,6,"€ 1,65,798.10",1,1,0,"€ 1,47,090.90",0.00%
748,Spain,Female,40,4, € -   ,2,1,0,"€ 1,32,368.47",0.00%
531,Spain,Female,45,1,"€ 1,26,495.57",2,1,1,"€ 1,64,741.50",200.00%
719,Spain,Female,47,9,"€ 1,16,393.59",1,1,0,"€ 63,051.32",0.00%
845,Germany,Female,41,2,"€ 81,733.74",2,0,0,"€ 1,99,761.29",0.00%
738,France,Male,54,4, € -   ,1,0,1,"€ 55,725.04",25.00%
563,Spain,Female,46,8,"€ 1,06,171.68",1,1,0,"€ 1,63,145.50",0.00%
695,Spain,Male,28,0,"€ 96,020.86",1,1,1,"€ 57,992.49",100.00%
841,Spain,Male,41,1, € -   ,2,0,1,"€ 1,93,093.77",200.00%
626,Germany,Male,36,2,"€ 1,81,671.16",2,1,1,"€ 57,531.14",100.00%
613,France,Female,29,6,"€ 1,85,709.28",2,1,1,"€ 77,242.19",33.33%
824,Germany,Male,60,8,"€ 1,34,250.17",3,0,0,"€ 1,53,046.16",0.00%
705,France,Female,49,7, € -   ,1,1,0,"€ 63,405.20",0.00%
584,France,Female,44,5,"€ 95,671.75",2,1,1,"€ 1,06,564.88",40.00%
534,France,Male,62,2, € -   ,2,0,0,"€ 42,763.12",0.00%
672,France,Female,34,1,"€ 1,42,151.75",2,1,1,"€ 1,68,753.34",200.00%
603,France,Male,43,5,"€ 1,27,823.93",1,1,1,"€ 19,483.35",20.00%
633,Germany,Male,43,3,"€ 1,44,164.29",1,1,1,"€ 1,58,646.46",33.33%
842,France,Male,58,1,"€ 63,492.94",1,1,1,"€ 83,172.19",100.00%
661,France,Female,27,3, € -   ,2,1,1,"€ 76,889.79",66.67%
601,France,Male,74,2, € -   ,2,0,1,"€ 51,554.58",100.00%
632,France,Male,41,0,"€ 1,06,134.46",1,0,1,"€ 1,05,570.39",100.00%
684,Germany,Male,29,8,"€ 1,27,269.75",1,0,1,"€ 79,495.01",12.50%
785,Germany,Female,32,3,"€ 1,24,493.03",2,0,1,"€ 52,583.79",66.67%
687,France,Male,39,7, € -   ,2,1,0,"€ 26,848.25",0.00%
705,Germany,Female,43,10,"€ 1,46,547.78",1,0,1,"€ 10,072.55",10.00%
639,France,Male,43,6,"€ 99,610.92",2,1,0,"€ 1,87,296.78",0.00%
729,Germany,Male,46,5,"€ 1,17,837.43",1,1,0,"€ 1,04,016.61",0.00%
556,Spain,Female,48,8,"€ 1,68,522.37",1,1,1,"€ 1,51,310.16",12.50%
570,France,Male,32,9,"€ 1,17,337.54",2,0,1,"€ 62,810.91",22.22%
841,France,Male,74,9,"€ 1,08,131.53",1,0,1,"€ 60,830.38",11.11%
705,Germany,Male,35,4,"€ 1,36,496.12",2,1,0,"€ 1,16,672.02",0.00%
553,France,Male,32,3,"€ 1,16,324.53",1,1,0,"€ 77,304.49",0.00%
779,Germany,Female,40,2,"€ 75,470.23",1,1,1,"€ 52,894.01",50.00%
696,France,Male,28,4,"€ 1,72,646.82",1,1,1,"€ 1,16,471.43",25.00%
728,Spain,Female,37,4, € -   ,1,0,0,"€ 4,539.38",0.00%
691,Germany,Male,27,3,"€ 1,60,358.68",2,1,0,"€ 1,42,367.72",0.00%
706,France,Male,30,3,"€ 98,415.37",1,1,1,"€ 1,10,520.48",33.33%
627,Germany,Female,30,6,"€ 57,809.32",1,1,0,"€ 1,88,258.49",0.00%
716,Germany,Female,18,3,"€ 1,28,743.80",1,0,0,"€ 1,97,322.13",0.00%
501,Germany,Male,24,4,"€ 1,30,806.42",2,1,0,"€ 80,241.14",0.00%
601,France,Male,41,1,"€ 1,23,971.16",1,0,1,"€ 1,72,814.99",100.00%
545,Spain,Female,39,6, € -   ,1,0,0,"€ 38,410.74",0.00%
634,France,Male,45,9, € -   ,2,0,0,"€ 17,622.82",0.00%
451,Spain,Female,23,9, € -   ,2,0,1,"€ 48,021.71",22.22%
655,France,Female,59,7, € -   ,1,1,0,"€ 88,958.49",0.00%
458,France,Female,39,9, € -   ,2,1,0,"€ 1,16,343.09",0.00%
520,France,Male,33,4,"€ 1,56,297.58",2,1,1,"€ 1,66,102.61",50.00%
624,Spain,Female,28,2, € -   ,2,0,1,"€ 1,04,353.26",100.00%
765,France,Male,51,3,"€ 1,23,372.30",1,1,1,"€ 1,15,429.32",33.33%
667,Germany,Female,37,5,"€ 92,171.35",3,1,0,"€ 1,78,106.34",0.00%
665,Spain,Male,41,8, € -   ,2,1,0,"€ 1,32,152.32",0.00%
709,Germany,Male,34,4,"€ 1,48,375.19",2,1,1,"€ 21,521.38",50.00%
583,France,Female,44,8, € -   ,2,1,1,"€ 27,431.62",25.00%
782,Spain,Male,34,6,"€ 1,47,422.44",1,0,1,"€ 42,143.61",16.67%
668,Spain,Female,24,7,"€ 1,73,962.32",1,0,0,"€ 1,06,457.11",0.00%
621,France,Male,47,0, € -   ,1,1,1,"€ 1,33,831.37",100.00%
579,Germany,Female,64,6,"€ 1,45,215.43",1,1,1,"€ 1,64,083.72",16.67%
547,France,Female,38,5,"€ 1,67,539.97",1,0,1,"€ 1,59,207.34",20.00%
840,France,Female,39,1,"€ 94,968.97",1,1,0,"€ 84,487.62",0.00%
667,Germany,Female,27,3,"€ 1,06,116.50",2,1,0,"€ 3,674.71",0.00%
723,France,Male,34,5, € -   ,2,0,1,"€ 12,092.03",40.00%
487,France,Male,45,2, € -   ,2,1,0,"€ 77,475.73",0.00%
668,France,Female,31,9, € -   ,2,0,0,"€ 41,291.73",0.00%
520,Germany,Male,34,8,"€ 1,20,018.86",2,1,1,€ 343.38,25.00%
549,France,Male,37,2,"€ 1,12,541.54",2,0,0,"€ 47,432.43",0.00%
567,France,Female,35,5,"€ 1,66,118.45",2,1,0,"€ 1,27,827.18",0.00%
720,France,Female,45,1,"€ 1,02,882.40",2,1,1,"€ 35,633.15",200.00%
492,France,Female,49,8, € -   ,1,1,1,"€ 1,82,865.09",12.50%
712,France,Female,37,1,"€ 1,06,881.50",2,0,0,"€ 1,69,386.81",0.00%
689,Germany,Male,26,4,"€ 1,20,727.97",1,0,1,"€ 1,49,073.88",25.00%
850,France,Male,63,8,"€ 1,69,832.57",1,0,0,"€ 1,84,107.26",0.00%
747,France,Male,41,5, € -   ,2,1,1,"€ 22,750.17",40.00%
469,Germany,Male,38,9,"€ 1,13,599.42",1,0,0,"€ 11,950.29",0.00%
539,Spain,Male,38,6, € -   ,1,1,1,"€ 1,52,880.07",16.67%
743,France,Male,32,9, € -   ,2,1,0,"€ 1,75,252.78",0.00%
707,France,Male,47,3, € -   ,2,1,0,"€ 1,74,303.29",0.00%
581,Spain,Female,50,4, € -   ,2,1,1,"€ 80,701.72",50.00%
737,Spain,Male,38,6,"€ 1,46,282.79",2,1,0,"€ 1,98,516.20",0.00%
445,Germany,Female,38,6,"€ 1,19,413.62",2,1,0,"€ 1,75,756.36",0.00%
703,Germany,Female,29,3,"€ 1,22,084.63",1,0,1,"€ 82,824.08",33.33%
588,Germany,Female,35,1,"€ 1,03,060.63",1,1,0,"€ 1,79,866.01",0.00%
765,France,Male,44,6, € -   ,2,1,1,"€ 1,59,899.97",33.33%
626,France,Male,33,8, € -   ,2,1,0,"€ 1,38,504.28",0.00%
545,Germany,Male,37,9,"€ 1,10,483.86",1,1,1,"€ 1,27,394.67",11.11%
744,France,Male,31,9,"€ 1,20,718.28",1,1,1,"€ 58,961.49",11.11%
658,Spain,Female,31,2,"€ 36,566.96",1,1,0,"€ 1,03,644.98",0.00%
629,Germany,Male,28,8,"€ 1,08,601.00",1,1,1,"€ 1,19,647.70",12.50%
719,France,Female,42,4, € -   ,1,1,0,"€ 28,465.86",0.00%
686,Spain,Female,36,5, € -   ,2,1,1,"€ 1,52,979.14",40.00%
743,France,Male,36,4, € -   ,2,1,1,"€ 1,90,911.02",50.00%
626,Spain,Female,48,2, € -   ,2,1,1,"€ 95,794.98",100.00%
661,Germany,Male,44,1,"€ 1,41,136.62",1,1,0,"€ 1,89,742.78",0.00%
710,Germany,Male,45,9,"€ 1,08,231.37",1,1,1,"€ 1,88,574.08",11.11%
654,France,Male,40,6, € -   ,1,0,0,"€ 1,83,872.88",0.00%
569,Spain,Female,34,6,"€ 1,44,855.34",1,0,0,"€ 1,96,555.32",0.00%
640,France,Male,63,2,"€ 68,432.45",2,1,1,"€ 1,12,503.24",100.00%
562,France,Male,45,6,"€ 1,36,855.24",1,1,0,"€ 46,864.00",0.00%
721,France,Female,55,3,"€ 44,020.89",1,1,0,"€ 65,864.40",0.00%
456,Germany,Male,32,9,"€ 1,33,060.63",1,1,1,"€ 1,25,167.92",11.11%
811,Spain,Male,39,7, € -   ,2,1,1,"€ 1,77,519.39",28.57%
534,France,Male,24,1, € -   ,1,1,1,"€ 1,69,653.32",100.00%
423,France,Female,36,5,"€ 97,665.61",1,1,0,"€ 1,18,372.55",0.00%
594,Germany,Male,28,5,"€ 1,85,013.02",1,1,0,"€ 16,481.12",0.00%
725,Spain,Female,32,0, € -   ,2,1,1,"€ 1,38,525.19",200.00%
716,France,Female,52,7,"€ 65,971.61",2,1,0,"€ 14,608.00",0.00%
595,Germany,Female,41,9,"€ 1,50,463.11",2,0,1,"€ 81,548.38",22.22%
679,France,Female,33,1, € -   ,2,0,0,"€ 69,608.48",0.00%
667,Spain,Male,39,9, € -   ,2,1,0,"€ 68,873.80",0.00%
661,France,Female,37,5,"€ 1,36,425.18",1,1,0,"€ 81,102.81",0.00%
655,Spain,Male,38,3,"€ 2,50,898.09",3,0,1,"€ 81,054.00",100.00%
555,France,Male,55,4,"€ 1,46,798.81",1,1,1,"€ 74,149.77",25.00%
531,Spain,Male,70,1, € -   ,2,0,0,"€ 99,503.19",0.00%
611,Germany,Female,40,7,"€ 1,28,486.91",2,1,0,"€ 10,109.47",0.00%
600,France,Female,38,9, € -   ,2,1,1,"€ 58,855.85",22.22%
531,Spain,Male,37,1,"€ 1,43,407.29",2,0,1,"€ 84,402.46",200.00%
601,France,Female,43,2, € -   ,1,1,0,"€ 49,713.87",0.00%
548,France,Male,57,6,"€ 76,165.65",1,1,1,"€ 1,33,537.53",16.67%
759,France,Male,40,4, € -   ,2,1,0,"€ 1,24,615.59",0.00%
678,Spain,Female,49,8, € -   ,2,0,1,"€ 98,090.69",25.00%
755,Germany,Female,33,6,"€ 90,560.30",2,1,1,"€ 42,607.69",33.33%
594,France,Male,61,3,"€ 62,391.22",1,1,1,"€ 1,92,434.11",33.33%
768,France,Male,42,5, € -   ,3,0,0,"€ 60,686.40",0.00%
492,France,Female,31,7, € -   ,2,1,1,"€ 49,463.44",28.57%
637,Germany,Female,55,1,"€ 1,23,378.20",1,1,0,"€ 81,431.99",0.00%
646,Spain,Female,42,3,"€ 99,836.47",1,0,1,"€ 22,909.56",33.33%
593,Germany,Male,74,5,"€ 1,61,434.36",2,1,1,"€ 65,532.17",40.00%
596,Spain,Male,41,5, € -   ,2,0,1,"€ 1,41,053.85",40.00%
722,Germany,Female,48,10,"€ 1,38,311.76",1,1,1,"€ 3,472.63",10.00%
642,France,Male,25,7, € -   ,2,1,0,"€ 1,02,083.78",0.00%
472,Spain,Female,28,4, € -   ,2,1,0,"€ 1,801.77",0.00%
738,Germany,Male,35,6,"€ 1,01,744.84",1,0,0,"€ 85,185.44",0.00%
732,Spain,Male,33,8, € -   ,1,1,0,"€ 1,19,882.70",0.00%
404,Germany,Female,54,4,"€ 1,25,456.07",1,1,0,"€ 83,715.66",0.00%
701,France,Male,44,7, € -   ,2,1,0,"€ 23,425.78",0.00%
683,France,Male,31,2, € -   ,2,0,1,"€ 77,326.78",100.00%
460,France,Female,27,7, € -   ,2,1,0,"€ 1,56,150.08",0.00%
690,France,Male,29,5, € -   ,2,1,0,"€ 1,08,577.97",0.00%
618,Germany,Female,54,4,"€ 1,18,449.21",1,1,1,"€ 1,33,573.29",25.00%
671,France,Male,30,2, € -   ,1,0,1,"€ 1,02,057.86",50.00%
765,Spain,Female,32,9,"€ 1,78,095.55",1,0,0,"€ 47,247.56",0.00%
651,Germany,Female,25,2,"€ 1,09,175.14",2,1,0,"€ 1,14,566.47",0.00%
704,France,Male,32,7,"€ 1,27,785.17",4,0,0,"€ 1,84,464.70",0.00%
544,France,Female,45,6, € -   ,2,0,1,"€ 1,51,401.33",33.33%
790,France,Female,40,9, € -   ,2,1,1,"€ 70,607.10",22.22%
710,Germany,Male,34,9,"€ 1,34,260.36",2,1,0,"€ 1,47,074.67",0.00%
743,France,Male,37,8,"€ 69,143.91",2,0,1,"€ 1,05,780.18",25.00%
702,France,Male,34,4,"€ 1,00,054.77",1,1,0,"€ 1,09,496.45",0.00%
704,France,Female,45,6, € -   ,1,1,1,"€ 1,37,739.45",16.67%
614,France,Male,38,2,"€ 1,16,248.88",1,1,0,"€ 1,05,140.92",0.00%
609,Spain,Female,43,6,"€ 86,053.52",2,1,1,"€ 1,13,276.46",33.33%
688,France,Female,32,6,"€ 1,23,157.95",1,1,0,"€ 1,72,531.23",0.00%
713,France,Male,44,1,"€ 63,438.91",1,1,0,"€ 64,375.40",0.00%
736,Germany,Male,57,9,"€ 95,295.39",1,1,0,"€ 28,434.44",0.00%
727,France,Male,18,4,"€ 1,33,550.67",1,1,1,"€ 46,941.41",25.00%
850,France,Female,38,1,"€ 1,06,871.81",2,1,0,"€ 29,333.01",0.00%
718,Spain,Male,45,3,"€ 1,05,266.32",2,1,1,"€ 1,93,724.51",66.67%
643,France,Female,51,2,"€ 1,05,229.53",1,1,0,"€ 34,967.75",0.00%
653,France,Male,41,8,"€ 1,02,768.42",1,1,0,"€ 55,663.85",0.00%
674,France,Male,18,7, € -   ,2,1,1,"€ 55,753.12",28.57%
690,France,Male,35,6,"€ 1,12,689.95",1,1,0,"€ 1,76,962.31",0.00%
819,France,Male,38,9,"€ 1,22,334.26",2,1,1,"€ 1,81,507.44",22.22%
634,Spain,Male,34,1, € -   ,2,1,0,"€ 61,995.57",0.00%
633,Spain,Male,33,4,"€ 1,37,847.41",2,1,0,"€ 98,349.13",0.00%
850,France,Male,49,5,"€ 1,22,486.47",1,0,1,"€ 59,748.19",20.00%
665,France,Male,33,2,"€ 1,01,286.11",1,1,1,"€ 1,59,840.51",50.00%
630,Spain,Male,26,7, € -   ,2,1,1,"€ 6,656.64",28.57%
836,Spain,Male,57,4,"€ 1,01,247.06",1,1,0,"€ 37,141.62",0.00%
668,France,Male,38,10,"€ 86,977.96",1,0,1,"€ 37,094.75",10.00%
753,France,Male,57,7, € -   ,1,1,0,"€ 1,59,475.08",0.00%
745,France,Female,55,9,"€ 1,10,123.59",1,0,1,"€ 51,548.14",11.11%
693,France,Male,36,8,"€ 1,78,111.82",1,0,0,"€ 58,719.63",0.00%
606,Germany,Male,65,10,"€ 1,26,306.64",3,0,0,"€ 7,861.68",0.00%
660,France,Female,35,6,"€ 1,00,768.77",1,1,0,"€ 19,199.61",0.00%
608,France,Male,42,5, € -   ,2,1,0,"€ 1,78,504.29",0.00%
744,France,Female,44,3, € -   ,2,1,1,"€ 1,89,016.14",66.67%
731,France,Female,40,7,"€ 1,18,991.79",1,1,1,"€ 1,56,048.64",14.29%
683,France,Male,72,3,"€ 1,40,997.26",1,0,1,"€ 52,876.41",33.33%
727,France,Male,28,5, € -   ,2,0,1,"€ 19,653.08",40.00%
561,Germany,Male,32,6,"€ 1,66,824.59",1,1,0,"€ 1,39,451.98",0.00%
700,France,Female,34,2,"€ 76,322.69",1,1,0,"€ 1,28,136.29",0.00%
605,France,Male,35,6, € -   ,2,1,1,"€ 45,206.57",33.33%
767,Spain,Male,77,8,"€ 1,49,083.70",1,1,1,"€ 1,90,146.83",12.50%
511,France,Male,33,7, € -   ,2,0,1,"€ 1,58,313.87",28.57%
667,France,Male,40,9, € -   ,1,1,1,"€ 96,670.20",11.11%
787,France,Male,33,1,"€ 1,26,588.81",2,0,1,"€ 62,163.53",200.00%
705,Germany,Female,56,2,"€ 1,43,249.67",1,1,0,"€ 88,428.41",0.00%
773,Germany,Male,43,8,"€ 81,844.91",2,1,1,"€ 35,908.46",25.00%
554,France,Male,40,4, € -   ,1,0,1,"€ 1,68,780.04",25.00%
526,Germany,Male,58,9,"€ 1,90,298.89",2,1,1,"€ 1,91,263.76",22.22%
661,Germany,Male,35,2,"€ 1,17,212.18",1,1,1,"€ 83,052.03",50.00%
698,France,Female,46,0, € -   ,2,1,1,"€ 1,25,962.02",200.00%
646,France,Male,26,4,"€ 1,39,848.17",1,1,0,"€ 1,64,696.27",0.00%
757,Germany,Female,34,9,"€ 1,01,861.36",2,0,0,"€ 1,87,011.96",0.00%
699,Spain,Male,35,2,"€ 1,67,455.66",2,1,1,"€ 55,324.49",100.00%
667,France,Female,24,4, € -   ,2,0,1,"€ 34,335.55",50.00%
774,Spain,Female,43,1,"€ 1,16,360.07",1,1,0,"€ 17,004.14",0.00%
745,Spain,Male,40,3,"€ 88,466.82",1,0,0,"€ 1,16,331.42",0.00%
649,France,Female,42,7, € -   ,2,0,1,"€ 22,974.01",28.57%
634,Germany,Female,46,5,"€ 1,23,642.36",1,1,1,"€ 49,725.16",20.00%
665,Spain,Male,38,9, € -   ,1,0,1,"€ 87,412.74",11.11%
713,France,Male,38,9,"€ 72,286.84",2,1,1,"€ 26,136.89",22.22%
652,France,Female,40,1, € -   ,2,1,0,"€ 1,26,554.96",0.00%
739,Spain,Male,40,1,"€ 1,09,681.61",1,1,1,"€ 1,93,321.30",100.00%
556,Germany,Male,37,9,"€ 1,45,018.64",2,1,0,"€ 90,928.02",0.00%
699,Spain,Male,34,8, € -   ,1,1,1,"€ 76,510.46",12.50%
708,Spain,Female,32,8,"€ 1,87,487.63",1,1,1,"€ 1,20,115.50",12.50%
480,France,Male,35,2,"€ 1,65,692.91",1,1,1,"€ 1,97,984.58",50.00%
700,Germany,Female,59,5,"€ 1,37,648.41",1,1,0,"€ 1,42,977.05",0.00%
525,Spain,Female,47,6,"€ 1,18,560.00",1,1,0,"€ 82,522.61",0.00%
845,France,Male,33,8,"€ 1,64,385.53",1,1,0,"€ 1,50,664.97",0.00%
613,France,Male,37,9,"€ 1,08,286.50",1,1,1,"€ 1,14,153.44",11.11%
850,France,Female,34,2, € -   ,2,1,1,"€ 1,71,706.66",100.00%
798,Spain,Female,58,9, € -   ,2,0,0,"€ 1,19,071.56",0.00%
773,Germany,Male,47,2,"€ 1,18,079.47",4,1,1,"€ 1,43,007.49",200.00%
614,Spain,Male,35,2,"€ 1,27,283.78",1,1,1,"€ 31,302.35",50.00%
473,Spain,Male,48,8, € -   ,2,1,0,"€ 71,139.80",0.00%
762,France,Male,29,6,"€ 1,41,389.06",1,1,0,"€ 54,122.89",0.00%
701,France,Male,37,8,"€ 1,30,091.50",1,1,1,"€ 1,20,031.29",12.50%
600,France,Male,35,4,"€ 1,43,744.77",2,1,0,"€ 1,04,076.51",0.00%
850,Spain,Male,28,9,"€ 97,408.03",1,1,1,"€ 1,75,853.64",11.11%
613,Spain,Male,30,9,"€ 1,11,927.45",1,1,1,"€ 1,75,795.87",11.11%
509,France,Male,31,3, € -   ,2,1,0,"€ 15,360.91",0.00%
509,Spain,Male,38,2, € -   ,1,0,0,"€ 1,68,460.12",0.00%
609,France,Male,34,1, € -   ,1,1,1,"€ 1,81,177.90",100.00%
456,France,Female,33,1,"€ 1,88,285.68",1,0,0,"€ 58,363.94",0.00%
728,France,Female,46,2,"€ 1,09,705.52",1,1,0,"€ 20,276.87",0.00%
663,Spain,Male,33,9, € -   ,2,0,0,"€ 91,514.62",0.00%
673,Germany,Female,34,1,"€ 1,27,122.79",3,0,1,"€ 76,703.10",300.00%
717,France,Male,40,0,"€ 98,241.04",1,1,0,"€ 1,10,887.14",0.00%
741,Germany,Female,37,8,"€ 1,70,840.08",2,0,0,"€ 1,09,843.16",0.00%
498,Germany,Female,41,4,"€ 87,541.06",2,1,1,"€ 12,577.21",50.00%
850,France,Female,26,4,"€ 62,610.96",2,0,1,"€ 1,79,365.10",50.00%
493,France,Male,36,9, € -   ,2,1,1,"€ 65,816.53",22.22%
686,France,Female,47,5,"€ 1,13,328.93",1,1,0,"€ 1,24,170.90",0.00%
666,Spain,Male,35,2,"€ 1,04,832.49",1,1,0,"€ 1,75,015.12",0.00%
733,Spain,Female,31,9,"€ 1,02,289.85",1,1,1,"€ 1,15,441.66",11.11%
631,Germany,Female,34,6,"€ 1,25,227.82",2,0,1,"€ 1,28,247.03",33.33%
714,Germany,Female,49,5,"€ 1,40,510.89",1,1,0,"€ 1,41,914.94",0.00%
767,Germany,Female,35,6,"€ 1,32,253.22",1,1,0,"€ 1,15,566.57",0.00%
711,Germany,Male,43,2,"€ 39,043.29",2,1,1,"€ 1,75,423.69",100.00%
722,France,Male,34,8, € -   ,2,1,1,"€ 1,33,447.49",25.00%
631,Spain,Male,55,9,"€ 99,685.06",1,1,0,"€ 1,14,474.98",0.00%
701,Germany,Male,38,3,"€ 1,25,385.49",2,0,1,"€ 52,044.66",66.67%
790,Spain,Male,46,2,"€ 1,31,365.37",2,1,1,"€ 1,80,290.68",100.00%
633,Spain,Male,58,6,"€ 98,308.51",1,1,1,"€ 1,32,034.13",16.67%
644,France,Female,37,8, € -   ,2,1,0,"€ 20,968.88",0.00%
757,Spain,Male,44,5,"€ 1,40,856.16",2,1,0,"€ 1,58,735.10",0.00%
696,France,Female,30,8, € -   ,2,1,1,"€ 1,96,134.44",25.00%
746,France,Male,35,2,"€ 1,72,274.01",1,1,0,"€ 22,374.97",0.00%
649,Spain,Male,36,8, € -   ,2,1,0,"€ 1,61,668.15",0.00%
565,Spain,Male,38,0,"€ 1,22,447.76",1,0,0,"€ 67,339.34",0.00%
720,France,Female,38,10, € -   ,2,1,1,"€ 56,229.72",20.00%
648,Spain,Female,56,6,"€ 1,57,559.59",2,1,0,"€ 1,40,991.23",0.00%
632,Germany,Male,41,3,"€ 1,26,550.70",1,0,0,"€ 1,77,644.52",0.00%
622,France,Female,30,2,"€ 1,58,584.82",3,1,0,"€ 1,42,342.55",0.00%
835,France,Male,28,2,"€ 1,63,569.61",2,1,1,"€ 1,54,559.28",100.00%
493,France,Female,31,3, € -   ,1,1,1,"€ 1,76,570.28",33.33%
785,Germany,Female,33,6,"€ 1,27,211.45",1,0,0,"€ 1,91,961.83",0.00%
681,Germany,Male,42,3,"€ 1,18,199.97",2,1,0,"€ 9,452.88",0.00%
621,Germany,Female,30,2,"€ 1,01,014.08",2,1,1,"€ 1,65,257.31",100.00%
756,Spain,Male,38,6,"€ 1,19,208.85",1,1,0,"€ 1,69,763.89",0.00%
515,France,Female,66,6, € -   ,2,1,1,"€ 1,60,663.11",33.33%
625,France,Female,58,10,"€ 53,772.73",1,1,1,"€ 1,92,072.10",10.00%
717,Spain,Female,39,6, € -   ,2,1,0,"€ 93,275.61",0.00%
595,Germany,Female,41,2,"€ 1,38,878.81",1,0,1,"€ 1,12,269.67",50.00%
539,Spain,Female,37,1,"€ 1,30,922.81",2,0,0,"€ 2,186.83",0.00%
762,France,Male,35,9, € -   ,2,1,1,"€ 43,075.70",22.22%
706,Spain,Male,20,8, € -   ,2,1,1,"€ 12,368.11",25.00%
677,Spain,Female,25,8,"€ 1,30,866.19",1,1,0,"€ 42,410.21",0.00%
733,Germany,Female,33,7,"€ 1,87,257.94",1,0,1,"€ 1,90,430.81",14.29%
684,Spain,Female,41,7, € -   ,1,1,1,"€ 1,38,394.37",14.29%
679,France,Male,36,6,"€ 1,47,733.64",1,0,1,"€ 1,72,501.38",16.67%
478,Spain,Male,43,1, € -   ,2,1,1,"€ 1,97,916.43",200.00%
696,France,Male,33,2,"€ 1,63,139.27",1,1,1,"€ 7,035.36",50.00%
686,Spain,Female,35,4, € -   ,2,1,1,"€ 1,59,676.55",50.00%
466,France,Female,36,5,"€ 1,19,540.15",1,0,1,"€ 80,603.99",20.00%
686,France,Female,41,4,"€ 1,29,553.76",2,1,0,"€ 1,87,599.80",0.00%
576,France,Male,55,9, € -   ,2,1,1,"€ 94,450.97",22.22%
763,Germany,Female,61,1,"€ 66,101.89",1,1,1,"€ 1,43,981.27",100.00%
572,France,Male,43,2,"€ 1,40,431.98",1,1,0,"€ 26,450.57",0.00%
757,France,Female,49,2, € -   ,2,0,0,"€ 1,64,482.92",0.00%
582,France,Female,29,0, € -   ,1,1,1,"€ 84,012.81",100.00%
623,France,Female,35,5, € -   ,2,1,0,"€ 1,01,192.08",0.00%
617,Germany,Female,37,4,"€ 1,16,471.43",2,1,0,"€ 1,75,324.74",0.00%
425,France,Male,39,4, € -   ,2,1,0,"€ 1,97,226.32",0.00%
659,France,Female,56,9,"€ 1,23,785.24",1,1,0,"€ 99,504.03",0.00%
605,France,Female,33,4, € -   ,2,0,1,"€ 83,700.66",50.00%
538,France,Female,38,8,"€ 88,758.95",2,0,0,"€ 28,226.15",0.00%
665,Germany,Male,25,5,"€ 1,53,611.83",2,1,0,"€ 35,321.65",0.00%
491,Germany,Female,57,4,"€ 1,12,044.72",1,1,1,"€ 41,229.73",25.00%
726,Spain,Female,27,7,"€ 1,23,826.07",1,0,1,"€ 78,970.58",14.29%
580,France,Female,65,9,"€ 1,06,804.26",3,1,0,"€ 1,07,890.69",0.00%
550,France,Female,48,6, € -   ,2,1,1,"€ 1,91,870.28",33.33%
542,France,Female,59,2,"€ 68,892.77",2,1,0,"€ 7,905.06",0.00%
732,France,Female,43,6, € -   ,2,1,0,"€ 65,731.53",0.00%
473,France,Female,33,5,"€ 1,25,827.43",1,0,1,"€ 1,45,698.73",20.00%
745,Spain,Male,34,9, € -   ,2,1,0,"€ 50,046.25",0.00%
732,France,Male,36,7, € -   ,2,1,1,"€ 60,830.24",28.57%
848,Germany,Female,40,5,"€ 1,48,495.64",1,0,0,"€ 1,58,853.98",0.00%
572,France,Male,37,1,"€ 1,33,043.66",1,0,0,"€ 1,11,243.09",0.00%
702,France,Male,45,9,"€ 74,989.58",1,1,1,"€ 1,71,014.69",11.11%
664,Germany,Male,39,7,"€ 60,263.23",1,1,0,"€ 1,70,835.32",0.00%
630,Germany,Male,50,3,"€ 1,29,370.91",4,1,1,"€ 47,775.34",133.33%
618,Germany,Male,44,5,"€ 1,57,955.83",2,0,0,"€ 1,39,297.71",0.00%
556,France,Male,26,4, € -   ,1,1,0,"€ 1,95,167.38",0.00%
619,France,Female,30,7,"€ 70,729.17",1,1,1,"€ 1,60,948.87",14.29%
644,France,Male,48,8, € -   ,2,0,1,"€ 44,965.54",25.00%
658,Spain,Male,50,2, € -   ,2,1,0,"€ 52,137.73",0.00%
598,Spain,Male,27,8,"€ 90,721.52",2,1,0,"€ 1,09,296.18",0.00%
677,France,Male,27,2, € -   ,2,1,1,"€ 20,092.89",100.00%
689,Spain,Female,45,0,"€ 57,784.22",1,1,0,"€ 1,97,804.00",0.00%
591,France,Male,33,9,"€ 1,31,765.72",1,1,0,"€ 1,18,782.06",0.00%
699,France,Male,40,7, € -   ,1,0,1,"€ 1,52,876.13",14.29%
749,Germany,Male,47,9,"€ 1,10,022.74",1,0,1,"€ 1,35,655.29",11.11%
709,France,Female,40,9,"€ 1,31,569.63",1,1,1,"€ 1,03,970.58",11.11%
607,Germany,Male,61,2,"€ 1,64,523.50",2,1,1,"€ 35,786.76",100.00%
650,Germany,Female,25,2,"€ 1,14,330.95",1,1,1,"€ 25,325.07",50.00%
651,Spain,Female,45,10,"€ 1,35,923.16",1,1,0,"€ 18,732.84",0.00%
676,France,Female,61,8, € -   ,2,1,1,"€ 1,18,522.73",25.00%
723,France,Female,49,4, € -   ,2,0,1,"€ 89,972.25",50.00%
714,Spain,Male,45,0,"€ 1,24,693.48",1,0,1,"€ 1,87,194.15",100.00%
759,Spain,Female,35,7,"€ 1,47,936.42",1,1,1,"€ 1,06,785.70",14.29%
582,France,Male,29,0, € -   ,1,1,0,"€ 1,42,516.35",0.00%
697,France,Female,34,2,"€ 1,26,558.92",1,1,0,"€ 73,334.43",0.00%
610,Germany,Male,57,6,"€ 1,06,938.11",2,0,1,"€ 1,86,612.47",33.33%
488,Germany,Female,33,4,"€ 1,40,002.35",1,1,0,"€ 1,23,613.81",0.00%
599,Germany,Male,46,9,"€ 1,23,444.72",1,1,1,"€ 31,368.08",11.11%
781,France,Male,32,6,"€ 1,47,107.91",1,1,1,"€ 40,066.95",16.67%
645,France,Male,19,9,"€ 1,28,514.84",1,0,0,"€ 1,75,969.19",0.00%
545,France,Female,55,5, € -   ,1,0,0,"€ 10,034.77",0.00%
597,Germany,Female,40,9,"€ 1,06,756.01",2,1,0,"€ 1,51,167.94",0.00%
561,Spain,Female,28,3, € -   ,2,1,0,"€ 1,91,387.76",0.00%
662,France,Female,37,6, € -   ,2,1,0,"€ 51,229.17",0.00%
649,Germany,Female,50,5,"€ 1,55,393.32",1,1,1,"€ 87,351.42",20.00%
630,France,Female,36,2,"€ 1,10,414.48",1,1,1,"€ 48,984.95",50.00%
672,Spain,Male,33,2, € -   ,2,1,1,"€ 1,82,738.00",100.00%
636,Germany,Female,37,9,"€ 1,57,098.52",1,1,1,"€ 1,53,535.27",11.11%
593,Germany,Female,38,5,"€ 85,626.60",1,1,1,"€ 1,25,079.65",20.00%
545,Germany,Male,45,6,"€ 93,796.42",2,1,1,"€ 1,62,321.26",33.33%
567,Spain,Female,41,1, € -   ,2,1,0,"€ 3,414.72",0.00%
583,France,Male,51,6,"€ 1,25,268.03",2,1,0,"€ 1,65,082.25",0.00%
681,France,Female,29,2,"€ 1,48,143.84",1,1,1,"€ 52,021.39",50.00%
762,Spain,Male,29,10,"€ 1,15,545.33",2,1,0,"€ 1,48,256.43",0.00%
648,Spain,Male,35,7, € -   ,2,0,0,"€ 1,22,899.01",0.00%
644,France,Male,30,5,"€ 44,928.88",1,1,1,"€ 10,771.46",20.00%
706,Spain,Male,29,2, € -   ,2,1,1,"€ 18,255.51",100.00%
850,France,Male,35,3,"€ 1,62,442.35",1,1,0,"€ 1,83,566.78",0.00%
484,Spain,Female,39,5, € -   ,2,1,1,"€ 1,75,224.12",40.00%
508,Germany,Male,28,0,"€ 96,213.82",2,1,0,"€ 1,47,913.56",0.00%
439,France,Female,29,6,"€ 1,56,569.43",1,1,0,"€ 1,80,598.66",0.00%
484,Spain,Male,36,8, € -   ,2,1,0,"€ 1,86,136.48",0.00%
803,Spain,Female,37,1, € -   ,2,0,0,"€ 7,455.20",0.00%
724,Germany,Female,48,6,"€ 1,10,463.25",2,1,1,"€ 80,552.11",33.33%
640,France,Male,33,7,"€ 1,54,575.76",1,1,0,"€ 25,722.28",0.00%
701,Spain,Female,35,9, € -   ,2,0,0,"€ 1,70,996.86",0.00%
537,France,Male,37,3, € -   ,2,1,1,"€ 20,603.32",66.67%
651,Germany,Male,26,5,"€ 1,47,037.32",1,0,0,"€ 1,41,763.26",0.00%
523,Germany,Male,41,0,"€ 1,19,276.31",1,0,0,"€ 1,22,284.38",0.00%
717,France,Female,25,7,"€ 1,08,664.85",2,1,0,"€ 1,90,011.85",0.00%
593,Spain,Male,44,5, € -   ,1,1,0,"€ 1,28,046.98",0.00%
706,Germany,Male,38,5,"€ 1,63,034.82",2,1,1,"€ 1,35,662.17",40.00%
714,Germany,Female,49,4,"€ 93,059.34",1,1,0,"€ 7,571.51",0.00%
794,Spain,Male,38,9,"€ 1,79,581.31",1,1,0,"€ 23,596.24",0.00%
518,Germany,Male,46,4,"€ 1,13,625.93",1,0,0,"€ 92,727.42",0.00%
589,Germany,Male,55,7,"€ 1,19,961.48",1,1,0,"€ 65,156.83",0.00%
824,France,Male,45,3,"€ 1,29,209.48",1,0,0,"€ 60,151.77",0.00%
719,Germany,Female,42,5,"€ 1,37,227.04",3,1,0,"€ 1,49,097.38",0.00%
617,Germany,Female,58,3,"€ 1,19,024.75",2,1,0,"€ 35,199.24",0.00%
651,France,Male,35,7,"€ 74,623.50",3,1,0,"€ 1,29,451.29",0.00%
637,Spain,Female,45,2,"€ 1,57,929.45",1,1,1,"€ 1,45,134.49",50.00%
554,France,Female,26,7,"€ 92,606.86",2,1,0,"€ 1,92,709.69",0.00%
731,Germany,Male,35,2,"€ 1,27,862.93",2,1,0,"€ 1,39,083.70",0.00%
569,Spain,Female,42,1, € -   ,1,1,1,"€ 83,629.60",100.00%
625,Germany,Female,37,4,"€ 1,42,711.81",1,1,0,"€ 35,625.41",0.00%
592,France,Female,38,4, € -   ,2,1,0,"€ 35,338.96",0.00%
669,France,Male,43,1,"€ 1,63,159.85",1,0,1,"€ 15,602.80",100.00%
663,Germany,Male,32,3,"€ 1,08,586.86",1,1,1,"€ 1,82,355.21",33.33%
518,Germany,Female,41,5,"€ 1,10,624.99",1,1,0,"€ 89,327.67",0.00%
686,Germany,Female,43,5,"€ 1,54,846.24",2,1,1,"€ 1,51,903.60",40.00%
709,Germany,Male,45,4,"€ 1,22,917.71",1,1,1,€ 11.58,25.00%
571,France,Female,33,9, € -   ,2,0,1,"€ 77,519.62",22.22%
707,France,Female,31,2,"€ 82,787.93",2,0,0,"€ 91,423.69",0.00%
701,Germany,Male,32,5,"€ 1,02,500.34",1,0,0,"€ 1,06,287.77",0.00%
672,France,Male,34,9, € -   ,2,1,0,"€ 1,61,800.77",0.00%
620,Germany,Male,39,9,"€ 1,59,492.79",1,1,0,"€ 80,582.34",0.00%
557,Spain,Male,48,10, € -   ,2,1,1,"€ 1,85,094.48",20.00%
648,Spain,Female,54,7,"€ 1,18,241.02",1,1,0,"€ 1,72,586.89",0.00%
479,France,Female,35,2,"€ 1,13,090.40",1,1,0,"€ 1,95,649.79",0.00%
730,France,Female,22,9,"€ 65,763.57",1,1,1,"€ 1,45,792.01",11.11%
737,Germany,Female,43,1,"€ 1,25,537.38",1,1,0,"€ 1,38,510.01",0.00%
616,France,Male,31,3,"€ 94,263.91",2,1,0,"€ 1,68,895.06",0.00%
639,Spain,Male,29,4,"€ 1,33,434.57",2,1,0,"€ 97,983.44",0.00%
815,Spain,Female,39,6, € -   ,1,1,1,"€ 85,167.88",16.67%
786,Spain,Male,31,9, € -   ,2,1,1,"€ 18,210.36",22.22%
549,France,Male,50,9,"€ 94,748.76",2,0,1,"€ 13,608.18",22.22%
622,France,Female,38,4,"€ 98,640.74",1,1,1,"€ 1,10,457.99",25.00%
624,France,Male,26,9,"€ 74,681.90",2,0,0,"€ 31,231.35",0.00%
841,France,Male,34,4, € -   ,2,1,0,"€ 1,41,582.66",0.00%
614,Spain,Female,41,7,"€ 1,79,915.85",1,0,0,"€ 14,666.35",0.00%
676,France,Male,30,1,"€ 1,28,207.23",1,1,1,"€ 55,400.17",100.00%
697,France,Male,42,9,"€ 1,32,739.26",2,0,0,"€ 1,74,667.65",0.00%
732,France,Female,40,10, € -   ,2,1,0,"€ 1,54,189.08",0.00%
623,France,Male,27,4,"€ 1,20,509.81",1,0,0,"€ 1,42,170.44",0.00%
541,France,Male,46,4,"€ 1,24,547.13",2,1,0,"€ 94,499.06",0.00%
773,Spain,Female,39,4, € -   ,2,0,1,"€ 1,82,081.45",50.00%
762,Germany,Male,34,4,"€ 88,815.56",2,1,0,"€ 68,562.26",0.00%
655,Spain,Female,35,1,"€ 82,231.51",2,1,0,"€ 88,798.02",0.00%
602,Germany,Male,32,7,"€ 1,84,715.86",2,1,0,"€ 1,13,781.99",0.00%
850,France,Male,31,3, € -   ,2,1,0,"€ 1,21,866.87",0.00%
649,Spain,Male,51,4, € -   ,1,1,1,"€ 1,50,390.57",25.00%
850,Germany,Male,28,4,"€ 1,47,972.19",1,1,0,"€ 60,708.72",0.00%
543,France,Male,43,9, € -   ,2,1,1,"€ 78,858.07",22.22%
672,France,Male,52,8,"€ 1,70,008.84",1,0,0,"€ 56,407.42",0.00%
600,France,Female,27,3, € -   ,2,0,1,"€ 1,25,698.97",66.67%
671,Spain,Female,34,10, € -   ,1,1,0,"€ 23,235.38",0.00%
706,Spain,Female,42,8,"€ 95,386.82",1,1,1,"€ 75,732.25",12.50%
541,Germany,Male,51,7,"€ 90,373.28",2,1,0,"€ 1,79,861.79",0.00%
711,Germany,Male,34,4,"€ 1,33,467.77",2,1,1,"€ 42,976.64",50.00%
630,Spain,Male,30,3, € -   ,2,0,1,"€ 10,486.69",66.67%
531,France,Male,31,3,"€ 96,288.26",1,1,0,"€ 56,794.73",0.00%
641,France,Female,26,4,"€ 91,547.84",2,0,1,"€ 28,157.34",50.00%
631,Germany,Male,37,8,"€ 1,38,292.64",2,0,0,"€ 1,52,422.91",0.00%
685,France,Male,35,9, € -   ,1,1,0,"€ 1,67,033.83",0.00%
702,Spain,Male,32,8,"€ 71,667.74",1,1,1,"€ 1,26,082.18",12.50%
708,Germany,Female,43,0,"€ 1,18,994.84",1,1,0,"€ 1,81,499.77",0.00%
653,Spain,Male,55,7, € -   ,2,1,1,"€ 41,967.03",28.57%
654,Germany,Male,37,2,"€ 1,45,610.07",2,0,0,"€ 1,86,300.59",0.00%
596,France,Female,33,1,"€ 1,38,162.81",1,1,0,"€ 85,412.54",0.00%
549,Germany,Female,31,9,"€ 1,35,020.21",2,1,1,"€ 23,343.18",22.22%
754,France,Male,38,2, € -   ,2,1,0,"€ 1,80,698.32",0.00%
815,Germany,Female,25,8,"€ 1,35,161.67",1,1,1,"€ 1,36,071.05",12.50%
556,France,Female,52,9, € -   ,1,1,0,"€ 1,75,149.20",0.00%
706,France,Male,32,6,"€ 94,486.47",1,1,1,"€ 1,46,949.74",16.67%
850,France,Male,46,9,"€ 1,17,640.39",1,1,0,"€ 88,920.68",0.00%
732,Spain,Female,33,8,"€ 1,11,379.55",1,1,1,"€ 45,098.62",12.50%
614,France,Male,40,6, € -   ,1,1,1,"€ 20,339.79",16.67%
580,Spain,Female,57,0,"€ 1,36,820.99",1,0,1,"€ 1,08,528.74",100.00%
593,France,Female,46,7,"€ 98,752.51",1,1,0,"€ 1,45,560.38",0.00%
653,Germany,Female,25,2,"€ 1,58,266.42",3,1,1,"€ 1,99,357.24",150.00%
746,France,Female,29,4,"€ 1,05,599.67",1,1,1,"€ 43,106.17",25.00%
662,France,Female,29,10, € -   ,2,1,0,"€ 1,37,508.31",0.00%
573,France,Male,31,2, € -   ,2,1,1,"€ 91,957.39",100.00%
684,Spain,Female,39,4,"€ 1,39,723.90",1,1,1,"€ 1,20,612.11",25.00%
793,France,Female,41,3,"€ 1,41,806.46",1,1,0,"€ 1,02,921.17",0.00%
798,Germany,Female,49,5,"€ 1,32,571.67",1,1,1,"€ 31,686.33",20.00%
524,France,Male,40,2,"€ 1,80,516.90",1,1,0,"€ 1,80,002.42",0.00%
816,France,Male,31,8, € -   ,2,1,1,"€ 28,407.40",25.00%
742,Germany,Female,41,4,"€ 92,805.72",1,0,1,"€ 73,743.95",25.00%
540,France,Male,22,4, € -   ,3,1,1,"€ 1,86,233.26",75.00%
537,Germany,Male,39,3,"€ 1,35,309.36",1,1,0,"€ 31,728.86",0.00%
759,Spain,Female,74,6,"€ 1,28,917.84",1,1,1,"€ 48,244.64",16.67%
774,France,Female,52,2,"€ 56,580.93",1,1,0,"€ 1,13,266.28",0.00%
608,Germany,Male,42,8,"€ 1,31,390.75",2,1,0,"€ 71,178.09",0.00%
704,Spain,Male,37,4, € -   ,2,0,0,"€ 25,684.93",0.00%
581,France,Male,41,8, € -   ,2,0,0,"€ 29,737.14",0.00%
628,Germany,Female,61,1,"€ 97,361.66",1,1,1,"€ 1,49,922.38",100.00%
566,France,Female,42,6, € -   ,1,1,0,"€ 1,80,702.12",0.00%
701,Spain,Male,59,7, € -   ,2,0,1,"€ 27,597.59",28.57%
735,Spain,Male,29,10, € -   ,2,1,1,"€ 95,025.27",20.00%
680,France,Female,34,1, € -   ,2,1,0,"€ 1,67,035.07",0.00%
560,France,Male,57,0, € -   ,2,0,1,"€ 1,16,781.71",200.00%
663,Germany,Female,29,4,"€ 1,02,714.65",2,0,0,"€ 21,170.81",0.00%
665,France,Female,34,5,"€ 67,816.72",1,1,1,"€ 29,641.58",20.00%
758,France,Male,51,8,"€ 81,710.46",1,1,1,"€ 1,16,520.07",12.50%
621,France,Male,26,2,"€ 75,237.54",1,0,1,"€ 44,220.40",50.00%
764,Germany,Male,28,10,"€ 1,24,023.18",1,1,0,"€ 1,66,188.28",0.00%
537,Germany,Female,46,5,"€ 1,00,727.50",1,0,1,"€ 1,40,857.76",20.00%
589,France,Female,46,10,"€ 1,07,238.85",2,1,0,"€ 37,024.28",0.00%
555,France,Male,24,5, € -   ,2,1,0,"€ 27,513.47",0.00%
734,France,Female,29,0,"€ 1,39,994.66",1,1,0,"€ 17,744.72",0.00%
783,Spain,Female,59,9,"€ 1,26,224.87",1,1,1,"€ 4,423.63",11.11%
678,Germany,Female,51,1,"€ 1,45,751.03",1,0,0,"€ 1,09,718.44",0.00%
661,France,Male,47,5, € -   ,1,0,1,"€ 1,07,243.31",20.00%
607,Spain,Female,25,4,"€ 1,21,166.89",1,0,1,"€ 1,15,288.24",25.00%
537,Spain,Female,38,1, € -   ,2,0,1,"€ 41,233.97",200.00%
513,Spain,Male,88,10, € -   ,2,1,1,"€ 52,952.24",20.00%
576,France,Male,63,9,"€ 70,655.48",1,0,0,"€ 78,955.80",0.00%
660,Germany,Male,41,1,"€ 1,29,901.21",1,1,0,"€ 26,025.60",0.00%
637,France,Male,40,8,"€ 1,25,470.81",1,1,1,"€ 1,74,536.17",12.50%
672,France,Female,53,9,"€ 1,69,406.33",4,1,1,"€ 1,47,311.47",44.44%
629,France,Male,32,2, € -   ,2,0,1,"€ 77,965.44",100.00%
583,Germany,Male,40,4,"€ 1,07,041.30",1,1,1,"€ 5,635.63",25.00%
763,Spain,Female,32,10,"€ 95,153.77",1,0,1,"€ 81,310.10",10.00%
516,Germany,Male,32,3,"€ 1,45,166.09",2,0,0,"€ 1,11,421.45",0.00%
617,France,Female,27,4, € -   ,2,0,0,"€ 1,90,269.21",0.00%
700,France,Male,38,9,"€ 65,962.63",1,1,1,"€ 1,00,950.48",11.11%
727,Germany,Male,36,6,"€ 1,40,418.81",1,1,1,"€ 1,13,033.73",16.67%
689,Spain,Female,31,3,"€ 1,39,799.63",1,0,1,"€ 1,20,663.57",33.33%
626,Germany,Male,49,9,"€ 1,71,787.84",2,1,0,"€ 1,87,192.23",0.00%
686,France,Male,38,6,"€ 1,49,238.97",1,1,1,"€ 97,825.23",16.67%
351,Germany,Female,57,4,"€ 1,63,146.46",1,1,0,"€ 1,69,621.69",0.00%
739,France,Female,37,8, € -   ,2,1,0,"€ 1,91,557.10",0.00%
627,France,Male,32,10, € -   ,2,1,0,"€ 1,03,287.62",0.00%
451,Germany,Female,38,9,"€ 61,482.47",1,1,1,"€ 1,67,538.66",11.11%
512,France,Female,41,8,"€ 1,45,150.28",1,1,0,"€ 64,869.32",0.00%
774,France,Female,41,5,"€ 1,26,670.37",1,1,0,"€ 1,02,426.06",0.00%
652,France,Female,40,8,"€ 84,390.80",2,0,1,"€ 1,07,876.20",25.00%
638,Germany,Male,37,2,"€ 89,728.86",2,1,1,"€ 37,294.88",100.00%
475,France,Female,57,1, € -   ,2,1,0,"€ 89,248.99",0.00%
567,Spain,Male,40,4,"€ 1,18,628.80",1,0,0,"€ 91,973.63",0.00%
750,France,Male,37,3, € -   ,2,1,0,"€ 16,870.20",0.00%
850,France,Male,39,6,"€ 96,863.13",1,1,1,"€ 1,21,681.19",16.67%
753,France,Female,38,6,"€ 1,42,263.45",1,0,1,"€ 33,730.43",16.67%
683,Spain,Female,36,7, € -   ,2,1,0,"€ 1,04,786.59",0.00%
710,France,Female,32,3, € -   ,1,1,0,"€ 94,790.34",0.00%
645,Spain,Female,21,1, € -   ,2,0,0,"€ 28,726.07",0.00%
714,France,Male,28,6,"€ 1,22,724.37",1,1,1,"€ 67,057.27",16.67%
696,Germany,Female,35,4,"€ 1,74,902.26",1,1,0,"€ 69,079.85",0.00%
612,Spain,Female,26,4, € -   ,2,1,1,"€ 1,79,780.74",50.00%
520,Germany,Female,31,3,"€ 1,08,914.17",1,1,1,"€ 1,83,572.39",33.33%
782,Spain,Male,23,10,"€ 98,052.66",1,1,1,"€ 1,42,587.32",10.00%
666,France,Male,46,5,"€ 1,23,873.19",1,1,1,"€ 1,77,844.06",20.00%
466,Germany,Female,56,2,"€ 1,11,920.13",3,1,0,"€ 1,97,634.11",0.00%
567,France,Female,45,4, € -   ,2,0,1,"€ 1,21,053.19",50.00%
613,France,Male,20,3, € -   ,2,1,1,"€ 1,49,613.77",66.67%
718,France,Male,37,8, € -   ,2,1,1,€ 142.81,25.00%
614,France,Female,37,8,"€ 75,150.34",4,0,1,"€ 1,31,766.67",50.00%
711,France,Male,38,10, € -   ,2,0,0,"€ 53,311.78",0.00%
691,Germany,Female,38,5,"€ 1,14,753.76",1,1,0,"€ 1,07,665.02",0.00%
527,France,Male,32,0, € -   ,1,1,0,"€ 1,09,523.88",0.00%
476,France,Female,32,6,"€ 1,11,871.93",1,0,0,"€ 1,12,132.86",0.00%
619,Spain,Female,45,0, € -   ,2,0,0,"€ 1,13,645.40",0.00%
607,Germany,Female,37,4,"€ 1,35,927.06",1,0,0,"€ 1,80,890.40",0.00%
695,Spain,Male,44,8, € -   ,2,1,1,"€ 70,974.13",25.00%
653,France,Male,33,1, € -   ,2,0,0,"€ 53,379.52",0.00%
677,France,Male,46,2,"€ 57,037.74",1,1,1,"€ 1,58,531.01",50.00%
655,France,Female,50,10, € -   ,4,1,0,"€ 1,79,267.94",0.00%
625,France,Female,52,2,"€ 79,468.96",1,1,1,"€ 84,606.03",50.00%
679,Germany,Female,34,7,"€ 1,21,063.85",1,1,0,"€ 56,984.58",0.00%
734,France,Male,51,1,"€ 1,18,537.47",1,1,1,"€ 1,16,912.45",100.00%
666,France,Male,39,10, € -   ,2,1,0,"€ 1,02,999.33",0.00%
592,Germany,Female,26,4,"€ 1,05,082.07",2,1,0,"€ 1,32,801.57",0.00%
564,France,Male,40,4, € -   ,1,1,0,"€ 85,455.62",0.00%
814,France,Female,36,6, € -   ,2,1,1,"€ 98,657.01",33.33%
592,Germany,Male,36,2,"€ 1,04,702.65",2,1,0,"€ 1,07,948.72",0.00%
758,France,Female,50,2,"€ 95,813.76",3,1,1,"€ 67,944.09",150.00%
612,Spain,Female,62,0,"€ 1,67,026.61",2,1,1,"€ 1,92,892.05",200.00%
498,Germany,Male,61,7,"€ 1,02,453.26",1,1,0,"€ 1,87,247.56",0.00%
638,Germany,Male,25,4,"€ 1,48,045.45",2,1,1,"€ 1,14,722.42",50.00%
558,France,Male,35,1, € -   ,2,0,0,"€ 1,11,687.57",0.00%
756,France,Female,24,1, € -   ,2,1,0,"€ 1,84,182.25",0.00%
782,Spain,Male,52,4, € -   ,1,1,1,"€ 52,759.82",25.00%
505,France,Male,34,10,"€ 1,04,498.79",1,0,1,"€ 1,26,451.14",10.00%
671,Spain,Female,29,6, € -   ,2,0,0,"€ 12,048.67",0.00%
801,France,Male,42,6, € -   ,2,1,1,"€ 95,804.33",33.33%
604,France,Male,26,8,"€ 1,49,542.52",2,0,1,"€ 1,97,911.52",25.00%
716,France,Female,29,10,"€ 87,946.39",1,1,1,"€ 1,82,531.74",10.00%
624,France,Female,45,3,"€ 68,639.57",1,1,0,"€ 1,68,002.31",0.00%
607,Germany,Male,47,4,"€ 1,48,826.32",1,1,1,"€ 79,450.61",25.00%
827,France,Female,60,2, € -   ,2,0,1,"€ 60,615.83",100.00%
606,France,Male,61,5,"€ 1,08,166.09",2,0,1,"€ 8,643.21",40.00%
717,Germany,Female,35,5,"€ 1,03,214.71",1,1,0,"€ 1,72,172.70",0.00%
651,Germany,Male,40,1,"€ 1,34,760.21",2,0,0,"€ 1,74,434.06",0.00%
691,France,Male,58,3, € -   ,1,0,1,"€ 1,94,930.30",33.33%
573,France,Female,33,0,"€ 90,124.64",1,1,0,"€ 1,37,476.71",0.00%
723,Spain,Male,38,6, € -   ,2,1,1,"€ 94,415.60",33.33%
584,Germany,Female,46,6,"€ 87,361.02",2,1,0,"€ 1,20,376.87",0.00%
550,Germany,Female,45,8,"€ 1,11,257.59",1,0,0,"€ 97,623.42",0.00%
611,France,Female,61,3,"€ 1,31,583.59",4,0,1,"€ 66,238.23",133.33%
549,Germany,Male,41,9,"€ 95,020.80",3,1,1,"€ 1,31,710.59",33.33%
850,Spain,Female,24,1, € -   ,2,0,1,"€ 69,052.87",200.00%
668,Germany,Male,34,5,"€ 80,242.37",2,0,0,"€ 56,780.97",0.00%
686,France,Female,43,0, € -   ,1,1,1,"€ 1,70,072.90",100.00%
660,France,Male,50,1, € -   ,3,1,1,"€ 1,91,849.15",300.00%
682,Spain,Female,59,0,"€ 1,22,661.39",1,0,1,"€ 84,803.76",100.00%
524,France,Male,50,4, € -   ,2,1,1,"€ 31,840.59",50.00%
645,France,Female,36,8, € -   ,2,1,1,"€ 12,096.61",25.00%
850,France,Male,42,0, € -   ,2,1,0,"€ 44,165.84",0.00%
537,France,Female,53,3, € -   ,1,1,1,"€ 91,406.62",33.33%
599,Spain,Female,46,7,"€ 81,742.84",2,1,0,"€ 83,282.21",0.00%
727,Spain,Male,71,8, € -   ,1,1,1,"€ 1,98,446.91",12.50%
756,Spain,Male,30,2,"€ 1,45,127.85",1,0,0,"€ 7,554.68",0.00%
755,France,Male,38,9,"€ 1,48,912.44",1,1,0,"€ 80,416.16",0.00%
634,Spain,Female,41,4, € -   ,2,1,1,"€ 1,64,549.74",50.00%
837,France,Male,26,4,"€ 89,900.24",2,1,0,"€ 1,75,477.03",0.00%
727,Germany,Female,30,8,"€ 1,19,027.28",2,1,1,"€ 1,37,903.54",25.00%
567,Germany,Female,40,2,"€ 1,05,222.86",2,1,0,"€ 93,795.86",0.00%
650,Spain,Female,30,6, € -   ,1,0,0,"€ 67,997.13",0.00%
655,Spain,Male,34,1,"€ 1,16,114.93",1,1,1,"€ 49,492.15",100.00%
763,France,Female,58,9,"€ 1,87,911.55",1,0,1,"€ 35,825.18",11.11%
843,France,Female,27,5, € -   ,2,1,1,"€ 67,494.23",40.00%
667,France,Female,38,6,"€ 1,44,432.04",1,1,1,"€ 73,963.17",16.67%
705,France,Female,50,4,"€ 77,065.90",2,0,1,"€ 1,45,159.26",50.00%
660,Germany,Female,29,6,"€ 1,80,520.29",1,1,1,"€ 1,23,850.58",16.67%
553,France,Male,42,1, € -   ,2,0,0,"€ 23,822.04",0.00%
612,Germany,Female,47,6,"€ 1,30,024.87",1,1,1,"€ 45,750.21",16.67%
641,Germany,Female,40,2,"€ 1,10,086.69",1,1,0,"€ 1,59,773.14",0.00%
513,Spain,Female,31,5,"€ 1,74,853.46",1,1,0,"€ 84,238.63",0.00%
680,France,Male,44,7,"€ 1,08,724.98",1,0,1,"€ 72,330.46",14.29%
711,France,Male,58,9,"€ 91,285.13",2,1,1,"€ 26,767.85",22.22%
689,Spain,Male,40,2, € -   ,2,1,1,"€ 1,64,768.82",100.00%
665,Germany,Female,51,9,"€ 1,10,610.41",2,0,1,"€ 1,112.76",22.22%
551,Germany,Male,54,5,"€ 1,02,994.04",1,1,0,"€ 1,76,680.16",0.00%
645,Spain,Male,36,4,"€ 59,893.85",2,1,0,"€ 43,999.64",0.00%
616,Germany,Male,29,8,"€ 1,49,318.55",1,1,0,"€ 1,40,746.13",0.00%
582,France,Female,32,1,"€ 1,16,409.55",1,0,1,"€ 1,52,790.92",100.00%
365,Germany,Male,30,0,"€ 1,27,760.07",1,1,0,"€ 81,537.85",0.00%
697,Germany,Female,38,6,"€ 1,32,591.36",1,1,1,"€ 7,387.80",16.67%
704,France,Male,31,0, € -   ,2,1,0,"€ 1,83,038.33",0.00%
656,France,Female,46,5,"€ 1,13,402.14",2,1,1,"€ 1,38,849.06",40.00%
712,France,Female,31,7, € -   ,2,1,0,"€ 1,70,333.38",0.00%
748,France,Male,40,0, € -   ,1,0,0,"€ 60,416.76",0.00%
724,France,Male,28,9, € -   ,2,1,1,"€ 1,00,240.20",22.22%
691,France,Male,50,6,"€ 1,36,953.47",1,1,1,"€ 2,704.98",16.67%
563,France,Male,33,8, € -   ,2,0,1,"€ 68,815.05",25.00%
741,France,Male,32,5, € -   ,1,1,1,"€ 64,839.23",20.00%
778,France,Male,44,8,"€ 1,23,863.64",1,1,0,"€ 1,44,494.94",0.00%
848,Spain,Male,22,7,"€ 1,20,811.89",1,1,1,"€ 1,85,510.34",14.29%
634,Germany,Male,38,2,"€ 1,48,430.55",1,1,1,"€ 56,055.72",50.00%
505,Germany,Male,40,6,"€ 47,869.69",2,1,1,"€ 1,55,061.97",33.33%
692,Germany,Male,53,7,"€ 1,50,926.99",2,0,0,"€ 1,19,817.19",0.00%
537,Germany,Female,47,6,"€ 1,03,163.35",1,1,0,"€ 16,259.64",0.00%
633,France,Male,29,10,"€ 1,30,206.28",1,1,0,"€ 1,84,654.87",0.00%
833,France,Female,28,4,"€ 1,36,674.51",2,0,0,"€ 5,278.78",0.00%
592,Spain,Female,40,2,"€ 2,00,322.45",1,1,1,"€ 1,13,244.73",50.00%
587,Spain,Male,48,1, € -   ,2,1,1,"€ 8,908.00",200.00%
550,Spain,Male,62,7,"€ 80,927.56",1,0,1,"€ 64,490.67",14.29%
680,France,Female,24,10, € -   ,3,1,0,"€ 1,54,971.63",0.00%
622,Spain,Female,41,9, € -   ,2,1,1,"€ 1,55,786.39",22.22%
594,Germany,Male,28,0,"€ 1,42,574.71",2,1,0,"€ 1,29,084.82",0.00%
643,Germany,Female,34,7,"€ 1,60,426.07",1,0,1,"€ 1,88,533.11",14.29%
540,France,Male,25,5,"€ 1,16,160.23",1,1,0,"€ 13,411.67",0.00%
635,Spain,Female,34,5,"€ 98,683.47",2,1,0,"€ 15,733.19",0.00%
657,France,Male,32,3,"€ 1,18,829.03",2,1,1,"€ 73,127.61",66.67%
814,France,Male,31,1,"€ 1,18,870.92",1,1,0,"€ 1,01,704.19",0.00%
600,France,Male,32,1, € -   ,1,1,1,"€ 1,01,986.16",100.00%
682,France,Female,46,2, € -   ,1,1,1,"€ 1,14,442.66",50.00%
682,France,Male,38,4,"€ 1,07,192.38",1,1,1,"€ 15,669.17",25.00%
566,France,Male,42,3,"€ 1,08,010.78",1,1,1,"€ 1,57,486.10",33.33%
550,Spain,Male,34,3, € -   ,2,0,0,"€ 1,31,281.28",0.00%
630,France,Male,26,7,"€ 1,29,837.72",2,0,1,"€ 1,97,001.15",28.57%
546,Germany,Female,58,3,"€ 1,06,458.31",4,1,0,"€ 1,28,881.87",0.00%
486,France,Male,63,9,"€ 97,009.15",1,1,1,"€ 85,101.00",11.11%
762,Spain,Male,35,9,"€ 1,22,929.42",2,0,0,"€ 1,49,822.04",0.00%
692,Germany,Male,45,6,"€ 1,52,296.83",4,0,1,"€ 1,08,040.86",66.67%
498,France,Female,30,1, € -   ,2,0,0,"€ 1,35,795.53",0.00%
850,Spain,Male,49,8, € -   ,1,0,0,"€ 25,867.67",0.00%
603,France,Male,35,6,"€ 1,28,993.76",2,1,0,"€ 1,30,483.56",0.00%
551,France,Female,36,5, € -   ,1,1,0,"€ 1,83,479.12",0.00%
627,Germany,Male,27,0,"€ 1,85,267.45",2,1,1,"€ 77,027.34",200.00%
515,France,Female,28,9, € -   ,2,0,0,"€ 94,141.75",0.00%
605,Spain,Female,29,3,"€ 1,16,805.82",1,0,0,"€ 4,092.75",0.00%
567,Germany,Male,29,5,"€ 1,29,750.68",1,1,0,"€ 1,09,257.59",0.00%
568,Germany,Female,29,2,"€ 1,29,177.01",2,0,1,"€ 1,04,617.99",100.00%
571,Germany,Male,25,6,"€ 82,506.72",2,1,0,"€ 1,67,705.07",0.00%
634,Germany,Male,48,2,"€ 1,07,247.69",1,1,1,"€ 1,03,712.05",50.00%
768,Spain,Female,42,3, € -   ,1,0,0,"€ 1,61,242.99",0.00%
554,Germany,Female,36,3,"€ 1,57,780.93",2,1,0,"€ 6,089.13",0.00%
629,France,Male,35,1,"€ 1,72,170.36",1,1,1,"€ 1,59,777.37",100.00%
638,Spain,Male,48,2, € -   ,2,1,1,"€ 7,919.08",100.00%
576,France,Male,41,1, € -   ,1,1,1,"€ 1,88,274.60",100.00%
661,Spain,Female,42,9,"€ 75,361.44",1,1,0,"€ 27,608.12",0.00%
592,France,Female,27,4, € -   ,2,1,1,"€ 1,83,569.25",50.00%
702,Spain,Male,30,2, € -   ,2,1,1,"€ 1,45,537.32",100.00%
647,France,Female,29,0,"€ 98,263.46",2,1,0,"€ 1,64,717.95",0.00%
593,France,Male,43,9, € -   ,2,1,1,"€ 76,357.43",22.22%
712,Germany,Female,40,3,"€ 1,09,308.79",2,1,0,"€ 1,20,158.72",0.00%
625,Spain,Female,31,8, € -   ,2,1,0,"€ 1,51,843.54",0.00%
538,Germany,Female,28,6,"€ 1,64,365.44",1,0,1,"€ 5,698.97",16.67%
637,Spain,Female,22,5,"€ 98,800.00",1,1,0,"€ 1,22,865.55",0.00%
632,France,Male,27,4,"€ 1,93,125.85",1,1,1,"€ 1,52,665.85",25.00%
736,France,Male,27,5,"€ 51,522.75",1,0,1,"€ 1,92,131.77",20.00%
755,France,Male,23,5,"€ 84,284.48",2,1,1,"€ 62,851.60",40.00%
425,Spain,Female,39,5, € -   ,2,1,0,"€ 1,40,941.47",0.00%
461,France,Male,51,9,"€ 1,19,889.84",1,0,0,"€ 56,767.67",0.00%
745,France,Male,21,4,"€ 1,37,910.45",1,1,1,"€ 1,77,235.23",25.00%
616,France,Female,37,6, € -   ,2,1,0,"€ 86,242.18",0.00%
587,France,Male,33,5,"€ 1,00,116.82",1,1,0,"€ 34,215.58",0.00%
850,Germany,Male,40,4,"€ 1,66,082.15",2,0,1,"€ 44,406.17",50.00%
601,France,Female,38,0, € -   ,2,1,0,"€ 1,65,196.65",0.00%
730,Spain,Male,26,3, € -   ,1,1,0,"€ 34,542.41",0.00%
532,France,Male,44,3,"€ 1,48,595.55",1,1,0,"€ 74,838.64",0.00%
850,Germany,Male,53,2,"€ 94,078.97",2,1,0,"€ 36,980.54",0.00%
779,Spain,Female,34,5, € -   ,2,0,1,"€ 1,11,676.63",40.00%
562,France,Male,29,9, € -   ,1,1,1,"€ 25,858.68",11.11%
670,Germany,Male,40,2,"€ 1,64,948.98",3,0,0,"€ 1,77,028.00",0.00%
729,France,Female,62,4,"€ 1,40,549.40",1,1,0,"€ 30,990.16",0.00%
767,France,Female,44,2,"€ 1,52,509.25",1,1,1,"€ 1,36,915.15",50.00%
742,France,Female,28,2,"€ 1,91,864.51",1,1,0,"€ 1,08,457.99",0.00%
669,France,Female,44,8,"€ 96,418.09",1,0,0,"€ 1,31,609.48",0.00%
542,Spain,Male,32,2,"€ 1,31,945.94",1,0,1,"€ 1,59,737.56",50.00%
586,France,Male,29,3, € -   ,2,1,1,"€ 1,42,238.54",66.67%
612,Germany,Male,30,9,"€ 1,42,910.15",1,1,0,"€ 1,05,890.55",0.00%
740,France,Female,37,7, € -   ,2,1,1,"€ 1,94,270.91",28.57%
584,France,Male,35,3,"€ 1,46,311.58",1,1,1,"€ 1,05,443.47",33.33%
524,France,Male,52,2,"€ 87,894.26",1,1,0,"€ 1,73,899.42",0.00%
614,France,Female,19,5,"€ 97,445.49",2,1,0,"€ 1,22,823.34",0.00%
598,France,Female,64,9, € -   ,1,0,1,"€ 13,181.37",11.11%
799,Spain,Male,35,7, € -   ,2,0,1,"€ 1,40,780.80",28.57%
724,France,Male,34,2,"€ 1,54,485.74",2,0,0,"€ 78,560.64",0.00%
601,France,Male,50,2,"€ 1,15,625.07",1,1,0,"€ 1,85,855.21",0.00%
804,France,Male,25,7,"€ 1,08,396.67",1,1,0,"€ 1,28,276.95",0.00%
745,Germany,Male,38,5,"€ 65,095.41",2,1,1,"€ 1,40,197.42",40.00%
667,Germany,Male,43,1,"€ 1,03,018.45",1,1,0,"€ 32,462.39",0.00%
518,France,Female,38,10,"€ 84,764.79",1,1,1,"€ 1,62,253.90",10.00%
819,France,Female,38,10, € -   ,2,1,0,"€ 30,498.70",0.00%
520,Spain,Female,35,4,"€ 1,15,680.81",1,1,1,"€ 90,280.70",25.00%
625,France,Female,39,5, € -   ,2,1,0,"€ 32,615.21",0.00%
673,Germany,Male,36,5,"€ 73,088.06",2,0,0,"€ 1,96,142.26",0.00%
656,Germany,Female,27,3,"€ 1,50,905.03",2,1,0,"€ 16,998.72",0.00%
850,Spain,Female,23,9,"€ 1,43,054.85",1,0,1,"€ 62,980.96",11.11%
574,Spain,Female,28,7, € -   ,2,0,0,"€ 1,85,660.30",0.00%
679,France,Male,60,6, € -   ,2,1,1,"€ 77,331.77",33.33%
530,Germany,Female,42,0,"€ 99,948.45",1,0,1,"€ 97,338.62",100.00%
508,France,Male,44,3,"€ 1,15,451.05",2,0,0,"€ 67,234.33",0.00%
558,Germany,Male,32,4,"€ 1,08,235.91",1,1,1,"€ 1,43,783.28",25.00%
414,France,Male,38,8, € -   ,1,0,1,"€ 77,661.12",12.50%
648,Spain,Male,42,2,"€ 98,795.61",2,1,0,"€ 89,123.99",0.00%
721,France,Female,37,1, € -   ,2,1,0,"€ 70,810.80",0.00%
751,France,Male,31,8, € -   ,2,0,0,"€ 17,550.49",0.00%
662,France,Male,34,2, € -   ,2,0,1,"€ 21,497.27",100.00%
628,Germany,Male,29,3,"€ 1,13,146.98",2,0,1,"€ 1,24,749.08",66.67%
597,Germany,Female,39,8,"€ 1,62,532.14",3,1,0,"€ 36,051.46",0.00%
698,Spain,Female,40,0,"€ 92,053.44",1,1,1,"€ 1,43,681.83",100.00%
723,France,Male,48,7, € -   ,2,1,1,"€ 1,50,694.58",28.57%
586,France,Female,28,5, € -   ,3,1,0,"€ 1,70,487.40",0.00%
633,Germany,Female,29,8,"€ 1,04,944.10",1,1,1,"€ 97,684.46",12.50%
564,France,Male,31,4, € -   ,2,1,0,"€ 53,520.03",0.00%
649,France,Female,31,2, € -   ,2,1,0,"€ 15,200.61",0.00%
622,France,Female,30,4,"€ 1,07,879.04",1,0,1,"€ 1,96,894.62",25.00%
459,Germany,Male,46,7,"€ 1,10,356.42",1,1,0,"€ 4,969.13",0.00%
718,France,Male,27,2, € -   ,2,0,0,"€ 26,229.24",0.00%
655,Spain,Female,34,4,"€ 1,09,783.69",2,1,0,"€ 1,34,034.32",0.00%
696,France,Male,22,9,"€ 1,49,777.00",1,1,1,"€ 1,98,032.93",11.11%
637,France,Female,38,3,"€ 1,04,339.56",1,0,0,"€ 1,19,882.86",0.00%
630,Spain,Female,21,1,"€ 85,818.18",1,1,1,"€ 1,33,102.30",100.00%
592,France,Male,37,4,"€ 2,12,692.97",1,0,0,"€ 1,76,395.02",0.00%
634,Germany,Male,37,1,"€ 89,696.84",2,1,1,"€ 1,93,179.88",200.00%
608,France,Female,28,9, € -   ,2,1,1,"€ 1,25,062.02",22.22%
565,Germany,Female,32,9,"€ 68,067.24",1,1,0,"€ 1,43,287.58",0.00%
763,Spain,Male,67,9,"€ 1,48,564.66",1,0,1,"€ 87,236.40",11.11%
665,France,Female,55,8,"€ 1,36,354.16",1,1,1,"€ 93,769.89",12.50%
649,France,Male,38,1,"€ 1,22,214.00",1,0,1,"€ 88,965.46",100.00%
695,France,Male,45,3, € -   ,2,1,1,"€ 30,793.61",66.67%
775,Germany,Male,70,6,"€ 1,19,684.88",2,1,1,"€ 74,532.02",33.33%
788,France,Female,39,3,"€ 1,35,139.33",1,0,1,"€ 1,13,086.08",33.33%
569,Germany,Female,42,9,"€ 1,46,100.75",1,1,0,"€ 32,574.01",0.00%
726,Spain,Female,56,8,"€ 1,23,110.90",3,0,1,"€ 1,30,113.78",37.50%
564,Germany,Female,44,3,"€ 1,11,760.40",3,1,1,"€ 1,04,722.47",100.00%
544,France,Female,32,9,"€ 1,10,728.39",1,1,1,"€ 14,559.62",11.11%
614,France,Female,41,8,"€ 1,21,558.46",1,1,1,€ 598.80,12.50%
453,Germany,Female,38,8,"€ 1,20,623.21",1,1,0,"€ 1,29,697.99",0.00%
471,France,Female,58,4,"€ 1,14,713.57",1,1,1,"€ 36,315.03",25.00%
829,Germany,Female,37,3,"€ 1,03,457.76",1,0,0,"€ 1,114.12",0.00%
754,Germany,Male,57,2,"€ 1,01,134.87",2,1,1,"€ 70,954.41",100.00%
749,Germany,Male,46,10,"€ 78,136.36",2,1,1,"€ 73,470.98",20.00%
667,France,Male,23,1, € -   ,2,1,0,"€ 91,573.19",0.00%
670,Spain,Male,30,3,"€ 1,33,446.34",1,0,0,"€ 3,154.95",0.00%
670,France,Female,33,7, € -   ,2,1,1,"€ 88,187.81",28.57%
623,Germany,Female,48,1,"€ 1,08,076.33",1,1,0,"€ 1,18,855.26",0.00%
571,France,Male,32,5,"€ 1,31,354.25",1,1,0,"€ 1,25,256.53",0.00%
641,Germany,Female,37,7,"€ 62,974.64",2,0,1,"€ 39,016.43",28.57%
551,Germany,Female,30,2,"€ 1,43,340.44",1,1,0,"€ 1,45,796.49",0.00%
741,Germany,Male,36,8,"€ 1,16,993.43",2,1,0,"€ 1,68,816.22",0.00%
472,France,Male,31,4,"€ 58,662.92",2,0,1,"€ 73,322.00",50.00%
650,Spain,Male,41,3,"€ 1,28,808.65",3,0,0,"€ 1,13,677.53",0.00%
625,France,Male,45,7,"€ 1,37,555.44",1,0,0,"€ 1,24,607.70",0.00%
650,Germany,Male,34,4,"€ 1,42,393.11",1,1,1,"€ 11,276.48",25.00%
535,France,Female,38,8, € -   ,2,1,0,"€ 1,36,620.64",0.00%
649,France,Female,41,2,"€ 1,25,785.23",1,1,1,"€ 70,523.92",50.00%
689,France,Male,22,4,"€ 1,36,444.25",1,1,0,"€ 51,980.25",0.00%
694,Spain,Male,38,7,"€ 1,21,527.40",1,1,0,"€ 1,13,481.02",0.00%
655,Germany,Male,52,9,"€ 1,44,696.75",1,1,1,"€ 49,025.79",11.11%
620,France,Male,36,8, € -   ,2,1,1,"€ 1,45,937.99",25.00%
577,France,Female,35,10, € -   ,2,1,1,"€ 25,161.61",20.00%
401,Germany,Male,48,8,"€ 1,28,140.17",1,1,0,"€ 1,75,753.55",0.00%
599,France,Male,25,6,"€ 1,20,383.41",1,1,1,"€ 24,903.09",16.67%
481,France,Female,57,9, € -   ,3,1,1,"€ 1,69,719.35",33.33%
704,France,Male,42,8,"€ 1,29,735.30",2,1,1,"€ 1,79,565.57",25.00%
698,Spain,Female,31,8,"€ 1,85,078.26",1,0,0,"€ 1,15,337.74",0.00%
480,France,Female,28,6, € -   ,2,0,0,"€ 48,131.92",0.00%
682,France,Male,42,0, € -   ,1,1,1,"€ 1,60,828.98",100.00%
700,Spain,Male,31,7, € -   ,2,0,1,"€ 1,45,151.96",28.57%
492,France,Male,29,1,"€ 1,44,591.96",1,1,1,"€ 1,96,293.76",100.00%
444,France,Female,45,4, € -   ,2,1,0,"€ 1,61,653.50",0.00%
624,France,Male,36,6, € -   ,2,0,0,"€ 84,635.64",0.00%
709,France,Male,37,7, € -   ,1,1,0,"€ 1,59,486.76",0.00%
557,Germany,Male,68,2,"€ 1,00,194.44",1,1,1,"€ 38,596.34",50.00%
646,Germany,Male,50,6,"€ 1,45,295.31",2,1,1,"€ 27,814.74",33.33%
719,Germany,Male,28,3,"€ 1,06,070.29",2,1,1,"€ 1,83,893.31",66.67%
706,Germany,Female,47,6,"€ 1,20,621.89",1,1,1,"€ 1,40,803.70",16.67%
660,France,Male,38,7, € -   ,2,0,1,"€ 1,46,585.53",28.57%
667,France,Male,36,9, € -   ,2,1,1,"€ 40,062.29",22.22%
705,France,Male,30,1, € -   ,1,1,1,"€ 1,81,300.32",100.00%
598,Germany,Female,27,10,"€ 1,71,283.91",1,1,1,"€ 84,136.12",10.00%
669,France,Male,26,4, € -   ,2,1,1,"€ 1,97,594.34",50.00%
580,Germany,Female,38,1,"€ 1,28,218.47",1,1,0,"€ 1,25,953.83",0.00%
676,France,Female,32,5, € -   ,2,1,1,"€ 75,465.41",40.00%
714,Germany,Male,28,7,"€ 77,776.39",1,1,0,"€ 1,77,737.07",0.00%
597,Germany,Female,72,6,"€ 1,24,978.19",2,1,1,"€ 7,144.46",33.33%
559,France,Male,29,1, € -   ,2,0,0,"€ 1,55,639.76",0.00%
564,France,Female,28,1, € -   ,1,1,1,"€ 1,62,428.05",100.00%
850,Spain,Male,51,3,"€ 1,09,799.55",2,1,1,"€ 12,457.76",66.67%
689,France,Male,39,7, € -   ,2,0,0,"€ 14,917.09",0.00%
758,Germany,Female,61,8,"€ 1,25,397.21",1,1,0,"€ 1,82,184.09",0.00%
604,Spain,Female,71,10, € -   ,2,1,1,"€ 1,29,984.20",20.00%
733,Germany,Male,38,9,"€ 1,11,347.37",2,0,1,"€ 1,94,872.97",22.22%
778,Spain,Male,40,8,"€ 1,04,291.41",2,1,1,"€ 1,17,507.11",25.00%
732,Germany,Female,61,9,"€ 94,867.18",2,1,1,"€ 1,57,527.60",22.22%
646,France,Male,24,8, € -   ,2,0,0,"€ 92,612.88",0.00%
597,France,Female,33,6,"€ 1,35,703.59",2,0,0,"€ 74,850.84",0.00%
821,Germany,Female,37,5,"€ 1,06,453.53",2,0,1,"€ 1,27,413.00",40.00%
640,France,Male,43,7,"€ 1,32,412.38",1,0,0,"€ 69,584.30",0.00%
511,Germany,Female,40,9,"€ 1,24,401.60",1,1,0,"€ 1,98,814.24",0.00%
805,France,Male,46,6,"€ 1,18,022.06",3,1,0,"€ 1,62,643.15",0.00%
540,Germany,Male,39,1,"€ 82,531.11",1,1,0,"€ 1,14,092.52",0.00%
705,Spain,Male,44,0,"€ 1,84,552.12",1,1,0,"€ 68,860.30",0.00%
540,Germany,Male,39,4,"€ 1,27,278.31",1,1,1,"€ 16,150.34",25.00%
532,Spain,Female,66,3, € -   ,1,1,1,"€ 1,15,227.02",33.33%
535,France,Female,45,2, € -   ,2,0,1,"€ 1,70,621.55",100.00%
627,Germany,Male,23,5,"€ 1,84,244.86",1,1,0,"€ 1,03,099.22",0.00%
646,France,Male,52,8,"€ 59,669.43",1,0,0,"€ 1,72,495.81",0.00%
515,France,Female,25,7,"€ 79,543.59",1,0,1,"€ 38,772.82",14.29%
697,France,Female,39,6,"€ 1,51,553.19",1,1,1,"€ 44,946.29",16.67%
652,Germany,Male,27,2,"€ 1,66,527.88",2,0,1,"€ 1,46,007.70",100.00%
579,Germany,Male,28,6,"€ 1,50,329.15",1,1,0,"€ 1,45,558.42",0.00%
760,France,Male,43,8,"€ 1,21,911.59",1,1,0,"€ 1,93,312.33",0.00%
769,France,Male,51,9,"€ 1,56,773.78",2,1,0,"€ 40,257.79",0.00%
498,Spain,Male,29,8,"€ 1,27,864.26",1,1,1,"€ 46,677.90",12.50%
774,France,Male,53,4,"€ 1,13,709.28",1,1,1,"€ 1,53,887.93",25.00%
705,Germany,Female,43,7,"€ 79,974.55",1,1,1,"€ 1,03,108.33",14.29%
648,France,Female,44,2, € -   ,2,1,1,"€ 58,652.23",100.00%
688,France,Female,51,5, € -   ,1,1,0,"€ 91,624.11",0.00%
592,Spain,Male,38,0, € -   ,1,1,0,"€ 65,986.48",0.00%
705,France,Male,33,3,"€ 1,44,427.96",2,1,0,"€ 1,13,845.19",0.00%
654,France,Male,42,7,"€ 99,263.09",1,1,1,"€ 67,607.90",14.29%
624,France,Female,32,2,"€ 79,368.87",2,1,1,"€ 1,45,471.94",100.00%
594,France,Female,30,10, € -   ,2,1,1,"€ 1,24,071.71",20.00%
695,Spain,Female,34,9, € -   ,2,1,1,"€ 67,502.12",22.22%
597,France,Male,28,2, € -   ,3,1,1,"€ 78,707.97",150.00%
758,France,Female,52,7,"€ 1,25,095.94",1,1,0,"€ 1,71,189.83",0.00%
737,Germany,Female,40,2,"€ 1,62,485.80",2,1,0,"€ 1,49,381.32",0.00%
694,Germany,Male,37,1,"€ 95,668.82",2,1,0,"€ 1,00,335.55",0.00%
683,France,Male,25,4, € -   ,2,1,0,"€ 1,52,698.24",0.00%
538,Spain,Female,30,8, € -   ,2,1,1,"€ 41,192.95",25.00%
669,France,Male,37,4, € -   ,1,1,0,"€ 1,32,540.33",0.00%
730,France,Female,34,5,"€ 74,197.38",2,1,0,"€ 96,875.52",0.00%
622,France,Female,31,1,"€ 89,688.94",1,1,1,"€ 1,52,305.47",100.00%
714,Spain,Female,33,10,"€ 1,03,121.33",2,1,1,"€ 49,672.01",20.00%
569,Spain,Female,34,3, € -   ,1,1,0,"€ 1,33,997.53",0.00%
668,Germany,Female,59,5,"€ 1,20,170.07",1,0,1,"€ 50,454.80",20.00%
628,France,Male,32,9,"€ 1,49,136.31",2,1,1,"€ 16,402.11",22.22%
600,France,Male,40,1,"€ 1,41,136.79",1,1,1,"€ 67,803.83",100.00%
693,France,Female,43,4,"€ 1,52,341.55",1,1,0,"€ 9,241.78",0.00%
704,France,Male,36,7,"€ 1,20,026.98",2,0,1,"€ 1,00,601.73",28.57%
527,Spain,Male,33,9,"€ 1,32,168.28",1,0,0,"€ 98,734.15",0.00%
553,Germany,Male,43,6,"€ 85,200.82",2,1,1,"€ 1,60,574.09",33.33%
575,Spain,Male,53,1,"€ 84,903.33",2,0,1,"€ 26,015.80",200.00%
626,France,Female,32,0, € -   ,2,0,0,"€ 1,87,172.54",0.00%
582,France,Male,20,4, € -   ,1,1,1,"€ 55,763.66",25.00%
683,Spain,Male,40,8, € -   ,1,1,0,"€ 75,848.22",0.00%
850,France,Male,30,9,"€ 1,21,535.18",1,0,0,"€ 40,313.47",0.00%
653,Spain,Male,35,6,"€ 1,16,662.96",2,1,1,"€ 23,864.21",33.33%
679,France,Male,60,8, € -   ,2,1,1,"€ 51,380.90",25.00%
549,Germany,Female,49,6,"€ 1,24,829.16",1,0,1,"€ 93,551.36",16.67%
850,Spain,Female,36,2,"€ 1,55,180.56",2,0,0,"€ 1,69,415.54",0.00%
558,Germany,Female,32,1,"€ 1,08,262.87",1,1,1,"€ 6,935.31",100.00%
528,Spain,Male,40,4, € -   ,2,1,0,"€ 25,399.70",0.00%
801,France,Male,38,5, € -   ,2,1,0,"€ 66,256.27",0.00%
513,Spain,Male,48,2, € -   ,1,1,1,"€ 1,14,709.13",50.00%
666,Germany,Male,38,6,"€ 99,812.88",2,1,1,"€ 1,58,357.97",33.33%
606,France,Male,35,2,"€ 1,32,164.26",1,0,1,"€ 1,64,815.59",50.00%
599,Germany,Male,45,10,"€ 1,03,583.05",1,1,0,"€ 1,32,127.69",0.00%
544,Germany,Male,39,4,"€ 1,42,406.43",2,1,0,"€ 1,46,637.45",0.00%
529,Spain,Male,38,7,"€ 99,842.50",2,1,0,"€ 90,256.06",0.00%
850,France,Female,41,5, € -   ,2,1,1,"€ 34,827.43",40.00%
497,France,Male,41,9, € -   ,1,0,0,"€ 22,074.48",0.00%
764,France,Female,39,5,"€ 81,042.42",1,0,1,"€ 1,09,805.17",20.00%
603,France,Female,48,5, € -   ,1,1,0,"€ 1,00,478.60",0.00%
609,France,Male,40,6, € -   ,2,1,1,"€ 97,416.34",33.33%
487,France,Male,53,4,"€ 1,99,689.49",1,1,1,"€ 24,207.86",25.00%
748,France,Male,33,1,"€ 1,42,645.43",1,0,0,"€ 69,132.66",0.00%
710,Spain,Female,75,5, € -   ,2,1,1,"€ 9,376.89",40.00%
432,Germany,Female,45,3,"€ 1,10,219.14",1,1,0,"€ 43,046.70",0.00%
534,Spain,Male,51,3, € -   ,2,0,1,"€ 20,856.31",66.67%
607,France,Male,25,3, € -   ,2,0,0,"€ 1,87,048.72",0.00%
551,Spain,Male,32,4, € -   ,2,1,0,"€ 53,420.53",0.00%
674,France,Male,45,7,"€ 1,42,072.02",1,1,0,"€ 37,013.29",0.00%
525,France,Female,25,6, € -   ,2,1,0,"€ 89,566.64",0.00%
645,Germany,Male,33,8,"€ 1,49,564.61",1,0,0,"€ 1,49,913.84",0.00%
755,France,Female,43,9, € -   ,2,1,0,"€ 18,066.69",0.00%
708,Germany,Male,37,8,"€ 1,53,366.13",1,1,1,"€ 26,912.34",12.50%
715,France,Male,21,6,"€ 76,467.16",1,1,1,"€ 1,73,511.72",16.67%
727,France,Female,26,9,"€ 1,21,508.28",1,1,1,"€ 1,46,785.44",11.11%
559,Spain,Female,27,1, € -   ,1,0,1,"€ 1,050.33",100.00%
545,Spain,Male,36,8,"€ 73,211.12",2,1,0,"€ 89,587.34",0.00%
524,France,Male,22,9, € -   ,2,1,0,"€ 74,405.34",0.00%
707,France,Female,55,1, € -   ,2,0,1,"€ 54,409.48",200.00%
671,Spain,Male,38,0,"€ 92,674.94",2,1,0,"€ 3,647.57",0.00%
439,Spain,Male,52,3,"€ 96,196.24",4,1,0,"€ 1,98,874.52",0.00%
667,Germany,Female,36,1,"€ 1,14,391.62",1,1,1,"€ 53,412.54",100.00%
831,Germany,Male,32,9,"€ 80,262.66",1,1,0,"€ 1,94,867.78",0.00%
545,Spain,Female,33,7,"€ 1,73,331.52",1,1,0,"€ 1,50,452.88",0.00%
604,Spain,Female,35,7,"€ 1,47,285.52",1,1,1,"€ 57,807.05",14.29%
657,Spain,Male,67,5,"€ 1,19,785.47",2,1,1,"€ 1,07,534.32",40.00%
487,Spain,Female,36,1,"€ 1,40,137.15",1,1,0,"€ 1,94,073.33",0.00%
750,Germany,Female,52,6,"€ 1,07,467.56",1,1,0,"€ 1,26,233.18",0.00%
694,Germany,Female,37,8,"€ 98,218.04",2,1,0,"€ 1,82,354.46",0.00%
711,Germany,Female,35,2,"€ 1,33,607.75",1,1,1,"€ 1,20,586.32",50.00%
551,France,Male,37,3, € -   ,2,1,1,"€ 50,578.40",66.67%
559,France,Female,38,8,"€ 95,139.41",1,1,1,"€ 86,575.46",12.50%
620,France,Female,29,3, € -   ,2,0,1,"€ 1,53,392.28",66.67%
660,Spain,Male,42,5, € -   ,2,1,0,"€ 1,15,509.59",0.00%
449,France,Female,37,6, € -   ,2,1,0,"€ 82,176.48",0.00%
703,Germany,Female,26,1,"€ 97,331.19",1,1,0,"€ 63,717.49",0.00%
795,Germany,Male,37,2,"€ 1,39,265.63",2,1,1,"€ 1,98,745.94",100.00%
594,France,Female,31,9, € -   ,1,0,1,"€ 5,719.11",11.11%
586,Spain,Male,34,5,"€ 1,68,094.01",1,0,0,"€ 20,058.61",0.00%
613,Germany,Female,30,5,"€ 1,31,563.88",2,1,0,"€ 1,70,638.98",0.00%
601,France,Male,44,3, € -   ,2,1,0,"€ 30,607.11",0.00%
657,France,Male,50,9, € -   ,2,0,0,"€ 37,171.46",0.00%
531,France,Male,31,3, € -   ,1,1,1,"€ 42,589.33",33.33%
621,Germany,Male,47,7,"€ 1,07,363.29",1,1,1,"€ 66,799.28",14.29%
782,France,Female,33,2,"€ 94,493.03",1,0,1,"€ 1,01,866.39",50.00%
528,Germany,Female,29,9,"€ 1,70,214.23",2,1,0,"€ 49,284.00",0.00%
696,France,Male,52,6,"€ 1,39,781.06",1,1,0,"€ 27,445.40",0.00%
586,France,Female,35,7, € -   ,2,1,0,"€ 70,760.69",0.00%
626,Spain,Female,26,8,"€ 1,48,610.41",3,0,1,"€ 1,04,502.02",37.50%
498,France,Male,73,2,"€ 1,70,241.70",2,1,1,"€ 1,65,407.96",100.00%
691,France,Female,33,1,"€ 1,28,306.83",1,1,1,"€ 1,13,580.79",100.00%
568,France,Female,47,7, € -   ,2,1,1,"€ 45,978.39",28.57%
715,France,Female,35,3, € -   ,1,1,1,"€ 1,52,012.36",33.33%
680,Germany,Male,32,7,"€ 1,75,454.00",1,0,1,"€ 77,349.92",14.29%
802,Spain,Male,41,6, € -   ,2,1,0,"€ 47,322.05",0.00%
539,France,Female,22,0,"€ 1,00,885.93",2,1,1,"€ 38,772.65",200.00%
494,France,Male,69,9,"€ 93,320.80",1,1,1,"€ 24,489.44",11.11%
594,Germany,Male,38,6,"€ 63,176.44",2,1,1,"€ 14,466.08",33.33%
596,France,Male,33,2,"€ 1,39,451.67",1,0,0,"€ 63,142.12",0.00%
649,France,Female,52,8,"€ 49,113.75",1,1,0,"€ 41,858.43",0.00%
699,Germany,Male,32,1,"€ 1,23,906.22",3,1,1,"€ 1,27,443.82",300.00%
787,France,Female,40,6, € -   ,2,1,1,"€ 84,151.98",33.33%
604,France,Male,28,7, € -   ,2,0,0,"€ 58,595.64",0.00%
489,Germany,Female,52,1,"€ 1,31,441.51",1,1,0,"€ 37,240.11",0.00%
651,France,Male,56,2, € -   ,1,1,0,"€ 1,14,522.68",0.00%
698,France,Male,57,6,"€ 1,36,325.48",2,1,1,"€ 72,549.27",33.33%
578,Germany,Female,38,4,"€ 1,13,150.44",2,1,0,"€ 1,76,712.59",0.00%
538,Spain,Female,42,9, € -   ,1,0,0,"€ 1,52,855.96",0.00%
696,France,Female,33,4, € -   ,2,1,1,"€ 73,371.65",50.00%
507,Germany,Female,46,8,"€ 1,02,785.16",1,1,1,"€ 70,323.68",12.50%
685,Spain,Male,34,6,"€ 83,264.28",1,0,0,"€ 9,663.28",0.00%
705,Germany,Male,41,4,"€ 72,252.64",2,1,1,"€ 1,42,514.66",50.00%
499,Germany,Female,29,6,"€ 1,48,051.52",1,1,0,"€ 1,18,623.94",0.00%
717,France,Female,76,9,"€ 1,38,489.66",1,1,1,"€ 68,400.14",11.11%
510,France,Male,63,8, € -   ,2,1,1,"€ 1,15,291.86",25.00%
632,France,Male,32,6,"€ 1,11,589.33",1,1,1,"€ 1,70,382.99",16.67%
668,Germany,Female,39,0,"€ 1,22,104.79",1,1,0,"€ 1,12,946.67",0.00%
744,Germany,Male,32,4,"€ 96,106.83",1,1,1,"€ 79,812.77",25.00%
663,Germany,Male,42,7,"€ 1,15,930.87",1,1,0,"€ 19,862.78",0.00%
638,Germany,Female,37,7,"€ 1,24,513.66",2,1,0,"€ 1,58,610.89",0.00%
688,France,Female,54,9, € -   ,1,1,0,"€ 1,91,212.63",0.00%
588,Spain,Male,46,8, € -   ,1,1,0,"€ 61,931.21",0.00%
631,France,Male,33,7, € -   ,1,1,1,"€ 58,043.02",14.29%
687,Spain,Male,35,8,"€ 1,00,988.39",2,1,0,"€ 22,247.27",0.00%
599,France,Male,44,10,"€ 1,18,577.24",1,1,1,"€ 31,448.52",10.00%
718,Spain,Male,28,6, € -   ,2,1,0,"€ 1,46,875.86",0.00%
730,France,Male,27,5, € -   ,2,1,1,"€ 1,16,081.93",40.00%
533,France,Female,39,2, € -   ,1,0,1,"€ 73,669.94",50.00%
711,Spain,Female,28,5, € -   ,2,1,1,"€ 93,959.96",40.00%
555,Spain,Female,26,9, € -   ,2,0,1,"€ 1,58,918.03",22.22%
850,France,Female,42,9,"€ 1,13,311.11",1,1,1,"€ 1,98,193.75",11.11%
678,France,Female,41,9, € -   ,1,0,0,"€ 13,160.03",0.00%
576,France,Male,32,7, € -   ,2,1,0,"€ 4,660.91",0.00%
835,Germany,Male,20,4,"€ 1,24,365.42",1,0,0,"€ 1,80,197.74",0.00%
592,France,Male,42,1,"€ 1,47,249.29",2,1,1,"€ 63,023.02",200.00%
774,France,Male,36,7,"€ 1,03,688.19",1,0,1,"€ 1,18,971.74",14.29%
620,France,Female,29,1,"€ 1,38,740.24",2,0,0,"€ 1,54,700.61",0.00%
519,Spain,Male,39,4,"€ 1,11,900.14",1,1,1,"€ 97,577.17",25.00%
734,Spain,Female,37,0,"€ 1,52,760.24",1,1,1,"€ 48,990.50",100.00%
763,Germany,Male,31,7,"€ 1,43,966.30",2,1,1,"€ 1,40,262.96",28.57%
733,France,Male,51,10,"€ 1,41,556.96",1,1,0,"€ 1,30,189.53",0.00%
650,France,Female,43,6, € -   ,2,1,1,"€ 16,301.91",33.33%
538,France,Female,33,5, € -   ,2,1,0,"€ 1,26,962.41",0.00%
577,France,Female,46,1, € -   ,1,1,1,"€ 1,58,750.53",100.00%
792,France,Male,30,8, € -   ,2,1,0,"€ 1,99,644.20",0.00%
686,France,Female,41,10, € -   ,1,1,1,"€ 1,44,272.71",10.00%
589,France,Male,29,2, € -   ,2,0,1,"€ 98,320.27",100.00%
530,France,Male,25,9,"€ 1,62,560.32",1,1,0,"€ 64,129.03",0.00%
778,Germany,Female,29,7,"€ 1,23,229.46",1,1,0,"€ 1,81,221.09",0.00%
616,Spain,Male,31,7,"€ 76,665.71",2,1,1,"€ 1,63,809.08",28.57%
550,France,Male,38,9,"€ 1,40,278.99",3,1,1,"€ 1,71,457.06",33.33%
655,France,Female,51,3, € -   ,2,0,1,"€ 15,801.02",66.67%
721,France,Male,46,1,"€ 1,15,764.32",2,0,0,"€ 1,02,950.79",0.00%
499,Germany,Male,36,5,"€ 1,31,142.53",2,1,0,"€ 1,74,918.46",0.00%
511,France,Male,45,5,"€ 68,375.27",1,1,0,"€ 1,93,160.25",0.00%
579,Germany,Female,39,5,"€ 1,17,833.30",3,0,0,"€ 5,831.00",0.00%
696,Spain,Female,36,7, € -   ,2,1,1,"€ 82,298.59",28.57%
681,France,Male,34,7, € -   ,2,0,0,"€ 1,30,686.59",0.00%
815,France,Male,45,7, € -   ,1,0,1,"€ 52,885.23",14.29%
681,Spain,Male,30,2,"€ 1,11,093.01",1,1,0,"€ 68,985.99",0.00%
641,Spain,Male,42,9,"€ 1,32,657.55",1,1,0,"€ 35,367.19",0.00%
591,France,Female,56,9,"€ 1,28,882.49",1,1,1,"€ 1,96,241.94",11.11%
565,Germany,Male,59,9,"€ 69,129.59",1,1,1,"€ 1,70,705.53",11.11%
487,France,Male,37,6, € -   ,2,1,1,"€ 1,26,477.41",33.33%
729,France,Male,39,4,"€ 1,21,404.64",1,1,1,"€ 1,59,618.17",25.00%
505,Spain,Female,45,9,"€ 1,31,355.30",3,1,0,"€ 1,95,395.33",0.00%
580,France,Female,35,1,"€ 1,02,097.33",1,0,1,"€ 1,68,285.85",100.00%
642,France,Male,40,1,"€ 1,54,863.15",1,1,1,"€ 1,38,052.51",100.00%
850,Spain,Female,41,3,"€ 99,945.93",2,1,0,"€ 71,179.31",0.00%
616,Germany,Male,39,2,"€ 1,21,704.32",2,1,0,"€ 55,556.30",0.00%
526,Spain,Female,43,3, € -   ,2,1,0,"€ 31,705.19",0.00%
523,Germany,Male,35,8,"€ 1,38,782.76",1,1,1,"€ 1,86,118.93",12.50%
663,France,Male,35,9, € -   ,2,1,1,"€ 1,95,580.28",22.22%
840,France,Male,30,8,"€ 1,36,291.71",1,1,0,"€ 54,113.38",0.00%
570,Germany,Male,42,0,"€ 1,07,856.57",2,1,0,"€ 1,27,528.84",0.00%
676,Germany,Female,26,1,"€ 1,08,348.66",1,0,0,"€ 60,231.74",0.00%
689,France,Male,47,1,"€ 93,871.95",3,1,0,"€ 1,56,878.42",0.00%
703,Spain,Female,45,1, € -   ,1,1,0,"€ 1,82,784.11",0.00%
491,Germany,Male,19,2,"€ 1,25,860.20",1,0,0,"€ 1,29,690.50",0.00%
584,France,Male,49,8,"€ 1,72,713.44",1,1,0,"€ 1,13,860.81",0.00%
810,France,Female,51,5, € -   ,2,0,1,"€ 1,84,524.74",40.00%
745,Spain,Female,59,8, € -   ,1,1,1,"€ 36,124.98",12.50%
625,France,Female,39,3,"€ 1,30,786.92",1,0,1,"€ 1,21,316.07",33.33%
535,France,Female,29,2,"€ 1,12,367.34",1,1,0,"€ 1,85,630.76",0.00%
729,Spain,Female,45,7,"€ 91,091.06",2,1,0,"€ 71,133.12",0.00%
655,France,Female,26,7,"€ 1,06,198.50",1,0,1,"€ 32,020.42",14.29%
751,France,Male,47,5,"€ 1,42,669.93",2,1,0,"€ 1,62,760.96",0.00%
525,France,Male,33,1,"€ 1,12,833.35",1,0,1,"€ 1,75,178.56",100.00%
532,France,Female,40,5, € -   ,2,0,1,"€ 1,77,099.71",40.00%
696,Spain,Female,43,4, € -   ,2,1,1,"€ 66,406.37",50.00%
786,Germany,Female,32,2,"€ 1,04,336.43",2,0,0,"€ 59,559.81",0.00%
580,France,Male,55,6,"€ 1,04,305.74",1,0,1,"€ 1,75,750.21",16.67%
596,Germany,Male,47,5,"€ 1,40,187.10",2,1,1,"€ 1,74,311.30",40.00%
683,France,Male,39,4, € -   ,2,1,0,"€ 1,71,716.81",0.00%
747,France,Female,45,1,"€ 1,14,959.12",1,1,0,"€ 1,89,362.39",0.00%
602,France,Male,33,5,"€ 1,64,704.38",1,0,1,"€ 1,80,716.10",20.00%
779,France,Male,62,10,"€ 1,19,096.55",1,0,1,"€ 1,16,977.89",10.00%
551,France,Male,31,1, € -   ,2,1,1,"€ 1,85,105.44",200.00%
666,France,Male,47,2, € -   ,1,1,0,"€ 35,046.97",0.00%
526,Spain,Male,30,8, € -   ,1,1,0,"€ 36,251.00",0.00%
849,France,Female,41,9,"€ 1,15,465.28",1,1,0,"€ 1,03,174.50",0.00%
471,France,Female,27,4, € -   ,2,1,0,"€ 1,22,642.09",0.00%
628,Spain,Male,43,3,"€ 1,84,926.61",1,1,0,"€ 1,22,937.57",0.00%
674,Germany,Male,43,8,"€ 85,957.88",2,1,0,"€ 8,757.39",0.00%
797,France,Male,32,10,"€ 1,14,084.60",1,0,1,"€ 1,25,782.29",10.00%
590,Spain,Female,29,2,"€ 1,66,930.76",2,1,0,"€ 1,22,487.73",0.00%
588,France,Female,27,8, € -   ,1,1,0,"€ 20,066.38",0.00%
577,France,Male,29,7, € -   ,2,1,1,"€ 55,473.15",28.57%
571,France,Female,38,6,"€ 1,07,193.82",2,0,0,"€ 38,962.94",0.00%
680,France,Male,36,3,"€ 1,16,275.12",1,1,1,"€ 63,795.80",33.33%
648,Spain,Female,27,7, € -   ,2,1,1,"€ 1,63,060.43",28.57%
618,France,Male,39,2,"€ 91,068.56",1,1,0,"€ 26,578.69",0.00%
648,Germany,Male,41,5,"€ 1,23,049.21",1,0,1,"€ 5,066.76",20.00%
759,France,Female,39,6, € -   ,2,1,1,"€ 1,40,497.67",33.33%
585,France,Male,40,7, € -   ,2,0,0,"€ 1,46,156.98",0.00%
774,France,Female,42,3,"€ 1,37,781.65",1,0,0,"€ 1,99,316.19",0.00%
697,Germany,Female,48,2,"€ 1,08,128.96",2,1,1,"€ 1,03,944.37",100.00%
605,Spain,Male,39,10,"€ 1,05,317.73",2,1,0,"€ 1,38,021.36",0.00%
676,France,Male,20,1,"€ 80,569.73",1,0,0,"€ 68,621.98",0.00%
678,France,Female,22,4,"€ 1,74,852.89",1,1,1,"€ 28,149.06",25.00%
495,Spain,Female,45,3,"€ 89,158.94",3,1,0,"€ 1,35,169.76",0.00%
787,France,Female,85,10, € -   ,2,1,1,"€ 1,16,537.96",20.00%
770,France,Male,36,2,"€ 89,800.14",1,1,1,"€ 1,05,922.69",50.00%
817,Germany,Male,45,9,"€ 1,01,207.75",1,0,0,"€ 88,211.12",0.00%
659,France,Male,43,1,"€ 1,06,086.42",2,1,0,"€ 26,900.63",0.00%
693,France,Male,21,1, € -   ,2,1,1,"€ 3,494.02",200.00%
744,France,Male,47,9, € -   ,2,1,0,"€ 1,13,163.17",0.00%
829,Spain,Female,26,8,"€ 1,01,440.36",2,1,1,"€ 19,324.50",25.00%
716,France,Male,38,4, € -   ,2,1,0,"€ 1,89,678.70",0.00%
671,France,Male,34,7,"€ 1,06,603.74",2,1,1,"€ 26,387.71",28.57%
835,Germany,Female,29,10,"€ 1,30,420.20",2,0,0,"€ 1,06,276.55",0.00%
636,France,Female,38,1, € -   ,1,1,0,"€ 45,015.38",0.00%
649,Spain,Male,29,2,"€ 45,022.23",1,1,1,"€ 1,73,495.77",50.00%
621,Germany,Male,27,1,"€ 74,298.43",1,1,1,"€ 52,581.96",100.00%
658,Germany,Female,31,3,"€ 1,33,003.03",1,0,1,"€ 1,46,339.27",33.33%
784,Spain,Male,48,7, € -   ,2,1,1,"€ 1,82,609.97",28.57%
783,Spain,Female,37,1,"€ 1,36,689.66",1,1,0,"€ 1,97,890.65",0.00%
615,France,Male,32,4, € -   ,2,1,1,"€ 6,225.63",50.00%
791,France,Female,44,5, € -   ,2,1,1,"€ 1,23,977.86",40.00%
762,France,Male,53,1,"€ 1,02,520.37",1,1,1,"€ 1,70,195.40",100.00%
607,France,Male,35,2, € -   ,2,1,1,"€ 1,14,190.30",100.00%
601,France,Female,34,5, € -   ,2,1,0,"€ 27,022.57",0.00%
540,Spain,Male,67,1,"€ 88,382.01",1,0,1,"€ 59,457.00",100.00%
812,France,Male,44,4,"€ 1,15,049.15",2,1,0,"€ 1,65,038.41",0.00%
685,France,Male,58,1,"€ 1,04,796.54",1,1,1,"€ 1,54,181.41",100.00%
680,France,Male,33,1,"€ 1,23,082.08",1,1,0,"€ 1,34,960.98",0.00%
680,Spain,Female,58,8, € -   ,2,1,1,"€ 65,708.50",25.00%
631,France,Female,33,8, € -   ,2,0,0,"€ 1,17,374.22",0.00%
569,France,Female,43,7, € -   ,2,1,1,"€ 77,703.19",28.57%
584,Germany,Male,33,3,"€ 88,311.48",2,1,1,"€ 1,77,651.38",66.67%
582,France,Female,40,9, € -   ,3,1,1,"€ 60,954.45",33.33%
609,France,Male,32,7,"€ 71,872.19",1,1,1,"€ 1,51,924.90",14.29%
506,Spain,Male,35,6,"€ 1,10,046.93",2,1,0,"€ 26,318.73",0.00%
503,France,Male,42,8,"€ 1,04,430.08",1,1,1,"€ 1,47,557.71",12.50%
503,France,Female,28,5, € -   ,2,1,0,"€ 1,25,918.17",0.00%
806,Germany,Male,31,10,"€ 1,38,653.51",1,1,0,"€ 1,90,803.37",0.00%
653,France,Female,31,7,"€ 1,02,575.04",1,1,1,"€ 11,043.54",14.29%
666,France,Male,43,7,"€ 1,37,780.74",2,1,1,"€ 1,19,100.05",28.57%
674,Spain,Male,32,2, € -   ,2,1,0,"€ 1,40,579.17",0.00%
798,France,Male,32,7, € -   ,2,0,1,"€ 37,731.95",28.57%
740,France,Female,30,8,"€ 1,05,209.54",1,1,0,"€ 1,852.58",0.00%
531,Germany,Female,32,0,"€ 1,09,570.21",2,1,1,"€ 1,72,049.84",200.00%
614,Germany,Female,44,6,"€ 1,18,715.86",1,1,0,"€ 1,33,591.11",0.00%
556,France,Male,35,10, € -   ,2,1,1,"€ 1,92,751.18",20.00%
678,Germany,Female,43,2,"€ 1,53,393.18",2,1,1,"€ 1,93,828.27",100.00%
587,Germany,Male,33,6,"€ 1,32,603.36",1,1,0,"€ 55,775.72",0.00%
527,Spain,Female,36,6, € -   ,2,1,1,"€ 1,02,280.29",33.33%
757,Germany,Female,34,1,"€ 1,29,398.01",2,0,0,"€ 44,965.44",0.00%
468,Spain,Male,28,3, € -   ,2,1,0,"€ 1,70,661.02",0.00%
693,France,Male,29,2,"€ 1,51,352.74",1,0,0,"€ 1,97,145.89",0.00%
483,France,Female,44,5,"€ 1,36,836.49",1,1,0,"€ 1,92,359.90",0.00%
466,France,Male,40,4,"€ 91,592.06",1,1,0,"€ 1,41,210.18",0.00%
770,France,Female,30,8, € -   ,2,1,0,"€ 1,00,557.03",0.00%
734,France,Female,54,3, € -   ,1,1,0,"€ 1,30,805.54",0.00%
716,France,Female,22,8, € -   ,2,1,1,"€ 92,606.98",25.00%
439,France,Male,36,2,"€ 1,65,536.28",2,1,1,"€ 1,23,956.83",100.00%
538,Germany,Male,25,5,"€ 62,482.95",1,1,1,"€ 1,02,758.43",20.00%
743,France,Male,40,8,"€ 68,155.59",1,1,0,"€ 94,876.65",0.00%
734,Spain,Female,43,3,"€ 55,853.33",2,0,1,"€ 94,811.85",66.67%
656,France,Male,37,2, € -   ,2,0,1,"€ 67,840.81",100.00%
666,France,Female,31,2,"€ 79,589.43",1,0,0,"€ 4,050.57",0.00%
627,Spain,Male,41,5,"€ 1,00,880.76",1,0,1,"€ 1,34,665.25",20.00%
480,Germany,Female,25,3,"€ 1,74,330.35",2,0,0,"€ 1,81,647.13",0.00%
792,France,Male,19,7,"€ 1,43,390.51",1,1,0,"€ 33,282.84",0.00%
613,Germany,Male,59,8,"€ 91,415.76",1,0,0,"€ 27,965.00",0.00%
476,Germany,Male,30,3,"€ 1,34,366.42",1,1,0,"€ 68,343.53",0.00%
539,France,Female,24,3, € -   ,2,1,1,"€ 1,98,161.07",66.67%
696,Spain,Male,60,8,"€ 88,786.81",1,1,1,"€ 1,96,858.40",12.50%
810,Germany,Male,35,3,"€ 96,814.46",2,1,1,"€ 1,20,511.03",66.67%
763,Germany,Male,32,9,"€ 1,60,680.41",1,1,0,"€ 30,886.35",0.00%
640,France,Female,29,3, € -   ,2,1,0,"€ 2,743.69",0.00%
655,France,Female,47,10, € -   ,2,1,0,"€ 1,67,778.62",0.00%
526,Germany,Male,31,5,"€ 1,45,537.21",1,1,0,"€ 1,32,404.64",0.00%
678,France,Female,28,4, € -   ,2,1,1,"€ 1,44,423.17",50.00%
554,France,Female,45,6, € -   ,2,1,1,"€ 1,81,204.50",33.33%
597,Spain,Female,30,2,"€ 1,19,370.11",1,1,1,"€ 1,82,726.22",50.00%
560,Spain,Female,28,1, € -   ,2,1,1,"€ 1,20,880.72",200.00%
850,Germany,Female,47,10,"€ 1,34,381.52",1,0,0,"€ 26,812.89",0.00%
546,Germany,Female,74,8,"€ 1,14,888.74",2,1,1,"€ 66,732.63",25.00%
623,Germany,Male,42,1,"€ 1,49,332.48",2,1,0,"€ 1,00,834.22",0.00%
698,France,Female,40,7,"€ 1,05,061.74",3,1,0,"€ 1,07,815.31",0.00%
620,France,Male,32,7, € -   ,2,1,1,"€ 34,665.79",28.57%
619,France,Female,40,10, € -   ,1,1,1,"€ 1,47,093.84",10.00%
561,France,Male,21,4, € -   ,1,1,1,"€ 36,942.35",25.00%
753,France,Female,39,7,"€ 1,55,062.80",1,1,1,"€ 16,460.77",14.29%
721,Spain,Male,43,3,"€ 88,798.34",1,0,0,"€ 45,610.63",0.00%
451,France,Male,33,6, € -   ,2,1,0,"€ 1,84,954.11",0.00%
680,Germany,Female,51,5,"€ 1,43,139.87",1,0,0,"€ 47,795.43",0.00%
590,Spain,Female,23,7, € -   ,2,1,0,"€ 1,96,789.90",0.00%
634,Germany,Male,27,3,"€ 1,07,027.52",1,1,0,"€ 1,73,425.68",0.00%
676,France,Male,29,4,"€ 1,40,720.93",1,1,0,"€ 36,221.18",0.00%
642,France,Male,30,8,"€ 80,964.57",2,1,0,"€ 1,74,738.20",0.00%
760,France,Male,39,6,"€ 1,78,585.46",1,1,0,"€ 67,131.30",0.00%
736,Spain,Female,26,4,"€ 1,35,889.13",1,1,1,"€ 1,65,692.03",25.00%
656,France,Male,43,7,"€ 1,34,919.85",1,1,0,"€ 1,94,691.95",0.00%
776,Germany,Male,33,8,"€ 1,15,130.34",1,0,0,"€ 1,29,525.50",0.00%
832,Spain,Female,34,6,"€ 1,38,190.13",2,0,1,"€ 1,46,511.20",33.33%
631,Germany,Male,37,9,"€ 1,31,519.49",2,1,1,"€ 51,752.18",22.22%
795,Spain,Female,56,5, € -   ,1,1,0,"€ 35,418.69",0.00%
648,Germany,Female,39,3,"€ 1,26,935.98",2,0,1,"€ 57,995.74",66.67%
615,France,Male,39,4,"€ 1,33,707.09",1,1,1,"€ 1,08,152.75",25.00%
682,France,Female,27,1,"€ 97,893.20",1,1,0,"€ 1,66,144.98",0.00%
694,France,Male,34,5,"€ 1,27,900.03",1,1,0,"€ 1,01,737.80",0.00%
694,France,Male,37,10,"€ 1,43,835.47",1,0,1,"€ 33,326.71",10.00%
607,France,Male,44,0, € -   ,2,1,1,"€ 81,140.09",200.00%
664,France,Male,48,10, € -   ,1,1,0,"€ 1,40,173.17",0.00%
756,France,Male,60,2, € -   ,1,1,1,"€ 1,66,513.49",50.00%
645,France,Female,40,3,"€ 1,29,596.77",1,1,1,"€ 1,03,232.60",33.33%
653,Spain,Male,30,4, € -   ,2,1,0,"€ 1,20,736.04",0.00%
710,Germany,Female,24,2,"€ 1,10,407.44",2,0,0,"€ 15,832.43",0.00%
697,France,Female,76,7, € -   ,2,0,1,"€ 1,88,772.45",28.57%
619,Germany,Female,41,8,"€ 1,42,015.76",2,1,0,"€ 1,14,323.66",0.00%
648,Spain,Male,55,1,"€ 81,370.07",1,0,1,"€ 1,81,534.04",100.00%
482,Germany,Female,48,2,"€ 69,329.47",1,0,0,"€ 1,02,640.52",0.00%
548,France,Female,28,8,"€ 1,16,755.50",2,1,1,"€ 1,58,585.17",25.00%
752,Spain,Male,44,6,"€ 83,870.33",1,1,0,"€ 1,78,722.24",0.00%
648,France,Female,39,6,"€ 1,30,694.89",2,1,1,"€ 1,53,955.38",33.33%
643,Spain,Female,34,8,"€ 1,17,451.47",1,1,0,"€ 65,374.86",0.00%
573,Germany,Female,35,9,"€ 2,06,868.78",2,0,1,"€ 1,02,986.15",22.22%
686,France,Female,39,3,"€ 1,11,695.62",1,0,0,"€ 1,36,643.84",0.00%
644,France,Female,40,9,"€ 1,37,285.26",4,1,0,"€ 77,063.63",0.00%
702,France,Female,29,6,"€ 1,49,218.39",1,1,1,"€ 9,633.01",16.67%
652,France,Male,51,7, € -   ,2,0,1,"€ 43,496.36",28.57%
641,Spain,Male,32,7, € -   ,2,1,1,"€ 24,267.28",28.57%
692,Germany,Female,41,8,"€ 1,30,701.29",1,1,0,"€ 59,354.24",0.00%
574,Spain,Male,34,5, € -   ,2,0,0,"€ 28,269.86",0.00%
643,France,Female,31,3,"€ 1,67,949.48",1,1,0,"€ 1,43,162.34",0.00%
834,France,Male,23,4,"€ 1,31,254.81",1,1,0,"€ 20,199.30",0.00%
591,France,Male,28,5, € -   ,2,1,1,"€ 48,606.92",40.00%
470,Spain,Male,34,9, € -   ,2,0,1,"€ 89,013.67",22.22%
608,Spain,Male,34,7,"€ 86,656.13",1,0,1,"€ 59,890.29",14.29%
649,Germany,Female,37,8,"€ 1,14,737.26",1,1,1,"€ 1,06,655.88",12.50%
665,France,Female,38,5, € -   ,2,1,0,"€ 1,56,439.56",0.00%
651,France,Female,39,6, € -   ,1,1,0,"€ 24,176.44",0.00%
555,Germany,Male,62,4,"€ 1,19,817.33",1,0,1,"€ 43,507.10",25.00%
637,France,Female,48,7,"€ 1,30,806.99",2,1,1,"€ 1,32,005.85",28.57%
675,France,Female,49,0, € -   ,1,1,1,"€ 80,496.71",100.00%
677,Spain,Male,40,5, € -   ,2,1,0,"€ 88,947.56",0.00%
850,Germany,Female,35,2,"€ 80,931.75",1,0,0,"€ 12,639.67",0.00%
815,France,Female,56,3, € -   ,3,1,1,"€ 94,248.16",100.00%
665,Germany,Male,32,1,"€ 1,32,178.67",1,0,0,"€ 11,865.76",0.00%
485,France,Female,27,3, € -   ,2,1,0,"€ 1,41,449.86",0.00%
577,Spain,Male,43,6, € -   ,2,1,1,"€ 1,49,457.81",33.33%
586,France,Female,35,7,"€ 1,64,769.02",3,1,0,"€ 1,19,814.25",0.00%
722,Germany,Male,29,1,"€ 1,07,233.85",2,1,0,"€ 24,924.92",0.00%
528,France,Female,27,7,"€ 1,76,227.07",2,0,1,"€ 1,39,481.53",28.57%
542,France,Female,39,4,"€ 1,09,949.39",2,1,1,"€ 41,268.65",50.00%
552,France,Female,34,5, € -   ,2,1,1,"€ 1,351.41",40.00%
678,France,Female,60,10,"€ 1,17,738.81",1,1,0,"€ 1,47,489.76",0.00%
575,Spain,Female,37,9,"€ 1,33,292.45",1,1,0,"€ 1,11,175.09",0.00%
669,France,Female,43,1,"€ 1,60,474.59",1,1,1,"€ 95,963.14",100.00%
636,France,Male,43,6, € -   ,2,1,0,"€ 43,128.95",0.00%
667,Germany,Male,55,9,"€ 1,54,393.43",1,1,1,"€ 1,37,674.96",11.11%
652,Germany,Female,45,9,"€ 1,10,827.49",1,1,1,"€ 1,53,383.54",11.11%
637,Germany,Female,36,10,"€ 1,45,750.45",2,1,1,"€ 96,660.76",20.00%
516,Spain,Female,45,8,"€ 1,09,044.30",1,0,1,"€ 1,15,818.16",12.50%
801,France,Female,32,4,"€ 75,170.54",1,1,1,"€ 37,898.50",25.00%
692,France,Female,42,2, € -   ,2,1,0,"€ 1,45,222.93",0.00%
585,France,Female,28,6,"€ 1,05,795.90",1,1,1,"€ 41,219.09",16.67%
590,France,Male,32,5, € -   ,2,1,0,"€ 59,249.83",0.00%
554,Spain,Male,66,8, € -   ,2,1,1,"€ 1,16,747.62",25.00%
659,France,Female,49,1, € -   ,1,1,0,"€ 1,16,249.72",0.00%
690,France,Female,26,3,"€ 1,18,097.87",1,1,0,"€ 61,257.83",0.00%
697,Germany,Male,29,0,"€ 1,72,693.54",1,0,0,"€ 1,41,798.98",0.00%
610,France,Male,36,4,"€ 1,29,440.30",2,1,0,"€ 1,02,638.35",0.00%
599,Spain,Male,36,4, € -   ,2,0,0,"€ 13,210.56",0.00%
544,France,Male,23,1,"€ 96,471.20",1,1,0,"€ 35,550.97",0.00%
548,France,Female,46,1, € -   ,1,1,1,"€ 1,04,469.06",100.00%
635,Spain,Male,24,4,"€ 1,40,197.18",1,1,1,"€ 1,42,935.83",25.00%
722,France,Male,20,6, € -   ,2,1,0,"€ 1,95,486.28",0.00%
564,France,Female,33,4,"€ 1,35,946.26",1,1,0,"€ 63,170.00",0.00%
719,France,Male,69,3, € -   ,2,1,1,"€ 58,320.06",66.67%
547,Germany,Male,50,3,"€ 81,290.02",3,0,1,"€ 1,77,747.03",100.00%
850,France,Female,42,8, € -   ,1,1,0,"€ 19,632.64",0.00%
515,Germany,Male,60,9,"€ 1,13,715.36",1,1,0,"€ 18,424.24",0.00%
667,Spain,Male,56,2,"€ 1,68,883.08",1,0,1,"€ 18,897.78",50.00%
607,Germany,Male,36,8,"€ 1,43,421.74",1,1,0,"€ 97,879.02",0.00%
525,France,Male,26,7,"€ 1,53,644.39",1,1,1,"€ 63,197.88",14.29%
606,Spain,Female,53,1,"€ 1,09,330.06",1,1,1,"€ 75,860.01",100.00%
686,Germany,Female,27,1,"€ 1,15,095.88",2,0,0,"€ 78,622.46",0.00%
611,France,Male,35,10, € -   ,1,1,1,"€ 23,598.23",10.00%
827,Spain,Male,46,1,"€ 1,83,276.32",1,1,1,"€ 13,460.27",100.00%
572,France,Male,33,9,"€ 68,193.72",1,1,0,"€ 19,998.31",0.00%
726,France,Female,32,8, € -   ,2,0,0,"€ 1,85,075.63",0.00%
579,Germany,Male,31,6,"€ 1,39,729.54",1,0,1,"€ 1,35,815.38",16.67%
598,Spain,Female,56,4,"€ 98,365.33",1,1,1,"€ 44,251.33",25.00%
663,France,Male,36,10, € -   ,2,1,0,"€ 1,36,349.55",0.00%
505,Germany,Female,37,10,"€ 1,22,453.97",2,1,1,"€ 52,693.99",20.00%
576,Germany,Male,30,7,"€ 1,32,174.41",2,0,0,"€ 93,767.03",0.00%
555,Spain,Female,24,2, € -   ,2,0,1,"€ 1,97,866.55",100.00%
524,France,Male,30,1, € -   ,2,1,0,"€ 1,26,812.85",0.00%
776,Spain,Male,39,2,"€ 1,04,349.45",1,0,0,"€ 79,503.05",0.00%
645,Germany,Female,41,2,"€ 1,38,881.04",1,1,0,"€ 1,29,936.53",0.00%
850,Germany,Female,32,0,"€ 1,16,968.91",1,0,0,"€ 1,75,094.62",0.00%
603,Germany,Male,35,1,"€ 1,05,346.03",2,1,1,"€ 1,30,379.50",200.00%
691,France,Male,26,9,"€ 1,36,623.19",1,1,0,"€ 1,53,228.00",0.00%
583,France,Female,29,10, € -   ,2,1,1,"€ 1,11,285.85",20.00%
584,France,Female,66,5, € -   ,1,1,0,"€ 49,553.38",0.00%
679,France,Female,33,6, € -   ,2,1,1,"€ 98,015.85",33.33%
646,France,Male,36,6,"€ 1,24,445.52",1,1,0,"€ 88,481.32",0.00%
559,France,Female,34,5,"€ 68,999.66",2,1,1,"€ 66,879.27",40.00%
595,Spain,Male,36,6,"€ 85,768.42",1,1,1,"€ 24,802.77",16.67%
527,France,Male,47,1, € -   ,1,1,0,"€ 21,312.16",0.00%
684,Spain,Male,34,9,"€ 1,00,628.00",2,1,1,"€ 1,90,263.78",22.22%
673,Spain,Female,32,0, € -   ,1,1,1,"€ 72,873.33",100.00%
802,Spain,Male,38,7, € -   ,2,0,1,"€ 57,764.65",28.57%
675,France,Male,54,6, € -   ,1,1,0,"€ 1,10,273.84",0.00%
762,Spain,Female,19,6, € -   ,2,1,0,"€ 55,500.17",0.00%
580,France,Male,50,0,"€ 1,25,647.36",1,1,0,"€ 57,541.08",0.00%
621,Germany,Female,31,8,"€ 1,00,375.39",1,1,1,"€ 90,384.26",12.50%
411,France,Female,36,10, € -   ,1,0,0,"€ 1,20,694.35",0.00%
815,France,Male,24,7,"€ 1,71,922.72",1,0,1,"€ 1,78,028.96",14.29%
631,Germany,Female,32,2,"€ 1,46,810.99",2,1,1,"€ 1,80,990.29",100.00%
514,Germany,Female,45,3,"€ 1,09,032.23",1,0,1,"€ 1,55,407.21",33.33%
638,France,Male,57,6, € -   ,1,1,0,"€ 33,676.48",0.00%
791,Spain,Male,25,7, € -   ,1,1,0,"€ 89,666.28",0.00%
516,France,Male,35,5,"€ 1,28,653.59",1,1,0,"€ 1,27,558.26",0.00%
734,France,Male,37,3,"€ 80,387.81",1,0,1,"€ 77,272.62",33.33%
611,France,Male,58,8, € -   ,2,0,1,"€ 1,07,665.68",25.00%
850,Germany,Male,43,0,"€ 1,08,508.82",3,1,0,"€ 1,84,044.80",0.00%
641,France,Male,31,10,"€ 1,55,978.17",1,1,0,"€ 91,510.71",0.00%
585,France,Female,38,5, € -   ,1,1,1,"€ 87,363.56",20.00%
552,Germany,Male,50,4,"€ 1,21,175.56",1,1,0,"€ 1,17,505.07",0.00%
507,France,Female,29,4,"€ 89,349.47",2,0,0,"€ 1,80,626.68",0.00%
735,Spain,Male,38,7,"€ 86,131.71",2,0,0,"€ 93,478.96",0.00%
707,France,Female,58,3,"€ 1,02,346.86",1,1,1,"€ 1,14,672.64",33.33%
698,Germany,Female,36,7,"€ 1,21,263.62",1,1,1,"€ 13,387.88",14.29%
841,France,Male,31,2, € -   ,2,1,0,"€ 1,73,240.52",0.00%
688,Spain,Female,33,2, € -   ,1,0,0,"€ 27,557.18",0.00%
614,France,Male,51,3, € -   ,2,1,1,"€ 5,552.37",66.67%
511,Germany,Male,48,6,"€ 1,49,726.08",1,0,0,"€ 88,307.87",0.00%
447,France,Male,43,2, € -   ,2,1,0,"€ 33,879.26",0.00%
738,France,Male,35,5,"€ 1,61,274.05",2,1,0,"€ 1,81,429.87",0.00%
422,France,Female,33,2, € -   ,2,1,0,"€ 1,02,655.31",0.00%
537,Spain,Male,30,1,"€ 1,03,138.17",1,1,1,"€ 96,555.42",100.00%
707,Germany,Female,40,3,"€ 1,09,628.44",1,1,0,"€ 1,89,366.03",0.00%
690,France,Male,54,5, € -   ,1,1,0,"€ 12,847.61",0.00%
664,Germany,Male,33,7,"€ 97,286.16",2,1,0,"€ 1,43,433.33",0.00%
850,France,Female,33,7,"€ 1,18,004.26",1,1,0,"€ 1,83,983.82",0.00%
584,Spain,Male,32,9,"€ 85,534.83",1,0,0,"€ 1,69,137.24",0.00%
728,France,Female,59,4, € -   ,1,1,1,"€ 1,63,365.85",25.00%
560,Spain,Female,43,4,"€ 95,140.44",2,1,0,"€ 1,23,181.44",0.00%
629,France,Female,31,6, € -   ,1,1,1,"€ 16,447.60",16.67%
658,France,Male,25,3, € -   ,2,0,1,"€ 1,73,948.40",66.67%
794,Germany,Female,54,1,"€ 75,900.84",1,1,1,"€ 1,92,154.66",100.00%
790,France,Female,41,2,"€ 1,26,619.27",1,1,0,"€ 1,98,224.38",0.00%
640,France,Male,44,7,"€ 1,11,833.47",1,1,0,"€ 67,202.74",0.00%
652,Spain,Male,37,7, € -   ,2,1,0,"€ 68,789.93",0.00%
583,France,Female,57,3,"€ 2,38,387.56",1,0,1,"€ 1,47,964.99",33.33%
775,France,Female,32,2,"€ 1,08,698.96",2,1,1,"€ 1,61,069.73",100.00%
584,France,Female,39,2,"€ 1,12,687.69",1,1,1,"€ 1,27,749.61",50.00%
635,Germany,Female,48,4,"€ 81,556.89",2,1,0,"€ 1,91,914.37",0.00%
814,France,Male,48,9,"€ 1,36,596.85",1,1,1,"€ 1,85,791.90",11.11%
735,Germany,Female,43,9,"€ 98,807.45",1,0,0,"€ 1,84,570.04",0.00%
678,France,Female,31,1, € -   ,2,0,1,"€ 1,30,446.65",200.00%
693,France,Male,37,1, € -   ,2,1,1,"€ 82,867.55",200.00%
640,France,Female,30,6,"€ 1,07,499.70",1,1,1,"€ 1,87,632.22",16.67%
773,Spain,Female,23,8, € -   ,2,1,0,"€ 56,759.79",0.00%
736,France,Female,30,9, € -   ,2,1,0,"€ 34,180.33",0.00%
693,France,Female,28,8, € -   ,2,1,1,"€ 1,58,545.25",25.00%
496,France,Female,41,1,"€ 1,76,024.05",2,1,0,"€ 1,82,337.98",0.00%
751,France,Female,39,3, € -   ,2,1,1,"€ 84,175.34",66.67%
528,Germany,Male,39,0,"€ 1,27,631.62",1,0,1,"€ 22,197.80",100.00%
754,Spain,Female,19,9, € -   ,1,1,0,"€ 1,89,641.11",0.00%
568,Germany,Female,26,10,"€ 1,09,819.16",2,1,0,"€ 1,54,491.39",0.00%
592,Spain,Female,41,2,"€ 1,38,734.94",1,1,0,"€ 90,020.74",0.00%
558,Germany,Male,25,10,"€ 1,11,363.10",2,1,0,"€ 1,97,264.35",0.00%
825,France,Male,34,9, € -   ,2,1,1,"€ 31,933.06",22.22%
677,Germany,Male,28,0,"€ 1,43,988.00",2,1,0,"€ 8,755.69",0.00%
653,France,Male,34,5,"€ 1,18,838.75",1,1,1,"€ 52,820.13",20.00%
593,Spain,Male,35,4,"€ 1,61,637.75",1,1,1,"€ 20,008.46",25.00%
632,France,Female,44,3,"€ 1,33,793.89",1,1,1,"€ 34,607.14",33.33%
601,Germany,Male,35,8,"€ 71,553.83",1,1,0,"€ 1,77,384.45",0.00%
786,France,Female,62,8, € -   ,1,1,1,"€ 1,65,702.64",12.50%
654,France,Female,40,3, € -   ,2,1,0,"€ 1,67,889.10",0.00%
572,France,Female,38,7, € -   ,2,1,1,"€ 1,33,122.62",28.57%
813,France,Female,62,10,"€ 64,667.95",2,0,1,"€ 1,40,454.14",20.00%
523,France,Female,28,2,"€ 1,21,164.11",1,1,1,"€ 59,938.81",50.00%
506,Spain,Male,50,3, € -   ,2,1,0,"€ 12,016.79",0.00%
513,Spain,Male,72,3,"€ 98,903.06",1,1,1,"€ 81,251.24",33.33%
664,France,Female,31,7,"€ 1,04,158.84",1,1,0,"€ 1,34,169.85",0.00%
684,France,Male,54,6, € -   ,2,1,1,"€ 94,888.60",33.33%
608,Spain,Female,63,3,"€ 1,39,529.93",2,1,1,"€ 1,75,696.16",66.67%
527,France,Female,25,6, € -   ,2,0,1,"€ 96,758.58",33.33%
666,France,Male,53,5,"€ 64,646.70",1,1,0,"€ 1,28,019.48",0.00%
779,France,Male,71,3, € -   ,2,1,1,"€ 1,46,895.36",66.67%
629,France,Female,40,6, € -   ,2,1,1,"€ 1,39,356.30",33.33%
430,France,Male,35,1,"€ 1,18,894.22",1,0,0,"€ 2,923.61",0.00%
712,France,Male,24,2, € -   ,1,0,1,"€ 1,21,232.51",50.00%
682,France,Male,30,9, € -   ,2,1,1,"€ 2,053.42",22.22%
634,France,Female,41,8,"€ 68,213.99",1,1,1,"€ 6,382.46",12.50%
487,Spain,Female,31,1, € -   ,2,1,0,"€ 1,58,750.13",0.00%
808,Spain,Male,47,8,"€ 1,39,196.00",1,0,1,"€ 74,028.36",12.50%
527,France,Female,32,7, € -   ,2,1,1,"€ 44,099.75",28.57%
637,Germany,Male,50,4,"€ 1,26,345.55",1,0,1,"€ 17,323.00",25.00%
802,Spain,Male,40,5, € -   ,2,1,1,"€ 1,75,043.69",40.00%
529,France,Female,38,2, € -   ,1,1,0,"€ 1,46,388.85",0.00%
850,France,Female,43,3, € -   ,2,0,0,"€ 2,465.80",0.00%
738,France,Male,18,4, € -   ,2,1,1,"€ 47,799.15",50.00%
817,France,Male,34,5,"€ 1,29,278.43",1,0,0,"€ 1,65,562.84",0.00%
735,France,Male,31,3,"€ 1,19,558.35",1,0,0,"€ 72,927.68",0.00%
619,Germany,Female,41,5,"€ 92,467.58",1,1,0,"€ 38,270.47",0.00%
671,France,Male,27,5, € -   ,2,0,0,"€ 1,20,893.07",0.00%
581,Spain,Female,31,6, € -   ,2,1,0,"€ 1,88,377.21",0.00%
690,Spain,Male,36,10, € -   ,2,1,0,"€ 55,902.93",0.00%
579,Spain,Male,56,4,"€ 99,340.83",1,0,0,"€ 4,523.74",0.00%
688,Spain,Female,24,3, € -   ,2,1,1,"€ 1,02,195.16",66.67%
599,Spain,Female,28,4,"€ 1,26,833.79",2,1,0,"€ 60,843.09",0.00%
729,Germany,Male,29,5,"€ 1,09,676.52",1,1,1,"€ 25,548.47",20.00%
718,France,Female,29,3, € -   ,1,0,1,"€ 1,34,462.29",33.33%
712,Germany,Male,53,6,"€ 1,34,729.99",2,1,1,"€ 1,32,702.64",33.33%
474,France,Male,37,3,"€ 98,431.37",1,0,0,"€ 75,698.44",0.00%
565,Germany,Male,33,8,"€ 1,30,368.31",2,1,0,"€ 1,05,642.43",0.00%
658,France,Female,31,7,"€ 1,23,974.96",1,1,0,"€ 1,02,153.75",0.00%
714,France,Male,63,4,"€ 1,38,082.16",1,0,1,"€ 1,66,677.54",25.00%
725,France,Male,45,1,"€ 1,29,855.32",1,0,0,"€ 24,218.65",0.00%
825,France,Male,40,6,"€ 1,32,308.22",1,0,0,"€ 1,17,122.50",0.00%
665,Germany,Female,45,5,"€ 1,55,447.65",2,1,0,"€ 51,871.95",0.00%
670,Spain,Male,35,2,"€ 1,24,268.64",2,0,1,"€ 84,321.03",100.00%
474,Germany,Female,34,9,"€ 1,76,311.36",1,1,0,"€ 1,60,213.27",0.00%
591,France,Male,40,2,"€ 99,886.42",2,1,1,"€ 88,695.19",100.00%
508,France,Female,31,7, € -   ,2,1,1,"€ 6,123.15",28.57%
695,France,Female,36,2, € -   ,2,0,1,"€ 1,67,749.54",100.00%
660,Germany,Male,24,5,"€ 85,089.30",1,1,1,"€ 71,638.00",20.00%
687,Germany,Male,41,10,"€ 1,34,318.21",2,1,1,"€ 1,98,064.52",20.00%
658,Germany,Male,29,5,"€ 75,395.53",2,0,1,"€ 54,914.92",40.00%
705,Germany,Female,33,5,"€ 1,16,765.70",1,0,0,"€ 1,90,659.17",0.00%
739,Spain,Male,60,4, € -   ,1,1,1,"€ 51,637.67",25.00%
844,France,Male,38,7,"€ 1,11,501.66",1,1,1,"€ 1,19,333.38",14.29%
602,Germany,Female,48,7,"€ 76,595.08",2,0,0,"€ 1,27,095.14",0.00%
759,France,Female,33,9,"€ 1,60,541.36",2,0,0,"€ 93,541.14",0.00%
747,Germany,Male,38,2,"€ 1,29,728.60",1,1,0,"€ 89,289.54",0.00%
673,France,Male,47,1, € -   ,2,0,0,"€ 1,08,762.16",0.00%
671,Spain,Female,34,5,"€ 1,30,929.02",4,1,1,"€ 28,238.25",80.00%
640,Germany,Female,74,2,"€ 1,16,800.25",1,1,1,"€ 34,130.43",50.00%
581,Germany,Male,40,0,"€ 1,01,016.53",1,0,1,"€ 7,926.35",100.00%
630,France,Male,67,5, € -   ,2,1,1,"€ 27,330.27",40.00%
703,France,Female,33,8,"€ 1,90,566.65",1,1,1,"€ 79,997.14",12.50%
698,Spain,Female,47,6, € -   ,1,1,0,"€ 50,213.81",0.00%
742,Germany,Female,43,6,"€ 97,067.69",1,0,1,"€ 60,920.03",16.67%
652,France,Female,37,4,"€ 92,208.54",1,0,1,"€ 1,97,699.80",25.00%
644,France,Male,37,2,"€ 1,86,347.97",2,1,0,"€ 92,809.73",0.00%
735,Spain,Male,55,2,"€ 1,03,176.62",1,0,1,"€ 1,63,516.16",50.00%
777,France,Female,58,4, € -   ,1,1,1,"€ 62,449.07",25.00%
644,Germany,Female,40,4,"€ 77,270.08",2,1,1,"€ 1,15,800.10",50.00%
665,Germany,Female,37,3,"€ 1,11,911.63",1,1,1,"€ 1,10,359.68",33.33%
529,Germany,Male,72,5,"€ 94,216.05",1,1,1,"€ 78,695.68",20.00%
803,Spain,Female,45,7, € -   ,2,1,1,"€ 1,28,378.04",28.57%
604,Spain,Female,26,3, € -   ,2,1,0,"€ 1,55,248.62",0.00%
738,France,Male,49,6,"€ 1,06,770.82",1,1,0,"€ 1,23,499.27",0.00%
655,Germany,Female,72,5,"€ 1,38,089.97",2,1,1,"€ 99,920.41",40.00%
698,Germany,Male,39,9,"€ 1,33,191.19",2,0,1,"€ 53,289.49",22.22%
775,France,Female,66,9, € -   ,2,1,1,"€ 67,622.34",22.22%
735,France,Male,41,7,"€ 74,135.85",1,1,1,"€ 11,783.10",14.29%
766,Spain,Male,41,6,"€ 99,208.46",2,1,0,"€ 62,402.38",0.00%
537,Germany,Male,84,8,"€ 92,242.34",1,1,1,"€ 1,86,235.98",12.50%
599,Germany,Male,25,7,"€ 1,08,380.72",1,1,1,"€ 79,005.95",14.29%
420,Spain,Female,55,4,"€ 91,893.32",1,1,0,"€ 1,44,870.28",0.00%
674,France,Female,32,7,"€ 85,757.93",1,1,1,"€ 95,481.00",14.29%
570,France,Female,46,3, € -   ,2,0,0,€ 820.46,0.00%
623,Germany,Male,33,8,"€ 96,759.42",1,1,1,"€ 1,74,777.98",12.50%
710,France,Male,30,6, € -   ,2,1,1,"€ 8,991.17",33.33%
466,France,Male,29,6, € -   ,2,1,1,"€ 2,797.27",33.33%
759,France,Female,22,5, € -   ,1,1,0,"€ 22,303.17",0.00%
581,France,Male,71,4, € -   ,2,1,1,"€ 1,97,562.08",50.00%
820,France,Male,33,2,"€ 1,32,150.26",2,1,0,"€ 23,067.97",0.00%
759,France,Male,41,9, € -   ,2,0,1,"€ 1,90,294.12",22.22%
628,France,Female,31,6,"€ 1,75,443.75",1,1,0,"€ 1,13,167.17",0.00%
676,France,Male,31,3,"€ 78,990.15",1,1,1,"€ 1,24,777.14",33.33%
591,France,Female,33,4,"€ 1,13,743.37",1,1,0,"€ 1,24,625.08",0.00%
690,France,Female,26,5,"€ 1,57,624.84",1,1,1,"€ 49,599.27",20.00%
624,France,Female,62,7,"€ 1,25,163.62",2,1,1,"€ 1,51,411.50",28.57%
573,France,Female,23,2, € -   ,1,1,0,"€ 1,22,964.18",0.00%
694,France,Male,60,9, € -   ,1,1,1,"€ 57,088.97",11.11%
632,Spain,Female,29,7,"€ 80,922.75",1,1,0,"€ 7,820.78",0.00%
632,France,Male,40,3,"€ 1,93,354.86",2,1,0,"€ 1,49,188.41",0.00%
832,Germany,Female,40,9,"€ 1,07,648.94",2,1,1,"€ 1,34,638.97",22.22%
598,Germany,Female,46,7,"€ 1,31,769.04",1,0,0,"€ 1,84,980.23",0.00%
430,Germany,Male,36,1,"€ 1,38,992.48",2,0,0,"€ 1,22,373.42",0.00%
711,France,Female,37,8,"€ 1,13,899.92",1,0,0,"€ 80,215.20",0.00%
582,Germany,Male,26,6,"€ 1,14,450.32",1,1,1,"€ 14,081.64",16.67%
605,France,Male,39,3, € -   ,2,1,0,"€ 1,99,390.45",0.00%
657,France,Female,37,2, € -   ,2,1,1,"€ 7,667.48",100.00%
578,Spain,Male,40,6,"€ 63,609.92",1,0,0,"€ 74,965.61",0.00%
532,France,Male,38,9, € -   ,2,0,0,"€ 30,583.95",0.00%
612,France,Female,42,10,"€ 75,497.51",1,0,0,"€ 1,49,682.78",0.00%
792,France,Female,42,2, € -   ,2,1,0,"€ 92,664.09",0.00%
674,France,Female,26,10, € -   ,2,1,1,"€ 1,38,423.10",20.00%
680,France,Male,31,1, € -   ,2,1,1,"€ 3,148.20",200.00%
593,France,Female,39,0,"€ 1,17,704.73",1,1,0,"€ 1,97,933.50",0.00%
679,Germany,Male,35,1,"€ 1,30,463.55",2,1,1,"€ 37,341.17",200.00%
493,Spain,Male,32,8,"€ 46,161.18",1,1,1,"€ 79,577.40",12.50%
688,Spain,Male,42,5, € -   ,2,0,0,"€ 1,97,602.29",0.00%
769,Germany,Male,43,4,"€ 1,10,182.54",2,1,1,"€ 87,537.32",50.00%
581,Spain,Male,49,10, € -   ,2,0,0,"€ 41,623.59",0.00%
465,France,Male,41,9,"€ 1,17,221.15",1,1,0,"€ 1,68,280.95",0.00%
641,France,Female,35,4, € -   ,2,0,0,"€ 1,25,986.18",0.00%
731,Germany,Female,43,9,"€ 79,120.27",1,0,0,€ 548.52,0.00%
625,France,Male,37,1,"€ 1,77,069.24",2,1,1,"€ 96,088.54",200.00%
468,France,Male,36,3,"€ 61,636.97",1,0,0,"€ 1,07,787.42",0.00%
790,France,Male,26,5, € -   ,1,1,0,"€ 20,510.79",0.00%
587,Germany,Female,37,6,"€ 1,04,414.03",1,1,0,"€ 1,92,026.02",0.00%
692,France,Male,66,4,"€ 1,59,732.02",1,1,1,"€ 1,18,188.15",25.00%
676,Germany,Female,34,4,"€ 89,437.03",1,1,1,"€ 1,89,540.95",25.00%
571,France,Male,41,8, € -   ,1,1,1,"€ 63,736.17",12.50%
700,France,Female,32,3, € -   ,1,0,0,"€ 95,740.37",0.00%
445,France,Female,30,3, € -   ,2,1,1,"€ 1,27,939.19",66.67%
746,France,Male,36,7,"€ 1,42,400.77",1,1,1,"€ 1,93,438.69",14.29%
722,France,Female,47,2,"€ 88,011.40",1,1,1,"€ 90,655.94",50.00%
596,France,Male,36,2, € -   ,2,1,1,"€ 12,067.39",100.00%
850,Germany,Female,30,8,"€ 1,54,870.28",1,1,1,"€ 54,191.38",12.50%
597,Spain,Female,46,4, € -   ,2,1,0,"€ 58,667.16",0.00%
436,Spain,Male,43,5, € -   ,2,1,1,"€ 35,687.43",40.00%
660,Germany,Male,28,1,"€ 1,18,402.25",2,1,0,"€ 14,288.93",0.00%
649,France,Male,37,9,"€ 87,374.88",2,1,1,€ 247.36,22.22%
646,Germany,Male,32,8,"€ 1,05,397.80",1,1,0,"€ 78,111.84",0.00%
560,Spain,Female,31,5,"€ 1,25,341.69",1,1,0,"€ 79,547.39",0.00%
710,Germany,Male,49,10,"€ 1,29,164.88",1,1,1,"€ 1,93,266.72",10.00%
513,France,Male,40,3,"€ 1,41,004.46",1,1,0,"€ 1,05,028.46",0.00%
607,France,Female,21,0, € -   ,2,1,0,"€ 1,16,106.52",0.00%
757,France,Male,57,3,"€ 89,079.41",1,1,1,"€ 53,179.21",33.33%
619,Germany,Male,40,9,"€ 1,03,604.31",2,0,0,"€ 1,40,947.05",0.00%
612,France,Male,24,1,"€ 1,82,705.05",1,1,1,"€ 1,71,837.06",100.00%
842,France,Male,29,8, € -   ,2,1,1,"€ 1,23,437.05",25.00%
713,France,Male,33,6,"€ 94,598.48",1,0,0,"€ 1,97,519.66",0.00%
657,Spain,Male,36,8,"€ 1,88,241.05",2,0,0,"€ 1,83,058.51",0.00%
770,France,Female,37,9, € -   ,2,0,0,"€ 22,710.72",0.00%
773,France,Female,40,10, € -   ,2,0,1,"€ 69,303.15",20.00%
470,Germany,Male,39,5,"€ 1,17,469.91",2,0,0,"€ 63,705.90",0.00%
781,Spain,Male,35,4,"€ 80,790.74",1,1,0,"€ 1,16,429.51",0.00%
428,France,Female,62,1,"€ 1,07,735.93",1,0,1,"€ 58,381.77",100.00%
600,Germany,Male,43,8,"€ 1,33,379.41",1,1,0,"€ 1,77,378.66",0.00%
697,Spain,Female,37,7,"€ 1,68,066.87",1,1,0,"€ 35,450.53",0.00%
692,Germany,Female,43,2,"€ 69,014.49",2,0,0,"€ 1,64,621.43",0.00%
791,France,Male,28,4, € -   ,1,1,0,"€ 1,74,435.48",0.00%
538,Germany,Female,42,1,"€ 98,548.62",2,0,1,"€ 94,047.75",200.00%
820,France,Female,49,1, € -   ,2,1,1,"€ 1,19,087.25",200.00%
679,Spain,Female,26,3,"€ 76,554.06",1,1,1,"€ 1,84,800.27",33.33%
649,France,Female,36,2, € -   ,2,0,1,"€ 75,035.48",100.00%
632,France,Female,27,3,"€ 1,07,375.82",1,1,1,"€ 62,703.38",33.33%
594,France,Male,40,9,"€ 1,22,417.17",2,0,1,"€ 1,90,882.69",22.22%
682,France,Female,42,0, € -   ,1,0,1,"€ 91,981.85",100.00%
720,Spain,Male,33,6,"€ 97,188.62",1,0,0,"€ 91,881.29",0.00%
769,France,Male,31,4,"€ 61,297.05",2,1,1,"€ 7,118.02",50.00%
746,Spain,Male,30,1,"€ 1,12,666.67",1,0,0,"€ 11,710.40",0.00%
623,Spain,Female,40,7, € -   ,1,1,1,"€ 25,904.12",14.29%
537,France,Male,28,3,"€ 1,57,842.07",1,1,0,"€ 86,911.49",0.00%
468,France,Male,46,7,"€ 91,443.75",1,1,0,"€ 10,958.18",0.00%
588,Germany,Female,30,0,"€ 1,10,148.49",1,1,0,"€ 5,790.90",0.00%
729,Spain,Female,34,9,"€ 53,299.96",2,1,1,"€ 42,855.97",22.22%
543,Spain,Male,37,3, € -   ,2,1,1,"€ 78,915.68",66.67%
499,Spain,Male,39,6, € -   ,2,1,1,"€ 81,409.00",33.33%
784,Germany,Male,28,2,"€ 70,233.74",2,1,1,"€ 1,79,252.73",100.00%
604,France,Male,33,3, € -   ,1,1,0,"€ 42,171.13",0.00%
614,Spain,Female,25,10,"€ 75,212.28",1,1,0,"€ 58,965.04",0.00%
671,France,Female,31,7,"€ 41,299.03",1,0,1,"€ 1,02,681.32",14.29%
587,Spain,Female,35,3,"€ 83,286.56",1,1,0,"€ 1,25,553.52",0.00%
593,Spain,Male,43,10, € -   ,2,0,0,"€ 53,478.02",0.00%
453,France,Male,29,6, € -   ,1,0,0,"€ 1,98,376.02",0.00%
570,Germany,Male,35,6,"€ 85,668.59",1,1,0,"€ 1,05,525.36",0.00%
655,France,Female,45,7,"€ 57,327.04",1,0,1,"€ 47,349.00",14.29%
632,Spain,Male,47,3, € -   ,2,1,0,"€ 1,78,822.32",0.00%
681,France,Female,37,7,"€ 69,609.85",1,1,1,"€ 72,127.83",14.29%
591,Germany,Male,46,4,"€ 1,29,269.27",1,1,0,"€ 1,63,504.33",0.00%
779,France,Male,27,1, € -   ,2,1,1,"€ 1,90,623.02",200.00%
456,France,Female,63,1,"€ 1,65,350.61",2,0,0,"€ 1,40,758.07",0.00%
686,France,Female,41,7,"€ 1,52,105.57",2,0,1,"€ 1,32,374.41",28.57%
617,France,Male,74,10, € -   ,2,1,1,"€ 53,949.98",20.00%
850,France,Female,32,5,"€ 1,06,290.64",1,1,0,"€ 1,21,982.73",0.00%
646,Germany,Female,30,10,"€ 1,00,548.67",2,0,0,"€ 1,36,983.77",0.00%
735,Germany,Male,46,2,"€ 1,06,344.95",1,1,0,"€ 1,14,371.33",0.00%
543,France,Male,35,5,"€ 1,37,482.19",1,0,0,"€ 62,389.35",0.00%
490,France,Female,37,3,"€ 1,16,465.53",1,0,1,"€ 24,435.77",33.33%
640,France,Male,45,1, € -   ,1,1,1,"€ 10,908.33",100.00%
445,Spain,Male,45,10, € -   ,2,0,1,"€ 90,977.48",20.00%
761,France,Male,36,9,"€ 1,27,637.92",1,1,1,"€ 81,062.93",11.11%
426,France,Female,34,3, € -   ,2,1,1,"€ 61,230.83",66.67%
777,France,Male,37,1, € -   ,1,1,1,"€ 1,26,837.72",100.00%
534,France,Male,35,2,"€ 81,951.74",2,1,0,"€ 1,15,668.53",0.00%
777,France,Female,42,5,"€ 1,47,531.82",1,1,1,"€ 38,819.45",20.00%
806,Spain,Male,18,3, € -   ,2,1,1,"€ 86,994.54",66.67%
790,France,Female,33,10,"€ 1,35,120.72",1,0,0,"€ 1,95,204.99",0.00%
643,Spain,Female,32,2, € -   ,1,0,0,"€ 1,31,301.74",0.00%
584,Spain,Female,37,8, € -   ,2,0,1,"€ 1,00,835.19",25.00%
638,France,Female,34,7, € -   ,2,1,1,"€ 1,98,969.78",28.57%
771,Spain,Male,18,1, € -   ,2,0,0,"€ 41,542.95",0.00%
600,France,Female,39,5, € -   ,2,0,0,"€ 1,18,272.07",0.00%
661,Spain,Female,41,5,"€ 28,082.95",1,1,0,"€ 69,586.27",0.00%
554,France,Female,43,10, € -   ,2,1,0,"€ 1,49,629.13",0.00%
627,Spain,Male,49,4,"€ 1,11,087.50",1,0,1,"€ 1,46,680.25",25.00%
659,France,Female,38,9, € -   ,2,1,1,"€ 1,32,809.18",22.22%
835,France,Male,35,6,"€ 1,27,120.07",1,1,0,"€ 28,707.69",0.00%
763,France,Female,35,7,"€ 1,15,651.60",2,1,1,"€ 1,04,706.29",28.57%
625,Germany,Male,31,4,"€ 77,743.01",2,1,0,"€ 75,335.68",0.00%
799,France,Female,30,9, € -   ,2,1,0,"€ 1,36,827.96",0.00%
849,France,Male,69,7,"€ 71,996.09",1,1,1,"€ 1,39,065.94",14.29%
692,France,Male,28,5,"€ 61,581.97",1,1,1,"€ 70,179.91",20.00%
623,France,Female,24,5, € -   ,2,1,0,"€ 1,16,160.04",0.00%
453,Spain,Female,42,5, € -   ,3,1,0,"€ 83,008.49",0.00%
408,France,Female,84,8,"€ 87,873.39",1,0,0,"€ 1,88,484.52",0.00%
778,Germany,Female,37,0,"€ 1,05,617.73",2,1,1,"€ 1,33,699.82",200.00%
695,France,Female,42,5, € -   ,1,0,1,"€ 72,172.13",20.00%
677,Germany,Female,44,4,"€ 1,48,770.61",2,1,1,"€ 1,91,057.76",50.00%
662,Spain,Male,37,5,"€ 94,901.09",1,1,1,"€ 48,233.75",20.00%
534,France,Male,29,7,"€ 1,74,851.90",1,1,1,"€ 79,178.31",14.29%
602,France,Male,59,7, € -   ,2,1,1,"€ 1,62,347.05",28.57%
554,Germany,Female,43,2,"€ 1,20,847.11",1,1,0,"€ 7,611.61",0.00%
667,France,Male,42,6, € -   ,1,1,0,"€ 88,890.05",0.00%
672,France,Male,43,5, € -   ,1,0,0,"€ 63,833.09",0.00%
838,Spain,Female,67,4,"€ 1,03,267.80",1,1,1,"€ 78,310.04",25.00%
692,Spain,Female,34,4,"€ 1,09,699.08",1,1,1,"€ 37,898.91",25.00%
675,France,Male,49,8,"€ 1,35,133.39",1,0,1,"€ 1,79,521.24",12.50%
731,Spain,Male,33,1, € -   ,1,1,0,"€ 1,30,726.96",0.00%
468,France,Female,32,8,"€ 1,37,649.47",1,0,0,"€ 1,98,714.29",0.00%
542,Spain,Male,43,6,"€ 1,13,567.94",1,1,0,"€ 89,543.25",0.00%
662,Spain,Female,35,6, € -   ,2,0,0,"€ 2,423.90",0.00%
770,Germany,Male,37,5,"€ 1,41,547.26",2,0,1,"€ 1,80,326.83",40.00%
675,France,Female,61,5,"€ 62,055.17",3,1,0,"€ 1,66,305.16",0.00%
647,Germany,Male,51,4,"€ 1,31,156.76",1,1,0,"€ 29,883.63",0.00%
604,France,Male,31,6,"€ 1,34,837.58",1,1,0,"€ 1,92,029.19",0.00%
833,France,Female,39,3, € -   ,2,1,0,"€ 1,710.89",0.00%
741,Spain,Male,40,4,"€ 1,04,784.23",1,1,0,"€ 1,35,163.76",0.00%
658,Spain,Male,36,1, € -   ,2,0,1,"€ 84,927.42",200.00%
528,France,Female,36,1,"€ 1,56,948.41",1,1,1,"€ 1,49,912.28",100.00%
590,France,Female,60,6,"€ 1,47,751.75",1,1,0,"€ 88,206.04",0.00%
675,France,Male,34,1,"€ 1,24,619.33",2,0,1,"€ 1,63,667.56",200.00%
765,France,Male,41,4,"€ 1,24,182.21",1,0,0,"€ 1,00,153.43",0.00%
650,France,Female,64,7,"€ 1,42,028.36",1,1,0,"€ 32,275.09",0.00%
817,France,Male,44,8, € -   ,1,0,0,"€ 65,501.91",0.00%
699,Germany,Female,31,10,"€ 1,25,837.86",2,1,0,"€ 1,89,392.66",0.00%
495,Germany,Female,34,9,"€ 1,17,160.32",1,1,1,"€ 1,16,069.24",11.11%
491,Spain,Female,61,8, € -   ,2,0,1,"€ 1,39,861.53",25.00%
847,France,Male,51,5,"€ 97,565.74",1,0,0,"€ 1,44,184.06",0.00%
676,Spain,Female,30,5, € -   ,2,0,1,"€ 1,57,888.50",40.00%
746,Spain,Female,25,3,"€ 1,04,833.79",1,0,0,"€ 71,911.30",0.00%
470,Spain,Female,31,2,"€ 1,01,675.22",2,1,0,"€ 45,033.75",0.00%
714,Spain,Male,20,3, € -   ,2,0,1,"€ 1,50,465.93",66.67%
695,France,Female,50,8, € -   ,1,1,0,"€ 1,26,381.60",0.00%
674,France,Male,46,2,"€ 1,74,701.05",1,1,0,"€ 90,189.72",0.00%
664,Germany,Male,36,6,"€ 71,142.77",2,1,0,"€ 1,22,433.09",0.00%
697,Germany,Male,31,3,"€ 1,08,805.42",2,0,1,"€ 1,23,825.83",66.67%
670,France,Male,68,4, € -   ,2,1,1,"€ 11,426.70",50.00%
541,France,Female,32,4, € -   ,1,1,1,"€ 1,14,951.42",25.00%
640,France,Female,66,9,"€ 1,16,037.76",1,0,1,"€ 1,84,636.05",11.11%
647,France,Male,28,8, € -   ,2,1,1,"€ 91,055.27",25.00%
757,France,Male,23,2,"€ 80,673.96",2,1,0,"€ 93,991.65",0.00%
704,Germany,Female,39,1,"€ 1,24,640.51",1,1,0,"€ 1,16,511.12",0.00%
778,Germany,Male,31,9,"€ 1,82,275.23",2,1,0,"€ 1,90,631.23",0.00%
639,Germany,Female,41,5,"€ 98,635.77",1,1,0,"€ 1,99,970.74",0.00%
637,France,Male,33,5, € -   ,2,1,0,"€ 1,39,947.17",0.00%
686,France,Male,35,4, € -   ,1,1,0,"€ 8,816.37",0.00%
577,Spain,Male,43,8,"€ 79,757.21",1,1,0,"€ 1,35,650.72",0.00%
506,Germany,Male,28,8,"€ 53,053.76",1,0,1,"€ 24,577.34",12.50%
757,France,Male,28,7,"€ 1,20,911.75",2,1,1,"€ 1,31,249.46",28.57%
826,France,Male,55,4,"€ 1,15,285.85",1,1,0,"€ 1,40,126.17",0.00%
721,France,Male,41,2, € -   ,2,1,0,"€ 1,68,219.75",0.00%
489,Spain,Male,40,3,"€ 2,21,532.80",1,1,0,"€ 1,71,867.08",0.00%
446,France,Female,51,4,"€ 1,05,056.13",1,0,0,"€ 70,613.52",0.00%
677,France,Male,37,3,"€ 88,363.03",1,0,1,"€ 1,17,946.30",33.33%
769,France,Male,29,2,"€ 1,23,757.52",2,1,0,"€ 84,872.66",0.00%
677,Spain,Male,56,5,"€ 1,23,959.97",1,1,1,"€ 60,590.72",20.00%
555,Germany,Female,62,10,"€ 1,14,822.64",1,0,1,"€ 8,444.50",10.00%
652,Germany,Female,37,9,"€ 1,45,219.30",1,1,0,"€ 1,59,132.83",0.00%
722,Germany,Female,32,5,"€ 1,06,807.64",1,1,1,"€ 76,998.69",20.00%
643,France,Male,36,0,"€ 1,48,159.71",1,0,0,"€ 55,835.66",0.00%
796,Germany,Female,40,1,"€ 99,745.95",1,1,0,"€ 1,77,524.19",0.00%
720,Germany,Female,37,8,"€ 1,56,282.79",1,1,0,"€ 45,985.52",0.00%
613,France,Male,41,7, € -   ,2,1,0,"€ 60,297.72",0.00%
506,France,Female,57,6, € -   ,2,0,1,"€ 1,94,421.12",33.33%
608,France,Male,50,6, € -   ,1,1,0,"€ 93,568.77",0.00%
667,Spain,Male,77,2, € -   ,1,1,1,"€ 34,702.92",50.00%
750,France,Female,47,7,"€ 1,21,376.15",2,1,0,"€ 54,473.60",0.00%
610,France,Male,33,4,"€ 1,11,582.11",1,0,0,"€ 1,13,943.17",0.00%
588,Germany,Female,34,10,"€ 1,29,417.82",1,1,0,"€ 1,53,727.32",0.00%
479,France,Female,26,1, € -   ,2,1,1,"€ 19,116.97",200.00%
682,France,Male,37,5, € -   ,2,0,1,"€ 1,12,554.68",40.00%
677,France,Female,36,7, € -   ,1,1,0,"€ 47,318.75",0.00%
850,Germany,Male,40,6,"€ 94,607.08",1,1,0,"€ 36,690.49",0.00%
580,France,Female,56,1,"€ 1,31,368.30",1,1,0,"€ 1,06,918.67",0.00%
746,France,Female,21,8,"€ 1,66,883.07",2,0,1,"€ 1,94,563.65",25.00%
635,Spain,Female,37,3, € -   ,2,1,0,"€ 91,086.73",0.00%
664,Germany,Male,25,6,"€ 1,72,812.72",2,1,1,"€ 1,08,008.65",33.33%
558,Germany,Female,36,0,"€ 1,26,606.63",2,1,1,"€ 1,72,363.52",200.00%
415,France,Male,46,9,"€ 1,34,950.19",3,0,0,"€ 1,78,587.36",0.00%
798,France,Female,60,6,"€ 96,956.10",1,1,0,"€ 31,907.44",0.00%
792,Germany,Female,29,4,"€ 1,07,601.79",1,1,0,"€ 18,922.18",0.00%
489,Germany,Female,46,8,"€ 92,060.06",1,1,0,"€ 1,47,222.95",0.00%
730,France,Male,33,0, € -   ,2,1,0,"€ 1,474.79",0.00%
773,France,Male,41,4, € -   ,2,1,1,"€ 24,924.92",50.00%
711,France,Male,36,9,"€ 1,37,688.71",1,1,1,"€ 46,884.10",11.11%
592,Spain,Male,55,8,"€ 85,845.43",2,1,1,"€ 1,28,918.42",25.00%
695,Germany,Male,27,6,"€ 1,25,552.96",1,1,0,"€ 1,05,291.26",0.00%
640,France,Female,33,1,"€ 1,67,298.42",1,0,1,"€ 1,45,381.65",100.00%
470,Spain,Male,31,4,"€ 55,732.92",2,1,1,"€ 1,03,792.53",50.00%
789,Germany,Female,37,6,"€ 1,10,689.07",1,1,1,"€ 71,121.04",16.67%
604,Spain,Female,39,7,"€ 98,544.11",1,1,1,"€ 52,327.57",14.29%
493,Germany,Female,35,8,"€ 1,78,317.60",1,0,0,"€ 1,97,428.64",0.00%
671,France,Female,48,8,"€ 1,15,713.84",2,0,0,"€ 83,210.84",0.00%
656,France,Male,46,9,"€ 1,43,267.14",2,0,0,"€ 1,93,099.43",0.00%
739,Spain,Male,19,5,"€ 89,750.21",1,1,0,"€ 1,93,008.52",0.00%
560,Spain,Female,26,3,"€ 1,16,576.45",1,1,0,"€ 1,57,567.37",0.00%
827,Germany,Female,47,8,"€ 1,43,001.50",2,1,0,"€ 1,08,977.50",0.00%
681,France,Male,23,7,"€ 1,57,761.56",1,0,0,"€ 1,47,759.84",0.00%
740,France,Female,37,5, € -   ,2,1,1,"€ 27,528.40",40.00%
663,Spain,Male,31,4,"€ 1,03,430.11",2,0,1,"€ 36,479.27",50.00%
845,Spain,Female,52,0, € -   ,1,1,0,"€ 31,726.76",0.00%
555,Spain,Male,27,5, € -   ,2,0,0,"€ 96,398.51",0.00%
680,Germany,Female,48,8,"€ 1,15,115.38",1,1,0,"€ 1,39,558.60",0.00%
638,Germany,Female,39,0,"€ 1,22,501.28",2,1,1,"€ 95,007.80",200.00%
640,Spain,Male,62,3, € -   ,1,1,1,"€ 1,01,663.47",33.33%
778,France,Male,42,6, € -   ,2,1,1,"€ 1,06,197.44",33.33%
679,France,Male,45,3,"€ 1,46,758.24",1,1,0,"€ 48,466.89",0.00%
593,France,Female,32,3, € -   ,2,1,1,"€ 1,51,978.36",66.67%
788,France,Male,55,3, € -   ,1,0,1,"€ 13,288.46",33.33%
770,France,Female,70,9,"€ 1,10,738.89",1,1,0,"€ 22,666.77",0.00%
729,France,Male,67,2,"€ 94,203.80",1,0,1,"€ 1,02,391.06",50.00%
545,France,Male,47,8,"€ 1,05,792.49",1,0,1,"€ 67,830.20",12.50%
597,France,Male,41,4,"€ 1,53,198.23",1,1,1,"€ 92,090.36",25.00%
537,France,Male,38,3, € -   ,2,0,0,"€ 1,41,023.01",0.00%
732,France,Male,79,10,"€ 61,811.23",1,1,1,"€ 1,04,222.80",10.00%
542,France,Male,34,8,"€ 1,01,116.06",1,1,0,"€ 1,96,395.05",0.00%
688,Germany,Female,46,0,"€ 74,458.25",1,0,1,"€ 6,866.31",100.00%
542,Germany,Male,33,8,"€ 1,42,871.27",2,0,0,"€ 77,737.86",0.00%
754,Germany,Male,35,6,"€ 98,585.94",2,0,1,"€ 1,06,116.84",33.33%
750,France,Female,37,6, € -   ,1,1,1,"€ 1,17,948.00",16.67%
731,France,Male,30,7, € -   ,2,1,1,"€ 1,84,581.68",28.57%
699,France,Female,43,3,"€ 80,764.03",1,1,0,"€ 1,99,378.58",0.00%
534,France,Female,42,9,"€ 1,44,801.97",1,0,1,"€ 12,483.39",11.11%
494,Spain,Male,27,2, € -   ,2,1,0,"€ 22,404.64",0.00%
497,Germany,Male,35,7,"€ 1,10,053.62",2,1,1,"€ 92,887.06",28.57%
632,France,Female,28,5,"€ 1,18,890.81",1,0,1,"€ 1,45,157.97",20.00%
724,France,Male,31,5, € -   ,1,1,0,"€ 1,34,889.95",0.00%
751,Germany,Female,37,0,"€ 1,51,218.98",1,1,1,"€ 1,09,309.29",100.00%
733,France,Male,42,9,"€ 1,50,507.21",1,0,1,"€ 1,69,964.12",11.11%
701,Spain,Female,21,9, € -   ,2,1,1,"€ 26,327.42",22.22%
525,Germany,Male,33,4,"€ 1,31,023.76",2,0,0,"€ 55,072.93",0.00%
666,Germany,Female,44,2,"€ 1,22,314.50",1,0,0,"€ 68,574.88",0.00%
653,France,Male,29,2, € -   ,2,1,1,"€ 41,671.81",100.00%
850,France,Male,28,4, € -   ,2,1,1,"€ 12,409.01",50.00%
646,Germany,Female,52,6,"€ 1,11,739.40",2,0,1,"€ 68,367.18",33.33%
750,France,Male,43,6,"€ 1,13,882.31",1,1,1,"€ 74,564.41",16.67%
764,France,Male,24,7,"€ 98,148.61",1,1,0,"€ 26,843.76",0.00%
658,France,Female,32,9, € -   ,2,1,0,"€ 1,56,774.75",0.00%
727,France,Male,32,1,"€ 59,271.82",1,1,1,"€ 46,019.43",100.00%
687,France,Female,31,2, € -   ,2,0,1,"€ 1,45,411.39",100.00%
631,Spain,Male,33,2, € -   ,2,1,1,"€ 1,58,268.84",100.00%
797,France,Male,30,10,"€ 69,413.44",1,1,1,"€ 74,637.57",10.00%
650,Spain,Male,25,7,"€ 1,60,599.06",2,1,1,"€ 28,391.52",28.57%
850,Spain,Male,22,3, € -   ,1,1,1,"€ 1,44,385.54",33.33%
676,France,Female,40,2,"€ 1,47,803.48",1,1,0,"€ 95,181.06",0.00%
620,Spain,Male,44,8, € -   ,2,1,1,"€ 15,627.51",25.00%
576,France,Female,52,9,"€ 1,70,228.59",2,0,0,"€ 1,48,477.57",0.00%
482,France,Female,35,2,"€ 1,33,111.73",1,0,1,"€ 79,957.95",50.00%
695,Spain,Female,39,5, € -   ,2,0,0,"€ 1,02,763.69",0.00%
706,France,Male,18,2,"€ 1,76,139.50",2,1,0,"€ 1,29,654.22",0.00%
668,France,Female,32,2, € -   ,2,1,1,"€ 40,652.33",100.00%
679,Germany,Male,35,1,"€ 1,10,245.13",1,1,1,"€ 1,78,291.09",100.00%
703,France,Female,45,5, € -   ,2,1,0,"€ 1,31,906.44",0.00%
670,Spain,Male,67,6,"€ 1,58,719.57",1,1,1,"€ 1,18,607.40",16.67%
590,France,Female,76,5,"€ 1,60,979.68",1,0,1,"€ 13,848.58",20.00%
613,Spain,Male,35,4,"€ 1,23,557.65",2,0,1,"€ 1,70,903.40",50.00%
742,France,Female,60,4, € -   ,1,1,1,"€ 13,161.66",25.00%
608,France,Female,33,4, € -   ,1,1,0,"€ 79,304.38",0.00%
571,France,Male,40,10,"€ 1,12,896.86",1,1,1,"€ 1,21,402.53",10.00%
595,France,Female,39,7,"€ 1,20,962.13",1,0,0,"€ 23,305.01",0.00%
745,Germany,Male,48,10,"€ 96,048.55",1,1,0,"€ 74,510.65",0.00%
589,France,Female,21,3, € -   ,2,0,1,"€ 55,601.44",66.67%
749,France,Male,37,10,"€ 1,85,063.70",2,1,1,"€ 1,34,526.87",20.00%
678,France,Female,22,6,"€ 1,18,064.93",2,1,1,"€ 1,95,424.01",33.33%
603,France,Male,46,2, € -   ,2,1,1,"€ 59,563.49",100.00%
504,France,Female,73,8, € -   ,1,1,1,"€ 34,595.58",12.50%
739,Germany,Male,40,5,"€ 1,49,131.03",3,1,1,"€ 60,036.99",60.00%
604,France,Female,34,7, € -   ,2,1,0,"€ 1,93,021.49",0.00%
612,France,Female,35,3, € -   ,1,1,1,"€ 48,108.72",33.33%
629,Spain,Female,44,6,"€ 1,25,512.98",2,0,0,"€ 79,082.76",0.00%
652,Spain,Female,42,3,"€ 83,492.07",2,1,0,"€ 37,914.12",0.00%
565,France,Male,34,7, € -   ,1,0,0,"€ 74,593.84",0.00%
707,France,Female,49,10, € -   ,1,1,0,"€ 82,967.97",0.00%
645,France,Male,30,1,"€ 1,25,739.26",1,1,1,"€ 1,93,441.23",100.00%
762,Germany,Female,34,8,"€ 98,592.88",1,0,1,"€ 1,91,790.29",12.50%
639,Spain,Female,39,1,"€ 1,41,789.15",1,1,0,"€ 92,455.96",0.00%
709,Germany,Male,22,0,"€ 1,12,949.71",1,0,0,"€ 1,55,231.55",0.00%
823,France,Male,34,3,"€ 1,05,057.33",1,1,0,"€ 9,217.92",0.00%
817,Germany,Female,46,0,"€ 89,087.89",1,0,1,"€ 87,941.85",100.00%
665,Germany,Female,27,2,"€ 1,47,435.96",1,0,0,"€ 1,87,508.06",0.00%
646,Germany,Male,39,0,"€ 1,54,439.86",1,1,0,"€ 1,71,519.06",0.00%
568,France,Male,30,8,"€ 73,054.37",2,1,1,"€ 27,012.00",25.00%
850,France,Female,62,1,"€ 1,24,678.35",1,1,0,"€ 70,916.00",0.00%
473,Germany,Male,40,8,"€ 1,52,576.25",2,1,0,"€ 73,073.68",0.00%
731,France,Female,41,9,"€ 1,52,243.57",1,1,1,"€ 88,783.59",11.11%
619,France,Male,25,4, € -   ,1,1,0,"€ 1,45,524.36",0.00%
715,Germany,Male,42,2,"€ 88,120.97",2,1,1,"€ 21,333.22",100.00%
772,Germany,Female,51,9,"€ 1,43,930.92",1,0,1,"€ 46,675.51",11.11%
686,France,Female,31,1, € -   ,2,1,0,"€ 4,802.25",0.00%
749,Germany,Female,29,7,"€ 1,37,059.05",3,1,0,"€ 1,02,975.72",0.00%
781,France,Female,27,7,"€ 1,86,558.55",1,1,1,"€ 1,75,071.29",14.29%
675,Spain,Male,66,5,"€ 1,15,654.47",2,1,1,"€ 1,31,970.86",40.00%
730,Spain,Male,29,2, € -   ,2,1,0,"€ 14,174.09",0.00%
683,Spain,Male,38,3,"€ 1,26,152.84",1,0,0,"€ 15,378.75",0.00%
554,Germany,Female,51,7,"€ 1,05,701.91",1,0,1,"€ 1,79,797.79",14.29%
722,France,Male,46,6, € -   ,1,1,1,"€ 93,917.68",16.67%
689,Germany,Male,67,9,"€ 1,57,094.78",1,1,1,"€ 99,490.01",11.11%
796,Germany,Male,40,2,"€ 1,13,228.38",2,1,1,"€ 46,415.09",100.00%
447,France,Female,32,10, € -   ,1,1,1,"€ 1,51,815.76",10.00%
498,Germany,Male,37,8,"€ 1,08,432.88",2,1,1,"€ 14,865.05",25.00%
663,Spain,Male,27,8, € -   ,1,1,1,"€ 1,88,007.99",12.50%
498,Germany,Female,44,2,"€ 1,20,702.67",2,1,1,"€ 98,175.74",100.00%
627,France,Female,32,1, € -   ,1,1,0,"€ 1,06,851.70",0.00%
649,France,Male,45,7, € -   ,2,0,1,"€ 75,204.21",28.57%
738,Germany,Female,29,9,"€ 1,39,106.19",1,1,0,"€ 1,41,872.05",0.00%
587,Germany,Female,39,6,"€ 1,01,851.80",2,1,0,"€ 7,103.71",0.00%
655,Germany,Female,32,6,"€ 1,30,935.56",1,1,0,"€ 9,241.83",0.00%
647,Germany,Male,37,3,"€ 1,16,509.99",1,1,1,"€ 1,49,517.71",33.33%
776,Germany,Female,37,1,"€ 93,124.04",2,1,1,"€ 1,96,079.32",200.00%
688,Germany,Male,35,5,"€ 1,11,578.18",1,0,0,"€ 1,66,165.93",0.00%
605,France,Male,32,9, € -   ,2,1,1,"€ 55,724.24",22.22%
596,France,Female,39,10,"€ 86,546.29",1,0,1,"€ 1,31,768.98",10.00%
427,France,Male,33,8, € -   ,1,1,1,"€ 13,858.95",12.50%
629,France,Male,39,2,"€ 1,29,669.32",2,1,0,"€ 82,774.07",0.00%
496,Spain,Male,29,2, € -   ,2,1,0,"€ 55,389.59",0.00%
717,Spain,Female,36,2,"€ 1,64,557.95",1,0,1,"€ 82,336.73",50.00%
777,France,Male,23,6, € -   ,2,1,1,"€ 1,63,225.48",33.33%
535,Spain,Male,35,8,"€ 1,18,989.92",1,1,1,"€ 1,35,536.72",12.50%
744,France,Male,29,1, € -   ,1,0,0,"€ 82,422.97",0.00%
755,France,Male,31,5, € -   ,2,0,1,"€ 1,94,660.78",40.00%
593,Spain,Female,45,6,"€ 79,259.75",1,1,0,"€ 55,347.28",0.00%
514,France,Male,38,4,"€ 1,12,230.38",1,1,0,"€ 16,717.11",0.00%
721,France,Male,40,9,"€ 1,18,129.87",1,1,1,"€ 1,60,277.65",11.11%
835,Spain,Male,38,7,"€ 86,824.09",1,0,0,"€ 1,75,905.97",0.00%
682,France,Female,64,10,"€ 1,28,306.70",1,0,1,"€ 66,040.83",10.00%
590,Germany,Female,40,2,"€ 1,17,641.43",2,0,0,"€ 92,198.05",0.00%
653,Germany,Female,37,3,"€ 1,25,734.20",2,1,0,"€ 1,34,625.09",0.00%
837,France,Male,49,8,"€ 1,03,302.37",1,1,1,"€ 50,974.57",12.50%
841,France,Male,27,8, € -   ,1,1,0,"€ 1,71,922.72",0.00%
584,Spain,Male,36,4,"€ 82,696.09",2,0,0,"€ 83,058.14",0.00%
769,France,Male,29,4,"€ 1,45,471.37",1,1,0,"€ 1,88,382.77",0.00%
599,Spain,Male,34,2,"€ 1,01,506.66",1,0,0,"€ 1,98,030.24",0.00%
698,France,Male,47,5,"€ 1,56,265.31",2,0,0,"€ 1,055.66",0.00%
477,France,Male,27,1,"€ 1,28,554.98",1,1,1,"€ 1,33,173.19",100.00%
477,Germany,Male,34,8,"€ 1,39,959.55",2,1,1,"€ 1,89,875.83",25.00%
745,Spain,Male,34,7,"€ 1,32,944.53",1,1,1,"€ 31,802.92",14.29%
749,France,Female,35,3, € -   ,3,1,1,"€ 1,32,649.85",100.00%
850,France,Male,61,1, € -   ,1,1,0,"€ 53,067.83",0.00%
528,Germany,Male,22,5,"€ 93,547.23",2,0,1,€ 961.57,40.00%
750,France,Male,33,2,"€ 1,52,302.72",1,1,0,"€ 71,333.44",0.00%
543,France,Female,31,2,"€ 1,47,674.26",1,1,1,"€ 16,658.76",50.00%
579,Spain,Female,59,3,"€ 1,48,021.12",1,1,1,"€ 74,878.22",33.33%
624,France,Male,37,0, € -   ,2,0,0,"€ 1,12,104.55",0.00%
595,Germany,Male,46,5,"€ 1,42,360.62",2,1,0,"€ 48,421.40",0.00%
596,Germany,Female,27,2,"€ 1,51,027.56",1,1,0,"€ 1,70,320.58",0.00%
431,Germany,Female,44,2,"€ 1,38,843.70",1,1,0,"€ 37,688.31",0.00%
647,Spain,Female,26,8,"€ 1,09,958.15",1,1,1,"€ 1,36,592.24",12.50%
640,France,Female,31,9,"€ 1,38,857.59",1,1,0,"€ 48,640.77",0.00%
752,Germany,Female,45,3,"€ 1,05,426.50",2,0,1,"€ 89,773.45",66.67%
710,Germany,Female,41,9,"€ 1,49,155.53",2,1,0,"€ 42,131.26",0.00%
638,Germany,Male,27,4,"€ 1,35,096.05",1,1,1,"€ 1,86,523.72",25.00%
660,Germany,Male,28,2,"€ 1,70,890.05",2,1,0,"€ 41,758.90",0.00%
609,Spain,Female,45,4,"€ 89,122.30",1,1,1,"€ 1,99,256.98",25.00%
596,Spain,Female,54,0,"€ 78,126.28",1,1,1,"€ 1,53,482.91",100.00%
705,France,Female,38,3,"€ 1,23,894.43",1,1,0,"€ 21,177.10",0.00%
444,France,Male,36,7, € -   ,2,0,1,"€ 1,38,743.86",28.57%
727,Germany,Male,58,5,"€ 1,06,913.43",1,1,0,"€ 25,881.00",0.00%
496,France,Male,32,4,"€ 1,27,845.83",1,1,0,"€ 66,469.20",0.00%
554,France,Female,22,8, € -   ,2,0,1,"€ 1,42,670.61",25.00%
537,France,Male,26,7,"€ 1,06,397.75",1,0,0,"€ 1,03,563.23",0.00%
839,France,Female,51,3, € -   ,1,1,1,"€ 69,101.23",33.33%
700,Spain,Female,43,0, € -   ,2,1,0,"€ 59,475.35",0.00%
458,Spain,Female,35,5,"€ 1,66,492.48",1,1,0,"€ 1,35,287.74",0.00%
850,France,Female,28,2, € -   ,2,1,1,"€ 38,773.74",100.00%
699,Spain,Male,31,6,"€ 1,14,493.68",1,0,0,"€ 1,38,396.32",0.00%
615,Germany,Female,44,9,"€ 1,26,104.98",2,0,1,"€ 1,10,718.02",22.22%
850,Germany,Male,51,4,"€ 1,24,425.99",1,0,0,"€ 1,18,545.49",0.00%
604,France,Female,40,1, € -   ,2,1,0,"€ 1,23,207.17",0.00%
668,Spain,Male,34,0, € -   ,1,0,0,"€ 99,984.86",0.00%
594,Spain,Female,38,10, € -   ,2,1,0,"€ 58,332.91",0.00%
470,France,Male,30,3,"€ 1,01,140.76",1,1,1,"€ 50,906.65",33.33%
701,Germany,Male,41,0,"€ 1,50,844.94",1,0,1,"€ 1,27,623.36",100.00%
664,Spain,Male,35,1,"€ 1,15,024.50",1,0,1,"€ 1,69,665.79",100.00%
477,France,Female,30,6,"€ 1,31,286.46",1,1,0,"€ 1,94,144.45",0.00%
756,France,Female,42,9, € -   ,2,1,0,"€ 35,673.42",0.00%
625,France,Female,40,7,"€ 1,41,267.67",1,0,1,"€ 1,77,397.49",14.29%
703,Spain,Male,73,5,"€ 1,37,761.55",1,1,1,"€ 1,59,677.46",20.00%
646,France,Male,30,7, € -   ,2,1,0,"€ 1,53,566.97",0.00%
650,France,Male,33,0,"€ 98,064.97",1,1,0,"€ 52,411.99",0.00%
664,France,Female,31,9,"€ 1,14,519.57",2,0,1,"€ 79,222.02",22.22%
682,Germany,Female,29,6,"€ 1,01,012.77",1,0,0,"€ 32,589.89",0.00%
725,France,Female,44,10, € -   ,1,0,1,"€ 93,777.61",10.00%
553,Germany,Male,46,3,"€ 82,291.10",1,1,0,"€ 1,12,549.99",0.00%
576,France,Male,39,9,"€ 84,719.98",1,0,0,"€ 1,91,063.36",0.00%
608,Spain,Female,56,5, € -   ,2,0,1,"€ 1,53,810.41",40.00%
850,France,Female,39,0,"€ 1,04,386.53",1,1,0,"€ 1,05,886.77",0.00%
627,France,Male,31,8,"€ 1,28,131.73",1,1,0,"€ 96,131.47",0.00%
667,France,Male,44,2,"€ 1,22,806.95",1,0,0,"€ 15,120.86",0.00%
548,Spain,Male,44,8, € -   ,1,1,0,"€ 16,989.77",0.00%
774,France,Male,76,4,"€ 1,12,510.89",1,1,1,"€ 1,43,133.18",25.00%
794,Germany,Male,57,3,"€ 1,17,056.46",1,1,0,"€ 93,336.93",0.00%
497,Germany,Female,55,7,"€ 1,31,778.66",1,1,1,"€ 9,972.64",14.29%
587,France,Female,36,1,"€ 70,784.27",1,1,0,"€ 30,579.82",0.00%
850,France,Female,29,10, € -   ,2,1,1,"€ 1,99,775.67",20.00%
722,France,Male,46,5, € -   ,2,1,0,"€ 1,79,908.71",0.00%
555,Spain,Female,35,1, € -   ,2,1,0,"€ 1,01,667.00",0.00%
609,Germany,Male,38,6,"€ 1,40,752.06",2,0,1,"€ 1,71,430.16",33.33%
734,Spain,Female,39,6,"€ 92,126.26",2,0,0,"€ 1,12,973.34",0.00%
718,Germany,Female,39,7,"€ 93,148.74",2,1,1,"€ 1,90,746.38",28.57%
645,Spain,Female,49,5,"€ 1,10,132.55",3,0,1,"€ 1,87,689.91",60.00%
598,Spain,Female,23,6, € -   ,2,1,0,"€ 1,53,229.19",0.00%
628,Germany,Male,50,4,"€ 1,22,227.71",1,0,1,"€ 14,217.77",25.00%
629,Germany,Male,40,2,"€ 1,21,647.54",2,1,1,"€ 64,849.74",100.00%
739,Germany,Male,58,1,"€ 1,10,597.76",1,0,1,"€ 1,60,122.66",100.00%
653,France,Female,60,2,"€ 1,20,731.39",4,1,1,"€ 1,38,160.11",200.00%
711,France,Male,28,8, € -   ,2,1,1,"€ 64,286.39",25.00%
783,Spain,Male,38,1, € -   ,3,1,1,"€ 80,178.54",300.00%
681,France,Male,38,6,"€ 1,53,722.47",1,1,0,"€ 1,01,319.76",0.00%
712,France,Male,34,8,"€ 1,14,088.32",1,1,0,"€ 92,794.61",0.00%
554,France,Female,48,7, € -   ,2,1,1,"€ 63,708.07",28.57%
611,France,Female,37,6, € -   ,2,1,0,"€ 1,10,782.88",0.00%
560,Germany,Male,41,4,"€ 1,52,532.30",1,0,0,"€ 10,779.69",0.00%
646,Spain,Male,32,1, € -   ,2,1,0,"€ 1,83,289.22",0.00%
680,France,Male,34,3,"€ 1,43,292.95",1,1,0,"€ 66,526.01",0.00%
631,France,Male,26,1,"€ 1,49,144.61",1,0,1,"€ 1,23,697.95",100.00%
746,France,Male,36,9,"€ 1,27,157.04",1,1,1,"€ 1,55,700.15",11.11%
654,Germany,Male,43,9,"€ 84,673.17",2,0,1,"€ 82,081.35",22.22%
687,Germany,Male,33,9,"€ 1,35,962.40",2,1,0,"€ 1,21,747.96",0.00%
708,Germany,Male,32,3,"€ 1,51,691.44",2,1,1,"€ 1,72,810.51",66.67%
679,Germany,Female,32,0,"€ 88,335.05",1,0,0,"€ 1,59,584.81",0.00%
636,France,Female,45,7,"€ 1,39,859.23",1,1,1,"€ 1,08,402.54",14.29%
695,France,Male,45,9,"€ 43,134.65",1,0,1,"€ 77,330.35",11.11%
677,France,Male,42,5,"€ 99,580.13",1,1,0,"€ 21,007.96",0.00%
720,France,Female,34,6,"€ 1,10,717.38",1,1,1,"€ 9,398.45",16.67%
780,France,Female,37,3, € -   ,2,0,0,"€ 1,82,156.81",0.00%
653,Spain,Female,36,3, € -   ,2,0,0,"€ 1,10,525.60",0.00%
674,France,Female,28,3, € -   ,1,1,0,"€ 51,536.99",0.00%
620,Germany,Male,40,5,"€ 1,08,197.11",2,1,0,"€ 49,722.34",0.00%
623,France,Male,40,6, € -   ,2,1,1,"€ 66,119.07",33.33%
547,France,Female,29,6,"€ 1,04,450.86",1,1,1,"€ 37,160.28",16.67%
530,France,Male,39,2, € -   ,2,1,0,"€ 1,97,923.05",0.00%
746,France,Female,34,4, € -   ,1,0,1,"€ 65,166.60",25.00%
512,France,Female,31,7, € -   ,2,0,0,"€ 49,326.07",0.00%
630,France,Male,40,8, € -   ,2,1,1,"€ 42,495.81",25.00%
570,Spain,Male,21,7,"€ 1,16,099.82",1,1,1,"€ 1,48,087.62",14.29%
605,France,Male,39,6,"€ 1,11,169.91",1,0,0,"€ 9,641.40",0.00%
530,Spain,Male,37,4, € -   ,2,1,1,"€ 1,64,844.37",50.00%
813,Germany,Female,25,5,"€ 1,23,616.43",1,0,1,"€ 1,32,959.33",20.00%
704,Spain,Female,37,9,"€ 1,55,619.58",1,1,1,"€ 1,35,088.58",11.11%
565,Germany,Male,31,2,"€ 89,558.39",2,1,1,"€ 4,441.54",100.00%
645,Spain,Male,45,4, € -   ,1,0,1,"€ 1,74,916.85",25.00%
526,Germany,Female,32,6,"€ 1,31,938.92",2,1,1,"€ 1,795.93",33.33%
778,France,Female,33,9,"€ 1,51,772.63",2,0,0,"€ 1,80,249.94",0.00%
677,France,Female,72,8, € -   ,2,1,1,"€ 1,53,604.44",25.00%
588,France,Female,64,3, € -   ,1,1,1,"€ 1,89,703.65",33.33%
488,France,Female,22,6, € -   ,2,1,1,"€ 66,393.89",33.33%
519,France,Male,39,1,"€ 97,700.02",1,1,1,"€ 30,709.03",100.00%
709,France,Male,31,6, € -   ,2,1,1,"€ 71,009.84",33.33%
642,Germany,Female,56,6,"€ 1,03,244.86",2,1,0,"€ 1,43,049.72",0.00%
710,Germany,Male,34,8,"€ 1,47,833.30",2,0,1,"€ 1,561.58",25.00%
653,France,Female,46,5, € -   ,2,1,0,"€ 49,707.85",0.00%
743,France,Male,71,0, € -   ,2,0,1,"€ 29,837.65",200.00%
418,France,Female,39,2, € -   ,2,0,0,"€ 9,041.71",0.00%
670,Germany,Female,33,9,"€ 84,521.48",2,0,1,"€ 1,98,017.05",22.22%
723,Germany,Female,28,5,"€ 91,938.31",1,1,0,"€ 1,43,481.85",0.00%
549,Germany,Male,45,6,"€ 1,24,240.93",1,1,1,"€ 1,46,372.51",16.67%
543,France,Female,42,5, € -   ,2,0,0,"€ 1,01,905.34",0.00%
595,Spain,Male,37,2,"€ 1,57,084.99",1,1,0,"€ 1,34,767.13",0.00%
673,Germany,Female,25,3,"€ 1,08,244.82",2,1,1,"€ 1,03,573.96",66.67%
741,France,Female,21,9, € -   ,2,0,1,"€ 1,39,259.54",22.22%
508,Germany,Female,41,5,"€ 82,161.70",2,1,0,"€ 1,87,776.49",0.00%
662,Germany,Male,59,2,"€ 1,04,568.41",1,1,0,"€ 8,059.44",0.00%
752,France,Female,36,2,"€ 1,19,912.46",1,1,0,"€ 1,24,354.92",0.00%
809,France,Male,36,9,"€ 68,881.59",2,0,1,"€ 1,09,135.11",22.22%
575,Spain,Male,30,2, € -   ,2,1,1,"€ 82,222.86",100.00%
591,Spain,Female,40,1,"€ 86,376.29",1,0,1,"€ 1,36,767.16",100.00%
643,Spain,Female,45,9,"€ 1,50,840.03",2,1,0,"€ 1,55,516.35",0.00%
698,Germany,Male,55,8,"€ 1,55,059.10",2,1,1,"€ 1,44,584.29",25.00%
496,France,Female,29,4, € -   ,2,1,0,"€ 1,64,806.89",0.00%
597,France,Male,44,8,"€ 78,128.13",2,0,1,"€ 1,09,153.04",25.00%
603,Germany,Male,46,4,"€ 98,899.76",2,1,1,"€ 86,190.34",50.00%
655,Spain,Male,37,1, € -   ,1,1,1,"€ 1,06,040.97",100.00%
431,France,Male,63,6,"€ 1,60,982.89",1,1,1,"€ 1,68,008.17",16.67%
620,France,Female,70,3,"€ 87,926.24",2,1,0,"€ 33,350.26",0.00%
782,France,Female,35,4, € -   ,1,1,1,"€ 1,19,565.34",25.00%
581,Spain,Male,46,2,"€ 79,385.21",2,0,0,"€ 1,88,492.82",0.00%
553,Germany,Male,53,5,"€ 1,27,997.83",1,1,0,"€ 1,65,378.66",0.00%
658,France,Male,44,2,"€ 1,68,396.34",1,1,1,"€ 14,178.73",50.00%
686,Germany,Male,43,2,"€ 1,34,896.03",1,1,1,"€ 97,847.05",50.00%
539,Spain,Male,36,6, € -   ,3,1,1,"€ 1,18,959.64",50.00%
685,France,Female,50,6,"€ 94,238.75",2,1,1,"€ 50,664.07",33.33%
850,France,Male,29,1, € -   ,2,0,0,"€ 1,52,996.89",0.00%
763,Spain,Female,39,7, € -   ,2,1,0,"€ 19,458.75",0.00%
634,Germany,Male,43,3,"€ 2,12,696.32",1,1,0,"€ 1,15,268.86",0.00%
567,France,Male,59,3, € -   ,2,1,0,"€ 25,843.70",0.00%
539,France,Male,39,3,"€ 1,39,153.68",2,1,0,"€ 1,47,662.33",0.00%
764,France,Male,41,7, € -   ,2,0,0,"€ 1,34,878.34",0.00%
653,France,Female,40,0, € -   ,2,1,0,"€ 35,795.85",0.00%
566,Spain,Male,44,5, € -   ,2,1,0,"€ 66,462.79",0.00%
714,Germany,Male,29,6,"€ 92,887.13",1,1,1,"€ 69,578.49",16.67%
580,Spain,Female,65,1, € -   ,2,0,1,"€ 1,03,182.46",200.00%
548,France,Male,29,5,"€ 83,442.98",1,0,1,"€ 1,77,017.39",20.00%
646,Germany,Female,36,6,"€ 1,44,773.29",2,1,0,"€ 53,217.30",0.00%
622,Germany,Female,52,9,"€ 1,11,973.97",1,1,1,"€ 1,62,756.29",11.11%
706,France,Female,35,8,"€ 1,78,032.53",1,0,1,"€ 42,181.68",12.50%
680,France,Male,23,5,"€ 1,40,007.19",1,0,1,"€ 31,714.08",20.00%
698,France,Male,37,5,"€ 98,400.61",2,0,0,"€ 25,017.28",0.00%
581,Spain,Female,46,1, € -   ,2,1,0,"€ 1,04,272.04",0.00%
728,Germany,Male,45,3,"€ 1,08,924.33",2,1,0,"€ 84,300.40",0.00%
707,Spain,Female,32,4,"€ 1,32,835.56",1,0,0,"€ 1,36,877.24",0.00%
761,France,Female,26,1, € -   ,2,1,1,"€ 1,99,409.19",200.00%
483,Germany,Male,41,1,"€ 1,18,334.44",1,0,0,"€ 1,63,147.99",0.00%
736,Germany,Female,25,9,"€ 81,732.88",2,1,0,"€ 1,36,497.28",0.00%
716,Germany,Male,66,5,"€ 1,21,411.90",1,0,0,"€ 10,070.40",0.00%
654,France,Male,32,9,"€ 1,21,455.65",1,1,0,"€ 1,90,068.53",0.00%
649,Spain,Male,20,5, € -   ,2,1,1,"€ 58,309.54",40.00%
649,France,Male,46,5, € -   ,2,1,1,"€ 76,946.60",40.00%
612,France,Female,31,8,"€ 1,17,989.76",1,1,1,"€ 54,129.86",12.50%
657,Spain,Male,40,10, € -   ,2,1,1,"€ 52,990.70",20.00%
511,France,Female,31,5,"€ 1,37,411.29",1,0,1,"€ 1,61,854.98",20.00%
682,France,Male,61,10,"€ 73,688.20",1,1,1,"€ 1,72,141.33",10.00%
748,Spain,Male,58,9,"€ 1,22,330.70",2,0,1,"€ 1,24,429.19",22.22%
554,Germany,Male,43,5,"€ 99,906.89",1,0,0,"€ 24,983.39",0.00%
794,Spain,Female,28,5, € -   ,2,0,1,"€ 86,699.98",40.00%
807,France,Female,47,9,"€ 1,67,664.83",1,0,0,"€ 1,25,440.11",0.00%
594,France,Female,34,7,"€ 1,41,525.55",1,0,0,"€ 9,443.15",0.00%
652,Spain,Female,33,3,"€ 1,24,832.51",1,1,0,"€ 1,95,877.06",0.00%
729,France,Female,34,9,"€ 1,32,121.71",1,0,1,"€ 1,05,409.31",11.11%
625,France,Male,39,2, € -   ,2,1,0,"€ 1,00,403.05",0.00%
597,Germany,Female,60,0,"€ 78,539.84",1,0,1,"€ 48,502.88",100.00%
657,Germany,Female,38,5,"€ 1,23,770.46",1,0,0,"€ 47,019.66",0.00%
633,France,Male,43,5, € -   ,2,1,1,"€ 48,249.88",40.00%
663,Germany,Male,49,7,"€ 1,16,150.65",3,1,1,"€ 84,358.71",42.86%
535,France,Male,47,0,"€ 1,60,729.10",1,0,1,"€ 1,45,986.35",100.00%
702,France,Female,29,10,"€ 88,378.60",1,1,0,"€ 88,550.28",0.00%
712,France,Male,33,2,"€ 1,82,888.08",1,1,0,"€ 3,061.00",0.00%
607,France,Male,31,8, € -   ,2,1,1,"€ 43,196.50",25.00%
476,France,Male,37,4, € -   ,1,1,1,"€ 55,775.84",25.00%
748,Spain,Female,23,8,"€ 85,600.08",1,0,0,"€ 1,34,077.71",0.00%
815,France,Male,35,4, € -   ,2,0,1,"€ 1,98,490.33",50.00%
602,France,Male,32,10, € -   ,2,1,1,"€ 1,16,052.92",20.00%
649,Germany,Male,40,4,"€ 95,001.33",1,0,1,"€ 1,23,202.99",25.00%
551,Spain,Male,27,2,"€ 1,13,873.22",1,1,1,"€ 85,129.77",50.00%
509,France,Male,30,6, € -   ,2,1,0,"€ 1,80,598.86",0.00%
685,Spain,Male,40,7,"€ 74,896.92",1,1,0,"€ 1,98,694.20",0.00%
536,France,Female,22,5,"€ 89,492.62",1,0,0,"€ 42,934.43",0.00%
711,Spain,Male,38,3,"€ 1,28,718.78",1,0,0,"€ 1,14,793.45",0.00%
761,Spain,Male,27,8, € -   ,2,1,0,"€ 63,297.70",0.00%
535,France,Female,49,3, € -   ,1,0,0,"€ 61,820.41",0.00%
566,Germany,Male,22,7,"€ 1,44,954.75",2,1,0,"€ 1,02,246.00",0.00%
620,Spain,Male,21,9, € -   ,2,0,0,"€ 1,54,882.79",0.00%
837,Germany,Male,37,6,"€ 94,001.61",2,1,0,"€ 1,40,723.05",0.00%
685,France,Female,40,7, € -   ,1,1,0,"€ 72,852.74",0.00%
673,France,Male,65,0, € -   ,1,1,1,"€ 85,733.33",100.00%
638,France,Male,24,1, € -   ,2,0,1,"€ 1,62,597.15",200.00%
614,France,Male,46,4, € -   ,1,1,0,"€ 74,379.57",0.00%
626,France,Female,44,2, € -   ,1,0,1,"€ 1,73,117.22",50.00%
834,Spain,Male,38,8, € -   ,2,1,1,"€ 66,485.26",25.00%
691,France,Male,24,6, € -   ,2,1,1,"€ 92,811.20",33.33%
706,Spain,Male,38,8, € -   ,2,0,1,"€ 46,635.11",25.00%
633,France,Male,37,7,"€ 1,41,546.35",1,1,1,"€ 1,24,830.11",14.29%
644,Germany,Female,32,8,"€ 1,41,528.88",1,1,1,"€ 1,67,087.34",12.50%
666,France,Male,30,7,"€ 1,09,805.30",1,0,1,"€ 1,63,625.56",14.29%
708,France,Male,32,10,"€ 86,614.06",2,1,1,"€ 1,72,129.26",20.00%
496,Germany,Female,59,7,"€ 91,680.10",2,1,0,"€ 1,63,141.18",0.00%
730,Germany,Male,38,0,"€ 38,848.19",2,0,0,"€ 94,003.11",0.00%
696,Spain,Male,40,3,"€ 1,53,639.11",1,1,1,"€ 1,38,351.68",33.33%
809,Spain,Male,80,8, € -   ,2,0,1,"€ 34,164.05",25.00%
701,Spain,Female,33,7,"€ 1,23,870.07",1,1,0,"€ 97,794.71",0.00%
604,France,Male,30,5, € -   ,2,1,0,"€ 75,786.55",0.00%
665,France,Male,39,10,"€ 46,323.57",1,1,0,"€ 1,36,812.02",0.00%
639,France,Female,60,5,"€ 1,62,039.78",1,1,1,"€ 84,361.72",20.00%
696,France,Male,19,1,"€ 1,10,928.51",1,1,1,"€ 2,766.63",100.00%
520,France,Male,38,5, € -   ,2,1,0,"€ 1,63,185.76",0.00%
545,Germany,Male,53,5,"€ 1,14,421.55",1,1,0,"€ 1,80,598.28",0.00%
634,Germany,Female,29,8,"€ 1,30,036.21",2,0,1,"€ 69,849.55",25.00%
750,France,Female,26,1,"€ 1,51,510.17",2,1,1,"€ 19,921.72",200.00%
530,Spain,Female,41,4, € -   ,2,0,1,"€ 1,47,606.71",50.00%
589,France,Female,59,2, € -   ,2,1,1,"€ 1,26,160.24",100.00%
654,France,Male,37,6,"€ 83,568.55",1,1,0,"€ 47,046.72",0.00%
648,France,Female,43,7,"€ 1,39,972.18",1,1,0,"€ 1,43,668.58",0.00%
835,Spain,Male,45,3,"€ 1,00,212.13",1,1,0,"€ 1,52,577.62",0.00%
446,France,Female,39,1,"€ 90,217.07",1,1,0,"€ 1,91,350.48",0.00%
514,Spain,Male,66,9, € -   ,2,1,1,"€ 14,234.31",22.22%
694,Germany,Male,33,4,"€ 1,24,067.32",1,1,1,"€ 77,906.87",25.00%
554,Spain,Male,46,4, € -   ,2,0,1,"€ 57,320.92",50.00%
720,Germany,Female,57,1,"€ 1,62,082.31",4,0,0,"€ 27,145.73",0.00%
641,Germany,Female,51,2,"€ 1,17,306.69",4,1,1,"€ 26,912.72",200.00%
813,France,Male,32,1,"€ 1,22,889.88",1,1,1,"€ 26,476.18",100.00%
480,France,Male,40,6,"€ 1,48,790.61",1,0,1,"€ 79,329.70",16.67%
811,France,Male,46,9,"€ 1,80,226.24",1,1,0,"€ 13,464.64",0.00%
715,Germany,Female,32,3,"€ 1,04,857.19",2,1,0,"€ 1,14,149.80",0.00%
620,Spain,Male,31,2,"€ 1,66,833.86",2,1,1,"€ 1,35,171.60",100.00%
721,France,Male,42,4,"€ 1,02,936.72",1,0,0,"€ 1,187.88",0.00%
772,Germany,Female,48,6,"€ 1,08,736.52",1,1,0,"€ 1,84,564.67",0.00%
680,Germany,Male,44,0,"€ 1,29,974.79",2,1,1,"€ 33,391.38",200.00%
535,France,Male,38,8,"€ 85,982.07",1,1,0,"€ 9,238.35",0.00%
655,France,Female,20,7,"€ 1,34,397.61",1,0,0,"€ 28,029.54",0.00%
660,France,Male,63,8,"€ 1,37,841.53",1,1,1,"€ 42,790.29",12.50%
762,Germany,Male,56,10,"€ 1,00,260.88",3,1,1,"€ 77,142.42",30.00%
662,Germany,Male,39,5,"€ 1,39,822.11",2,1,1,"€ 1,46,219.90",40.00%
463,Germany,Female,41,8,"€ 1,23,151.51",2,1,0,"€ 70,127.93",0.00%
501,Germany,Male,27,4,"€ 95,331.83",2,1,0,"€ 1,32,104.76",0.00%
603,Spain,Female,42,6, € -   ,1,1,1,"€ 90,437.87",16.67%
688,Spain,Male,37,7,"€ 1,38,162.41",2,1,1,"€ 1,13,926.31",28.57%
430,France,Male,38,9, € -   ,2,1,1,"€ 12,050.77",22.22%
632,Germany,Male,48,6,"€ 1,26,066.26",1,1,0,"€ 64,345.61",0.00%
601,Spain,Female,42,4,"€ 96,763.89",1,1,1,"€ 1,99,242.65",25.00%
769,France,Female,38,2, € -   ,2,0,0,"€ 75,578.67",0.00%
551,France,Male,42,2,"€ 1,39,561.46",1,1,0,"€ 43,435.43",0.00%
841,France,Female,52,5, € -   ,1,0,0,"€ 1,83,239.71",0.00%
469,Spain,Female,31,6, € -   ,1,1,0,"€ 1,46,213.75",0.00%
479,Spain,Male,27,2,"€ 1,72,463.45",1,1,1,"€ 40,315.27",50.00%
701,France,Male,37,8,"€ 1,07,798.85",1,1,0,"€ 16,966.73",0.00%
593,France,Male,36,2,"€ 70,181.48",2,1,0,"€ 80,608.12",0.00%
738,Spain,Male,38,5,"€ 1,77,997.07",1,0,1,"€ 19,233.41",20.00%
635,Spain,Male,31,1, € -   ,2,1,0,"€ 1,35,382.23",0.00%
658,France,Male,32,8, € -   ,1,1,1,"€ 80,410.68",12.50%
687,Spain,Female,36,5, € -   ,1,1,0,"€ 17,696.22",0.00%
650,France,Male,37,9, € -   ,2,1,0,"€ 17,974.08",0.00%
720,Spain,Male,21,2,"€ 1,23,200.78",1,1,1,"€ 1,80,712.28",50.00%
602,France,Female,63,7, € -   ,2,1,1,"€ 56,323.21",28.57%
618,Spain,Male,33,4, € -   ,2,1,1,"€ 77,550.18",50.00%
803,Germany,Male,41,9,"€ 1,37,742.90",2,1,1,"€ 1,66,957.82",22.22%
793,France,Female,63,9,"€ 1,16,270.72",1,1,1,"€ 1,84,243.25",11.11%
616,Germany,Male,41,10,"€ 1,13,220.20",2,1,1,"€ 1,14,072.91",20.00%
550,Spain,Male,51,5, € -   ,2,1,0,"€ 1,53,917.41",0.00%
602,France,Female,56,3,"€ 1,15,895.22",3,1,0,"€ 4,176.17",0.00%
452,France,Female,60,6,"€ 1,21,730.49",1,1,1,"€ 1,42,963.29",16.67%
655,Spain,Female,28,3,"€ 1,13,811.85",2,0,1,"€ 76,844.23",66.67%
510,France,Female,26,6,"€ 1,36,214.08",1,0,0,"€ 1,59,742.33",0.00%
557,France,Male,39,8,"€ 1,46,200.01",1,1,0,"€ 1,77,944.64",0.00%
676,France,Male,37,10,"€ 1,06,242.67",1,1,1,"€ 1,66,678.28",10.00%
640,France,Female,29,4, € -   ,2,1,0,"€ 44,904.26",0.00%
529,Spain,Male,31,6, € -   ,1,1,0,"€ 10,625.91",0.00%
559,France,Male,45,8,"€ 24,043.45",1,0,1,"€ 1,69,781.45",12.50%
689,France,Female,58,5, € -   ,2,0,1,"€ 49,848.86",40.00%
626,Germany,Male,39,10,"€ 1,32,287.92",3,1,1,"€ 51,467.92",30.00%
697,Spain,Male,30,1, € -   ,2,0,0,€ 735.79,0.00%
823,France,Female,44,1, € -   ,2,0,1,"€ 1,82,495.70",200.00%
565,Germany,Female,32,4,"€ 90,322.99",2,0,1,"€ 1,18,740.37",50.00%
631,Spain,Male,23,3, € -   ,2,1,0,"€ 13,813.24",0.00%
646,France,Female,34,3,"€ 1,31,283.11",1,0,0,"€ 1,30,500.65",0.00%
676,Spain,Male,48,1,"€ 1,31,659.59",2,0,1,"€ 14,152.15",200.00%
850,Spain,Female,54,4,"€ 1,20,952.74",1,1,0,"€ 66,963.15",0.00%
810,France,Female,38,9,"€ 1,53,166.17",1,1,1,"€ 93,261.69",11.11%
581,Spain,Male,30,0,"€ 53,291.86",1,0,0,"€ 1,96,582.28",0.00%
718,France,Female,35,2,"€ 1,67,924.95",1,1,0,"€ 43,024.64",0.00%
713,France,Male,43,5,"€ 86,394.14",1,1,1,"€ 1,30,001.13",20.00%
672,France,Female,50,1, € -   ,1,1,0,"€ 12,106.82",0.00%
781,Spain,Male,33,3, € -   ,2,1,1,"€ 42,556.33",66.67%
656,Spain,Male,47,1, € -   ,2,1,1,"€ 1,97,961.93",200.00%
583,France,Female,31,4,"€ 1,58,978.79",1,1,0,"€ 12,538.92",0.00%
808,Germany,Female,37,2,"€ 1,00,431.84",1,1,0,"€ 35,140.49",0.00%
721,Spain,Male,33,5, € -   ,2,0,1,"€ 1,17,626.90",40.00%
778,Germany,Female,29,6,"€ 1,50,358.97",1,1,0,"€ 62,454.01",0.00%
850,Spain,Female,45,4,"€ 1,14,347.85",2,1,1,"€ 1,09,089.04",50.00%
693,France,Female,39,4, € -   ,2,0,1,"€ 1,42,331.39",50.00%
520,France,Male,34,4,"€ 1,34,007.90",1,1,1,"€ 1,93,209.11",25.00%
759,Germany,Male,31,4,"€ 98,899.91",1,1,1,"€ 47,832.82",25.00%
637,France,Male,60,3, € -   ,2,1,1,"€ 70,174.03",66.67%
755,Germany,Male,40,2,"€ 1,37,430.82",2,0,0,"€ 1,76,768.59",0.00%
662,France,Female,47,6, € -   ,2,1,1,"€ 1,29,392.75",33.33%
503,France,Female,37,8, € -   ,2,1,1,"€ 97,893.32",25.00%
599,Germany,Male,39,2,"€ 1,88,976.89",2,0,1,"€ 1,76,142.09",100.00%
583,Spain,Female,40,4, € -   ,2,1,0,"€ 1,14,093.73",0.00%
764,Spain,Female,48,1,"€ 75,990.97",1,1,0,"€ 1,58,323.81",0.00%
513,France,Male,29,10, € -   ,2,0,1,"€ 25,514.77",20.00%
730,Spain,Male,62,5,"€ 1,12,181.08",1,0,1,"€ 61,513.87",20.00%
820,Spain,Male,34,10,"€ 97,208.46",1,1,1,"€ 59,553.34",10.00%
597,Spain,Female,26,7, € -   ,2,1,0,"€ 1,10,253.20",0.00%
637,France,Male,32,5, € -   ,1,0,0,"€ 1,48,769.08",0.00%
696,France,Male,34,9,"€ 1,50,856.79",1,0,1,"€ 8,236.78",11.11%
635,Germany,Female,37,9,"€ 1,46,748.07",1,0,1,"€ 11,407.58",11.11%
673,Spain,Female,57,4, € -   ,2,1,1,"€ 49,684.09",50.00%
662,Spain,Male,33,3, € -   ,2,0,1,"€ 68,064.83",66.67%
683,Spain,Male,41,0,"€ 1,48,863.17",1,1,1,"€ 1,63,911.32",100.00%
850,France,Male,55,6, € -   ,1,1,0,€ 944.41,0.00%
815,Spain,Male,28,6, € -   ,2,0,1,"€ 1,85,547.71",33.33%
671,Spain,Male,34,10,"€ 1,53,360.02",1,1,0,"€ 1,40,509.86",0.00%
601,France,Female,40,3,"€ 92,055.36",1,0,1,"€ 1,64,652.02",33.33%
709,Germany,Female,39,9,"€ 1,24,723.92",1,1,0,"€ 73,641.86",0.00%
702,Germany,Male,28,1,"€ 1,03,033.83",1,1,1,"€ 40,321.87",100.00%
558,France,Male,40,6, € -   ,2,1,0,"€ 1,73,844.89",0.00%
691,Spain,Male,40,1, € -   ,2,1,1,"€ 1,45,613.17",200.00%
700,France,Female,30,9, € -   ,1,1,1,"€ 1,74,971.64",11.11%
667,France,Male,33,4, € -   ,2,1,1,"€ 1,31,834.75",50.00%
624,Germany,Male,54,3,"€ 1,16,726.22",1,1,0,"€ 1,10,498.10",0.00%
580,France,Female,23,5,"€ 1,13,923.81",2,0,0,"€ 1,96,241.43",0.00%
571,Spain,Female,31,3, € -   ,2,1,1,"€ 1,94,667.92",66.67%
561,France,Male,37,5, € -   ,2,1,0,"€ 83,093.25",0.00%
529,France,Male,28,9, € -   ,2,1,1,"€ 52,545.24",22.22%
670,France,Male,36,7, € -   ,2,0,0,"€ 59,571.50",0.00%
666,Germany,Female,21,1,"€ 1,21,827.43",2,1,1,"€ 99,818.31",200.00%
628,Spain,Male,42,7, € -   ,2,0,1,"€ 1,72,967.87",28.57%
577,France,Male,60,10,"€ 1,25,389.70",2,1,1,"€ 1,78,616.73",20.00%
652,Spain,Female,38,1,"€ 1,03,895.31",1,0,1,"€ 1,59,649.44",100.00%
678,France,Male,26,5,"€ 1,11,128.04",1,1,0,"€ 60,941.27",0.00%
692,Spain,Female,49,9, € -   ,2,1,0,"€ 1,78,342.63",0.00%
675,Spain,Male,32,10, € -   ,2,1,0,"€ 1,91,545.65",0.00%
712,Spain,Male,52,9, € -   ,1,1,1,"€ 1,17,977.45",11.11%
639,Germany,Female,37,5,"€ 1,51,242.48",1,0,1,"€ 49,637.65",20.00%
618,France,Male,48,7, € -   ,1,1,0,"€ 13,921.82",0.00%
554,France,Male,39,2,"€ 1,29,709.62",1,1,0,"€ 1,73,197.12",0.00%
533,France,Male,47,9,"€ 83,347.25",1,1,1,"€ 1,37,696.25",11.11%
540,Spain,Female,28,6,"€ 84,121.04",1,0,1,"€ 80,698.54",16.67%
704,Spain,Male,33,3, € -   ,2,1,0,"€ 73,018.74",0.00%
678,France,Male,43,5,"€ 1,02,338.19",1,1,1,"€ 79,649.62",20.00%
712,France,Female,29,3,"€ 87,375.78",2,0,0,"€ 1,66,194.53",0.00%
651,France,Male,44,2, € -   ,3,1,0,"€ 1,02,530.35",0.00%
789,Germany,Male,51,3,"€ 1,04,677.09",1,1,0,"€ 74,265.38",0.00%
775,Germany,Male,32,8,"€ 1,21,669.23",1,0,1,"€ 1,25,898.39",12.50%
564,Germany,Male,40,7,"€ 1,08,407.34",1,1,1,"€ 83,681.20",14.29%
841,Germany,Female,33,7,"€ 1,54,969.79",2,1,1,"€ 99,505.75",28.57%
850,Spain,Male,39,0,"€ 1,41,829.67",1,1,1,"€ 92,748.16",100.00%
637,France,Female,63,5, € -   ,1,1,0,"€ 28,092.77",0.00%
500,France,Male,45,2,"€ 1,09,162.82",1,1,1,"€ 1,26,145.08",50.00%
655,France,Male,44,8,"€ 87,471.63",1,0,1,"€ 1,88,593.98",12.50%
666,France,Female,33,2,"€ 1,47,229.65",1,1,1,"€ 56,410.17",50.00%
658,France,Female,24,2, € -   ,2,1,1,"€ 84,694.49",100.00%
749,Germany,Male,66,6,"€ 1,82,532.23",2,1,1,"€ 1,95,429.92",33.33%
654,France,Male,32,6, € -   ,2,1,1,"€ 1,37,898.57",33.33%
623,France,Female,39,1,"€ 1,60,903.20",1,0,0,"€ 78,774.36",0.00%
761,France,Female,33,6,"€ 1,38,053.79",2,1,0,"€ 1,48,779.41",0.00%
627,France,Male,44,6,"€ 1,53,548.12",1,0,0,"€ 35,300.08",0.00%
757,Germany,Male,31,8,"€ 1,49,085.90",2,1,1,"€ 1,97,077.36",25.00%
695,Germany,Female,53,8,"€ 95,231.91",1,0,0,"€ 70,140.80",0.00%
726,France,Male,34,3, € -   ,2,1,0,"€ 1,96,288.46",0.00%
587,Spain,Male,41,8,"€ 85,109.21",1,1,0,"€ 1,557.82",0.00%
605,Germany,Female,43,8,"€ 1,25,338.80",2,1,0,"€ 23,970.13",0.00%
850,Spain,Male,62,5, € -   ,2,1,1,"€ 1,80,243.56",40.00%
850,France,Female,38,0,"€ 1,06,831.69",1,0,1,"€ 1,48,977.72",100.00%
751,France,Male,29,3,"€ 1,59,597.45",1,1,0,"€ 39,934.41",0.00%
627,Germany,Female,37,7,"€ 1,47,361.57",1,1,1,"€ 1,33,031.96",14.29%
736,France,Male,43,4,"€ 1,76,134.54",1,1,1,"€ 52,856.88",25.00%
652,France,Female,74,5, € -   ,2,1,1,€ 937.15,40.00%
627,France,Female,35,7, € -   ,2,0,1,"€ 1,93,022.44",28.57%
636,France,Male,34,1,"€ 84,055.43",1,0,0,"€ 37,490.84",0.00%
775,France,Male,60,7, € -   ,2,1,1,"€ 1,11,558.70",28.57%
850,Spain,Female,45,5,"€ 1,74,088.30",4,1,0,"€ 5,669.31",0.00%
850,Spain,Male,34,8,"€ 1,99,229.14",1,0,0,"€ 68,106.29",0.00%
516,France,Male,37,8, € -   ,1,1,0,"€ 1,01,834.58",0.00%
513,Spain,Female,42,10, € -   ,2,0,1,"€ 73,151.25",20.00%
673,Germany,Female,69,3,"€ 78,833.15",2,1,1,"€ 37,196.15",66.67%
564,France,Female,27,6, € -   ,1,0,0,"€ 7,819.76",0.00%
636,France,Female,35,2, € -   ,2,1,1,"€ 23,129.46",100.00%
712,France,Male,29,3,"€ 1,02,540.61",1,1,1,"€ 1,89,680.79",33.33%
568,France,Male,51,4, € -   ,3,1,1,"€ 66,586.56",75.00%
741,Spain,Male,43,0, € -   ,2,1,1,"€ 2,920.63",200.00%
754,Germany,Female,39,8,"€ 1,29,401.87",1,1,1,"€ 87,684.93",12.50%
709,France,Female,32,7, € -   ,2,1,1,"€ 1,99,418.02",28.57%
510,France,Female,32,1, € -   ,2,0,1,"€ 28,515.17",200.00%
716,Spain,Male,33,2, € -   ,2,1,1,"€ 92,916.53",100.00%
607,Germany,Male,36,10,"€ 1,06,702.94",2,0,0,"€ 1,98,313.69",0.00%
656,Spain,Male,26,4,"€ 1,39,584.57",1,1,0,"€ 36,308.93",0.00%
550,Germany,Male,52,5,"€ 1,21,016.23",1,1,1,"€ 41,730.37",20.00%
486,France,Male,26,2, € -   ,2,1,1,"€ 31,399.40",100.00%
598,Germany,Male,59,8,"€ 1,18,210.42",2,0,0,"€ 60,192.14",0.00%
675,Spain,Male,35,8, € -   ,2,1,0,"€ 29,062.25",0.00%
755,France,Female,29,4,"€ 1,48,654.84",2,1,1,"€ 28,805.09",50.00%
656,Spain,Male,32,5,"€ 1,36,963.12",1,1,0,"€ 1,33,814.28",0.00%
644,Germany,Male,47,9,"€ 1,37,774.11",2,1,0,"€ 1,51,902.78",0.00%
598,France,Female,32,4,"€ 1,11,156.52",1,1,1,"€ 1,67,376.26",25.00%
850,Spain,Female,31,3,"€ 1,21,237.65",1,1,1,"€ 31,022.56",33.33%
679,France,Male,36,1,"€ 97,234.58",1,1,0,"€ 1,88,997.08",0.00%
632,France,Male,60,2, € -   ,2,0,1,"€ 2,085.32",100.00%
550,Spain,Male,45,0, € -   ,2,0,1,"€ 70,399.71",200.00%
572,Germany,Female,54,9,"€ 97,382.53",1,1,1,"€ 1,95,771.95",11.11%
626,Germany,Female,47,2,"€ 1,03,108.80",1,0,1,"€ 1,66,475.44",50.00%
625,Spain,Female,57,7, € -   ,1,0,0,"€ 84,106.17",0.00%
515,France,Female,58,2,"€ 1,31,852.81",1,1,0,"€ 81,436.68",0.00%
612,Spain,Male,35,1, € -   ,1,1,1,"€ 83,256.26",100.00%
628,Spain,Female,39,8,"€ 1,07,553.33",1,1,0,"€ 1,17,523.41",0.00%
529,Spain,Female,43,5, € -   ,2,0,0,"€ 79,476.63",0.00%
668,Germany,Female,46,7,"€ 1,61,806.09",1,1,1,"€ 1,73,052.19",14.29%
526,France,Male,30,9, € -   ,2,0,0,"€ 1,00,995.68",0.00%
791,France,Female,52,7, € -   ,1,1,1,"€ 1,22,782.50",14.29%
573,France,Male,27,2,"€ 1,28,243.03",1,1,1,"€ 11,631.34",50.00%
565,France,Female,38,5,"€ 1,26,645.13",1,1,1,"€ 1,68,303.55",20.00%
604,France,Female,47,8,"€ 62,094.71",3,0,0,"€ 9,308.10",0.00%
656,France,Male,37,7,"€ 1,12,291.34",1,1,0,"€ 1,53,157.97",0.00%
447,France,Female,44,5,"€ 89,188.83",1,1,1,"€ 75,408.24",20.00%
682,France,Male,55,9, € -   ,1,1,0,"€ 1,53,356.80",0.00%
437,Spain,Male,28,2,"€ 1,09,161.25",1,1,0,"€ 1,52,987.42",0.00%
792,Spain,Male,47,0, € -   ,1,1,1,"€ 5,557.88",100.00%
627,Spain,Female,25,4, € -   ,1,1,1,"€ 1,94,313.93",25.00%
767,France,Female,34,8, € -   ,2,1,0,"€ 94,767.77",0.00%
686,France,Male,26,7, € -   ,2,1,0,"€ 1,540.89",0.00%
789,France,Female,53,1,"€ 1,58,271.74",1,1,1,"€ 5,036.39",100.00%
794,France,Male,56,9,"€ 96,951.21",1,1,1,"€ 71,776.76",11.11%
587,Germany,Male,35,5,"€ 1,21,863.61",1,1,1,"€ 23,481.69",20.00%
589,Germany,Female,19,9,"€ 83,495.11",1,1,1,"€ 1,43,022.31",11.11%
543,Germany,Female,25,1,"€ 1,46,566.01",1,0,1,"€ 1,61,407.48",100.00%
589,Spain,Female,45,1, € -   ,1,0,0,"€ 1,25,939.22",0.00%
701,Germany,Male,23,5,"€ 1,86,101.18",2,1,1,"€ 76,611.33",40.00%
850,France,Male,40,6, € -   ,1,1,0,"€ 1,36,985.08",0.00%
726,Germany,Female,51,8,"€ 1,07,494.86",2,1,0,"€ 1,40,937.91",0.00%
767,Spain,Male,47,2, € -   ,1,1,0,"€ 48,161.18",0.00%
648,Spain,Male,36,8,"€ 1,46,943.38",2,1,1,"€ 1,30,041.45",25.00%
651,Spain,Female,36,8, € -   ,2,1,0,"€ 91,652.43",0.00%
633,France,Female,36,6,"€ 1,25,130.28",1,0,0,"€ 1,25,961.48",0.00%
740,France,Female,37,9, € -   ,2,1,1,"€ 73,225.31",22.22%
592,France,Female,34,9, € -   ,2,1,1,"€ 20,460.20",22.22%
670,France,Female,41,10, € -   ,3,1,0,"€ 81,602.02",0.00%
628,France,Male,36,3, € -   ,2,1,1,"€ 8,742.91",66.67%
745,France,Male,47,5, € -   ,2,0,0,"€ 1,45,789.71",0.00%
705,France,Male,32,3, € -   ,2,0,0,"€ 1,29,576.99",0.00%
559,France,Female,42,7, € -   ,2,1,1,"€ 1,90,040.29",28.57%
595,France,Male,29,6,"€ 1,50,685.79",1,1,0,"€ 87,771.06",0.00%
492,France,Male,35,4,"€ 1,41,359.37",2,1,0,"€ 39,519.53",0.00%
498,France,Female,29,9, € -   ,1,1,0,"€ 1,90,035.83",0.00%
655,France,Female,39,6,"€ 94,631.26",2,1,1,"€ 1,48,948.52",33.33%
636,France,Female,39,3,"€ 1,18,336.14",1,1,0,"€ 1,84,691.77",0.00%
634,France,Female,45,2, € -   ,1,1,1,"€ 1,43,458.31",50.00%
793,Spain,Male,63,0, € -   ,2,0,1,"€ 27,166.75",200.00%
526,Germany,Male,50,5,"€ 1,24,233.24",1,0,1,"€ 1,59,456.87",20.00%
768,France,Female,26,5,"€ 51,116.26",1,1,1,"€ 70,454.79",20.00%
540,Germany,Male,64,1,"€ 91,869.69",1,0,1,"€ 95,421.00",100.00%
732,France,Female,34,8,"€ 1,22,338.43",2,1,0,"€ 1,87,985.85",0.00%
617,France,Female,30,8, € -   ,1,1,1,"€ 92,621.90",12.50%
637,Spain,Female,54,5, € -   ,1,0,1,"€ 1,50,836.98",20.00%
573,France,Male,26,8,"€ 86,270.93",2,1,1,"€ 90,177.30",25.00%
531,France,Male,44,3, € -   ,2,1,1,"€ 34,416.79",66.67%
489,France,Female,38,5,"€ 1,17,289.92",1,0,0,"€ 85,231.88",0.00%
601,France,Male,35,2, € -   ,2,1,1,"€ 1,18,983.18",100.00%
452,Germany,Male,33,7,"€ 1,53,663.27",1,1,0,"€ 1,11,868.23",0.00%
728,Spain,Female,29,1, € -   ,1,1,1,"€ 83,056.22",100.00%
590,Germany,Female,27,8,"€ 1,23,599.49",2,1,0,"€ 1,676.92",0.00%
490,France,Male,29,4, € -   ,2,1,0,"€ 32,089.57",0.00%
596,Spain,Female,76,9,"€ 1,34,208.25",1,1,1,"€ 13,455.43",11.11%
635,France,Male,29,1, € -   ,1,0,1,"€ 24,865.54",100.00%
782,Germany,Male,35,7,"€ 98,556.89",2,1,0,"€ 1,17,644.36",0.00%
790,Spain,Female,37,3, € -   ,3,0,0,"€ 98,897.32",0.00%
587,France,Male,40,2, € -   ,4,0,1,"€ 1,06,174.70",200.00%
794,Spain,Female,46,8,"€ 1,34,593.79",1,1,1,"€ 46,386.37",12.50%
515,France,Male,41,8, € -   ,2,1,1,"€ 1,85,054.14",25.00%
746,Spain,Male,24,10,"€ 68,781.82",1,0,1,"€ 47,997.39",10.00%
667,Germany,Female,56,8,"€ 1,37,464.04",1,1,0,"€ 1,30,846.79",0.00%
709,France,Male,32,4,"€ 1,47,307.91",1,0,1,"€ 40,861.55",25.00%
536,France,Female,35,8, € -   ,1,1,0,"€ 1,71,840.24",0.00%
711,France,Female,41,3,"€ 1,45,754.91",1,1,1,"€ 1,01,455.07",33.33%
753,France,Male,46,8, € -   ,3,1,0,"€ 90,747.94",0.00%
748,France,Male,44,4,"€ 1,12,610.77",1,0,1,"€ 2,048.55",25.00%
623,France,Female,57,7,"€ 71,481.79",2,1,1,"€ 84,421.34",28.57%
465,France,Male,33,5, € -   ,2,0,1,"€ 78,698.09",40.00%
640,Spain,Female,34,3,"€ 77,826.80",1,1,1,"€ 1,68,544.85",33.33%
562,France,Male,75,5,"€ 87,140.85",1,1,1,"€ 39,351.64",20.00%
502,Germany,Female,42,0,"€ 1,32,002.70",1,0,1,"€ 28,204.98",100.00%
536,France,Male,32,7,"€ 1,78,011.50",2,1,0,"€ 22,375.14",0.00%
670,Germany,Female,32,4,"€ 1,02,954.68",2,0,1,"€ 1,34,942.45",50.00%
775,Germany,Male,51,2,"€ 1,23,783.25",1,1,1,"€ 1,34,901.57",50.00%
759,Germany,Male,30,4,"€ 1,01,802.67",1,0,0,"€ 8,693.80",0.00%
604,France,Male,33,3,"€ 1,48,659.48",1,0,0,"€ 42,437.75",0.00%
766,Germany,Female,62,7,"€ 1,42,724.48",1,0,1,"€ 5,893.23",14.29%
554,Spain,Female,41,4,"€ 1,12,152.89",1,0,1,"€ 36,242.19",25.00%
487,France,Female,53,10,"€ 89,550.85",1,0,1,"€ 90,076.85",10.00%
725,France,Male,35,7,"€ 75,915.75",1,1,0,"€ 1,50,507.43",0.00%
732,Germany,Female,42,2,"€ 1,18,889.66",2,0,0,"€ 87,422.15",0.00%
623,France,Male,40,5,"€ 1,18,788.57",1,1,0,"€ 1,92,867.40",0.00%
781,France,Female,42,3,"€ 1,56,555.54",1,1,1,"€ 1,75,674.01",33.33%
714,Germany,Male,53,1,"€ 99,141.86",1,1,1,"€ 72,496.05",100.00%
577,Germany,Female,31,4,"€ 61,211.18",1,1,1,"€ 1,45,250.43",25.00%
731,Spain,Female,37,1,"€ 1,28,932.40",1,1,1,"€ 1,80,712.52",100.00%
650,Spain,Female,23,5, € -   ,1,1,1,"€ 1,80,622.43",20.00%
779,France,Male,32,10,"€ 80,728.15",1,1,0,"€ 86,306.75",0.00%
706,Spain,Female,46,2,"€ 1,27,660.46",2,1,0,"€ 1,50,156.82",0.00%
733,Spain,Male,44,3,"€ 1,06,070.89",1,0,1,"€ 1,01,617.43",33.33%
579,Germany,Female,42,3,"€ 1,37,560.38",2,1,1,"€ 85,424.34",66.67%
476,Germany,Female,34,8,"€ 1,11,905.43",1,0,1,"€ 1,97,221.81",12.50%
775,France,Male,40,9,"€ 1,26,212.64",1,1,0,"€ 70,196.57",0.00%
538,Spain,Male,68,9, € -   ,2,1,0,"€ 1,10,440.50",0.00%
602,France,Male,38,7,"€ 1,11,835.94",2,1,0,"€ 1,24,389.61",0.00%
615,France,Male,30,8, € -   ,2,0,0,"€ 3,183.15",0.00%
700,Germany,Female,28,3,"€ 99,705.69",2,0,0,"€ 1,46,723.72",0.00%
615,France,Male,32,1, € -   ,2,0,0,"€ 2,139.25",0.00%
544,Germany,Male,44,2,"€ 1,08,895.93",1,0,0,"€ 69,228.20",0.00%
573,Spain,Male,56,3,"€ 1,54,669.77",1,0,1,"€ 1,15,462.27",33.33%
555,Spain,Male,50,7,"€ 1,28,061.00",2,1,1,"€ 62,375.10",28.57%
692,France,Female,31,2, € -   ,2,1,0,"€ 91,829.17",0.00%
476,France,Female,40,4, € -   ,2,0,0,"€ 1,82,547.04",0.00%
770,Spain,Male,46,9,"€ 1,90,678.02",1,1,1,"€ 14,725.36",11.11%
641,France,Female,40,7, € -   ,1,1,0,"€ 1,26,996.67",0.00%
705,France,Female,35,5, € -   ,1,1,0,"€ 1,33,991.11",0.00%
784,France,Male,38,5,"€ 1,36,712.91",1,0,1,"€ 1,69,920.92",20.00%
727,Spain,Female,52,1,"€ 1,54,733.97",1,1,0,"€ 80,259.67",0.00%
576,France,Female,41,4,"€ 1,12,609.91",1,0,0,"€ 1,91,035.18",0.00%
646,Spain,Male,69,10,"€ 1,15,462.44",1,1,0,"€ 40,421.87",0.00%
638,France,Male,34,5,"€ 1,33,501.36",1,0,1,"€ 1,55,643.04",20.00%
632,Germany,Male,30,1,"€ 58,668.02",1,1,1,"€ 78,670.52",100.00%
850,Spain,Male,44,7,"€ 89,118.26",1,1,0,"€ 1,04,240.77",0.00%
492,France,Female,28,9, € -   ,2,1,0,"€ 95,957.09",0.00%
673,Germany,Female,77,10,"€ 76,510.52",2,0,1,"€ 59,595.66",20.00%
609,Spain,Male,34,7,"€ 1,40,694.78",2,1,0,"€ 46,266.63",0.00%
701,Germany,Male,36,7,"€ 95,448.32",2,1,0,"€ 1,89,085.07",0.00%
651,France,Male,34,4,"€ 91,562.99",1,1,1,"€ 1,23,954.15",25.00%
508,France,Male,31,8,"€ 72,541.48",1,1,0,"€ 1,29,803.08",0.00%
616,Spain,Female,43,3,"€ 1,20,867.18",1,1,0,"€ 18,761.92",0.00%
489,France,Male,34,5, € -   ,1,0,0,"€ 43,540.59",0.00%
567,Spain,Female,45,1,"€ 1,57,320.51",1,1,0,"€ 62,193.92",0.00%
714,Spain,Male,27,3, € -   ,3,1,1,"€ 1,29,130.09",100.00%
678,Germany,Female,30,1,"€ 1,39,676.95",2,0,1,"€ 16,146.00",200.00%
581,France,Female,55,6, € -   ,1,1,1,"€ 22,442.13",16.67%
748,Spain,Male,60,3, € -   ,2,1,1,"€ 78,194.37",66.67%
781,France,Female,19,3, € -   ,2,1,1,"€ 1,24,297.32",66.67%
691,Spain,Male,21,3,"€ 1,03,000.94",1,1,1,"€ 1,04,648.58",33.33%
507,Germany,Male,31,2,"€ 1,34,237.07",1,1,1,"€ 1,66,423.66",50.00%
724,Germany,Male,34,6,"€ 1,18,235.70",2,0,0,"€ 1,57,137.23",0.00%
705,Spain,Female,57,3, € -   ,2,1,1,"€ 34,134.14",66.67%
708,Spain,Female,64,5, € -   ,3,0,1,"€ 1,12,520.07",60.00%
580,Germany,Male,38,9,"€ 1,15,442.19",2,1,0,"€ 1,28,481.50",0.00%
850,France,Male,38,5, € -   ,2,1,0,"€ 16,491.64",0.00%
714,Spain,Male,25,2, € -   ,1,1,1,"€ 1,32,979.43",50.00%
559,France,Female,43,1, € -   ,2,1,1,"€ 1,96,645.87",200.00%
577,Spain,Female,44,8,"€ 1,15,557.00",1,0,1,"€ 1,27,506.76",12.50%
647,Germany,Female,35,3,"€ 1,66,518.63",2,1,0,"€ 1,47,930.46",0.00%
554,Spain,Male,30,6,"€ 1,35,370.12",1,1,1,"€ 1,79,689.05",16.67%
549,Germany,Male,54,5,"€ 92,877.33",1,1,0,"€ 2,619.64",0.00%
528,France,Female,26,10,"€ 1,02,073.67",2,0,0,"€ 1,66,799.93",0.00%
720,Germany,Male,46,3,"€ 97,042.60",1,1,1,"€ 1,33,516.51",33.33%
743,Spain,Male,41,7, € -   ,1,1,0,"€ 1,63,736.09",0.00%
615,Germany,Male,24,8,"€ 1,08,528.07",2,0,0,"€ 1,79,488.41",0.00%
635,Germany,Female,44,2,"€ 79,064.85",2,0,1,"€ 1,13,291.75",100.00%
686,Spain,Male,45,3,"€ 74,274.87",3,1,0,"€ 64,907.48",0.00%
840,Spain,Female,36,6, € -   ,2,1,0,"€ 1,41,364.27",0.00%
695,France,Male,43,1,"€ 1,00,421.10",1,1,1,"€ 1,01,141.28",100.00%
564,France,Male,26,7,"€ 84,006.88",2,0,0,"€ 1,83,490.99",0.00%
805,France,Female,31,4, € -   ,2,1,0,"€ 4,798.12",0.00%
558,Spain,Male,45,4, € -   ,1,1,0,"€ 1,31,807.14",0.00%
657,France,Female,39,4,"€ 80,293.81",1,1,0,"€ 97,192.76",0.00%
641,France,Female,42,7,"€ 1,25,437.14",2,0,0,"€ 1,64,128.58",0.00%
755,France,Male,36,8, € -   ,2,1,0,"€ 1,76,809.87",0.00%
483,France,Male,48,1, € -   ,2,1,1,"€ 1,10,059.38",200.00%
545,Germany,Female,44,2,"€ 1,27,536.44",1,1,0,"€ 1,08,398.63",0.00%
678,France,Male,66,8, € -   ,2,1,1,"€ 47,117.03",25.00%
781,Germany,Female,48,9,"€ 82,794.18",1,1,0,"€ 1,24,720.68",0.00%
571,Spain,Female,22,3,"€ 1,08,117.10",1,0,1,"€ 53,328.70",33.33%
634,Spain,Female,35,10, € -   ,1,1,0,"€ 82,634.41",0.00%
523,Germany,Male,27,8,"€ 61,688.61",2,1,0,"€ 1,47,059.16",0.00%
501,France,Female,40,2, € -   ,2,0,0,"€ 1,41,946.92",0.00%
662,France,Male,74,6, € -   ,2,1,0,"€ 1,23,583.85",0.00%
573,Spain,Male,50,0,"€ 1,59,304.07",1,0,1,"€ 1,55,915.24",100.00%
648,Germany,Male,33,5,"€ 1,38,664.24",1,1,0,"€ 29,076.27",0.00%
662,France,Female,22,2,"€ 1,26,362.57",2,1,1,"€ 97,382.80",100.00%
725,France,Male,39,4,"€ 1,60,652.45",2,1,0,"€ 57,643.55",0.00%
563,France,Female,35,2,"€ 1,83,572.84",1,1,1,"€ 66,006.75",50.00%
628,France,Male,31,0,"€ 88,421.81",1,0,0,"€ 72,350.47",0.00%
546,Spain,Female,45,2, € -   ,1,0,0,"€ 1,97,789.83",0.00%
688,Germany,Male,41,2,"€ 1,12,871.19",2,0,1,"€ 65,520.74",100.00%
850,Germany,Male,41,8,"€ 60,880.68",1,1,0,"€ 31,825.84",0.00%
614,France,Female,34,5, € -   ,2,1,0,"€ 1,85,561.89",0.00%
719,France,Female,37,9,"€ 1,01,455.70",1,1,0,"€ 25,803.59",0.00%
757,France,Female,71,0,"€ 88,084.13",2,1,1,"€ 1,54,337.47",200.00%
669,France,Male,29,7, € -   ,2,1,1,"€ 1,38,145.62",28.57%
438,Germany,Male,59,7,"€ 1,27,197.14",1,1,0,"€ 51,565.98",0.00%
492,France,Male,39,7, € -   ,2,0,1,"€ 71,323.23",28.57%
622,France,Female,39,9,"€ 83,456.79",2,0,0,"€ 38,882.34",0.00%
645,France,Male,42,4,"€ 98,298.18",1,1,1,€ 676.06,25.00%
728,France,Male,37,0, € -   ,2,1,1,"€ 72,203.80",200.00%
651,France,Male,35,2,"€ 86,911.80",1,1,0,"€ 1,74,094.24",0.00%
783,Germany,Female,42,2,"€ 1,39,707.28",1,1,0,"€ 2,150.22",0.00%
732,Spain,Female,67,1, € -   ,2,1,1,"€ 1,77,783.04",200.00%
553,Spain,Female,39,1,"€ 1,42,876.98",2,1,0,"€ 44,363.42",0.00%
660,France,Male,30,7,"€ 1,46,301.31",1,0,0,"€ 96,847.91",0.00%
670,France,Female,40,3,"€ 47,364.45",1,1,1,"€ 1,48,579.43",33.33%
718,France,Male,38,7, € -   ,2,1,0,"€ 38,308.34",0.00%
787,France,Male,51,0,"€ 58,137.08",1,0,1,"€ 1,42,538.31",100.00%
775,Germany,Female,38,6,"€ 1,79,886.41",2,0,0,"€ 1,53,122.58",0.00%
479,Germany,Male,24,6,"€ 1,07,637.97",2,0,1,"€ 1,69,505.83",33.33%
660,France,Female,20,6,"€ 1,67,685.56",1,1,0,"€ 57,929.90",0.00%
721,Germany,Male,68,4,"€ 1,36,525.99",1,0,0,"€ 1,75,399.14",0.00%
659,Germany,Male,39,8,"€ 52,106.33",2,1,1,"€ 1,07,964.36",25.00%
743,France,Female,39,8, € -   ,1,1,0,"€ 94,263.44",0.00%
670,France,Female,45,9,"€ 1,04,930.38",1,1,0,"€ 1,55,921.81",0.00%
766,Germany,Female,34,6,"€ 1,06,434.94",1,0,1,"€ 1,37,995.66",16.67%
845,Spain,Female,38,2,"€ 1,12,803.92",1,1,0,"€ 1,79,631.85",0.00%
710,Germany,Female,46,10,"€ 1,20,530.34",1,1,0,"€ 1,66,586.99",0.00%
602,Germany,Female,43,2,"€ 1,13,641.49",4,1,0,"€ 1,15,116.35",0.00%
604,Spain,Male,43,2,"€ 1,45,081.72",1,1,1,"€ 23,881.62",50.00%
564,Spain,Female,35,9, € -   ,2,1,1,"€ 1,05,837.38",22.22%
637,Germany,Female,27,7,"€ 1,35,842.89",1,1,1,"€ 1,01,418.05",14.29%
527,France,Female,31,1,"€ 1,12,203.25",1,1,0,"€ 1,82,266.01",0.00%
687,France,Male,34,7,"€ 1,29,895.19",1,0,1,"€ 28,698.17",14.29%
756,Germany,Male,41,6,"€ 1,49,049.92",1,0,1,"€ 50,422.36",16.67%
503,Germany,Male,42,9,"€ 1,53,279.39",1,1,1,"€ 1,51,336.96",11.11%
657,Spain,Male,42,5,"€ 41,473.33",1,1,0,"€ 1,12,979.60",0.00%
666,France,Female,40,2, € -   ,2,0,0,"€ 36,371.27",0.00%
615,Germany,Male,39,5,"€ 1,13,193.51",2,1,1,"€ 52,166.25",40.00%
712,Germany,Male,27,8,"€ 1,13,174.21",2,1,0,"€ 1,47,261.58",0.00%
764,France,Female,24,0, € -   ,2,1,0,"€ 88,724.49",0.00%
471,France,Male,42,3,"€ 1,64,951.56",1,1,0,"€ 1,90,531.77",0.00%
608,Spain,Male,27,4,"€ 1,53,325.10",1,1,1,"€ 1,99,953.33",25.00%
682,Spain,Female,47,10,"€ 1,34,032.01",1,1,0,"€ 1,44,290.97",0.00%
587,Germany,Female,32,3,"€ 1,25,445.04",2,1,1,"€ 1,30,514.78",66.67%
714,Germany,Female,35,6,"€ 1,26,077.43",2,1,1,"€ 53,954.24",33.33%
630,Spain,Female,31,1, € -   ,2,1,1,"€ 1,69,802.73",200.00%
648,Germany,Female,28,8,"€ 90,371.09",1,1,1,"€ 1,46,851.73",12.50%
785,France,Female,40,3, € -   ,2,1,1,"€ 96,832.82",66.67%
601,Germany,Female,47,1,"€ 1,42,802.02",1,1,1,"€ 57,553.02",100.00%
717,France,Female,28,1,"€ 90,537.16",1,0,1,"€ 74,800.99",100.00%
707,France,Female,44,6, € -   ,2,1,1,"€ 1,92,542.17",33.33%
771,France,Female,23,7,"€ 1,56,123.73",1,1,0,"€ 72,990.62",0.00%
602,France,Female,35,5, € -   ,2,1,0,"€ 31,050.02",0.00%
626,France,Male,38,7,"€ 1,41,074.59",1,1,0,"€ 52,795.56",0.00%
588,Spain,Male,59,4, € -   ,2,1,1,"€ 27,435.41",50.00%
616,Germany,Female,42,6,"€ 1,17,899.95",2,0,0,"€ 1,50,266.81",0.00%
621,Spain,Male,33,4, € -   ,2,1,1,"€ 40,299.23",50.00%
674,France,Male,26,6,"€ 1,66,257.96",1,1,1,"€ 1,49,369.41",16.67%
633,Spain,Female,46,3, € -   ,2,1,0,"€ 1,20,250.58",0.00%
698,Germany,Female,64,1,"€ 1,69,362.43",1,1,0,"€ 84,760.32",0.00%
508,France,Male,26,7,"€ 2,05,962.00",1,1,0,"€ 1,56,424.40",0.00%
736,France,Female,24,0, € -   ,2,1,0,"€ 1,09,355.73",0.00%
672,Germany,Male,68,0,"€ 1,26,061.51",2,1,1,"€ 1,84,936.77",200.00%
613,France,Female,21,7,"€ 1,05,627.95",1,1,1,"€ 36,560.51",14.29%
712,France,Male,32,9,"€ 1,00,606.02",1,1,0,"€ 1,65,693.06",0.00%
624,France,Female,38,3, € -   ,2,1,1,"€ 1,63,666.85",66.67%
676,France,Male,38,1, € -   ,2,0,1,"€ 35,644.79",200.00%
683,Germany,Female,32,0,"€ 1,38,171.10",2,1,1,"€ 1,88,203.58",200.00%
489,France,Female,31,7,"€ 1,39,395.08",1,0,1,"€ 6,120.84",14.29%
739,France,Male,29,1, € -   ,2,1,1,"€ 1,64,484.78",200.00%
701,France,Female,37,3, € -   ,2,1,1,"€ 1,64,268.28",66.67%
666,Germany,Female,50,7,"€ 1,09,062.28",1,1,1,"€ 1,40,136.10",14.29%
565,Germany,Female,40,1,"€ 89,994.71",2,0,1,"€ 1,21,084.27",200.00%
666,France,Male,36,3, € -   ,2,1,0,"€ 35,156.54",0.00%
633,France,Male,59,2,"€ 1,03,996.74",1,1,1,"€ 1,03,159.11",50.00%
578,France,Male,34,4,"€ 1,75,111.11",1,1,1,"€ 74,858.30",25.00%
812,Spain,Female,49,8,"€ 66,079.45",2,0,0,"€ 91,556.57",0.00%
809,Germany,Male,33,8,"€ 1,48,055.74",1,0,0,"€ 1,99,203.21",0.00%
615,France,Male,36,6, € -   ,1,1,1,"€ 27,011.80",16.67%
684,Spain,Female,31,8, € -   ,2,1,0,"€ 1,88,637.05",0.00%
544,France,Male,40,8, € -   ,2,1,0,"€ 61,581.20",0.00%
713,Germany,Male,47,1,"€ 95,994.98",1,1,0,"€ 1,97,529.23",0.00%
633,France,Male,37,2, € -   ,2,1,0,"€ 1,82,258.17",0.00%
672,Germany,Female,23,10,"€ 1,10,741.56",1,1,0,"€ 80,778.50",0.00%
661,France,Male,35,5, € -   ,1,1,0,"€ 1,55,394.52",0.00%
749,Spain,Female,28,3, € -   ,1,1,0,"€ 3,408.70",0.00%
635,Spain,Female,32,8, € -   ,2,1,1,"€ 19,367.98",25.00%
850,Germany,Female,70,1,"€ 96,947.58",3,1,0,"€ 62,282.99",0.00%
641,France,Male,41,6, € -   ,2,1,0,"€ 65,396.79",0.00%
633,Germany,Male,30,2,"€ 1,09,786.82",2,1,1,"€ 1,39,712.81",100.00%
413,Spain,Male,35,2, € -   ,2,1,1,"€ 60,972.84",100.00%
538,France,Male,31,1, € -   ,2,1,0,"€ 1,375.46",0.00%
437,France,Female,39,0,"€ 1,02,721.49",1,0,0,"€ 22,191.82",0.00%
612,Spain,Male,33,5,"€ 69,478.57",1,1,0,"€ 8,973.67",0.00%
516,Germany,Female,53,1,"€ 1,56,674.20",1,1,0,"€ 1,18,502.34",0.00%
826,Spain,Female,56,8,"€ 1,74,506.10",2,0,1,"€ 1,61,802.82",25.00%
660,Germany,Female,23,6,"€ 1,66,070.48",2,0,0,"€ 90,494.72",0.00%
646,Germany,Female,29,4,"€ 1,05,957.44",1,1,0,"€ 15,470.91",0.00%
767,France,Male,36,3, € -   ,1,0,0,"€ 65,147.27",0.00%
640,France,Male,40,8,"€ 1,10,340.68",1,1,1,"€ 1,57,886.60",12.50%
778,France,Male,33,1, € -   ,2,1,0,"€ 85,439.73",0.00%
679,Germany,Male,52,9,"€ 1,35,870.01",2,0,0,"€ 54,038.62",0.00%
549,France,Male,31,4, € -   ,2,0,1,"€ 25,684.85",50.00%
598,France,Male,47,2, € -   ,2,1,1,"€ 1,86,116.54",100.00%
655,France,Female,45,0, € -   ,2,1,0,"€ 1,66,830.71",0.00%
494,France,Male,30,3,"€ 85,704.95",1,0,1,"€ 27,886.06",33.33%
653,France,Female,42,1, € -   ,2,1,1,"€ 5,768.32",200.00%
539,Germany,Female,38,8,"€ 1,05,435.74",1,0,0,"€ 80,575.44",0.00%
645,France,Female,37,1, € -   ,2,1,1,"€ 68,987.55",200.00%
751,Germany,Male,34,9,"€ 1,08,513.25",2,1,1,"€ 27,097.82",22.22%
528,France,Male,35,3,"€ 1,56,687.10",1,1,0,"€ 1,99,320.77",0.00%
696,Germany,Male,31,3,"€ 1,50,604.52",1,0,0,"€ 5,566.60",0.00%
716,France,Female,44,6,"€ 1,55,114.90",1,0,0,"€ 1,33,871.83",0.00%
602,France,Female,35,8, € -   ,2,1,1,"€ 1,52,843.53",25.00%
647,Spain,Female,64,1,"€ 91,216.00",1,1,1,"€ 41,800.18",100.00%
850,Germany,Male,61,3,"€ 1,41,784.02",1,1,1,"€ 92,053.75",33.33%
590,France,Female,32,0,"€ 1,27,763.24",1,1,0,"€ 1,00,717.54",0.00%
825,Spain,Female,32,1, € -   ,2,1,1,"€ 42,935.15",200.00%
850,Spain,Male,31,6,"€ 82,613.56",2,1,0,"€ 1,49,170.92",0.00%
789,France,Female,32,7,"€ 69,423.52",1,1,0,"€ 1,07,499.39",0.00%
701,France,Female,42,6,"€ 86,167.82",1,1,0,"€ 1,53,342.38",0.00%
713,Spain,Female,47,1, € -   ,1,1,0,"€ 1,07,825.08",0.00%
570,France,Male,30,2,"€ 1,31,406.56",1,1,1,"€ 47,952.45",50.00%
536,Germany,Female,44,4,"€ 1,21,898.82",1,0,0,"€ 1,31,007.18",0.00%
771,Germany,Male,32,9,"€ 77,487.20",1,0,0,"€ 33,143.04",0.00%
512,France,Female,75,2, € -   ,1,1,0,"€ 1,23,304.62",0.00%
698,Spain,Male,45,5,"€ 1,64,450.94",1,1,0,"€ 1,41,970.02",0.00%
656,France,Male,33,7,"€ 1,38,705.02",2,1,0,"€ 37,136.15",0.00%
761,Spain,Male,37,7,"€ 1,32,730.17",1,1,0,"€ 1,99,293.01",0.00%
709,France,Female,30,5, € -   ,2,0,1,"€ 1,61,388.22",40.00%
597,Spain,Female,66,3, € -   ,1,1,1,"€ 70,532.53",33.33%
592,France,Male,28,2,"€ 1,16,498.22",1,1,0,"€ 1,44,290.25",0.00%
599,France,Female,41,1, € -   ,2,1,0,"€ 96,069.82",0.00%
572,Germany,Female,35,1,"€ 1,39,979.07",1,1,0,"€ 1,85,662.84",0.00%
611,Germany,Female,43,9,"€ 1,27,216.31",2,0,1,"€ 17,913.25",22.22%
634,France,Female,45,2, € -   ,4,1,0,"€ 1,01,039.53",0.00%
666,France,Male,51,2,"€ 1,48,222.65",1,0,0,"€ 1,56,953.54",0.00%
696,France,Female,41,8, € -   ,2,0,0,"€ 28,276.83",0.00%
669,France,Female,38,8, € -   ,2,1,0,"€ 84,049.16",0.00%
726,Spain,Male,30,8,"€ 1,34,152.29",1,1,1,"€ 1,47,822.44",12.50%
497,Germany,Female,32,8,"€ 1,11,537.23",4,1,1,"€ 9,497.99",50.00%
750,Spain,Female,39,7,"€ 1,19,565.92",1,1,0,"€ 87,067.73",0.00%
850,Spain,Female,29,7, € -   ,2,1,0,"€ 23,237.25",0.00%
617,Spain,Male,38,7, € -   ,1,1,1,"€ 27,239.28",14.29%
652,Germany,Male,46,10,"€ 1,21,063.80",3,1,0,"€ 1,51,481.86",0.00%
560,Spain,Female,27,7,"€ 1,24,995.98",1,1,1,"€ 1,14,669.79",14.29%
629,Spain,Male,39,5, € -   ,2,0,0,"€ 1,16,748.14",0.00%
660,Germany,Female,52,4,"€ 86,891.84",1,1,0,"€ 90,877.76",0.00%
676,France,Male,38,8, € -   ,2,1,1,"€ 1,33,692.88",25.00%
581,Spain,Male,43,9,"€ 78,022.61",1,0,1,"€ 30,662.91",11.11%
798,France,Male,34,9,"€ 1,54,495.79",1,1,0,"€ 1,91,395.88",0.00%
705,France,Male,38,1,"€ 1,89,443.72",1,0,1,"€ 1,06,648.58",100.00%
714,Spain,Female,31,6,"€ 1,52,926.60",1,1,1,"€ 50,899.91",16.67%
664,France,Female,44,8,"€ 1,42,989.69",1,1,1,"€ 1,15,452.51",12.50%
697,Germany,Male,43,7,"€ 1,15,371.94",2,1,0,"€ 64,139.10",0.00%
609,France,Male,37,6, € -   ,2,0,1,"€ 22,030.72",33.33%
548,Spain,Male,38,0,"€ 1,78,056.54",2,1,0,"€ 38,434.73",0.00%
850,Spain,Male,39,6,"€ 2,06,014.94",2,0,1,"€ 42,774.84",33.33%
656,France,Male,41,2, € -   ,2,1,0,"€ 1,58,973.77",0.00%
727,Germany,Male,37,9,"€ 1,01,191.83",1,1,1,"€ 34,551.35",11.11%
642,France,Female,55,7, € -   ,2,1,1,"€ 1,01,515.76",28.57%
710,Spain,Female,31,5, € -   ,2,1,0,"€ 9,561.73",0.00%
710,Spain,Male,33,1, € -   ,2,1,0,"€ 1,68,313.17",0.00%
718,France,Female,37,7, € -   ,2,1,1,"€ 55,100.09",28.57%
586,Germany,Male,32,1,"€ 1,49,814.54",1,1,0,"€ 31,830.06",0.00%
617,Spain,Female,36,7,"€ 1,15,617.24",1,1,1,"€ 71,519.40",14.29%
630,France,Male,28,9, € -   ,2,0,0,"€ 32,599.35",0.00%
791,Germany,Female,42,10,"€ 1,13,657.41",2,0,1,"€ 1,39,946.68",20.00%
673,Spain,Male,39,8,"€ 1,38,160.00",1,1,1,"€ 1,10,468.51",12.50%
477,Germany,Female,36,3,"€ 1,17,700.86",1,0,0,"€ 74,042.00",0.00%
662,France,Female,37,5, € -   ,2,1,0,"€ 1,51,871.84",0.00%
850,Germany,Male,37,9,"€ 1,22,506.38",1,0,1,"€ 1,99,693.84",11.11%
635,France,Female,58,1, € -   ,1,1,1,"€ 58,907.08",100.00%
537,France,Male,59,9, € -   ,2,0,0,"€ 1,03,799.77",0.00%
579,France,Female,39,3,"€ 1,66,501.17",2,1,0,"€ 93,835.64",0.00%
651,Spain,Female,46,4,"€ 89,743.05",1,1,0,"€ 1,56,425.57",0.00%
610,France,Female,25,2, € -   ,2,1,0,"€ 1,23,723.83",0.00%
581,France,Male,30,1, € -   ,2,1,0,"€ 1,99,464.08",0.00%
592,France,Male,39,7, € -   ,2,1,0,"€ 83,084.33",0.00%
688,Spain,Female,35,6, € -   ,1,1,0,"€ 25,488.43",0.00%
681,France,Female,18,1,"€ 98,894.39",1,1,1,"€ 9,596.40",100.00%
658,Germany,Male,37,3,"€ 1,68,735.74",2,0,0,"€ 70,370.24",0.00%
792,France,Male,34,1, € -   ,1,0,1,"€ 86,330.32",100.00%
528,Germany,Female,62,7,"€ 1,33,201.17",1,0,0,"€ 1,68,507.68",0.00%
624,Spain,Female,36,0, € -   ,2,1,0,"€ 1,11,605.90",0.00%
562,Germany,Male,31,4,"€ 1,27,237.25",2,0,1,"€ 1,43,317.42",50.00%
678,Germany,Male,36,1,"€ 1,17,864.85",2,1,0,"€ 27,619.06",0.00%
705,Germany,Female,64,3,"€ 1,53,469.26",3,0,0,"€ 1,46,573.66",0.00%
650,Germany,Male,23,4,"€ 93,911.30",2,1,0,"€ 69,055.45",0.00%
593,Spain,Female,46,2,"€ 76,597.79",1,1,1,"€ 54,453.72",50.00%
652,France,Female,40,4,"€ 79,927.36",2,1,1,"€ 33,524.60",50.00%
554,Spain,Female,27,4, € -   ,2,1,1,"€ 1,35,083.73",50.00%
584,Germany,Male,32,8,"€ 40,172.91",1,1,1,"€ 1,37,439.34",12.50%
516,France,Male,33,7,"€ 1,15,195.58",1,1,1,"€ 11,205.50",14.29%
789,Germany,Female,43,9,"€ 1,16,644.29",2,1,1,"€ 60,176.10",22.22%
598,Germany,Male,20,8,"€ 1,80,293.84",2,1,1,"€ 29,552.70",25.00%
669,Germany,Female,30,7,"€ 1,39,872.81",1,1,0,"€ 1,88,795.85",0.00%
645,France,Female,24,3,"€ 34,547.82",1,1,1,"€ 11,638.17",33.33%
659,France,Female,32,9, € -   ,2,1,1,"€ 93,155.75",22.22%
833,Germany,Male,29,1,"€ 96,462.25",2,0,1,"€ 48,986.18",200.00%
697,Spain,Female,40,7,"€ 1,30,334.35",2,0,1,"€ 1,16,951.10",28.57%
580,Germany,Male,39,3,"€ 1,19,688.81",1,1,0,"€ 1,37,041.26",0.00%
691,France,Male,38,1, € -   ,2,0,0,"€ 44,653.50",0.00%
534,France,Male,52,1, € -   ,3,1,1,"€ 1,04,035.41",300.00%
478,France,Female,32,6,"€ 71,187.24",1,1,1,"€ 1,10,593.62",16.67%
572,France,Female,47,2, € -   ,2,1,0,"€ 36,099.70",0.00%
501,France,Male,37,4, € -   ,2,0,0,"€ 12,470.30",0.00%
624,Spain,Female,38,8, € -   ,2,1,0,"€ 95,403.41",0.00%
595,France,Female,39,9,"€ 1,36,422.41",1,1,1,"€ 1,51,757.81",11.11%
603,France,Male,30,8, € -   ,2,1,1,"€ 47,536.46",25.00%
602,France,Female,25,0, € -   ,2,1,1,"€ 1,01,274.17",200.00%
500,France,Female,34,6, € -   ,1,1,1,"€ 1,40,268.45",16.67%
422,France,Male,41,6,"€ 1,53,238.88",1,1,0,"€ 11,663.09",0.00%
615,France,Male,35,7, € -   ,2,1,0,"€ 1,50,784.29",0.00%
635,France,Female,78,6,"€ 47,536.40",1,1,1,"€ 1,19,400.08",16.67%
711,France,Female,32,1, € -   ,2,1,0,"€ 1,26,188.42",0.00%
834,France,Male,36,8,"€ 1,42,882.49",1,1,0,"€ 89,983.02",0.00%
633,France,Female,44,7, € -   ,2,1,0,"€ 29,761.29",0.00%
650,France,Female,31,1,"€ 1,60,566.11",2,0,0,"€ 27,073.81",0.00%
743,Germany,Male,65,2,"€ 1,31,935.51",1,1,1,"€ 96,399.67",50.00%
567,France,Male,38,6,"€ 1,27,678.80",2,0,0,"€ 45,422.89",0.00%
706,Germany,Female,46,4,"€ 1,05,214.58",1,1,0,"€ 1,08,699.59",0.00%
638,France,Male,46,9,"€ 1,39,859.54",1,1,0,"€ 38,967.29",0.00%
641,France,Female,38,3, € -   ,2,1,0,"€ 1,16,466.19",0.00%
574,France,Female,34,5,"€ 1,12,324.45",2,1,1,"€ 17,993.43",40.00%
642,Germany,Male,30,8,"€ 1,34,497.27",1,0,0,"€ 43,250.54",0.00%
722,Spain,Female,35,1,"€ 1,20,171.58",1,1,0,"€ 1,25,240.80",0.00%
623,France,Male,23,1,"€ 1,06,012.20",2,0,1,"€ 1,91,415.94",200.00%
681,France,Male,25,5, € -   ,1,0,1,"€ 90,860.97",20.00%
530,France,Female,34,8, € -   ,2,0,1,"€ 1,41,872.52",25.00%
797,France,Female,55,10, € -   ,4,1,1,"€ 49,418.87",40.00%
653,France,Male,51,3, € -   ,1,1,0,"€ 1,70,426.65",0.00%
850,Germany,Male,42,8,"€ 1,19,839.69",1,0,1,"€ 51,016.02",12.50%
581,Spain,Male,34,1, € -   ,2,0,1,"€ 81,175.25",200.00%
589,Germany,Male,38,8,"€ 92,219.21",1,1,0,"€ 99,106.97",0.00%
555,Germany,Male,48,3,"€ 1,42,055.41",2,0,1,"€ 79,134.78",66.67%
748,France,Female,49,7,"€ 29,602.08",1,0,0,"€ 1,63,550.58",0.00%
745,France,Female,46,7, € -   ,2,1,1,"€ 67,769.94",28.57%
730,France,Male,34,1, € -   ,2,1,1,"€ 1,26,592.01",200.00%
565,France,Female,44,1, € -   ,2,0,1,"€ 89,602.81",200.00%
778,France,Male,37,3,"€ 1,41,803.77",1,0,1,"€ 1,79,421.84",33.33%
812,France,Male,24,10, € -   ,2,1,1,"€ 1,56,906.15",20.00%
526,France,Male,42,1, € -   ,1,0,1,"€ 1,68,486.02",100.00%
708,France,Female,47,0,"€ 1,26,589.12",2,0,1,"€ 1,32,730.07",200.00%
680,France,Male,33,2,"€ 1,08,393.35",1,0,1,"€ 39,057.67",50.00%
567,Spain,Male,43,2,"€ 1,15,643.58",2,0,0,"€ 1,74,606.35",0.00%
564,Spain,Male,48,5,"€ 1,32,876.23",1,1,0,"€ 79,259.77",0.00%
709,France,Female,24,3,"€ 1,10,949.41",1,1,1,"€ 1,68,515.61",33.33%
629,France,Male,46,1,"€ 1,30,666.20",1,1,1,"€ 1,61,125.67",100.00%
510,France,Female,45,10,"€ 1,03,821.47",2,0,1,"€ 77,878.62",20.00%
506,France,Female,32,3, € -   ,1,1,1,"€ 80,823.02",33.33%
605,France,Male,39,7, € -   ,1,0,1,"€ 1,19,348.28",14.29%
650,Spain,Male,32,1,"€ 1,32,187.73",2,1,1,"€ 1,78,331.36",200.00%
850,Germany,Male,49,8,"€ 98,649.55",1,1,0,"€ 1,19,174.88",0.00%
489,Germany,Male,38,2,"€ 1,26,444.08",2,1,1,"€ 82,662.73",100.00%
659,Germany,Female,30,8,"€ 1,54,159.51",1,1,0,"€ 40,441.10",0.00%
753,France,Female,43,5, € -   ,2,1,0,"€ 1,09,881.71",0.00%
477,Germany,Male,48,8,"€ 1,29,250.00",2,1,1,"€ 1,57,937.35",25.00%
610,Spain,Female,45,3, € -   ,1,1,0,"€ 38,276.84",0.00%
619,France,Female,33,2,"€ 1,67,733.51",2,1,1,"€ 65,222.48",100.00%
619,Germany,Female,31,2,"€ 56,116.30",2,0,0,"€ 2,181.94",0.00%
758,France,Female,30,3,"€ 1,41,581.08",1,1,0,"€ 1,56,249.06",0.00%
516,Germany,Male,50,7,"€ 1,39,675.07",2,1,0,"€ 45,591.23",0.00%
789,France,Female,27,8,"€ 66,201.96",1,1,1,"€ 79,458.12",12.50%
687,France,Female,44,9, € -   ,2,0,0,"€ 1,03,042.20",0.00%
485,Germany,Male,34,3,"€ 1,33,658.24",1,1,0,"€ 70,209.83",0.00%
446,Germany,Male,25,3,"€ 1,36,202.78",1,1,0,"€ 1,76,743.51",0.00%
597,France,Female,60,0,"€ 1,31,778.08",1,0,0,"€ 10,703.53",0.00%
712,Spain,Male,74,5, € -   ,2,0,0,"€ 1,51,425.82",0.00%
522,France,Female,34,3, € -   ,2,1,1,"€ 3,894.34",66.67%
805,Germany,Female,26,8,"€ 42,712.87",2,1,1,"€ 28,861.69",25.00%
781,France,Female,28,4, € -   ,2,1,0,"€ 1,77,703.15",0.00%
689,Spain,Female,57,4, € -   ,2,1,0,"€ 1,36,649.80",0.00%
670,Germany,Male,31,1,"€ 1,42,631.54",2,1,1,"€ 1,75,894.24",200.00%
670,France,Male,33,2,"€ 1,41,204.65",2,1,0,"€ 76,257.46",0.00%
524,Germany,Female,25,7,"€ 1,31,402.21",1,0,0,"€ 1,93,668.49",0.00%
734,Spain,Female,39,3,"€ 92,636.96",2,1,1,"€ 1,25,671.29",66.67%
489,France,Female,51,3, € -   ,2,0,1,"€ 1,74,098.28",66.67%
578,Germany,Female,31,5,"€ 1,02,088.68",4,0,0,"€ 1,87,866.21",0.00%
622,Spain,Male,39,9, € -   ,2,0,1,"€ 1,00,862.36",22.22%
843,France,Female,38,8,"€ 1,34,887.53",1,1,1,"€ 10,804.04",12.50%
687,France,Male,48,4, € -   ,2,1,1,"€ 1,70,893.85",50.00%
700,Spain,Male,28,8,"€ 1,59,900.38",1,0,0,"€ 22,698.56",0.00%
410,Germany,Female,50,2,"€ 1,02,278.79",2,1,0,"€ 89,822.48",0.00%
537,France,Female,41,0, € -   ,2,0,1,"€ 1,75,262.49",200.00%
780,France,Female,43,0, € -   ,1,0,1,"€ 15,705.27",100.00%
652,Spain,Male,58,6, € -   ,2,0,1,"€ 1,70,025.43",33.33%
620,Germany,Male,35,0,"€ 76,989.97",1,1,1,"€ 17,242.79",100.00%
697,France,Female,23,10, € -   ,2,1,1,"€ 79,734.23",20.00%
786,France,Male,35,3, € -   ,2,1,0,"€ 92,712.97",0.00%
850,Germany,Female,39,5,"€ 1,14,491.82",1,1,0,"€ 99,689.48",0.00%
749,Germany,Male,54,3,"€ 1,44,768.94",1,1,0,"€ 93,336.30",0.00%
445,France,Male,31,7,"€ 1,45,056.59",1,1,1,"€ 1,75,893.53",14.29%
443,Germany,Male,50,3,"€ 1,17,206.30",1,1,0,"€ 42,840.18",0.00%
637,Germany,Male,41,2,"€ 1,38,014.40",2,1,0,"€ 1,40,298.24",0.00%
616,Germany,Female,45,6,"€ 1,28,352.59",3,1,1,"€ 1,44,000.59",50.00%
756,France,Female,23,1,"€ 1,12,568.31",1,1,1,"€ 1,13,408.11",100.00%
644,France,Male,33,2, € -   ,1,1,0,"€ 96,420.58",0.00%
850,Germany,Male,41,1,"€ 1,76,958.46",2,0,1,"€ 1,25,806.30",200.00%
703,Germany,Female,38,9,"€ 99,167.54",1,1,0,"€ 65,720.92",0.00%
684,Spain,Female,42,3,"€ 1,03,210.27",1,1,0,"€ 31,002.03",0.00%
706,Germany,Female,48,10,"€ 1,04,478.12",3,0,1,"€ 1,58,248.71",30.00%
580,Spain,Male,61,8,"€ 1,25,921.37",1,1,1,"€ 94,677.83",12.50%
777,Spain,Female,35,3, € -   ,2,1,1,"€ 17,257.72",66.67%
676,Germany,Male,48,3,"€ 80,697.44",1,0,0,"€ 1,01,397.86",0.00%
708,France,Female,44,2,"€ 1,61,887.81",2,1,0,"€ 84,870.23",0.00%
809,France,Male,24,7,"€ 1,09,558.36",1,1,0,"€ 1,83,515.13",0.00%
588,France,Male,38,1,"€ 1,24,271.26",1,1,0,"€ 75,969.19",0.00%
623,France,Male,43,1, € -   ,2,1,1,"€ 1,46,379.30",200.00%
537,Spain,Male,42,1,"€ 1,90,569.23",1,0,1,"€ 1,27,154.80",100.00%
536,Spain,Male,53,2,"€ 1,43,923.96",1,1,0,"€ 2,019.78",0.00%
769,France,Male,48,2,"€ 96,542.16",2,0,1,"€ 1,97,885.72",100.00%
690,France,Male,33,5, € -   ,2,1,0,"€ 1,38,017.68",0.00%
771,Spain,Male,45,0,"€ 1,39,825.56",1,0,0,"€ 1,70,984.97",0.00%
497,Germany,Male,24,6,"€ 1,11,769.14",2,1,0,"€ 55,859.27",0.00%
622,Spain,Male,37,4, € -   ,2,1,0,"€ 4,459.50",0.00%
602,Spain,Male,30,9,"€ 1,13,672.18",2,0,0,"€ 1,02,135.92",0.00%
543,France,Female,32,7,"€ 1,47,256.86",1,1,0,"€ 1,12,771.95",0.00%
520,Spain,Male,45,7,"€ 1,07,023.03",1,1,0,"€ 32,903.93",0.00%
669,France,Male,37,1,"€ 1,25,529.55",1,1,1,"€ 1,62,260.93",100.00%
631,Spain,Female,41,0, € -   ,1,0,0,"€ 87,959.83",0.00%
537,Germany,Male,48,4,"€ 1,31,834.80",1,1,0,"€ 1,66,476.95",0.00%
732,France,Male,62,2, € -   ,2,1,1,"€ 25,438.87",100.00%
844,Spain,Male,56,5,"€ 99,529.70",1,0,1,"€ 1,57,230.06",20.00%
838,Spain,Male,35,0, € -   ,2,0,1,"€ 1,97,305.91",200.00%
652,France,Male,27,10,"€ 1,07,303.72",2,0,0,"€ 44,435.76",0.00%
660,France,Male,33,0,"€ 72,783.42",1,0,0,"€ 1,81,051.99",0.00%
692,Spain,Female,44,8, € -   ,1,0,1,"€ 1,59,069.37",12.50%
588,France,Female,35,0, € -   ,2,1,1,"€ 1,55,485.24",200.00%
533,Germany,Female,22,10,"€ 1,15,743.60",1,0,0,"€ 43,852.05",0.00%
850,France,Male,43,4,"€ 1,61,256.53",1,1,1,"€ 1,40,071.57",25.00%
511,France,Male,27,8, € -   ,2,1,1,"€ 49,089.36",25.00%
530,Spain,Male,44,6, € -   ,2,0,0,"€ 55,893.37",0.00%
554,France,Male,31,1, € -   ,2,0,1,"€ 1,92,660.55",200.00%
585,Germany,Female,40,3,"€ 1,62,261.01",2,1,0,"€ 1,37,028.51",0.00%
754,France,Male,39,3,"€ 74,896.33",1,0,0,"€ 34,430.16",0.00%
474,France,Male,54,3, € -   ,1,1,0,"€ 1,08,409.17",0.00%
837,Germany,Male,35,0,"€ 1,44,037.60",1,1,0,"€ 1,45,325.32",0.00%
567,France,Female,23,9,"€ 93,522.20",1,0,1,"€ 81,425.61",11.11%
800,Spain,Male,38,1, € -   ,2,1,0,"€ 51,553.43",0.00%
646,France,Male,18,10, € -   ,2,0,1,"€ 52,795.15",20.00%
627,Germany,Male,38,8,"€ 1,06,922.92",2,0,1,"€ 84,270.09",25.00%
505,France,Male,26,8,"€ 1,12,972.57",1,1,0,"€ 1,45,011.62",0.00%
566,Germany,Female,35,1,"€ 1,23,042.00",1,1,0,"€ 66,245.44",0.00%
619,Germany,Female,33,3,"€ 1,00,488.92",2,0,1,"€ 36,446.74",66.67%
757,France,Female,44,4,"€ 1,23,322.15",1,1,0,"€ 1,37,136.29",0.00%
648,France,Male,32,0, € -   ,1,0,1,"€ 1,17,323.31",100.00%
621,Spain,Male,42,8,"€ 68,683.68",1,1,1,"€ 74,157.71",12.50%
543,Germany,Male,49,6,"€ 59,532.18",1,1,0,"€ 1,04,253.56",0.00%
658,France,Female,43,7,"€ 1,40,260.36",2,1,0,"€ 2,748.72",0.00%
633,Germany,Male,50,7,"€ 88,302.65",1,1,1,"€ 1,95,937.16",14.29%
648,France,Female,19,1, € -   ,2,0,1,"€ 22,101.86",200.00%
501,Germany,Male,40,5,"€ 1,14,655.58",1,0,0,"€ 1,26,535.92",0.00%
683,France,Female,42,4,"€ 1,48,283.94",1,1,1,"€ 44,692.63",25.00%
619,Spain,Female,38,1, € -   ,1,1,0,"€ 1,12,442.63",0.00%
705,France,Female,35,3, € -   ,2,0,1,"€ 66,331.01",66.67%
638,Germany,Female,53,1,"€ 1,23,916.67",1,1,0,"€ 16,657.68",0.00%
710,France,Female,31,1, € -   ,2,1,0,"€ 20,081.30",0.00%
590,France,Female,54,4, € -   ,2,1,1,"€ 93,820.49",50.00%
725,France,Male,43,2,"€ 1,65,896.00",2,1,0,"€ 1,30,795.52",0.00%
638,France,Female,32,0, € -   ,2,1,0,"€ 1,60,129.99",0.00%
791,France,Male,36,6,"€ 1,11,168.97",1,1,1,"€ 1,89,969.91",16.67%
702,France,Female,40,1,"€ 1,03,549.24",1,0,0,"€ 9,712.52",0.00%
607,France,Female,32,6, € -   ,2,0,0,"€ 1,96,062.01",0.00%
535,France,Male,30,6,"€ 1,03,804.97",1,1,1,"€ 1,25,710.53",16.67%
651,France,Male,45,2,"€ 1,65,901.59",2,1,0,"€ 23,054.51",0.00%
506,Germany,Male,59,8,"€ 1,19,152.10",2,1,1,"€ 1,70,679.74",25.00%
511,Spain,Female,57,8,"€ 1,22,950.31",1,1,1,"€ 1,81,258.76",12.50%
757,France,Female,51,1, € -   ,1,1,1,"€ 22,835.13",100.00%
768,Germany,Male,49,1,"€ 1,33,384.66",1,1,0,"€ 1,02,397.22",0.00%
757,France,Male,32,9, € -   ,2,1,0,"€ 1,15,950.96",0.00%
663,Spain,Male,64,6, € -   ,2,0,1,"€ 15,876.52",33.33%
537,Germany,Female,37,7,"€ 1,58,411.95",4,1,1,"€ 1,17,690.58",57.14%
570,Germany,Male,29,4,"€ 1,22,028.65",2,1,1,"€ 1,73,792.77",50.00%
850,France,Female,35,5, € -   ,1,1,1,"€ 80,992.80",20.00%
661,Germany,Female,64,8,"€ 1,28,751.65",2,1,0,"€ 1,89,398.18",0.00%
659,France,Male,54,8,"€ 1,33,436.52",1,1,0,"€ 56,787.80",0.00%
454,Spain,Male,40,2,"€ 1,23,177.01",1,1,0,"€ 1,48,309.98",0.00%
708,France,Female,59,2, € -   ,1,1,0,"€ 1,79,673.11",0.00%
720,France,Female,37,2,"€ 1,20,328.88",2,1,1,"€ 1,38,470.21",100.00%
785,France,Female,39,1,"€ 1,30,147.98",1,1,0,"€ 1,63,798.41",0.00%
743,Spain,Female,36,8,"€ 92,716.96",1,1,1,"€ 33,693.78",12.50%
493,Spain,Female,48,7, € -   ,2,1,0,"€ 48,545.10",0.00%
557,Spain,Male,34,3, € -   ,1,0,1,"€ 1,23,427.98",33.33%
850,France,Male,40,1,"€ 76,914.21",1,1,0,"€ 1,74,183.44",0.00%
799,France,Female,32,3,"€ 1,06,045.92",2,1,1,"€ 17,938.00",66.67%
756,France,Male,34,1,"€ 1,03,133.26",1,1,1,"€ 90,059.04",100.00%
752,France,Male,38,0,"€ 1,45,974.79",2,1,1,"€ 1,37,694.23",200.00%
696,Spain,Female,36,3, € -   ,3,1,0,"€ 65,039.90",0.00%
630,Spain,Female,49,1, € -   ,2,0,1,"€ 1,62,858.29",200.00%
659,Spain,Female,38,9, € -   ,2,1,1,"€ 35,701.06",22.22%
685,Spain,Male,39,9, € -   ,2,1,1,"€ 18,826.06",22.22%
599,Spain,Female,31,3, € -   ,1,1,1,"€ 1,30,086.47",33.33%
559,Spain,Female,31,1,"€ 1,39,183.06",1,0,1,"€ 1,43,360.56",100.00%
615,Spain,Male,19,5, € -   ,2,1,0,"€ 1,59,920.92",0.00%
580,Germany,Female,36,3,"€ 74,974.89",1,1,1,"€ 12,099.67",33.33%
487,Spain,Male,44,6,"€ 61,691.45",1,1,1,"€ 53,087.98",16.67%
646,Germany,Female,35,1,"€ 1,21,952.75",2,1,1,"€ 1,42,839.82",200.00%
811,France,Female,35,7, € -   ,1,1,1,€ 178.19,14.29%
526,Spain,Male,35,5, € -   ,2,1,1,"€ 1,05,618.14",40.00%
767,Spain,Male,37,7, € -   ,2,1,1,"€ 24,734.25",28.57%
548,France,Female,33,1,"€ 80,107.83",2,0,1,"€ 82,245.67",200.00%
737,Spain,Female,45,2, € -   ,2,0,1,"€ 1,77,695.67",100.00%
613,Germany,Male,40,1,"€ 1,47,856.82",3,0,0,"€ 1,07,961.11",0.00%
711,Spain,Male,36,8, € -   ,2,1,0,"€ 55,207.41",0.00%
850,Spain,Female,53,7,"€ 65,407.16",2,0,0,"€ 1,82,633.63",0.00%
752,France,Female,53,8,"€ 1,14,233.18",1,1,1,"€ 51,587.04",12.50%
710,France,Female,37,5, € -   ,2,1,0,"€ 1,15,403.31",0.00%
664,Spain,Female,53,7,"€ 1,87,602.18",1,1,0,"€ 1,86,392.99",0.00%
510,France,Female,22,3,"€ 1,56,834.34",1,0,0,"€ 44,374.44",0.00%
577,France,Female,34,2, € -   ,2,1,1,"€ 84,033.35",100.00%
529,France,Male,42,1,"€ 1,57,498.90",1,1,1,"€ 82,276.62",100.00%
757,Spain,Female,44,9, € -   ,2,1,0,"€ 1,77,528.92",0.00%
691,France,Male,41,2, € -   ,1,1,1,"€ 56,850.92",50.00%
621,Spain,Male,34,8, € -   ,1,0,0,"€ 47,972.65",0.00%
709,Spain,Male,35,2, € -   ,2,1,0,"€ 1,04,982.39",0.00%
756,Spain,Male,19,4,"€ 1,30,274.22",1,1,1,"€ 1,33,535.29",25.00%
788,France,Female,41,6, € -   ,1,1,1,"€ 25,571.37",16.67%
705,France,Female,39,5,"€ 1,49,379.66",2,1,0,"€ 96,075.55",0.00%
483,France,Male,29,9, € -   ,1,1,1,"€ 81,634.45",11.11%
719,Spain,Male,35,1,"€ 1,00,829.94",1,1,1,"€ 1,65,008.97",100.00%
793,Germany,Female,32,1,"€ 96,408.98",1,1,1,"€ 1,38,191.81",100.00%
593,France,Male,41,6, € -   ,2,1,1,"€ 99,136.49",33.33%
551,France,Male,52,1, € -   ,1,0,0,"€ 63,584.55",0.00%
690,France,Male,39,6, € -   ,2,1,0,"€ 1,60,532.88",0.00%
823,France,Male,71,5,"€ 1,49,105.08",1,0,1,"€ 1,62,683.06",20.00%
512,Spain,Male,39,3, € -   ,1,1,0,"€ 1,34,878.19",0.00%
802,Spain,Male,41,5, € -   ,2,1,1,"€ 1,34,626.30",40.00%
450,Spain,Female,34,2, € -   ,2,1,0,"€ 1,75,480.93",0.00%
651,Germany,Male,41,1,"€ 90,218.11",1,1,0,"€ 1,74,337.68",0.00%
697,France,Female,33,1,"€ 87,347.70",1,1,0,"€ 1,72,524.51",0.00%
611,France,Male,28,2, € -   ,2,0,0,"€ 25,395.83",0.00%
643,France,Female,33,0,"€ 1,37,811.75",1,1,1,"€ 1,84,856.89",100.00%
822,France,Male,37,3,"€ 1,05,563.00",1,1,0,"€ 1,82,624.93",0.00%
632,France,Male,38,4, € -   ,2,0,0,"€ 1,92,505.62",0.00%
575,Spain,Female,26,7, € -   ,2,1,0,"€ 1,12,507.63",0.00%
672,France,Male,31,6,"€ 91,125.75",1,1,0,"€ 1,77,295.92",0.00%
517,Spain,Male,39,3, € -   ,2,0,1,"€ 12,465.51",66.67%
621,Spain,Male,39,8, € -   ,2,1,0,"€ 36,122.96",0.00%
775,Germany,Female,77,6,"€ 1,35,120.56",1,1,0,"€ 37,836.64",0.00%
600,France,Male,29,8, € -   ,2,0,1,"€ 34,747.43",25.00%
640,France,Male,28,7, € -   ,2,1,1,"€ 1,31,097.90",28.57%
752,France,Female,36,1,"€ 86,837.95",1,1,1,"€ 1,05,280.55",100.00%
613,France,Male,26,4,"€ 1,00,446.57",1,0,1,"€ 1,49,653.81",25.00%
484,France,Female,32,3, € -   ,2,1,1,"€ 1,39,390.99",66.67%
511,France,Female,33,3, € -   ,2,1,0,"€ 1,32,436.71",0.00%
745,France,Female,32,2, € -   ,4,0,1,"€ 1,79,705.13",200.00%
786,Spain,Female,32,6,"€ 1,14,512.59",1,1,0,"€ 15,796.66",0.00%
727,France,Male,35,5,"€ 1,36,364.46",1,0,0,"€ 1,42,754.71",0.00%
622,France,Male,31,5,"€ 1,06,260.67",1,1,1,"€ 2,578.43",20.00%
794,France,Male,24,10,"€ 1,46,126.75",1,1,1,"€ 88,992.05",10.00%
636,Spain,Male,52,4,"€ 1,11,284.53",1,0,1,"€ 32,936.44",25.00%
741,Spain,Female,42,9,"€ 1,21,056.63",2,1,0,"€ 39,122.58",0.00%
687,France,Male,34,5,"€ 1,28,270.56",1,1,0,"€ 1,91,092.62",0.00%
660,Spain,Male,30,4, € -   ,2,1,0,"€ 1,29,149.06",0.00%
660,France,Male,35,7, € -   ,2,1,0,"€ 13,218.60",0.00%
617,France,Female,79,7, € -   ,1,1,1,"€ 1,60,589.18",14.29%
762,France,Male,32,10,"€ 1,91,775.65",1,1,0,"€ 1,79,657.83",0.00%
752,Spain,Female,35,2, € -   ,1,1,0,"€ 44,335.54",0.00%
561,Spain,Male,34,4,"€ 85,141.79",2,1,1,"€ 29,217.37",50.00%
609,France,Male,26,10,"€ 1,26,392.18",1,0,1,"€ 43,651.49",10.00%
803,France,Male,28,3, € -   ,2,1,0,"€ 1,59,654.00",0.00%
556,France,Female,40,9,"€ 1,29,860.37",1,0,0,"€ 17,992.94",0.00%
531,France,Female,53,5,"€ 1,27,642.44",1,1,0,"€ 1,41,501.45",0.00%
411,France,Female,35,2, € -   ,2,1,1,"€ 93,825.78",100.00%
587,Germany,Female,44,5,"€ 1,25,584.17",2,1,1,"€ 41,852.24",40.00%
683,Spain,Male,56,7,"€ 50,911.21",3,0,0,"€ 97,629.31",0.00%
654,France,Male,29,2,"€ 91,955.61",1,1,0,"€ 37,065.66",0.00%
670,Germany,Female,36,2,"€ 84,266.44",2,0,0,"€ 38,614.69",0.00%
655,France,Female,36,2,"€ 1,47,149.59",1,1,1,"€ 87,816.86",50.00%
752,France,Female,36,7, € -   ,2,1,0,"€ 1,84,866.86",0.00%
534,France,Female,23,5,"€ 1,04,822.45",1,0,1,"€ 1,60,176.47",20.00%
635,France,Male,42,1,"€ 1,46,766.72",2,0,1,"€ 1,64,357.10",200.00%
491,Germany,Male,70,6,"€ 1,48,745.92",2,1,1,"€ 17,818.33",33.33%
516,France,Male,27,9, € -   ,1,1,0,"€ 1,42,680.64",0.00%
530,France,Female,48,0, € -   ,1,1,0,"€ 85,081.09",0.00%
687,Spain,Male,35,3, € -   ,2,1,1,"€ 1,76,450.19",66.67%
684,France,Female,41,6,"€ 1,35,203.81",2,1,1,"€ 1,21,967.88",33.33%
706,Germany,Male,23,2,"€ 93,301.97",2,0,1,"€ 1,27,187.04",100.00%
490,Germany,Male,33,5,"€ 96,341.00",2,0,0,"€ 1,08,313.34",0.00%
796,France,Male,44,8,"€ 1,65,326.20",1,1,1,"€ 57,205.55",12.50%
849,France,Male,27,0, € -   ,2,0,1,"€ 1,57,891.86",200.00%
779,France,Female,41,10,"€ 99,786.20",1,1,0,"€ 86,927.53",0.00%
794,Spain,Female,22,4,"€ 1,14,440.24",1,1,1,"€ 1,07,753.07",25.00%
748,Spain,Male,36,4,"€ 1,41,573.55",1,1,0,"€ 82,158.14",0.00%
663,Spain,Female,22,9, € -   ,1,1,0,"€ 29,135.89",0.00%
645,Spain,Female,55,1,"€ 1,33,676.65",1,0,1,"€ 17,095.49",100.00%
464,France,Female,33,10,"€ 1,47,493.70",2,1,0,"€ 1,00,447.53",0.00%
737,France,Male,54,9, € -   ,1,1,0,"€ 83,470.40",0.00%
590,France,Female,29,4, € -   ,2,1,0,"€ 1,21,846.81",0.00%
522,Germany,Female,37,3,"€ 95,022.57",1,1,1,"€ 1,29,107.59",33.33%
648,France,Female,34,3, € -   ,1,1,0,"€ 54,726.43",0.00%
754,France,Male,37,6, € -   ,1,1,1,"€ 1,16,141.72",16.67%
669,France,Male,50,4,"€ 1,49,713.61",3,1,1,"€ 1,24,872.42",75.00%
648,Germany,Female,43,1,"€ 1,07,963.38",1,0,0,"€ 1,86,438.86",0.00%
763,France,Male,40,3, € -   ,2,1,0,"€ 1,34,281.11",0.00%
790,Spain,Male,32,3, € -   ,1,1,0,"€ 91,044.47",0.00%
581,France,Male,37,7, € -   ,2,1,1,"€ 74,320.75",28.57%
703,France,Male,43,8, € -   ,2,1,0,"€ 9,704.66",0.00%
571,France,Female,33,9,"€ 1,02,017.25",2,0,0,"€ 1,28,600.49",0.00%
657,Spain,Female,27,8, € -   ,2,0,0,"€ 6,468.24",0.00%
737,France,Male,44,7, € -   ,2,0,0,"€ 57,898.58",0.00%
793,Spain,Male,29,8,"€ 96,674.55",2,0,0,"€ 1,92,120.66",0.00%
783,Spain,Female,44,3,"€ 81,811.71",1,1,0,"€ 1,64,213.53",0.00%
751,Spain,Male,33,4,"€ 79,281.61",1,1,0,"€ 1,17,547.76",0.00%
579,France,Male,31,6, € -   ,2,1,0,"€ 26,149.25",0.00%
655,Germany,Female,36,10,"€ 1,22,314.39",1,1,0,"€ 9,181.66",0.00%
614,Germany,Male,43,8,"€ 1,40,733.74",1,1,1,"€ 1,66,588.76",12.50%
678,Germany,Male,49,2,"€ 1,16,933.11",1,1,0,"€ 1,95,053.58",0.00%
562,Spain,Male,41,5,"€ 1,65,445.04",2,1,0,"€ 85,787.31",0.00%
711,Germany,Female,53,5,"€ 1,23,805.03",1,1,0,"€ 1,02,428.51",0.00%
620,France,Male,37,0,"€ 1,07,548.94",1,1,0,"€ 71,175.94",0.00%
437,France,Male,49,9,"€ 1,11,634.29",2,0,1,"€ 1,66,440.32",22.22%
691,Germany,Female,41,8,"€ 1,09,153.96",3,1,1,"€ 1,48,848.76",37.50%
552,Spain,Female,34,4, € -   ,2,1,0,"€ 1,40,286.69",0.00%
765,Germany,Male,34,5,"€ 86,055.17",2,1,1,"€ 1,04,220.50",40.00%
707,Germany,Female,51,10,"€ 98,438.23",1,0,0,"€ 70,778.63",0.00%
764,Spain,Male,29,5, € -   ,2,1,0,"€ 65,868.28",0.00%
585,France,Female,32,8,"€ 1,44,705.87",2,0,0,"€ 1,71,482.56",0.00%
784,France,Male,31,7, € -   ,2,1,1,"€ 1,43,204.41",28.57%
605,France,Male,41,5,"€ 91,612.91",1,1,1,"€ 28,427.84",20.00%
699,Spain,Male,40,2, € -   ,1,1,0,"€ 78,387.32",0.00%
544,France,Female,40,7, € -   ,1,0,1,"€ 1,61,076.92",14.29%
803,France,Female,32,9,"€ 1,92,122.84",1,1,1,"€ 54,277.45",11.11%
735,France,Male,41,7,"€ 1,79,904.00",1,1,1,"€ 1,37,180.95",14.29%
673,France,Male,59,0,"€ 1,78,058.06",2,0,1,"€ 21,063.71",200.00%
652,France,Male,30,2,"€ 1,76,166.56",2,1,1,"€ 1,52,210.81",100.00%
694,France,Male,42,3,"€ 1,56,864.20",2,0,0,"€ 88,890.75",0.00%
741,France,Female,44,7, € -   ,2,1,1,"€ 1,90,534.76",28.57%
590,Spain,Male,30,3, € -   ,2,1,0,"€ 83,090.35",0.00%
809,Spain,Female,33,3, € -   ,2,0,1,"€ 1,41,426.78",66.67%
523,France,Male,34,2,"€ 1,61,588.89",1,1,1,"€ 51,358.66",50.00%
540,France,Male,48,2,"€ 1,09,349.29",1,1,0,"€ 88,703.04",0.00%
596,Spain,Female,29,6, € -   ,2,1,0,"€ 1,16,696.77",0.00%
597,France,Female,36,9, € -   ,2,1,1,"€ 7,156.09",22.22%
407,Spain,Male,37,1, € -   ,1,1,1,"€ 49,161.12",100.00%
748,France,Male,60,0,"€ 1,52,335.70",1,1,0,"€ 1,26,743.33",0.00%
562,France,Female,51,1,"€ 1,24,662.54",1,1,1,"€ 65,390.46",100.00%
734,Germany,Female,47,10,"€ 91,522.04",2,1,1,"€ 1,38,835.91",20.00%
710,France,Male,45,1, € -   ,2,1,1,"€ 36,154.66",200.00%
539,Spain,Female,39,6,"€ 62,052.28",1,0,1,"€ 59,755.14",16.67%
542,France,Male,32,7,"€ 1,07,871.72",1,1,0,"€ 1,25,302.64",0.00%
717,France,Female,36,2,"€ 99,472.76",2,1,0,"€ 94,274.72",0.00%
682,Spain,Female,50,10,"€ 1,28,039.01",1,1,1,"€ 1,02,260.16",10.00%
515,France,Male,33,2, € -   ,2,1,1,"€ 1,36,028.97",100.00%
526,Spain,Female,33,8,"€ 1,14,634.63",2,1,0,"€ 1,10,114.38",0.00%
702,France,Male,26,5,"€ 56,738.47",2,1,1,"€ 1,00,442.22",40.00%
651,Germany,Male,34,2,"€ 90,355.12",2,0,0,"€ 1,93,597.94",0.00%
792,Germany,Male,36,5,"€ 1,15,725.24",2,0,0,"€ 1,871.25",0.00%
817,Germany,Male,58,3,"€ 1,14,327.59",2,1,1,"€ 42,831.11",66.67%
674,Germany,Female,36,6,"€ 1,00,762.64",1,1,0,"€ 1,82,156.86",0.00%
641,France,Female,40,9, € -   ,1,0,0,"€ 1,51,648.66",0.00%
513,Spain,Male,39,7,"€ 89,039.90",2,1,1,"€ 1,46,738.83",28.57%
561,France,Male,34,1,"€ 78,829.53",1,1,1,"€ 12,148.20",100.00%
627,Germany,Male,30,6,"€ 1,12,372.96",1,1,1,"€ 1,18,029.09",16.67%
682,Germany,Male,81,6,"€ 1,22,029.15",1,1,1,"€ 50,783.88",16.67%
683,France,Female,29,0,"€ 1,57,829.12",1,0,0,"€ 1,29,891.66",0.00%
420,Germany,Female,31,1,"€ 1,08,377.75",2,1,1,"€ 9,904.63",200.00%
670,France,Female,54,2,"€ 95,507.12",1,1,1,"€ 63,213.31",50.00%
505,Germany,Male,43,6,"€ 1,27,146.68",1,0,0,"€ 1,37,565.87",0.00%
580,Germany,Male,24,1,"€ 1,33,811.78",1,1,0,"€ 17,185.95",0.00%
577,France,Male,36,3,"€ 1,21,092.47",2,0,1,"€ 1,43,783.46",66.67%
773,Germany,Male,34,10,"€ 1,26,979.75",1,0,0,"€ 36,823.28",0.00%
616,France,Male,37,5,"€ 1,44,235.73",2,0,0,"€ 1,54,957.66",0.00%
763,France,Female,38,0,"€ 1,52,582.20",2,0,0,"€ 31,892.82",0.00%
640,Spain,Male,43,9,"€ 1,72,478.15",1,1,0,"€ 1,91,084.40",0.00%
592,France,Male,36,1,"€ 1,26,477.42",1,0,0,"€ 1,79,718.17",0.00%
528,Spain,Male,43,7,"€ 97,473.87",2,1,1,"€ 1,59,823.16",28.57%
630,France,Male,53,5,"€ 1,38,053.67",1,0,1,"€ 1,14,110.97",20.00%
529,France,Female,31,2,"€ 1,64,003.05",2,1,1,"€ 60,993.23",100.00%
546,France,Female,47,8, € -   ,1,1,1,"€ 66,408.01",12.50%
753,France,Female,62,6, € -   ,2,1,1,"€ 1,36,398.90",33.33%
772,Spain,Female,39,4,"€ 1,22,486.11",2,1,1,"€ 1,40,709.25",50.00%
567,France,Male,36,1, € -   ,2,0,0,"€ 8,555.73",0.00%
628,Germany,Female,45,6,"€ 53,667.44",1,1,0,"€ 1,15,022.94",0.00%
658,France,Male,20,7, € -   ,2,0,0,"€ 1,87,638.34",0.00%
679,Spain,Male,58,9,"€ 1,09,327.65",1,1,1,"€ 3,829.13",11.11%
629,Spain,Male,34,1,"€ 1,21,151.05",1,0,0,"€ 1,19,357.93",0.00%
731,Spain,Male,42,9,"€ 1,01,043.63",1,1,1,"€ 1,92,175.52",11.11%
775,Germany,Male,33,3,"€ 83,501.66",2,1,0,"€ 1,28,841.31",0.00%
660,Spain,Male,33,2,"€ 80,462.24",1,0,0,"€ 1,50,422.35",0.00%
752,France,Male,39,3, € -   ,1,1,0,"€ 1,88,187.05",0.00%
655,France,Male,37,6,"€ 1,09,093.41",2,1,0,"€ 1,775.52",0.00%
543,Spain,Female,46,5,"€ 1,40,355.60",1,1,1,"€ 85,086.78",20.00%
811,France,Male,42,10, € -   ,2,1,1,"€ 3,797.79",20.00%
689,Germany,Male,45,0,"€ 1,30,170.82",2,1,0,"€ 1,50,856.38",0.00%
531,France,Female,42,2, € -   ,2,0,1,"€ 90,537.47",100.00%
515,France,Male,40,0,"€ 1,09,542.29",1,1,1,"€ 1,66,370.81",100.00%
466,France,Female,41,3,"€ 33,563.95",2,1,0,"€ 1,78,994.13",0.00%
782,France,Male,36,1,"€ 1,48,795.17",2,1,1,"€ 1,95,681.43",200.00%
611,France,Male,64,9, € -   ,2,1,1,"€ 53,277.15",22.22%
621,Germany,Male,40,8,"€ 1,74,126.75",3,1,0,"€ 1,72,490.78",0.00%
604,Spain,Male,41,3, € -   ,1,0,0,"€ 11,819.84",0.00%
655,Spain,Female,35,1,"€ 1,06,405.03",1,1,1,"€ 82,900.25",100.00%
689,Spain,Male,38,2, € -   ,1,1,1,"€ 82,709.80",50.00%
681,Spain,Male,30,2,"€ 1,28,393.29",1,1,1,"€ 1,80,593.45",50.00%
643,Germany,Male,41,2,"€ 1,27,841.52",1,1,0,"€ 1,72,363.41",0.00%
617,France,Female,24,4,"€ 1,37,295.19",2,1,1,"€ 91,195.12",50.00%
638,Spain,Female,55,2,"€ 1,55,828.22",1,0,1,"€ 1,08,987.25",50.00%
743,France,Male,39,6, € -   ,2,1,0,"€ 44,265.28",0.00%
828,Germany,Female,25,7,"€ 1,44,351.86",1,1,0,"€ 1,16,613.26",0.00%
776,Spain,Male,35,8,"€ 1,06,365.29",1,1,1,"€ 1,48,527.56",12.50%
540,Germany,Male,35,7,"€ 1,27,801.88",1,0,1,"€ 84,239.46",14.29%
616,Germany,Female,45,4,"€ 1,22,793.96",1,1,1,"€ 62,002.04",25.00%
628,Germany,Male,38,10,"€ 1,13,525.84",1,1,0,"€ 46,044.48",0.00%
667,Spain,Female,23,6,"€ 1,36,100.69",2,0,0,"€ 1,69,669.33",0.00%
615,France,Male,30,7, € -   ,2,1,1,"€ 1,56,346.84",28.57%
543,France,Male,30,4,"€ 1,40,916.81",1,1,0,"€ 1,57,711.18",0.00%
553,France,Female,31,4, € -   ,2,1,1,"€ 89,087.40",50.00%
554,Germany,Male,26,4,"€ 1,21,365.39",1,1,1,"€ 8,742.36",25.00%
684,Spain,Female,36,4, € -   ,1,1,0,"€ 1,17,038.96",0.00%
452,France,Female,35,7, € -   ,2,1,0,"€ 1,64,241.67",0.00%
606,France,Male,47,3,"€ 93,578.68",2,0,1,"€ 1,37,720.56",66.67%
629,France,Male,40,9, € -   ,1,1,0,€ 106.67,0.00%
659,Spain,Female,33,8,"€ 1,15,409.60",1,0,1,"€ 1,539.21",12.50%
493,France,Female,33,8,"€ 90,791.69",1,1,1,"€ 59,659.53",12.50%
794,France,Female,62,9,"€ 1,23,681.32",3,1,0,"€ 1,73,586.63",0.00%
554,France,Female,44,6,"€ 92,436.86",1,1,0,"€ 1,26,033.90",0.00%
796,Germany,Female,52,9,"€ 1,67,194.36",1,1,1,"€ 62,808.93",11.11%
807,France,Female,36,4, € -   ,2,0,1,"€ 1,47,007.33",50.00%
500,Germany,Male,44,9,"€ 1,60,838.13",2,1,0,"€ 1,96,261.64",0.00%
722,Spain,Male,43,1, € -   ,1,1,0,"€ 44,560.17",0.00%
559,Spain,Female,40,7,"€ 1,44,470.77",1,1,1,"€ 18,917.95",14.29%
584,Spain,Female,38,3, € -   ,2,1,1,"€ 4,525.40",66.67%
834,Germany,Female,68,9,"€ 1,30,169.27",2,0,1,"€ 93,112.20",22.22%
754,Spain,Male,35,4, € -   ,2,1,1,"€ 9,658.41",50.00%
590,France,Male,43,7,"€ 81,076.80",2,1,1,"€ 1,82,627.25",28.57%
740,France,Male,36,7, € -   ,1,1,1,"€ 13,177.40",14.29%
502,Germany,Female,57,3,"€ 1,01,465.31",1,1,0,"€ 43,568.31",0.00%
733,France,Male,48,5, € -   ,1,0,1,"€ 1,17,830.57",20.00%
755,Germany,Female,37,0,"€ 1,13,865.23",2,1,1,"€ 1,17,396.25",200.00%
554,Spain,Female,46,7,"€ 87,603.35",3,0,1,"€ 96,929.24",42.86%
534,France,Male,36,4,"€ 1,20,037.96",1,1,0,"€ 36,275.94",0.00%
656,Spain,Male,33,4, € -   ,2,1,0,"€ 1,16,706.00",0.00%
575,Germany,Male,49,7,"€ 1,21,205.15",4,1,1,"€ 1,68,080.53",57.14%
480,Spain,Male,47,8,"€ 75,408.33",1,1,0,"€ 25,887.89",0.00%
575,France,Male,40,5, € -   ,2,1,1,"€ 1,22,488.59",40.00%
672,France,Female,40,3, € -   ,1,1,0,"€ 1,13,171.61",0.00%
758,Spain,Female,35,5, € -   ,2,0,0,"€ 1,00,365.51",0.00%
682,France,Male,50,6,"€ 1,21,818.84",2,0,1,"€ 1,24,151.37",33.33%
501,France,Female,29,8, € -   ,2,1,0,"€ 1,12,664.24",0.00%
746,Germany,Male,34,6,"€ 1,41,806.00",2,1,1,"€ 1,83,494.87",33.33%
556,France,Female,51,8,"€ 61,354.14",1,1,0,"€ 1,98,810.65",0.00%
823,Germany,Female,53,4,"€ 1,24,954.94",1,0,1,"€ 1,31,259.60",25.00%
491,Germany,Female,68,1,"€ 95,039.12",1,0,1,"€ 1,16,471.14",100.00%
638,France,Female,29,9,"€ 1,03,417.74",1,1,1,"€ 15,336.40",11.11%
734,France,Male,45,2, € -   ,2,1,0,"€ 99,593.28",0.00%
555,France,Male,40,10,"€ 43,028.77",1,1,0,"€ 1,70,514.21",0.00%
745,Germany,Female,44,0,"€ 1,19,638.21",1,1,1,"€ 34,265.08",100.00%
728,France,Male,37,3,"€ 1,22,689.51",2,0,0,"€ 1,06,977.53",0.00%
626,France,Male,44,10, € -   ,2,0,0,"€ 1,64,287.86",0.00%
681,Germany,Male,37,8,"€ 73,179.34",2,1,1,"€ 25,292.53",25.00%
478,France,Female,38,4,"€ 1,71,913.87",1,1,0,"€ 51,820.87",0.00%
709,France,Male,38,5, € -   ,2,1,1,"€ 81,452.29",40.00%
562,Germany,Male,33,8,"€ 92,659.20",2,1,0,"€ 1,354.25",0.00%
769,Germany,Female,34,7,"€ 1,37,239.17",1,1,1,"€ 71,379.92",14.29%
684,Germany,Female,46,3,"€ 1,02,955.14",2,1,0,"€ 1,54,137.33",0.00%
536,France,Female,61,8,"€ 65,190.29",1,1,1,"€ 64,308.49",12.50%
631,Germany,Female,29,2,"€ 96,863.52",2,1,1,"€ 31,613.35",100.00%
657,Spain,Male,34,5,"€ 1,54,983.98",1,1,0,"€ 27,738.01",0.00%
699,Germany,Male,59,3,"€ 1,06,819.65",1,0,1,"€ 1,63,570.25",33.33%
606,Spain,Male,38,7,"€ 1,28,578.52",1,1,1,"€ 1,93,878.51",14.29%
612,France,Female,63,2,"€ 1,26,473.33",1,0,1,"€ 1,47,545.65",50.00%
660,France,Female,38,5,"€ 1,10,570.78",2,1,0,"€ 1,95,906.59",0.00%
829,Spain,Male,50,7, € -   ,2,0,1,"€ 1,78,458.86",28.57%
567,Spain,Male,29,8, € -   ,2,1,0,"€ 1,56,125.72",0.00%
850,France,Female,33,3, € -   ,2,1,1,"€ 11,159.19",66.67%
712,Spain,Female,44,2, € -   ,2,0,0,"€ 45,738.94",0.00%
562,France,Male,30,3,"€ 1,11,099.79",2,0,0,"€ 1,40,650.19",0.00%
755,France,Female,29,3, € -   ,3,1,0,"€ 4,733.94",0.00%
793,Spain,Male,25,3,"€ 1,00,913.57",1,0,0,"€ 10,579.72",0.00%
471,Spain,Male,26,8, € -   ,2,1,1,"€ 1,79,655.87",25.00%
707,France,Male,42,2,"€ 16,893.59",1,1,1,"€ 77,502.56",50.00%
784,Spain,Male,38,10,"€ 1,22,267.85",1,0,0,"€ 1,45,759.93",0.00%
703,France,Male,32,1,"€ 1,25,685.79",1,1,1,"€ 56,246.72",100.00%
704,Spain,Male,36,8,"€ 1,27,397.34",1,1,0,"€ 1,51,335.24",0.00%
662,France,Male,38,0,"€ 1,05,271.56",1,0,1,"€ 1,79,833.45",100.00%
636,Germany,Female,28,2,"€ 1,15,265.14",1,0,0,"€ 1,91,627.85",0.00%
640,Spain,Male,36,4, € -   ,1,0,0,"€ 1,73,016.46",0.00%
739,Spain,Male,31,1, € -   ,2,1,1,"€ 58,469.75",200.00%
767,Germany,Male,23,2,"€ 1,39,542.82",1,0,1,"€ 28,038.28",50.00%
753,Germany,Female,46,3,"€ 1,11,512.75",3,1,0,"€ 1,59,576.75",0.00%
714,France,Male,37,9,"€ 1,48,466.93",2,0,1,"€ 1,51,280.96",22.22%
707,France,Male,29,4, € -   ,2,1,0,"€ 1,39,953.94",0.00%
577,France,Female,35,4,"€ 1,08,155.49",1,1,0,"€ 1,05,407.79",0.00%
633,France,Female,42,1, € -   ,2,1,0,"€ 56,865.62",0.00%
849,Germany,Male,41,10,"€ 84,622.13",1,1,1,"€ 1,98,072.16",10.00%
614,Spain,Female,41,7,"€ 1,46,997.64",2,0,0,"€ 1,37,791.18",0.00%
558,France,Female,47,9, € -   ,2,1,0,"€ 1,03,787.28",0.00%
832,France,Female,27,10,"€ 98,590.25",1,1,0,"€ 30,912.89",0.00%
567,France,Female,26,2, € -   ,2,1,1,"€ 78,651.55",100.00%
587,Germany,Female,45,8,"€ 1,34,980.74",1,1,1,"€ 1,23,309.57",12.50%
712,Spain,Female,79,5,"€ 1,08,078.56",1,1,1,"€ 1,74,118.93",20.00%
655,Spain,Female,29,9, € -   ,2,0,1,"€ 85,736.26",22.22%
641,France,Female,42,6, € -   ,2,0,0,"€ 1,21,138.77",0.00%
676,France,Male,35,5,"€ 1,06,836.67",2,1,0,"€ 84,199.78",0.00%
472,France,Male,29,8,"€ 1,02,490.27",1,0,1,"€ 1,81,224.56",12.50%
644,Germany,Male,34,9,"€ 1,12,746.54",2,0,0,"€ 1,41,230.07",0.00%
598,France,Male,38,0,"€ 1,25,487.89",1,0,0,"€ 1,58,111.71",0.00%
792,Spain,Male,25,8,"€ 1,42,862.21",1,1,1,"€ 1,30,639.01",12.50%
700,France,Female,37,7, € -   ,2,1,0,"€ 17,040.82",0.00%
616,France,Male,34,10, € -   ,2,1,0,"€ 25,662.27",0.00%
743,Spain,Male,35,6,"€ 79,388.33",1,1,1,"€ 1,93,360.69",16.67%
427,France,Male,37,5, € -   ,2,1,1,"€ 1,21,485.10",40.00%
731,France,Male,29,10, € -   ,2,1,1,"€ 1,62,452.65",20.00%
610,France,Female,31,6,"€ 1,07,784.65",1,1,1,"€ 1,41,137.53",16.67%
724,Spain,Female,41,4,"€ 1,42,880.28",3,0,0,"€ 1,85,541.20",0.00%
653,Spain,Female,38,9,"€ 1,49,571.94",1,1,0,"€ 1,18,383.18",0.00%
774,France,Male,49,1,"€ 1,42,767.39",1,1,1,"€ 8,214.41",100.00%
547,Germany,Male,49,8,"€ 1,21,537.71",2,1,0,"€ 46,521.45",0.00%
719,Spain,Male,50,2, € -   ,2,0,0,"€ 10,772.13",0.00%
740,Spain,Male,43,9, € -   ,1,1,0,"€ 1,99,290.68",0.00%
543,France,Male,42,4,"€ 89,838.71",3,1,0,"€ 85,983.54",0.00%
688,Germany,Male,45,9,"€ 1,03,399.87",1,0,0,"€ 1,29,870.93",0.00%
474,France,Female,30,9, € -   ,2,0,0,"€ 63,158.22",0.00%
505,Germany,Male,43,5,"€ 1,36,855.94",2,1,0,"€ 1,71,070.52",0.00%
688,France,Female,39,0, € -   ,2,1,0,"€ 53,222.15",0.00%
650,Germany,Female,55,2,"€ 1,40,891.46",3,1,1,"€ 1,79,834.45",150.00%
610,France,Male,37,0, € -   ,1,1,0,"€ 1,14,514.64",0.00%
705,Spain,Female,46,5,"€ 89,364.91",1,0,1,"€ 1,39,162.15",20.00%
669,France,Female,29,7,"€ 1,46,011.40",1,0,0,"€ 50,249.16",0.00%
650,Spain,Male,20,8, € -   ,2,1,1,"€ 1,13,469.65",25.00%
550,Germany,Male,29,9,"€ 1,45,294.08",2,1,0,"€ 1,47,484.13",0.00%
595,Germany,Female,45,9,"€ 1,06,000.12",1,0,0,"€ 1,91,448.96",0.00%
572,Spain,Female,26,5, € -   ,2,1,0,"€ 1,19,381.41",0.00%
622,Spain,Female,58,2, € -   ,2,1,1,"€ 33,277.31",100.00%
662,Spain,Male,20,9,"€ 1,04,508.77",2,0,0,"€ 73,107.53",0.00%
783,Germany,Female,58,3,"€ 1,27,539.30",1,1,1,"€ 96,590.39",33.33%
714,Spain,Male,44,7, € -   ,1,0,1,"€ 6,923.11",14.29%
671,Germany,Male,51,3,"€ 96,891.46",1,1,0,"€ 1,76,403.33",0.00%
600,France,Female,32,1,"€ 78,535.25",1,1,0,"€ 64,349.60",0.00%
847,Spain,Female,37,9,"€ 1,12,712.17",1,1,0,"€ 1,16,097.26",0.00%
650,Spain,Male,55,9,"€ 1,19,618.42",1,1,1,"€ 29,861.13",11.11%
710,Spain,Female,28,6, € -   ,1,1,0,"€ 48,426.98",0.00%
682,France,Female,33,8,"€ 74,963.50",1,1,1,"€ 32,770.56",12.50%
642,France,Male,26,1,"€ 1,38,023.79",2,0,1,"€ 1,17,060.20",200.00%
536,Spain,Female,28,4, € -   ,1,1,1,"€ 1,36,197.65",25.00%
754,France,Female,47,1,"€ 1,85,513.67",1,1,0,"€ 27,438.83",0.00%
678,France,Male,60,8,"€ 1,85,648.56",1,0,0,"€ 1,92,156.54",0.00%
533,Germany,Female,49,1,"€ 1,02,286.60",3,1,0,"€ 69,409.37",0.00%
741,Germany,Male,38,4,"€ 1,28,015.83",1,1,0,"€ 58,440.43",0.00%
757,France,Male,31,10,"€ 39,539.39",2,0,0,"€ 1,92,519.39",0.00%
721,France,Male,40,3, € -   ,1,1,1,"€ 1,44,874.67",33.33%
700,France,Male,37,3,"€ 77,608.46",2,1,1,"€ 1,75,373.46",66.67%
663,France,Male,26,5,"€ 1,41,462.13",1,1,0,€ 440.20,0.00%
677,Spain,Female,35,0, € -   ,2,0,0,"€ 76,637.38",0.00%
655,France,Male,27,2,"€ 1,31,691.33",1,1,0,"€ 49,480.66",0.00%
832,Spain,Male,29,8,"€ 93,833.86",1,0,1,"€ 10,417.87",12.50%
721,Spain,Female,46,7,"€ 1,37,933.39",1,1,1,"€ 67,976.57",14.29%
542,Spain,Male,54,8,"€ 1,05,770.14",1,0,1,"€ 1,40,929.98",12.50%
654,Spain,Female,54,5, € -   ,2,0,1,"€ 47,139.06",40.00%
821,Spain,Female,38,8, € -   ,2,0,1,"€ 1,26,241.40",25.00%
508,France,Female,38,3,"€ 1,66,328.65",2,0,1,"€ 22,614.19",66.67%
588,Germany,Female,42,2,"€ 1,64,307.77",1,1,0,"€ 48,498.19",0.00%
691,Germany,Male,38,9,"€ 1,63,965.69",2,0,1,"€ 1,03,511.26",22.22%
664,France,Male,40,7,"€ 1,25,608.72",1,1,0,"€ 1,22,073.48",0.00%
439,France,Female,66,9, € -   ,1,1,0,"€ 65,535.56",0.00%
479,Spain,Male,37,6,"€ 1,18,433.94",1,0,1,"€ 1,60,060.90",16.67%
850,France,Female,55,10,"€ 98,488.08",1,1,0,"€ 1,55,879.57",0.00%
518,France,Male,40,4, € -   ,2,0,1,"€ 1,94,416.58",50.00%
717,Germany,Female,64,10,"€ 98,362.35",2,1,1,"€ 21,630.21",20.00%
698,France,Female,51,6,"€ 1,44,237.91",4,1,0,"€ 1,57,143.61",0.00%
850,France,Male,34,6, € -   ,1,0,1,"€ 52,796.31",16.67%
700,Spain,Male,47,4, € -   ,1,1,0,"€ 1,21,798.52",0.00%
626,France,Female,29,4,"€ 1,05,767.28",2,0,0,"€ 41,104.82",0.00%
774,Spain,Male,32,9, € -   ,2,1,0,"€ 10,604.48",0.00%
719,Spain,Female,48,5, € -   ,2,0,0,"€ 78,563.66",0.00%
646,Spain,Male,31,2, € -   ,1,1,1,"€ 1,70,821.43",50.00%
485,France,Female,25,3,"€ 1,34,467.26",1,1,1,"€ 1,13,266.09",33.33%
784,Germany,Male,38,1,"€ 1,38,515.02",1,1,1,"€ 1,71,768.76",100.00%
850,Germany,Male,32,2,"€ 1,28,647.98",2,0,0,"€ 54,416.18",0.00%
669,France,Female,38,9,"€ 1,21,858.98",1,1,0,"€ 1,30,755.34",0.00%
731,Spain,Male,70,3, € -   ,2,1,1,"€ 1,41,180.66",66.67%
721,France,Female,49,1,"€ 1,20,108.56",1,0,1,"€ 1,83,421.76",100.00%
515,France,Female,37,0,"€ 1,96,853.62",1,1,1,"€ 1,32,770.11",100.00%
774,France,Female,35,3,"€ 1,21,418.62",1,1,1,"€ 24,400.37",33.33%
585,Spain,Male,36,10, € -   ,2,1,1,"€ 1,80,318.60",20.00%
695,France,Female,29,9, € -   ,2,1,0,"€ 1,11,565.45",0.00%
729,Germany,Female,42,4,"€ 97,495.80",2,0,0,"€ 2,002.50",0.00%
713,France,Female,42,3, € -   ,2,0,0,"€ 82,565.01",0.00%
555,Spain,Male,33,5,"€ 1,27,343.40",1,0,1,"€ 1,21,789.30",20.00%
699,Spain,Female,50,0,"€ 1,58,633.61",1,1,0,"€ 1,93,785.87",0.00%
587,France,Male,55,9, € -   ,1,1,0,"€ 64,593.07",0.00%
762,Spain,Female,69,9,"€ 1,83,744.98",1,1,1,"€ 1,96,993.69",11.11%
510,France,Male,44,6, € -   ,2,1,1,"€ 1,75,518.31",33.33%
842,Spain,Male,46,9, € -   ,1,0,0,"€ 17,268.02",0.00%
608,France,Male,31,7,"€ 79,962.92",2,1,0,"€ 60,901.72",0.00%
850,France,Female,36,10, € -   ,2,1,1,"€ 1,00,750.03",20.00%
642,France,Male,36,4, € -   ,2,1,1,"€ 1,95,224.91",50.00%
850,France,Male,33,7,"€ 1,40,956.99",1,0,0,"€ 3,510.18",0.00%
455,Spain,Female,43,6, € -   ,1,1,1,"€ 81,250.79",16.67%
726,France,Male,29,7, € -   ,2,1,1,"€ 91,844.14",28.57%
544,Spain,Male,30,8,"€ 1,45,241.63",1,1,1,"€ 80,676.83",12.50%
651,Germany,Male,31,7,"€ 1,38,008.06",2,1,0,"€ 1,29,912.74",0.00%
814,France,Female,31,4, € -   ,2,1,1,"€ 1,42,029.17",50.00%
537,France,Male,39,2, € -   ,2,1,1,"€ 1,37,651.60",100.00%
553,France,Male,37,2, € -   ,2,1,0,"€ 33,877.29",0.00%
800,Spain,Male,38,9, € -   ,1,1,0,"€ 78,744.39",0.00%
791,France,Male,34,7, € -   ,2,1,0,"€ 96,734.46",0.00%
699,Spain,Female,29,9,"€ 1,27,570.93",2,1,0,"€ 1,64,756.81",0.00%
756,France,Female,28,6, € -   ,1,1,1,"€ 1,64,394.65",16.67%
591,Spain,Female,27,5,"€ 1,07,812.67",1,0,1,"€ 1,62,501.83",20.00%
850,Germany,Male,22,7,"€ 91,560.58",2,0,0,"€ 10,541.38",0.00%
760,Germany,Male,34,6,"€ 1,21,303.77",2,1,1,"€ 59,325.21",33.33%
569,Spain,Male,43,8,"€ 1,61,546.68",2,0,1,"€ 1,78,187.28",25.00%
661,Spain,Female,35,5,"€ 1,28,415.45",1,1,0,"€ 1,42,626.49",0.00%
670,France,Female,31,2,"€ 57,530.06",1,1,1,"€ 1,81,893.31",50.00%
694,France,Male,38,1, € -   ,2,0,1,"€ 1,56,858.20",200.00%
728,France,Female,28,4,"€ 1,42,243.54",2,1,0,"€ 33,074.51",0.00%
764,Germany,Female,39,9,"€ 1,38,341.51",1,1,0,"€ 50,072.94",0.00%
639,France,Male,32,9, € -   ,2,1,0,"€ 1,11,340.36",0.00%
683,France,Female,30,2, € -   ,2,0,1,"€ 1,00,496.84",100.00%
663,Spain,Male,30,4, € -   ,3,1,0,"€ 1,01,371.05",0.00%
826,Spain,Male,41,5,"€ 1,46,466.46",2,0,0,"€ 1,80,934.67",0.00%
735,Spain,Male,36,5, € -   ,2,1,0,"€ 1,05,152.17",0.00%
682,France,Female,58,1, € -   ,1,1,1,€ 706.50,100.00%
663,France,Female,39,8, € -   ,2,1,1,"€ 1,01,168.90",25.00%
562,Spain,Female,29,9,"€ 1,20,307.58",1,1,1,"€ 6,795.61",11.11%
696,France,Male,27,4,"€ 87,637.26",2,0,0,"€ 1,96,111.35",0.00%
850,Spain,Male,38,2,"€ 94,652.04",1,1,1,"€ 1,71,960.76",50.00%
719,France,Female,22,7,"€ 1,14,415.84",1,1,1,"€ 1,77,497.40",14.29%
804,France,Female,71,8, € -   ,2,0,1,"€ 1,47,995.96",25.00%
604,France,Male,40,1,"€ 84,315.02",1,0,0,"€ 36,209.10",0.00%
782,Spain,Female,27,3, € -   ,2,1,0,"€ 1,43,614.01",0.00%
512,Germany,Male,42,9,"€ 93,955.83",2,1,0,"€ 14,828.54",0.00%
569,France,Male,36,1,"€ 67,087.69",1,1,0,"€ 1,54,775.70",0.00%
597,Germany,Female,22,6,"€ 1,01,528.61",1,1,0,"€ 70,529.00",0.00%
753,Germany,Male,30,1,"€ 1,10,824.52",1,1,1,"€ 57,896.27",100.00%
430,France,Female,33,8, € -   ,1,1,1,"€ 69,759.91",12.50%
756,France,Male,28,8,"€ 1,79,960.20",1,1,0,"€ 89,938.08",0.00%
493,France,Male,38,3,"€ 1,34,006.77",1,1,0,"€ 89,578.32",0.00%
777,Germany,Female,37,10,"€ 1,21,532.17",2,1,1,"€ 73,464.88",20.00%
779,Spain,Female,38,7, € -   ,2,1,1,"€ 1,38,542.87",28.57%
702,Spain,Female,38,2, € -   ,1,1,1,"€ 1,61,888.63",50.00%
551,France,Male,35,7,"€ 1,29,717.30",2,0,0,"€ 86,937.20",0.00%
749,Germany,Male,22,4,"€ 94,762.16",2,1,1,"€ 42,241.54",50.00%
742,Germany,Male,55,5,"€ 1,55,196.17",1,0,1,"€ 1,21,207.66",20.00%
752,Germany,Male,29,4,"€ 1,29,514.99",1,1,1,"€ 1,02,930.46",25.00%
740,Germany,Female,57,3,"€ 1,13,386.36",2,1,1,"€ 65,121.63",66.67%
576,France,Male,24,3, € -   ,1,0,1,"€ 78,498.04",33.33%
637,Spain,Male,43,3,"€ 1,72,196.23",1,1,1,"€ 1,04,769.96",33.33%
724,France,Male,28,5,"€ 97,612.12",1,1,1,"€ 96,498.14",20.00%
685,France,Male,20,4,"€ 1,04,719.94",2,1,0,"€ 38,691.34",0.00%
625,France,Female,38,7, € -   ,1,1,0,"€ 1,64,804.02",0.00%
571,Germany,Male,37,9,"€ 1,39,592.98",3,1,0,"€ 1,04,152.65",0.00%
584,Spain,Female,29,4, € -   ,2,1,0,"€ 88,866.92",0.00%
550,France,Female,22,7,"€ 1,39,096.85",1,1,0,"€ 1,29,890.94",0.00%
662,Spain,Female,72,7,"€ 1,40,301.72",1,0,1,"€ 1,79,258.67",14.29%
803,Spain,Male,43,3, € -   ,1,1,0,"€ 72,051.44",0.00%
615,France,Male,66,7, € -   ,2,1,1,"€ 74,580.80",28.57%
481,Spain,Male,39,1,"€ 1,11,233.09",1,1,1,"€ 1,23,995.15",100.00%
701,France,Male,23,3, € -   ,2,1,0,"€ 38,960.59",0.00%
751,France,Male,29,10,"€ 1,47,737.63",1,0,1,"€ 94,951.27",10.00%
675,France,Male,35,8, € -   ,2,1,1,"€ 56,642.97",25.00%
733,Germany,Male,40,5,"€ 1,25,725.02",2,1,1,"€ 50,783.10",40.00%
822,France,Male,38,6,"€ 1,28,289.70",3,1,0,"€ 9,149.96",0.00%
559,France,Female,46,5, € -   ,1,1,0,"€ 21,006.10",0.00%
731,Germany,Female,49,4,"€ 88,826.07",1,1,1,"€ 33,759.41",25.00%
678,France,Female,41,1,"€ 1,43,443.61",1,1,0,"€ 1,96,622.28",0.00%
645,France,Female,68,9, € -   ,4,1,1,"€ 1,76,353.87",44.44%
701,France,Male,29,2, € -   ,2,1,0,"€ 1,76,943.59",0.00%
554,Spain,Male,26,8,"€ 1,49,134.46",1,1,1,"€ 1,77,966.24",12.50%
723,France,Male,30,3,"€ 1,24,119.54",1,1,0,"€ 1,62,198.32",0.00%
766,Germany,Male,44,3,"€ 1,16,822.70",1,0,0,"€ 1,97,643.24",0.00%
597,France,Female,24,1,"€ 1,03,219.47",1,1,0,"€ 60,420.07",0.00%
574,France,Male,41,1, € -   ,2,0,0,"€ 70,550.00",0.00%
655,Germany,Female,40,0,"€ 81,954.60",1,1,1,"€ 1,98,798.44",100.00%
780,Germany,Female,37,10,"€ 95,196.26",1,1,0,"€ 1,26,310.39",0.00%
672,Spain,Male,43,5, € -   ,2,1,1,"€ 64,515.50",40.00%
717,France,Male,38,7, € -   ,2,1,1,"€ 1,58,580.05",28.57%
521,France,Female,32,2,"€ 1,36,555.01",2,1,1,"€ 1,29,353.21",100.00%
633,France,Male,59,5, € -   ,1,1,1,"€ 1,37,273.97",20.00%
669,France,Male,39,3,"€ 1,19,452.03",1,1,1,"€ 1,71,575.54",33.33%
740,France,Male,44,9, € -   ,1,0,1,"€ 96,528.00",11.11%
462,Germany,Female,24,9,"€ 69,881.09",2,0,1,"€ 64,421.02",22.22%
619,France,Male,39,5, € -   ,2,1,1,"€ 1,58,444.61",40.00%
665,France,Female,44,7, € -   ,2,1,1,"€ 66,548.58",28.57%
655,Spain,Female,27,9, € -   ,2,0,0,"€ 1,08,008.05",0.00%
463,Spain,Male,20,8,"€ 2,04,223.03",1,1,0,"€ 1,28,268.39",0.00%
799,France,Female,63,1,"€ 1,10,314.21",2,1,0,"€ 37,464.00",0.00%
713,Spain,Female,48,1,"€ 1,63,760.82",1,0,0,"€ 1,57,381.14",0.00%
807,Germany,Female,31,1,"€ 1,41,069.18",3,1,1,"€ 1,94,257.11",300.00%
728,France,Male,38,1,"€ 1,15,934.74",1,1,1,"€ 1,39,059.05",100.00%
582,France,Male,52,2,"€ 1,51,457.88",1,0,1,"€ 40,893.61",50.00%
704,Germany,Female,35,3,"€ 1,54,206.07",2,1,1,"€ 40,261.49",66.67%
714,France,Female,26,9,"€ 89,928.99",1,1,0,"€ 46,203.31",0.00%
628,France,Male,30,8,"€ 89,182.09",1,1,1,"€ 13,126.90",12.50%
809,Germany,Male,41,1,"€ 79,706.25",2,1,0,"€ 1,65,675.01",0.00%
547,Spain,Female,44,5, € -   ,3,0,0,"€ 5,459.07",0.00%
560,France,Female,27,5, € -   ,2,1,0,"€ 1,31,919.48",0.00%
811,France,Male,31,7,"€ 1,17,799.28",1,1,1,"€ 1,82,372.35",14.29%
584,France,Male,26,4, € -   ,2,1,0,"€ 1,47,600.54",0.00%
691,France,Male,28,1, € -   ,2,0,0,"€ 92,865.41",0.00%
680,Germany,Male,34,6,"€ 1,46,422.22",1,1,0,"€ 67,142.97",0.00%
588,Germany,Male,33,9,"€ 1,50,186.22",2,1,1,"€ 65,611.01",22.22%
721,Germany,Male,40,6,"€ 1,00,275.88",1,1,0,"€ 1,38,564.48",0.00%
850,France,Male,47,6, € -   ,1,1,0,"€ 1,87,391.02",0.00%
529,France,Male,32,9,"€ 1,47,493.89",1,1,0,"€ 33,656.35",0.00%
622,France,Male,43,8, € -   ,2,1,0,"€ 1,00,618.17",0.00%
683,France,Female,42,8, € -   ,2,0,1,"€ 1,98,134.90",25.00%
575,France,Male,29,4,"€ 1,21,823.40",2,1,1,"€ 50,368.87",50.00%
577,Spain,Female,40,1, € -   ,2,1,1,"€ 1,08,787.00",200.00%
510,Germany,Male,31,0,"€ 1,13,688.63",1,1,0,"€ 33,099.41",0.00%
652,Spain,Female,40,7,"€ 1,00,471.34",1,1,1,"€ 1,24,550.88",14.29%
569,Germany,Female,28,3,"€ 1,00,032.52",1,1,0,"€ 5,159.21",0.00%
687,Spain,Male,31,3, € -   ,2,0,0,"€ 48,228.10",0.00%
822,France,Male,32,8,"€ 1,16,358.00",1,1,0,"€ 1,08,798.36",0.00%
656,Germany,Female,23,4,"€ 1,63,549.63",1,0,1,"€ 21,085.12",25.00%
745,Germany,Male,51,3,"€ 99,183.90",1,1,1,"€ 28,922.25",33.33%
386,Spain,Female,53,1,"€ 1,31,955.07",1,1,1,"€ 62,514.65",100.00%
684,Spain,Female,41,1,"€ 1,34,177.06",1,0,0,"€ 1,77,506.66",0.00%
635,Spain,Female,38,1, € -   ,2,1,0,"€ 90,605.05",0.00%
582,France,Male,30,2, € -   ,2,1,1,"€ 1,32,029.95",100.00%
613,Spain,Male,19,5, € -   ,1,1,1,"€ 1,76,903.35",20.00%
795,Germany,Female,56,9,"€ 94,348.94",1,1,0,"€ 29,239.29",0.00%
659,France,Female,32,2,"€ 1,55,584.21",1,0,1,"€ 1,53,662.88",50.00%
745,France,Female,28,6, € -   ,2,1,0,"€ 1,54,389.18",0.00%
604,Spain,Female,41,10, € -   ,2,1,1,"€ 1,66,224.39",20.00%
509,Germany,Male,32,9,"€ 1,70,661.47",1,1,1,"€ 21,646.20",11.11%
706,Germany,Female,29,6,"€ 1,85,544.36",1,1,0,"€ 1,71,037.63",0.00%
619,Spain,Female,44,6,"€ 52,831.13",1,1,1,"€ 1,12,649.22",16.67%
572,Germany,Male,51,8,"€ 97,750.07",3,1,1,"€ 1,93,014.26",37.50%
695,France,Male,36,6,"€ 1,14,007.50",2,1,0,"€ 1,18,120.88",0.00%
543,France,Female,71,1,"€ 1,04,308.77",1,1,1,"€ 25,650.04",100.00%
640,France,Female,33,6,"€ 84,719.13",2,1,1,"€ 1,13,048.79",33.33%
672,France,Male,39,2, € -   ,2,1,0,"€ 87,372.49",0.00%
701,France,Male,39,9,"€ 1,40,236.98",1,0,1,"€ 1,46,651.99",11.11%
634,Spain,Male,25,9, € -   ,2,1,1,"€ 8,227.91",22.22%
531,Spain,Female,42,6,"€ 75,302.85",2,0,0,"€ 57,034.35",0.00%
699,France,Male,27,1, € -   ,2,1,0,"€ 93,003.21",0.00%
605,France,Female,51,9,"€ 1,04,760.82",1,1,1,"€ 1,65,574.54",11.11%
534,France,Female,49,7, € -   ,1,1,0,"€ 13,566.48",0.00%
449,Spain,Female,31,1,"€ 1,13,693.00",1,0,0,"€ 82,796.29",0.00%
684,Spain,Female,36,5,"€ 1,74,180.39",1,1,0,"€ 1,19,830.08",0.00%
622,Germany,Male,42,9,"€ 1,15,766.26",1,0,0,"€ 72,155.85",0.00%
714,France,Female,40,0, € -   ,2,1,0,"€ 62,762.12",0.00%
712,Spain,Female,48,8, € -   ,2,1,0,"€ 1,83,235.33",0.00%
783,France,Female,72,5,"€ 1,21,215.90",2,1,1,"€ 1,05,206.48",40.00%
743,Germany,Male,45,10,"€ 1,44,677.19",3,1,0,"€ 22,512.44",0.00%
683,France,Male,36,5,"€ 1,15,350.63",1,1,1,"€ 1,22,305.91",20.00%
654,Spain,Male,40,5,"€ 1,05,683.63",1,1,0,"€ 1,73,617.09",0.00%
700,France,Male,37,1,"€ 1,35,179.49",1,1,0,"€ 1,60,670.37",0.00%
744,Spain,Male,31,0,"€ 1,17,551.23",1,1,0,"€ 1,58,958.90",0.00%
645,Germany,Male,25,1,"€ 1,57,404.02",2,1,0,"€ 93,073.04",0.00%
525,Spain,Male,36,3,"€ 77,910.23",1,1,0,"€ 67,238.01",0.00%
732,France,Male,25,0,"€ 1,10,942.90",1,0,0,"€ 1,72,576.56",0.00%
721,France,Female,40,7, € -   ,2,1,1,"€ 1,22,580.48",28.57%
622,France,Male,32,5,"€ 1,79,305.09",1,1,1,"€ 1,49,043.78",20.00%
654,Germany,Male,31,5,"€ 1,50,593.59",2,1,1,"€ 1,05,218.45",40.00%
529,France,Female,43,0,"€ 1,23,815.86",1,1,1,"€ 78,463.99",100.00%
720,Spain,Female,59,6, € -   ,2,1,1,"€ 1,60,849.43",33.33%
850,Germany,Female,25,8,"€ 69,385.17",2,1,0,"€ 87,834.24",0.00%
667,Germany,Male,27,2,"€ 1,38,032.15",1,1,0,"€ 1,66,317.71",0.00%
620,France,Male,41,3, € -   ,2,1,1,"€ 1,37,309.06",66.67%
616,France,Male,29,9, € -   ,1,1,1,"€ 1,66,984.44",11.11%
637,Germany,Female,46,2,"€ 1,43,500.82",1,1,0,"€ 1,66,996.46",0.00%
710,Spain,Female,29,3,"€ 1,19,670.18",1,1,0,"€ 1,88,022.44",0.00%
717,Spain,Male,33,1,"€ 99,106.73",1,0,0,"€ 1,94,467.23",0.00%
786,Germany,Male,24,2,"€ 1,20,135.55",2,1,1,"€ 1,25,449.47",100.00%
651,France,Female,39,8, € -   ,1,1,0,"€ 1,37,452.57",0.00%
530,France,Female,55,4,"€ 1,20,905.03",1,0,1,"€ 1,23,475.88",25.00%
815,Spain,Female,57,5, € -   ,3,0,0,"€ 38,941.44",0.00%
715,Germany,Female,34,9,"€ 1,02,277.52",1,0,0,"€ 1,77,852.57",0.00%
496,Germany,Female,55,4,"€ 1,25,292.53",1,1,1,"€ 31,532.96",25.00%
680,Spain,Male,42,0, € -   ,1,1,0,"€ 1,36,377.21",0.00%
646,France,Female,51,4,"€ 1,01,629.30",1,0,0,"€ 1,30,541.10",0.00%
807,Germany,Male,47,1,"€ 1,71,937.27",1,1,1,"€ 65,636.92",100.00%
727,France,Male,47,7, € -   ,2,1,0,"€ 1,93,305.35",0.00%
787,France,Male,25,5, € -   ,2,1,0,"€ 47,307.90",0.00%
806,France,Male,34,6, € -   ,2,0,0,"€ 1,00,809.99",0.00%
603,France,Male,31,1,"€ 1,29,743.75",1,1,0,"€ 1,09,145.20",0.00%
649,Spain,Male,32,1, € -   ,1,0,1,"€ 91,167.19",100.00%
547,Germany,Male,41,3,"€ 1,51,191.31",1,1,0,"€ 1,75,295.89",0.00%
684,Germany,Male,32,3,"€ 1,02,630.13",2,1,1,"€ 1,27,433.47",66.67%
477,France,Female,57,9,"€ 1,14,023.64",2,1,1,"€ 71,167.17",22.22%
558,Germany,Male,41,2,"€ 1,24,227.14",1,1,1,"€ 1,11,184.67",50.00%
695,France,Female,23,1, € -   ,2,1,1,"€ 1,41,756.32",200.00%
592,Spain,Male,35,6,"€ 80,285.16",1,1,0,"€ 72,678.75",0.00%
789,France,Male,31,4,"€ 1,75,477.15",1,1,1,"€ 1,72,832.90",25.00%
597,France,Female,29,1,"€ 1,32,144.35",1,1,0,"€ 1,58,086.33",0.00%
839,Germany,Male,47,2,"€ 1,36,911.07",1,1,1,"€ 1,68,184.62",50.00%
405,Germany,Male,31,5,"€ 1,33,299.67",2,1,1,"€ 72,950.14",40.00%
658,France,Male,39,7, € -   ,2,1,0,"€ 48,378.40",0.00%
684,Germany,Male,42,1,"€ 1,17,691.00",1,1,1,"€ 23,135.65",100.00%
633,France,Male,35,10, € -   ,2,1,0,"€ 65,675.47",0.00%
589,France,Male,46,9, € -   ,2,1,0,"€ 1,70,676.67",0.00%
750,Germany,Female,37,1,"€ 1,33,199.71",2,1,1,"€ 27,366.77",200.00%
771,Spain,Male,51,5,"€ 1,35,506.58",3,1,1,"€ 1,52,479.64",60.00%
812,Germany,Male,33,2,"€ 1,27,154.14",2,0,1,"€ 1,05,383.49",100.00%
539,Spain,Male,39,2, € -   ,2,1,1,"€ 48,189.94",100.00%
670,Germany,Female,42,5,"€ 49,508.79",3,1,1,"€ 1,00,324.01",60.00%
673,France,Male,41,5, € -   ,1,1,1,"€ 65,657.29",20.00%
538,France,Female,62,3,"€ 75,051.49",1,0,0,"€ 17,682.02",0.00%
575,Spain,Male,52,8,"€ 1,23,925.23",1,0,0,"€ 1,11,342.66",0.00%
682,France,Male,41,6, € -   ,2,0,1,"€ 1,34,158.09",33.33%
712,France,Male,33,3,"€ 1,53,819.58",1,1,0,"€ 79,176.09",0.00%
598,Spain,Female,39,5, € -   ,2,1,1,"€ 83,103.46",40.00%
776,Spain,Male,30,6, € -   ,2,0,1,"€ 63,908.86",33.33%
606,Spain,Female,23,10,"€ 70,417.79",1,0,1,"€ 90,896.04",10.00%
686,Spain,Male,38,7,"€ 1,11,484.88",1,1,1,"€ 76,076.20",14.29%
850,Spain,Male,38,1,"€ 1,46,343.98",1,0,1,"€ 1,03,902.11",100.00%
642,France,Male,72,1,"€ 1,60,541.00",2,1,1,"€ 1,42,223.94",200.00%
606,Germany,Male,27,2,"€ 1,30,274.26",2,1,0,"€ 1,47,533.09",0.00%
627,France,Female,21,7,"€ 98,993.02",1,1,1,"€ 1,69,156.64",14.29%
850,Spain,Male,36,0, € -   ,2,1,0,"€ 1,41,242.57",0.00%
850,Germany,Male,32,9,"€ 1,41,827.33",2,1,1,"€ 1,49,458.73",22.22%
724,France,Female,40,6,"€ 1,10,054.45",1,1,1,"€ 86,950.72",16.67%
579,France,Male,28,4, € -   ,2,1,1,"€ 1,76,925.69",50.00%
727,Spain,Male,28,1, € -   ,1,1,0,"€ 40,357.39",0.00%
813,Germany,Female,36,6,"€ 98,088.09",1,0,1,"€ 26,687.22",16.67%
642,France,Male,48,9,"€ 1,18,317.27",4,0,0,"€ 78,702.98",0.00%
669,Spain,Male,22,10, € -   ,2,1,0,"€ 1,76,163.74",0.00%
574,Germany,Male,54,1,"€ 99,774.50",1,0,0,"€ 4,896.11",0.00%
774,France,Female,32,4, € -   ,2,0,0,"€ 1,14,899.13",0.00%
735,France,Female,38,1, € -   ,3,0,0,"€ 92,220.12",0.00%
639,Spain,Female,27,8,"€ 1,33,806.54",2,1,0,"€ 6,251.30",0.00%
738,Spain,Male,44,2, € -   ,2,1,0,"€ 43,018.82",0.00%
835,France,Male,32,8,"€ 1,24,993.29",2,1,1,"€ 27,548.06",25.00%
637,Spain,Female,44,0,"€ 1,57,622.58",1,1,1,"€ 1,20,454.20",100.00%
589,Germany,Male,48,5,"€ 1,26,111.61",1,0,1,"€ 1,33,961.19",20.00%
591,France,Male,42,9,"€ 1,61,651.37",2,1,1,"€ 1,31,753.97",22.22%
723,France,Female,40,7,"€ 1,42,856.95",2,0,0,"€ 38,019.74",0.00%
831,Germany,Male,44,3,"€ 1,11,100.98",1,1,1,"€ 28,144.07",33.33%
733,Spain,Male,35,8,"€ 1,02,918.38",1,1,1,"€ 45,959.86",12.50%
731,France,Female,30,5, € -   ,2,1,0,"€ 1,89,528.72",0.00%
654,France,Male,47,10, € -   ,2,1,0,"€ 1,70,481.98",0.00%
828,France,Male,37,4, € -   ,2,1,0,"€ 94,845.45",0.00%
590,Spain,Male,22,7,"€ 1,25,265.61",1,1,1,"€ 1,61,253.08",14.29%
657,France,Male,37,4,"€ 82,500.28",1,1,1,"€ 1,15,260.72",25.00%
531,Germany,Female,64,2,"€ 1,75,754.87",2,1,1,"€ 60,721.40",100.00%
516,France,Female,47,6,"€ 1,09,387.33",1,0,0,"€ 1,21,365.45",0.00%
561,France,Male,37,1,"€ 1,00,443.36",2,0,1,"€ 1,01,693.73",200.00%
682,Spain,Female,54,0,"€ 83,102.72",2,1,1,"€ 54,132.93",200.00%
575,Spain,Male,28,7, € -   ,1,1,1,"€ 10,666.05",14.29%
623,France,Female,28,4, € -   ,2,1,0,"€ 41,227.67",0.00%
642,France,Female,40,7, € -   ,2,1,0,"€ 10,712.82",0.00%
779,France,Female,48,2,"€ 1,15,290.27",1,0,0,"€ 98,912.69",0.00%
671,France,Female,42,6, € -   ,2,1,0,"€ 1,97,202.48",0.00%
495,France,Female,40,1,"€ 1,40,197.71",2,1,0,"€ 1,50,720.39",0.00%
850,France,Female,28,1,"€ 1,05,245.34",1,0,1,"€ 74,780.13",100.00%
630,France,Male,50,8, € -   ,2,0,1,"€ 79,377.45",25.00%
588,France,Male,32,1, € -   ,2,1,1,"€ 8,763.87",200.00%
562,Germany,Male,35,3,"€ 1,42,296.13",1,0,1,"€ 1,77,112.70",33.33%
740,Spain,Female,56,4,"€ 99,097.33",1,1,1,"€ 85,016.64",25.00%
695,France,Male,28,5,"€ 1,71,069.39",2,1,1,"€ 88,689.40",40.00%
589,France,Female,39,7, € -   ,2,0,0,"€ 95,985.64",0.00%
607,France,Female,31,1,"€ 1,02,523.88",1,1,1,"€ 1,66,792.71",100.00%
794,France,Male,35,6, € -   ,2,1,1,"€ 68,730.91",33.33%
580,Germany,Male,44,9,"€ 1,43,391.07",1,0,0,"€ 1,46,891.07",0.00%
644,Germany,Female,44,8,"€ 1,06,022.73",2,0,0,"€ 1,48,727.42",0.00%
636,Spain,Female,36,1, € -   ,1,1,0,"€ 43,134.58",0.00%
599,Germany,Male,36,3,"€ 1,28,960.21",2,1,1,"€ 40,318.33",66.67%
507,France,Female,35,2, € -   ,2,1,0,"€ 97,633.93",0.00%
682,France,Female,48,7, € -   ,2,1,0,"€ 65,069.03",0.00%
714,France,Female,24,7, € -   ,2,1,0,"€ 1,66,335.00",0.00%
696,France,Female,25,8,"€ 1,26,442.59",1,1,0,"€ 1,21,904.44",0.00%
599,Spain,Male,51,0, € -   ,1,1,1,"€ 1,75,235.99",100.00%
577,France,Male,37,2,"€ 1,27,261.35",1,1,0,"€ 56,185.05",0.00%
733,Spain,Female,32,5, € -   ,2,1,0,"€ 1,31,625.14",0.00%
647,France,Female,33,4, € -   ,1,1,0,"€ 1,52,323.04",0.00%
831,France,Female,34,2, € -   ,2,0,0,"€ 1,65,840.94",0.00%
543,Germany,Male,30,6,"€ 73,481.05",1,1,1,"€ 1,76,692.65",16.67%
679,France,Male,34,7,"€ 1,60,515.37",1,1,0,"€ 1,21,904.14",0.00%
713,Germany,Female,61,4,"€ 1,49,525.34",2,1,0,"€ 1,23,663.63",0.00%
690,Germany,Male,43,2,"€ 1,66,522.78",1,0,0,"€ 1,19,644.59",0.00%
751,France,Male,29,1,"€ 1,35,536.50",1,1,0,"€ 66,825.33",0.00%
613,Germany,Female,43,10,"€ 1,20,481.69",1,0,0,"€ 94,875.03",0.00%
701,Spain,Male,28,1,"€ 1,03,421.32",1,0,1,"€ 76,304.73",100.00%
698,France,Male,33,5,"€ 1,35,658.73",2,0,1,"€ 39,755.00",40.00%
451,France,Female,36,2, € -   ,2,1,1,"€ 1,80,142.42",100.00%
665,France,Male,28,8,"€ 1,91,402.82",2,1,0,"€ 83,238.40",0.00%
726,Germany,Male,50,9,"€ 94,504.35",1,0,1,"€ 5,078.90",11.11%
608,Germany,Female,44,5,"€ 1,26,147.84",1,0,1,"€ 1,32,424.69",20.00%
549,France,Female,46,7, € -   ,1,1,1,"€ 1,09,057.56",14.29%
803,France,Male,33,6, € -   ,2,1,0,"€ 1,15,676.61",0.00%
663,France,Male,43,4,"€ 87,624.03",2,1,0,"€ 1,49,401.33",0.00%
558,France,Female,45,1,"€ 1,53,697.53",2,0,0,"€ 89,891.40",0.00%
714,France,Female,25,4, € -   ,2,0,0,"€ 82,500.84",0.00%
704,France,Male,39,5, € -   ,1,1,0,"€ 6,416.92",0.00%
805,Germany,Female,45,9,"€ 1,16,585.97",1,1,0,"€ 1,89,428.75",0.00%
659,Germany,Male,34,9,"€ 1,34,464.58",2,1,0,"€ 1,78,833.34",0.00%
738,Germany,Male,62,10,"€ 83,008.31",1,1,1,"€ 42,766.03",10.00%
635,Spain,Male,35,2,"€ 1,13,635.16",1,1,0,"€ 90,883.12",0.00%
530,Spain,Female,36,7, € -   ,2,1,0,"€ 80,619.09",0.00%
661,Germany,Male,41,5,"€ 1,22,552.48",2,0,1,"€ 1,20,646.40",40.00%
531,Spain,Male,31,2,"€ 1,18,899.45",2,0,0,"€ 41,409.36",0.00%
694,France,Female,29,5,"€ 99,713.87",1,0,0,"€ 1,12,317.89",0.00%
731,France,Female,36,6, € -   ,1,0,0,"€ 1,52,128.36",0.00%
556,France,Female,36,2,"€ 1,34,208.22",1,0,1,"€ 1,77,670.57",50.00%
647,Germany,Female,41,1,"€ 85,906.65",3,1,0,"€ 1,89,159.97",0.00%
850,Germany,Male,32,3,"€ 1,37,714.25",1,0,1,"€ 1,59,403.68",33.33%
573,Spain,Male,33,1,"€ 1,60,777.90",1,1,1,"€ 1,49,536.15",100.00%
591,France,Male,45,5, € -   ,2,1,1,"€ 1,55,492.87",40.00%
723,France,Male,21,4, € -   ,2,0,0,"€ 24,847.02",0.00%
617,France,Male,25,1,"€ 1,02,585.88",2,1,1,"€ 1,15,387.40",200.00%
704,Germany,Female,39,10,"€ 1,02,556.18",2,1,0,"€ 1,71,971.25",0.00%
457,Germany,Male,42,4,"€ 1,26,772.57",1,0,1,"€ 1,26,106.40",25.00%
787,Germany,Female,38,3,"€ 1,58,373.23",1,1,1,"€ 28,228.35",33.33%
651,France,Female,34,9, € -   ,2,1,0,"€ 1,38,113.71",0.00%
612,Germany,Male,42,5,"€ 1,41,927.10",1,1,1,"€ 43,018.98",20.00%
828,Spain,Male,47,1,"€ 1,09,876.82",2,1,0,"€ 83,611.45",0.00%
724,France,Female,34,2, € -   ,2,1,1,"€ 1,18,863.38",100.00%
648,Germany,Male,44,9,"€ 1,11,369.79",2,1,1,"€ 91,947.74",22.22%
569,Spain,Male,35,3,"€ 1,16,969.35",1,0,0,"€ 94,488.82",0.00%
765,Germany,Female,34,8,"€ 1,36,729.51",2,0,0,"€ 47,058.21",0.00%
577,Germany,Female,44,1,"€ 1,52,086.15",1,0,1,"€ 44,719.50",100.00%
603,Spain,Male,46,2, € -   ,2,1,0,"€ 1,74,478.54",0.00%
568,Spain,Male,28,1,"€ 1,27,289.28",1,0,0,"€ 45,611.51",0.00%
748,Germany,Male,45,2,"€ 1,19,852.01",1,0,0,"€ 73,853.94",0.00%
573,Spain,Male,38,4, € -   ,2,1,1,"€ 1,96,517.43",50.00%
771,Spain,Female,41,5, € -   ,2,0,1,"€ 92,914.67",40.00%
763,France,Male,35,9, € -   ,1,1,1,"€ 31,372.91",11.11%
410,France,Female,35,7,"€ 1,17,183.74",1,1,1,"€ 1,09,733.73",14.29%
728,France,Male,33,8,"€ 1,29,907.63",1,0,1,"€ 36,083.96",12.50%
655,Spain,Female,78,2, € -   ,2,0,1,"€ 1,88,435.38",100.00%
580,Germany,Female,36,6,"€ 1,45,387.32",2,1,1,"€ 1,69,963.20",33.33%
712,France,Male,35,7,"€ 1,24,616.23",1,1,1,"€ 69,320.97",14.29%
680,France,Male,31,9, € -   ,2,1,0,"€ 36,145.53",0.00%
383,Spain,Female,48,8,"€ 95,808.19",1,0,0,"€ 1,37,702.01",0.00%
721,France,Male,35,10, € -   ,2,1,0,"€ 71,594.26",0.00%
620,France,Female,42,1, € -   ,2,0,1,"€ 65,565.92",200.00%
774,Spain,Female,36,8,"€ 1,17,152.30",1,0,0,"€ 1,01,828.39",0.00%
563,France,Male,35,3,"€ 1,06,250.72",1,0,0,"€ 39,546.32",0.00%
850,Germany,Female,27,8,"€ 1,11,837.78",2,1,1,"€ 1,10,805.79",25.00%
681,France,Male,47,9,"€ 97,023.21",1,1,1,"€ 2,168.13",11.11%
631,France,Female,31,8,"€ 1,37,687.72",1,1,0,"€ 1,90,067.12",0.00%
614,Spain,Female,40,3,"€ 1,13,348.50",1,1,1,"€ 77,789.01",33.33%
704,Spain,Male,24,10,"€ 1,22,109.78",1,1,1,"€ 1,27,654.37",10.00%
786,France,Male,32,2,"€ 1,20,452.40",2,0,0,"€ 79,602.86",0.00%
534,France,Female,53,7, € -   ,2,1,1,"€ 80,619.17",28.57%
590,Spain,Male,34,0,"€ 65,812.35",2,0,1,"€ 1,60,346.30",200.00%
583,Spain,Female,40,3,"€ 54,428.37",1,1,0,"€ 1,09,638.78",0.00%
656,France,Female,75,3, € -   ,2,1,1,"€ 1,276.87",66.67%
597,France,Male,33,9, € -   ,2,1,0,"€ 49,374.82",0.00%
588,Germany,Female,48,1,"€ 1,43,279.58",2,1,0,"€ 31,580.80",0.00%
667,Germany,Male,32,0,"€ 1,03,846.65",1,1,0,"€ 20,560.69",0.00%
627,France,Male,37,2,"€ 1,25,190.86",1,0,1,"€ 84,584.69",50.00%
708,France,Female,33,8, € -   ,2,0,1,"€ 15,246.83",25.00%
641,France,Male,65,6,"€ 38,340.02",1,1,0,"€ 32,607.77",0.00%
527,Germany,Female,28,2,"€ 1,23,802.98",2,1,1,"€ 1,55,846.69",100.00%
592,France,Male,37,3,"€ 96,651.03",1,1,1,"€ 3,232.82",33.33%
465,France,Male,33,8, € -   ,2,1,0,"€ 1,77,668.55",0.00%
628,France,Male,39,6, € -   ,2,0,0,"€ 1,34,441.60",0.00%
678,France,Male,43,1,"€ 1,33,237.21",1,1,0,"€ 1,11,032.79",0.00%
570,France,Female,61,6,"€ 1,42,105.35",1,1,1,"€ 45,214.04",16.67%
815,France,Male,37,1,"€ 1,66,115.42",1,1,0,"€ 67,208.30",0.00%
817,France,Female,37,6,"€ 81,070.34",2,1,0,"€ 80,985.88",0.00%
717,France,Male,35,4, € -   ,1,1,1,"€ 1,67,573.06",25.00%
641,France,Female,53,0,"€ 1,23,835.52",2,0,1,"€ 1,60,110.65",200.00%
624,France,Male,51,10,"€ 1,23,401.43",2,1,1,"€ 1,27,825.25",20.00%
579,Germany,Male,49,4,"€ 1,69,377.31",1,1,1,"€ 1,23,535.05",25.00%
698,France,Male,38,2,"€ 1,30,015.24",1,1,1,"€ 41,595.30",50.00%
645,France,Male,32,4, € -   ,2,0,1,"€ 97,628.08",50.00%
691,France,Male,34,8,"€ 1,33,936.04",2,1,0,"€ 91,359.79",0.00%
638,France,Male,34,6,"€ 1,14,543.27",1,1,1,"€ 97,755.29",16.67%
705,France,Female,31,3,"€ 1,19,794.67",1,0,0,"€ 1,82,528.44",0.00%
720,France,Male,33,9, € -   ,2,1,1,"€ 1,42,956.48",22.22%
553,Spain,Male,44,4, € -   ,1,1,0,"€ 10,789.30",0.00%
658,France,Female,29,8, € -   ,2,0,1,"€ 1,30,461.09",25.00%
648,Germany,Female,32,8,"€ 1,57,138.99",3,1,0,"€ 1,90,994.48",0.00%
636,Spain,Male,45,3, € -   ,2,1,1,"€ 1,59,463.80",66.67%
527,Germany,Female,41,10,"€ 1,36,733.24",1,1,1,"€ 57,589.29",10.00%
717,Germany,Female,28,9,"€ 82,498.14",2,0,0,"€ 40,437.67",0.00%
614,Spain,Male,39,3,"€ 1,51,914.93",1,0,0,"€ 56,459.45",0.00%
737,France,Male,43,0,"€ 80,090.93",1,1,0,"€ 39,920.00",0.00%
587,Spain,Male,51,3,"€ 83,739.32",1,0,1,"€ 1,48,798.45",33.33%
682,France,Female,35,2,"€ 1,81,166.44",1,1,1,"€ 63,737.19",50.00%
710,France,Male,38,3,"€ 1,30,588.82",1,1,1,"€ 1,54,997.64",33.33%
507,France,Male,42,6, € -   ,2,1,0,"€ 34,777.23",0.00%
609,Germany,Male,33,6,"€ 94,126.67",1,0,0,"€ 93,718.16",0.00%
786,France,Male,32,9, € -   ,2,1,0,"€ 1,33,112.41",0.00%
688,France,Male,38,7,"€ 1,48,045.68",1,1,0,"€ 1,75,479.92",0.00%
710,France,Male,38,2, € -   ,2,1,0,€ 96.27,0.00%
779,Spain,Male,33,3, € -   ,2,1,0,"€ 30,804.68",0.00%
733,France,Female,44,6,"€ 1,68,165.84",1,0,1,"€ 1,97,193.49",16.67%
583,Germany,Female,26,10,"€ 72,835.56",2,1,0,"€ 96,792.15",0.00%
627,France,Male,41,3, € -   ,2,1,0,"€ 1,32,719.80",0.00%
666,Germany,Male,31,3,"€ 1,23,212.08",2,1,1,"€ 1,12,157.31",66.67%
620,Spain,Male,38,0, € -   ,2,1,1,"€ 38,015.34",200.00%
614,Spain,Female,39,6, € -   ,2,1,1,"€ 1,64,018.98",33.33%
606,France,Male,40,6,"€ 1,19,501.88",2,1,0,"€ 46,774.94",0.00%
700,Germany,Female,39,5,"€ 1,44,550.83",2,1,1,"€ 1,89,664.43",40.00%
677,Germany,Male,34,3,"€ 1,26,729.41",1,1,1,"€ 26,106.39",33.33%
850,Germany,Male,36,5,"€ 1,19,984.07",1,1,0,"€ 1,91,535.11",0.00%
564,France,Male,35,4, € -   ,1,1,0,"€ 1,58,937.55",0.00%
771,Spain,Female,56,2, € -   ,1,1,1,"€ 25,222.60",50.00%
620,Spain,Male,42,9,"€ 1,21,490.05",1,1,1,"€ 29,296.74",11.11%
610,Spain,Male,46,5,"€ 91,897.80",1,1,0,"€ 54,394.28",0.00%
609,Spain,Male,39,2,"€ 1,39,443.75",2,1,0,"€ 9,234.06",0.00%
683,Germany,Male,35,5,"€ 1,44,961.97",1,0,1,"€ 26,796.73",20.00%
633,Germany,Male,42,3,"€ 1,26,041.02",1,0,1,"€ 11,796.89",33.33%
676,Germany,Male,28,1,"€ 69,459.05",2,1,1,"€ 1,28,461.29",200.00%
693,France,Male,38,7,"€ 1,98,338.77",2,1,1,"€ 14,278.18",28.57%
709,France,Male,36,0, € -   ,2,1,0,"€ 46,811.77",0.00%
569,Germany,Male,35,2,"€ 1,09,196.66",3,1,0,"€ 1,09,393.19",0.00%
684,Spain,Female,38,3,"€ 1,34,168.50",3,1,0,"€ 3,966.50",0.00%
565,France,Male,34,6, € -   ,1,1,1,"€ 63,173.64",16.67%
681,France,Male,29,8, € -   ,1,1,0,"€ 66,367.33",0.00%
503,Spain,Female,36,9, € -   ,2,1,1,"€ 16,274.67",22.22%
656,France,Male,40,2, € -   ,2,1,1,"€ 1,80,553.48",100.00%
566,Germany,Male,65,4,"€ 1,20,100.41",1,1,0,"€ 1,07,563.16",0.00%
592,France,Female,62,5, € -   ,1,1,1,"€ 1,00,941.57",20.00%
687,Spain,Female,50,5, € -   ,2,1,0,"€ 1,10,230.40",0.00%
686,Spain,Male,22,8, € -   ,2,0,0,"€ 1,42,331.85",0.00%
616,Spain,Male,30,2, € -   ,2,1,0,"€ 1,99,099.51",0.00%
494,Spain,Male,67,5, € -   ,2,1,1,"€ 85,890.16",40.00%
534,France,Male,38,3, € -   ,1,0,0,"€ 1,43,938.27",0.00%
695,Spain,Female,31,8, € -   ,2,0,1,"€ 1,31,644.41",25.00%
579,Spain,Female,31,9, € -   ,2,1,0,"€ 1,12,395.98",0.00%
432,Germany,Male,38,2,"€ 1,35,559.80",2,1,1,"€ 71,856.30",100.00%
816,Germany,Female,25,2,"€ 1,50,355.35",2,1,1,"€ 35,770.84",100.00%
730,France,Female,37,1, € -   ,2,1,1,"€ 1,24,364.63",200.00%
593,France,Female,35,6,"€ 1,33,489.12",2,1,1,"€ 78,101.29",33.33%
715,Germany,Female,37,9,"€ 1,05,489.31",1,0,0,"€ 1,43,096.49",0.00%
775,Germany,Male,25,10,"€ 60,205.20",2,1,0,"€ 14,073.11",0.00%
539,France,Male,38,5, € -   ,2,1,0,"€ 47,388.41",0.00%
576,Spain,Male,19,6, € -   ,2,0,0,"€ 72,306.07",0.00%
617,Spain,Male,50,7, € -   ,1,1,0,"€ 1,84,839.70",0.00%
688,France,Male,40,6, € -   ,1,1,1,"€ 47,886.44",16.67%
608,France,Male,33,4, € -   ,1,0,1,"€ 1,30,474.03",25.00%
597,Spain,Male,35,9, € -   ,3,0,1,"€ 73,181.39",33.33%
670,France,Female,42,6,"€ 1,12,333.63",1,1,1,"€ 65,706.86",16.67%
616,Germany,Female,57,7,"€ 1,16,936.81",1,1,1,"€ 1,04,379.36",14.29%
579,Germany,Female,50,5,"€ 1,17,721.02",1,0,1,"€ 1,92,146.63",20.00%
786,France,Male,37,7,"€ 1,65,896.22",2,1,1,"€ 66,977.68",28.57%
704,Spain,Female,44,9,"€ 1,53,656.85",1,1,0,"€ 1,58,742.81",0.00%
796,France,Female,50,1,"€ 94,164.00",1,1,1,"€ 1,89,414.74",100.00%
598,Spain,Male,39,1, € -   ,2,1,0,"€ 1,59,130.32",0.00%
602,France,Male,49,0,"€ 1,91,808.73",1,0,0,"€ 97,640.20",0.00%
619,France,Male,58,5,"€ 1,52,199.33",1,1,1,"€ 86,022.09",20.00%
492,Germany,Female,52,8,"€ 1,25,396.24",1,1,0,"€ 10,014.72",0.00%
641,Germany,Male,41,7,"€ 1,04,405.54",3,1,0,"€ 17,384.21",0.00%
518,France,Female,27,1,"€ 1,33,801.49",1,1,1,"€ 1,43,315.57",100.00%
623,Spain,Female,40,4, € -   ,3,1,0,"€ 31,669.18",0.00%
733,France,Female,28,5, € -   ,2,0,0,"€ 12,761.16",0.00%
625,Germany,Male,42,6,"€ 1,00,047.33",1,1,0,"€ 93,429.95",0.00%
759,France,Female,31,1,"€ 1,09,848.60",1,1,1,"€ 42,012.55",100.00%
604,France,Female,32,7,"€ 1,27,849.38",1,1,0,"€ 15,798.70",0.00%
512,Spain,Female,46,3, € -   ,2,1,1,"€ 56,408.14",66.67%
520,France,Female,29,8,"€ 95,947.76",1,1,0,"€ 4,696.44",0.00%
805,Spain,Male,26,2, € -   ,2,1,1,"€ 25,042.10",100.00%
626,France,Male,43,4,"€ 1,37,638.69",1,1,0,"€ 1,30,442.08",0.00%
656,France,Male,38,10, € -   ,1,1,1,"€ 1,36,521.82",10.00%
785,Spain,Male,41,7, € -   ,2,1,1,"€ 1,99,108.88",28.57%
553,France,Male,31,6, € -   ,2,0,0,"€ 1,24,596.63",0.00%
569,France,Female,44,4, € -   ,2,0,0,"€ 1,34,394.78",0.00%
670,France,Male,38,10,"€ 89,416.99",1,0,0,"€ 1,44,275.39",0.00%
586,Spain,Male,42,6, € -   ,2,1,1,"€ 1,23,410.23",33.33%
617,Spain,Female,45,1, € -   ,1,1,0,"€ 1,43,298.06",0.00%
508,France,Female,60,7,"€ 1,43,262.04",1,1,1,"€ 1,29,562.74",14.29%
624,Spain,Female,35,7,"€ 1,19,656.45",2,1,1,"€ 4,595.05",28.57%
654,France,Male,29,4,"€ 1,32,954.64",1,1,1,"€ 1,46,715.07",25.00%
681,Germany,Female,44,3,"€ 1,05,206.70",2,1,1,"€ 1,63,558.36",66.67%
578,Spain,Male,28,4, € -   ,2,0,0,"€ 6,947.09",0.00%
621,Spain,Female,37,9,"€ 83,061.26",2,1,0,"€ 9,170.54",0.00%
632,France,Male,40,5,"€ 1,47,650.68",1,1,1,"€ 1,99,674.83",20.00%
644,France,Male,44,5,"€ 73,348.56",1,1,0,"€ 1,57,166.79",0.00%
821,France,Male,28,2, € -   ,2,1,0,"€ 46,072.52",0.00%
754,France,Female,38,2, € -   ,2,0,0,"€ 3,524.69",0.00%
568,Spain,Female,27,1,"€ 1,16,320.68",1,0,1,"€ 45,563.94",100.00%
584,France,Male,33,3, € -   ,2,0,1,"€ 59,103.13",66.67%
549,France,Female,29,8, € -   ,2,1,1,"€ 1,89,558.44",25.00%
729,France,Female,38,7, € -   ,2,0,0,"€ 45,779.90",0.00%
523,France,Male,61,8,"€ 66,250.71",1,1,1,"€ 21,859.06",12.50%
477,Germany,Female,24,2,"€ 95,675.62",2,0,0,"€ 1,62,699.70",0.00%
675,Germany,Male,42,2,"€ 92,616.64",2,1,0,"€ 8,567.18",0.00%
782,Spain,Female,41,4, € -   ,1,1,0,"€ 1,32,943.88",0.00%
616,Spain,Female,36,6, € -   ,1,1,1,"€ 12,916.32",16.67%
738,Spain,Female,37,8,"€ 1,00,565.94",1,1,1,"€ 1,28,799.86",12.50%
717,Spain,Female,42,5,"€ 1,90,305.78",1,1,0,"€ 99,347.80",0.00%
526,Germany,Female,35,9,"€ 1,18,536.40",1,1,0,"€ 40,980.87",0.00%
660,France,Male,19,5,"€ 1,27,649.64",1,1,1,"€ 40,368.65",20.00%
525,France,Male,35,7,"€ 1,65,358.77",1,0,1,"€ 94,738.54",14.29%
629,Spain,Male,29,6, € -   ,2,1,1,"€ 88,842.80",33.33%
616,Germany,Female,36,10,"€ 78,249.53",1,1,0,"€ 1,36,934.91",0.00%
521,Germany,Female,61,0,"€ 1,25,193.96",1,1,1,"€ 1,09,356.53",100.00%
691,France,Female,29,9, € -   ,2,0,0,"€ 1,99,635.93",0.00%
687,Germany,Female,41,2,"€ 1,54,007.21",1,1,0,"€ 1,58,408.23",0.00%
677,Spain,Female,43,3,"€ 1,33,214.88",2,1,1,"€ 95,936.84",66.67%
695,Spain,Male,63,1,"€ 1,46,202.93",1,1,1,"€ 1,26,688.83",100.00%
663,France,Female,27,9, € -   ,2,1,0,"€ 1,50,850.29",0.00%
496,France,Male,30,0,"€ 90,963.49",1,0,1,"€ 27,802.00",100.00%
747,Spain,Male,41,9, € -   ,1,1,0,"€ 32,430.94",0.00%
546,France,Female,52,2, € -   ,1,1,0,"€ 1,37,332.37",0.00%
706,Spain,Male,68,4,"€ 1,14,386.85",1,1,1,"€ 28,601.68",25.00%
472,France,Female,26,5, € -   ,2,1,0,"€ 1,08,411.66",0.00%
703,France,Female,40,7, € -   ,2,0,1,"€ 1,22,518.50",28.57%
850,France,Female,38,2, € -   ,2,1,0,"€ 9,015.07",0.00%
667,Spain,Male,71,4,"€ 1,37,260.78",1,0,1,"€ 94,433.08",25.00%
559,France,Male,33,9,"€ 1,11,060.05",2,1,0,"€ 1,10,371.84",0.00%
636,Spain,Male,60,7,"€ 1,24,447.73",1,1,1,"€ 1,41,364.62",14.29%
672,France,Female,34,8, € -   ,2,1,1,"€ 16,245.25",25.00%
667,France,Male,42,7, € -   ,1,0,1,"€ 1,08,348.94",14.29%
648,Germany,Male,33,7,"€ 1,35,310.41",2,0,1,"€ 1,71,668.20",28.57%
497,France,Male,32,8, € -   ,2,1,0,"€ 67,364.42",0.00%
743,France,Female,73,6, € -   ,2,0,1,"€ 1,07,867.38",33.33%
619,France,Male,29,5, € -   ,2,1,0,"€ 1,94,310.10",0.00%
639,Spain,Male,34,5,"€ 1,39,393.19",2,0,0,"€ 33,950.08",0.00%
540,Spain,Male,28,8, € -   ,2,0,0,"€ 1,97,588.32",0.00%
766,France,Female,26,3,"€ 1,04,258.80",1,1,1,€ 428.23,33.33%
749,France,Female,26,6, € -   ,2,0,1,"€ 34,948.77",33.33%
655,Germany,Male,32,9,"€ 1,13,447.01",1,1,0,"€ 82,084.30",0.00%
630,France,Male,33,9, € -   ,2,1,0,"€ 64,804.59",0.00%
778,Germany,Female,33,4,"€ 1,11,063.73",2,1,0,"€ 83,556.65",0.00%
757,Germany,Female,30,6,"€ 1,61,378.02",1,0,0,"€ 71,926.28",0.00%
529,Spain,Female,39,2,"€ 82,766.43",1,1,1,"€ 1,22,925.44",50.00%
620,Spain,Male,29,9, € -   ,2,1,0,"€ 13,133.88",0.00%
615,France,Female,61,1,"€ 1,04,267.70",1,1,0,"€ 62,845.64",0.00%
735,France,Female,25,3,"€ 91,718.80",1,0,0,"€ 28,411.23",0.00%
705,Spain,Female,47,3,"€ 63,488.70",1,0,1,"€ 28,640.92",33.33%
644,Spain,Female,46,6,"€ 12,459.19",1,0,0,"€ 1,56,787.34",0.00%
505,Germany,Female,37,6,"€ 1,59,863.90",2,0,1,"€ 1,25,307.87",33.33%
471,Germany,Male,23,6,"€ 1,04,592.55",2,1,0,"€ 1,31,736.23",0.00%
722,Spain,Female,50,4,"€ 1,32,088.59",1,1,1,"€ 1,28,262.14",25.00%
577,Spain,Female,39,4, € -   ,2,1,0,"€ 91,366.42",0.00%
744,Spain,Male,44,5,"€ 1,20,654.68",1,1,0,"€ 82,290.81",0.00%
573,France,Female,30,6, € -   ,2,1,0,"€ 66,190.21",0.00%
653,France,Female,32,4,"€ 83,772.95",1,0,1,"€ 23,920.65",25.00%
660,France,Female,31,6,"€ 1,72,325.67",1,0,1,"€ 45,438.38",16.67%
787,France,Male,46,7,"€ 1,17,685.31",2,1,1,"€ 93,360.35",28.57%
617,France,Male,41,7, € -   ,2,0,1,"€ 14,496.67",28.57%
567,France,Male,39,5, € -   ,2,0,0,"€ 1,68,521.72",0.00%
682,Spain,Female,64,9, € -   ,2,1,1,"€ 1,03,318.44",22.22%
684,France,Male,35,6,"€ 1,35,871.50",1,1,1,"€ 87,219.41",16.67%
447,France,Male,41,3, € -   ,4,1,1,"€ 1,97,490.39",133.33%
625,Germany,Female,49,4,"€ 1,28,504.76",1,1,0,"€ 1,26,812.63",0.00%
585,France,Male,36,7, € -   ,2,1,0,"€ 94,283.09",0.00%
516,France,Female,42,8,"€ 56,228.25",1,1,0,"€ 46,857.52",0.00%
732,Germany,Female,45,6,"€ 98,792.40",1,1,0,"€ 81,491.70",0.00%
628,Germany,Male,40,5,"€ 1,81,768.32",2,1,1,"€ 1,29,107.97",40.00%
682,Spain,Female,48,9,"€ 1,01,198.01",1,1,1,"€ 49,732.90",11.11%
746,France,Male,25,9, € -   ,2,0,1,"€ 88,728.47",22.22%
655,France,Female,60,3, € -   ,2,1,1,"€ 86,981.45",66.67%
644,France,Female,39,9, € -   ,1,1,0,"€ 3,740.93",0.00%
778,France,Male,34,5,"€ 1,39,064.06",2,0,0,"€ 67,949.32",0.00%
617,France,Female,35,2,"€ 1,04,508.10",1,1,1,"€ 1,47,636.46",50.00%
660,Germany,Male,35,9,"€ 1,13,948.58",1,1,0,"€ 1,88,891.96",0.00%
537,France,Male,47,10, € -   ,2,0,1,"€ 25,482.62",20.00%
554,France,Female,39,10, € -   ,2,1,1,"€ 18,391.93",20.00%
806,France,Male,31,9, € -   ,2,0,1,"€ 1,40,168.36",22.22%
611,Germany,Male,37,1,"€ 1,17,524.72",2,0,1,"€ 1,61,064.29",200.00%
665,France,Female,37,5,"€ 1,60,389.82",1,0,1,"€ 1,83,542.08",20.00%
648,France,Female,37,7, € -   ,2,1,0,"€ 1,94,238.92",0.00%
692,France,Male,27,1,"€ 1,25,547.53",1,0,0,"€ 7,900.46",0.00%
507,Spain,Male,46,6,"€ 92,783.68",1,1,1,"€ 51,424.29",16.67%
696,Germany,Male,49,5,"€ 97,036.22",2,1,0,"€ 1,52,450.84",0.00%
681,France,Male,34,3, € -   ,2,0,0,"€ 55,816.20",0.00%
687,France,Female,26,6, € -   ,2,1,1,"€ 32,909.13",33.33%
641,Spain,Male,40,5,"€ 1,02,145.13",1,1,1,"€ 1,00,637.07",20.00%
507,France,Female,33,1,"€ 1,13,452.66",1,0,0,"€ 1,42,911.99",0.00%
688,Spain,Female,46,8,"€ 1,55,681.72",1,1,0,"€ 26,287.21",0.00%
535,Germany,Male,38,8,"€ 1,27,475.24",1,0,0,"€ 60,775.76",0.00%
701,France,Male,41,10, € -   ,2,1,1,"€ 1,46,257.77",20.00%
488,France,Male,43,10,"€ 1,12,751.13",1,1,1,"€ 28,332.00",10.00%
539,France,Female,29,4, € -   ,2,1,1,"€ 1,00,919.19",50.00%
674,France,Male,45,7,"€ 1,44,889.18",1,1,1,"€ 1,02,591.90",14.29%
538,Spain,Male,40,8, € -   ,2,1,1,"€ 25,554.40",25.00%
829,France,Female,22,7,"€ 1,50,126.44",1,1,0,"€ 1,52,107.93",0.00%
768,France,Male,54,8,"€ 69,712.74",1,1,1,"€ 69,381.05",12.50%
585,Spain,Female,44,4, € -   ,2,0,1,"€ 1,01,728.46",50.00%
581,France,Male,31,3, € -   ,2,0,0,"€ 89,040.61",0.00%
682,Germany,Female,35,2,"€ 1,17,438.92",2,1,1,"€ 16,910.98",100.00%
653,France,Male,38,8,"€ 1,19,315.75",1,1,0,"€ 1,50,468.35",0.00%
712,France,Female,30,1,"€ 89,571.59",1,1,1,"€ 1,77,613.19",100.00%
620,Germany,Female,34,8,"€ 1,02,251.57",1,1,0,"€ 1,20,672.09",0.00%
709,France,Male,42,9,"€ 1,18,546.71",1,0,1,"€ 77,142.85",11.11%
832,France,Male,61,2, € -   ,1,0,1,"€ 1,27,804.66",50.00%
635,Spain,Male,38,0,"€ 1,03,257.14",1,0,0,"€ 1,58,344.63",0.00%
749,Spain,Female,43,1,"€ 1,24,209.02",1,1,1,"€ 1,67,179.48",100.00%
629,Spain,Male,32,3, € -   ,2,1,1,"€ 15,404.64",66.67%
836,Spain,Female,41,7,"€ 1,50,302.84",1,1,1,"€ 1,56,036.19",14.29%
542,Spain,Male,34,8,"€ 1,08,653.93",1,0,1,"€ 1,44,725.14",12.50%
645,France,Female,45,8,"€ 85,325.93",1,0,0,"€ 22,558.74",0.00%
844,France,Female,29,8, € -   ,2,0,0,"€ 1,47,342.03",0.00%
747,Germany,Male,37,9,"€ 1,35,776.36",3,1,0,"€ 85,470.45",0.00%
645,France,Male,40,6,"€ 1,31,411.24",1,1,1,"€ 1,94,656.11",16.67%
752,Spain,Female,36,3, € -   ,2,1,1,"€ 48,505.10",66.67%
760,Spain,Female,41,6, € -   ,2,0,0,"€ 1,01,491.23",0.00%
714,Germany,Female,45,9,"€ 1,06,431.97",2,1,1,"€ 1,64,117.69",22.22%
717,France,Male,50,9,"€ 90,305.76",1,1,1,"€ 1,24,626.57",11.11%
645,Germany,Male,28,7,"€ 1,17,466.03",2,1,1,"€ 34,490.06",28.57%
681,France,Male,32,3,"€ 1,48,884.47",2,1,1,"€ 90,967.37",66.67%
681,Germany,Female,44,4,"€ 91,115.76",2,0,0,"€ 24,208.84",0.00%
679,Germany,Female,37,8,"€ 77,373.87",2,0,1,"€ 1,74,873.09",25.00%
528,Spain,Male,23,7,"€ 1,04,744.89",1,1,0,"€ 1,70,262.97",0.00%
710,France,Female,31,3, € -   ,2,1,1,"€ 1,12,289.06",66.67%
733,Germany,Male,39,5,"€ 91,538.51",1,1,1,"€ 93,783.00",20.00%
724,France,Female,32,6, € -   ,2,1,1,"€ 1,50,026.79",33.33%
726,France,Female,34,0,"€ 1,85,734.75",1,1,1,"€ 1,02,036.82",100.00%
520,France,Male,30,3,"€ 1,43,396.54",2,1,1,€ 898.51,66.67%
556,France,Male,40,5,"€ 1,25,909.85",1,1,1,"€ 95,124.40",20.00%
579,France,Female,45,2, € -   ,2,0,0,"€ 11,514.39",0.00%
674,France,Male,36,2,"€ 1,54,525.70",1,0,1,"€ 27,468.72",50.00%
570,France,Female,29,0, € -   ,1,1,0,"€ 37,092.43",0.00%
631,France,Male,51,8,"€ 1,00,654.80",1,1,0,"€ 1,71,587.90",0.00%
623,Spain,Male,44,1,"€ 83,325.77",1,0,1,"€ 80,828.78",100.00%
665,France,Male,35,8,"€ 1,10,934.54",1,1,0,"€ 1,69,287.99",0.00%
523,Spain,Female,36,8,"€ 1,13,680.54",1,0,0,"€ 13,197.44",0.00%
706,Germany,Male,31,1,"€ 1,17,020.08",2,1,0,"€ 54,439.53",0.00%
619,France,Female,49,9,"€ 1,45,359.99",1,1,0,"€ 38,186.85",0.00%
593,Germany,Female,39,8,"€ 1,51,391.68",1,1,0,"€ 27,274.60",0.00%
608,Spain,Male,66,8,"€ 1,23,935.35",1,1,1,"€ 65,758.19",12.50%
526,France,Female,36,0, € -   ,2,1,0,"€ 97,767.63",0.00%
684,Spain,Male,40,2,"€ 70,291.02",1,1,1,"€ 1,15,468.84",50.00%
604,Germany,Female,42,10,"€ 1,66,031.45",1,1,0,"€ 98,293.14",0.00%
636,Germany,Male,36,6,"€ 96,643.32",1,0,0,"€ 1,82,059.28",0.00%
669,Spain,Female,33,8, € -   ,2,0,1,"€ 1,28,538.05",25.00%
624,France,Male,71,7, € -   ,2,1,1,"€ 1,08,841.83",28.57%
631,France,Male,29,2, € -   ,2,1,1,"€ 18,581.84",100.00%
753,France,Male,48,4, € -   ,2,0,1,"€ 1,46,821.42",50.00%
588,France,Male,40,5, € -   ,2,0,0,"€ 1,00,727.68",0.00%
729,Germany,Male,26,4,"€ 97,268.10",2,1,0,"€ 39,356.38",0.00%
602,France,Female,42,10, € -   ,2,0,0,"€ 1,69,921.11",0.00%
689,Germany,Female,55,1,"€ 76,296.81",1,1,0,"€ 42,364.75",0.00%
486,Spain,Male,27,7, € -   ,2,1,0,"€ 28,823.04",0.00%
809,Germany,Female,42,6,"€ 64,497.94",3,0,1,"€ 1,82,436.81",50.00%
562,France,Male,38,5, € -   ,1,1,0,"€ 1,15,700.20",0.00%
763,Spain,Female,32,8, € -   ,2,1,0,"€ 16,725.53",0.00%
669,France,Male,57,5, € -   ,2,1,1,"€ 56,875.76",40.00%
709,France,Male,39,8, € -   ,2,1,0,"€ 56,214.09",0.00%
554,Spain,Female,45,4, € -   ,2,1,1,"€ 1,93,412.05",50.00%
699,France,Male,37,10, € -   ,2,0,0,"€ 83,263.04",0.00%
732,Spain,Male,54,0,"€ 1,34,249.70",1,0,1,"€ 13,404.40",100.00%
625,France,Female,45,3, € -   ,1,1,1,"€ 1,84,474.15",33.33%
599,France,Male,30,9,"€ 1,05,443.68",1,1,1,"€ 1,21,124.53",11.11%
584,Spain,Female,50,1, € -   ,1,0,1,"€ 1,52,567.75",100.00%
499,France,Male,35,10, € -   ,2,1,0,"€ 10,722.54",0.00%
526,Spain,Male,38,2, € -   ,2,0,0,"€ 58,010.98",0.00%
625,Germany,Female,35,5,"€ 86,147.46",2,1,0,"€ 1,63,440.80",0.00%
537,Spain,Female,38,1,"€ 96,939.06",1,1,1,"€ 1,02,606.92",100.00%
696,Spain,Male,47,1,"€ 1,06,758.60",1,1,1,"€ 80,591.18",100.00%
679,France,Female,33,9,"€ 1,12,528.65",2,1,0,"€ 1,77,362.45",0.00%
684,France,Male,60,2,"€ 1,16,563.58",1,1,0,"€ 1,20,257.70",0.00%
850,France,Male,32,4, € -   ,1,1,1,"€ 1,80,622.02",25.00%
495,Spain,Female,42,7, € -   ,2,0,0,"€ 1,30,404.53",0.00%
537,Spain,Female,38,6,"€ 1,41,786.78",1,0,1,"€ 1,47,797.54",16.67%
850,France,Male,41,3,"€ 1,36,416.82",1,0,1,"€ 57,844.26",33.33%
513,France,Male,30,5, € -   ,2,1,0,"€ 1,62,523.66",0.00%
618,Germany,Female,40,1,"€ 1,33,245.52",2,1,1,"€ 54,495.82",200.00%
802,Germany,Female,41,4,"€ 90,757.64",2,0,1,"€ 1,69,183.66",50.00%
547,France,Male,43,1,"€ 92,350.36",1,0,1,"€ 80,262.91",100.00%
613,Germany,Male,69,9,"€ 78,778.49",1,0,1,"€ 8,751.59",11.11%
592,Germany,Female,34,6,"€ 1,02,143.93",2,1,1,"€ 1,02,628.98",33.33%
546,France,Male,29,5, € -   ,1,1,1,"€ 94,823.95",20.00%
721,Germany,Male,37,4,"€ 98,459.60",1,0,0,"€ 90,821.66",0.00%
671,Germany,Female,47,7,"€ 1,14,603.76",2,1,0,"€ 1,53,194.32",0.00%
624,Spain,Male,35,2, € -   ,2,1,0,"€ 87,310.59",0.00%
751,Germany,Female,51,7,"€ 1,48,074.79",1,1,0,"€ 1,46,411.41",0.00%
636,Spain,Male,36,1, € -   ,3,1,1,"€ 74,048.10",300.00%
607,Spain,Female,62,8,"€ 1,08,004.64",1,1,1,"€ 23,386.77",12.50%
509,Germany,Female,29,0,"€ 1,07,712.57",2,1,1,"€ 92,898.17",200.00%
653,Spain,Male,35,9, € -   ,2,1,1,"€ 45,956.05",22.22%
709,Spain,Female,37,8, € -   ,3,1,0,"€ 71,738.56",0.00%
559,France,Male,32,9,"€ 1,45,303.52",1,1,0,"€ 1,03,560.98",0.00%
684,Germany,Male,37,4,"€ 1,38,476.41",2,1,1,"€ 52,367.29",50.00%
635,France,Female,27,8,"€ 1,27,471.56",1,1,1,"€ 1,52,916.05",12.50%
709,France,Male,26,6,"€ 1,56,551.63",1,0,1,"€ 4,410.77",16.67%
656,Germany,Female,49,9,"€ 97,092.87",1,1,0,"€ 74,771.22",0.00%
793,France,Male,32,2, € -   ,2,1,0,"€ 1,93,817.63",0.00%
609,Spain,Male,37,5,"€ 1,29,312.79",1,1,1,"€ 26,793.82",20.00%
618,Germany,Female,29,10,"€ 1,00,315.10",2,1,1,"€ 32,526.64",20.00%
850,France,Female,35,6,"€ 81,684.97",1,1,0,€ 824.00,0.00%
669,Spain,Male,51,3,"€ 88,827.53",1,0,0,"€ 85,250.77",0.00%
594,Germany,Male,40,0,"€ 1,52,092.44",2,1,1,"€ 83,508.93",200.00%
616,Spain,Male,71,4, € -   ,2,1,1,"€ 1,73,599.38",50.00%
676,France,Female,49,1, € -   ,1,1,0,"€ 79,342.31",0.00%
608,Spain,Female,38,9,"€ 1,02,406.76",1,0,1,"€ 57,600.66",11.11%
710,France,Male,21,4,"€ 1,09,130.96",2,1,1,"€ 56,191.99",50.00%
695,France,Male,29,5, € -   ,2,1,1,"€ 6,770.44",40.00%
530,Germany,Male,33,9,"€ 75,242.28",1,0,1,"€ 1,01,694.67",11.11%
509,Spain,Male,29,1, € -   ,2,1,0,"€ 69,113.14",0.00%
517,France,Female,45,4, € -   ,1,0,0,"€ 1,72,674.36",0.00%
758,Germany,Male,33,0,"€ 1,29,142.54",2,1,1,"€ 26,606.28",200.00%
665,France,Male,51,2, € -   ,1,0,0,"€ 53,353.36",0.00%
631,Germany,Female,22,6,"€ 1,39,129.92",1,1,1,"€ 63,747.51",16.67%
576,Spain,Male,33,3, € -   ,2,0,1,"€ 1,90,112.05",66.67%
544,Spain,Male,22,3,"€ 66,483.32",1,0,1,"€ 1,10,317.39",33.33%
596,Germany,Male,40,5,"€ 62,389.03",3,1,0,"€ 1,48,623.43",0.00%
481,France,Female,34,5, € -   ,2,1,1,"€ 1,25,253.46",40.00%
498,France,Male,46,1,"€ 91,857.66",1,1,0,"€ 1,01,954.78",0.00%
512,Spain,Male,31,6, € -   ,2,1,0,"€ 1,68,462.26",0.00%
594,France,Female,56,7, € -   ,1,1,0,"€ 26,215.85",0.00%
570,France,Female,30,10,"€ 1,76,173.52",1,1,0,"€ 97,045.32",0.00%
721,Spain,Male,38,7, € -   ,1,0,1,"€ 53,534.80",14.29%
453,France,Female,37,4,"€ 1,31,834.76",2,1,0,"€ 8,949.20",0.00%
562,France,Male,48,3,"€ 92,347.96",1,1,1,"€ 1,63,116.75",33.33%
682,France,Male,40,4, € -   ,2,1,1,"€ 1,40,745.91",50.00%
748,France,Male,40,3,"€ 95,297.11",1,0,0,"€ 1,71,515.84",0.00%
729,France,Female,32,9, € -   ,2,0,0,"€ 1,50,803.44",0.00%
663,France,Male,39,4, € -   ,1,1,0,"€ 76,884.05",0.00%
735,France,Female,53,8,"€ 1,23,845.36",2,0,1,"€ 1,70,454.93",25.00%
627,Germany,Male,62,3,"€ 1,43,426.34",2,1,1,"€ 1,43,104.30",66.67%
713,France,Male,46,5, € -   ,1,1,1,"€ 55,701.62",20.00%
562,Germany,Male,31,2,"€ 1,12,708.20",1,0,1,"€ 1,86,370.30",50.00%
632,France,Male,43,2,"€ 1,00,013.51",1,1,0,"€ 24,275.32",0.00%
479,France,Female,33,2,"€ 2,08,165.53",1,0,0,"€ 50,774.81",0.00%
658,Spain,Male,21,7, € -   ,2,0,1,"€ 1,54,279.87",28.57%
598,France,Female,40,9, € -   ,1,1,0,"€ 68,462.59",0.00%
597,France,Male,19,2, € -   ,2,1,1,"€ 91,036.74",100.00%
512,France,Female,33,6,"€ 1,21,685.31",2,1,1,"€ 83,681.97",33.33%
704,France,Male,39,2,"€ 1,11,525.02",1,1,0,"€ 1,99,484.96",0.00%
474,France,Male,26,6, € -   ,2,0,0,"€ 1,52,491.22",0.00%
604,Germany,Male,36,10,"€ 1,13,546.30",1,1,1,"€ 1,34,875.37",10.00%
683,France,Male,41,6,"€ 95,696.52",2,1,1,"€ 1,84,366.14",33.33%
537,France,Male,28,0,"€ 88,963.31",2,1,1,"€ 1,89,839.93",200.00%
794,Spain,Male,31,0,"€ 1,44,880.34",2,0,1,"€ 1,75,643.44",200.00%
732,France,Male,55,9,"€ 1,36,576.02",1,0,1,"€ 3,268.17",11.11%
495,France,Female,38,2,"€ 63,093.01",1,1,1,"€ 47,089.72",50.00%
552,Germany,Male,38,10,"€ 1,32,271.12",2,1,1,"€ 46,562.02",20.00%
602,France,Female,29,3,"€ 88,814.40",2,1,1,"€ 62,487.97",66.67%
607,Germany,Male,40,5,"€ 90,594.55",1,0,1,"€ 1,81,598.25",20.00%
675,Germany,Female,33,0,"€ 1,41,816.25",1,1,0,"€ 64,815.05",0.00%
443,France,Female,54,3,"€ 1,38,547.97",1,1,1,"€ 70,196.23",33.33%
727,France,Female,31,2,"€ 52,192.08",2,0,1,"€ 1,60,383.47",100.00%
482,France,Male,38,4,"€ 1,24,976.19",1,1,0,"€ 35,848.12",0.00%
686,France,Female,34,1, € -   ,2,1,0,"€ 87,278.48",0.00%
588,Germany,Male,35,3,"€ 1,04,356.38",1,1,0,"€ 94,498.82",0.00%
605,Spain,Female,48,10,"€ 1,50,315.92",1,0,1,"€ 1,33,486.36",10.00%
583,France,Male,39,1,"€ 1,29,299.28",2,1,0,"€ 73,107.60",0.00%
738,Germany,Male,37,7,"€ 1,40,950.92",2,1,0,"€ 1,95,333.98",0.00%
744,Spain,Male,30,1,"€ 1,28,065.12",1,1,0,"€ 1,21,525.48",0.00%
781,France,Male,23,2,"€ 1,07,433.48",1,1,0,"€ 1,73,843.21",0.00%
699,France,Male,34,2,"€ 1,17,468.67",1,1,0,"€ 1,85,227.42",0.00%
639,France,Female,27,2, € -   ,2,0,0,"€ 1,25,244.18",0.00%
583,France,Female,27,4, € -   ,3,1,0,"€ 1,63,113.41",0.00%
587,France,Male,42,1, € -   ,1,0,0,"€ 1,23,006.91",0.00%
694,France,Male,40,9, € -   ,2,1,0,"€ 40,463.03",0.00%
570,France,Female,29,4,"€ 1,53,040.03",1,1,1,"€ 1,31,363.57",25.00%
692,Germany,Male,45,6,"€ 1,42,084.04",4,1,0,"€ 1,88,305.85",0.00%
511,France,Female,30,5, € -   ,2,1,0,"€ 1,43,994.86",0.00%
788,France,Male,32,4,"€ 1,12,079.58",1,0,0,"€ 89,368.59",0.00%
526,Spain,Male,66,7,"€ 1,32,044.60",2,1,1,"€ 1,58,365.89",28.57%
749,Spain,Female,46,9,"€ 66,582.81",1,1,0,"€ 78,753.12",0.00%
691,France,Female,33,6, € -   ,2,1,1,"€ 1,00,408.31",33.33%
481,France,Female,39,6, € -   ,1,1,1,"€ 24,677.54",16.67%
752,France,Male,33,4, € -   ,2,1,1,"€ 39,570.78",50.00%
658,France,Female,38,6,"€ 1,02,895.10",1,0,0,"€ 1,55,665.76",0.00%
679,Spain,Male,42,2, € -   ,1,1,1,"€ 1,68,294.27",50.00%
754,Germany,Male,27,7,"€ 1,17,578.35",2,0,1,"€ 87,908.01",28.57%
679,France,Male,47,10,"€ 1,98,546.10",2,1,0,"€ 1,91,198.92",0.00%
633,Spain,Female,39,2, € -   ,2,0,0,"€ 1,91,207.03",0.00%
674,France,Female,31,1, € -   ,1,1,0,"€ 1,28,954.05",0.00%
600,Germany,Male,28,2,"€ 1,16,623.31",1,0,1,"€ 59,905.29",50.00%
645,Spain,Male,49,8, € -   ,2,1,0,"€ 1,62,012.60",0.00%
698,France,Male,36,6, € -   ,2,0,1,"€ 19,231.98",33.33%
508,Spain,Male,54,10, € -   ,1,1,1,"€ 1,75,749.36",10.00%
555,France,Female,44,3,"€ 1,05,770.70",3,1,0,"€ 60,533.96",0.00%
751,France,Female,48,9, € -   ,1,1,0,"€ 1,37,508.42",0.00%
738,France,Female,39,1,"€ 94,435.45",2,0,1,"€ 1,89,430.86",200.00%
706,Germany,Female,39,8,"€ 1,12,889.91",1,0,1,"€ 6,723.66",12.50%
595,France,Female,53,7, € -   ,2,1,0,"€ 41,371.68",0.00%
577,Germany,Female,43,3,"€ 1,27,940.47",1,0,0,"€ 1,25,140.72",0.00%
578,Germany,Female,36,8,"€ 1,29,745.10",1,1,1,"€ 1,43,683.75",12.50%
699,France,Male,32,3, € -   ,2,1,1,"€ 1,70,770.44",66.67%
826,France,Female,30,5, € -   ,2,0,1,"€ 1,57,397.57",40.00%
656,Germany,Female,46,7,"€ 1,41,535.52",1,1,0,"€ 50,595.15",0.00%
556,France,Female,47,2,"€ 1,39,914.27",1,1,1,"€ 50,390.98",50.00%
569,France,Male,41,4,"€ 1,20,243.49",1,1,0,"€ 1,63,150.03",0.00%
765,France,Male,34,9,"€ 91,835.16",1,0,0,"€ 1,38,280.17",0.00%
544,Spain,Male,37,2, € -   ,2,0,0,"€ 1,35,067.02",0.00%
588,Spain,Female,22,9,"€ 67,178.19",1,1,1,"€ 1,63,534.75",11.11%
740,Spain,Female,31,8, € -   ,2,0,0,"€ 86,657.48",0.00%
850,Spain,Male,38,7,"€ 1,15,378.94",1,0,1,"€ 1,62,087.82",14.29%
766,Germany,Male,30,4,"€ 1,27,786.28",2,1,1,"€ 28,879.30",50.00%
849,France,Female,41,6, € -   ,2,1,1,"€ 1,69,203.51",33.33%
612,France,Female,33,0,"€ 64,900.32",2,1,0,"€ 1,02,426.12",0.00%
517,Germany,Male,53,0,"€ 1,09,172.88",1,1,0,"€ 54,676.10",0.00%
645,France,Female,55,7, € -   ,2,1,1,"€ 18,369.33",28.57%
696,Germany,Male,43,4,"€ 1,14,091.38",1,0,1,"€ 1,59,888.10",25.00%
716,France,Female,40,3, € -   ,2,0,1,"€ 1,67,636.15",66.67%
590,France,Male,32,9, € -   ,2,1,0,"€ 1,38,889.15",0.00%
656,France,Female,45,7,"€ 1,45,933.27",1,1,1,"€ 1,99,392.14",14.29%
473,Germany,Female,35,7,"€ 1,31,504.73",1,1,0,"€ 1,89,560.43",0.00%
742,Germany,Female,44,8,"€ 1,07,926.02",1,0,1,"€ 17,375.27",12.50%
834,Germany,Female,57,8,"€ 1,12,281.60",3,1,0,"€ 1,40,225.14",0.00%
721,France,Male,41,7, € -   ,2,0,1,"€ 61,018.85",28.57%
590,Spain,Male,29,10, € -   ,1,1,1,"€ 51,907.72",10.00%
516,Spain,Female,31,7, € -   ,1,1,0,"€ 47,018.75",0.00%
850,France,Male,33,0,"€ 1,24,781.67",1,0,1,"€ 33,700.52",100.00%
748,France,Female,39,9,"€ 1,32,865.56",1,1,1,"€ 59,636.43",11.11%
798,Germany,Female,38,4,"€ 1,29,055.13",1,1,0,"€ 1,57,147.59",0.00%
612,Germany,Male,76,6,"€ 96,166.88",1,1,1,"€ 1,91,393.26",16.67%
540,France,Female,40,3,"€ 1,65,298.12",1,0,1,"€ 1,99,862.75",33.33%
719,Spain,Female,33,7, € -   ,2,1,0,"€ 20,016.59",0.00%
598,France,Male,48,6,"€ 1,20,682.53",1,1,0,"€ 30,635.52",0.00%
796,Spain,Male,32,5,"€ 1,02,773.15",2,0,1,"€ 1,17,832.88",40.00%
579,Germany,Male,42,0,"€ 1,44,386.32",1,1,1,"€ 22,497.10",100.00%
850,Germany,Female,40,7,"€ 1,04,449.80",1,1,1,€ 747.88,14.29%
599,Spain,Male,35,6,"€ 1,37,102.65",1,0,0,"€ 76,870.81",0.00%
724,France,Female,30,9,"€ 1,42,475.87",1,1,1,"€ 1,07,848.24",11.11%
508,France,Female,43,9, € -   ,1,1,0,"€ 1,03,726.71",0.00%
773,Spain,Male,37,2,"€ 1,03,195.20",2,1,0,"€ 1,78,268.36",0.00%
526,France,Male,28,1,"€ 1,12,070.44",1,0,1,"€ 1,26,281.83",100.00%
542,France,Female,29,7, € -   ,2,0,1,"€ 1,96,651.72",28.57%
470,France,Male,35,1,"€ 96,473.59",1,0,0,"€ 5,962.30",0.00%
805,Spain,Male,37,5, € -   ,2,1,0,"€ 21,928.81",0.00%
548,Germany,Male,49,9,"€ 1,08,437.89",1,0,0,"€ 1,27,022.87",0.00%
672,France,Male,37,5,"€ 1,53,195.59",1,1,1,"€ 1,62,763.01",20.00%
773,France,Male,45,8,"€ 96,877.21",1,1,1,"€ 1,13,950.51",12.50%
614,France,Male,44,6, € -   ,2,0,1,"€ 1,04,930.46",33.33%
537,France,Female,38,10, € -   ,1,0,0,"€ 52,337.97",0.00%
704,France,Female,40,6,"€ 95,452.89",1,0,1,"€ 1,79,964.55",16.67%
586,Spain,Male,41,3,"€ 63,873.56",1,1,0,"€ 83,753.64",0.00%
677,France,Female,24,0,"€ 1,48,298.59",2,0,0,"€ 1,82,913.95",0.00%
558,Spain,Female,31,7, € -   ,2,1,0,"€ 1,66,720.28",0.00%
634,Germany,Female,37,7,"€ 1,43,258.85",2,1,0,"€ 1,92,721.98",0.00%
655,Germany,Male,37,9,"€ 1,21,342.24",1,1,1,"€ 1,80,241.44",11.11%
619,Germany,Female,28,6,"€ 99,152.73",2,1,0,"€ 48,475.12",0.00%
662,France,Female,41,4, € -   ,2,1,0,"€ 1,26,551.48",0.00%
705,Spain,Male,33,7,"€ 68,423.89",1,1,1,"€ 64,872.55",14.29%
527,Spain,Female,35,8, € -   ,1,1,0,"€ 98,031.53",0.00%
630,Germany,Female,25,7,"€ 79,656.81",1,1,0,"€ 93,524.22",0.00%
850,France,Male,35,2, € -   ,2,1,1,"€ 56,991.66",100.00%
668,France,Female,53,10,"€ 1,10,240.04",1,0,0,"€ 1,83,980.56",0.00%
573,France,Female,32,9,"€ 1,25,321.84",2,1,1,"€ 1,30,234.63",22.22%
680,France,Male,27,3, € -   ,1,1,0,"€ 32,454.26",0.00%
758,France,Female,32,2,"€ 84,378.90",1,1,1,"€ 75,396.43",50.00%
597,France,Male,45,7, € -   ,2,0,0,"€ 1,67,756.45",0.00%
580,Germany,Male,35,10,"€ 1,36,281.41",2,1,1,"€ 24,799.47",20.00%
622,France,Male,59,5,"€ 1,19,380.37",1,1,1,"€ 60,429.43",20.00%
638,Germany,Male,62,4,"€ 1,08,716.59",2,1,1,"€ 74,241.09",50.00%
640,France,Female,20,4, € -   ,2,0,1,"€ 78,310.82",50.00%
644,Spain,Male,28,0, € -   ,2,1,0,"€ 1,19,419.37",0.00%
753,France,Female,31,6,"€ 1,06,596.29",1,0,0,"€ 91,305.77",0.00%
629,France,Female,37,10,"€ 99,546.25",3,0,1,"€ 25,136.95",30.00%
775,France,Female,30,5, € -   ,1,1,0,"€ 1,93,880.60",0.00%
701,France,Female,41,2, € -   ,1,1,0,"€ 47,856.78",0.00%
708,Spain,Male,19,7,"€ 1,12,615.86",1,1,1,"€ 4,491.77",14.29%
521,Spain,Female,22,10, € -   ,1,1,1,"€ 1,01,311.95",10.00%
636,France,Female,24,9, € -   ,2,0,1,"€ 38,830.72",22.22%
529,France,Female,31,5, € -   ,2,1,0,"€ 26,817.23",0.00%
757,France,Male,28,3,"€ 75,381.15",1,1,1,"€ 1,99,727.72",33.33%
767,Spain,Female,24,5, € -   ,2,1,1,"€ 67,445.85",40.00%
525,Spain,Male,33,5, € -   ,2,1,0,"€ 1,61,002.29",0.00%
759,Spain,Male,38,1, € -   ,2,1,0,"€ 20,778.39",0.00%
520,Germany,Female,45,1,"€ 1,23,086.39",1,1,1,"€ 41,042.40",100.00%
738,France,Female,26,3, € -   ,2,1,0,"€ 67,484.16",0.00%
548,Spain,Male,37,4, € -   ,1,1,0,"€ 1,21,763.68",0.00%
535,Spain,Male,48,9,"€ 1,09,472.47",1,1,0,"€ 1,57,358.43",0.00%
615,Spain,Male,59,4,"€ 1,55,766.05",1,1,1,"€ 1,10,275.17",25.00%
850,Germany,Male,38,7,"€ 1,01,985.81",2,0,0,"€ 43,801.27",0.00%
487,France,Female,34,2,"€ 96,019.50",1,0,0,"€ 9,085.00",0.00%
731,France,Male,30,7, € -   ,2,0,1,"€ 1,43,086.09",28.57%
726,Spain,Female,35,9, € -   ,2,0,1,"€ 1,00,556.98",22.22%
609,France,Female,35,2,"€ 1,47,900.43",1,1,0,"€ 1,40,000.29",0.00%
714,France,Male,52,4,"€ 1,00,755.66",1,1,1,"€ 1,86,775.25",25.00%
694,Spain,Female,35,7, € -   ,1,1,0,"€ 1,33,570.43",0.00%
786,France,Female,33,0,"€ 83,036.05",1,0,1,"€ 1,54,990.58",100.00%
698,Spain,Male,27,6,"€ 1,25,427.37",2,0,0,"€ 27,654.44",0.00%
601,France,Female,46,3,"€ 98,202.76",1,0,0,"€ 1,37,763.93",0.00%
769,Spain,Male,41,1,"€ 72,509.91",1,1,0,"€ 25,723.73",0.00%
850,Germany,Male,44,3,"€ 1,40,393.65",2,0,1,"€ 1,86,285.52",66.67%
646,Spain,Female,50,5,"€ 1,42,644.64",2,1,1,"€ 1,42,208.50",40.00%
659,France,Female,44,9,"€ 23,503.31",1,0,1,"€ 1,69,862.01",11.11%
487,Spain,Male,33,8,"€ 1,45,729.71",1,1,0,"€ 41,365.85",0.00%
740,Germany,Female,40,2,"€ 1,22,295.17",2,1,1,"€ 30,812.84",100.00%
686,France,Male,39,4, € -   ,2,1,0,"€ 1,55,023.93",0.00%
612,Spain,Female,36,5,"€ 1,19,799.27",2,1,0,"€ 1,59,416.58",0.00%
655,Spain,Male,37,8,"€ 1,63,708.58",2,0,0,"€ 76,259.23",0.00%
617,France,Male,34,1,"€ 61,687.33",2,1,0,"€ 1,05,965.25",0.00%
674,France,Female,27,4,"€ 79,144.34",1,0,1,"€ 50,743.83",25.00%
711,Spain,Male,32,5, € -   ,2,1,1,"€ 1,47,720.27",40.00%
624,Germany,Female,27,7,"€ 1,04,848.68",1,1,1,"€ 1,67,387.36",14.29%
597,Spain,Male,26,5, € -   ,2,0,1,"€ 95,159.13",40.00%
682,Spain,Male,46,4, € -   ,1,1,1,"€ 4,654.28",25.00%
775,France,Male,45,8, € -   ,1,1,0,"€ 1,30,376.68",0.00%
727,France,Female,29,1,"€ 1,46,652.01",1,1,1,"€ 1,73,486.39",100.00%
629,France,Male,31,6, € -   ,2,1,0,"€ 93,881.75",0.00%
684,France,Male,46,0, € -   ,2,1,1,"€ 36,376.97",200.00%
549,Germany,Female,37,1,"€ 1,30,622.34",2,1,1,"€ 1,28,499.94",200.00%
593,Germany,Male,69,2,"€ 1,87,013.13",2,0,1,"€ 1,05,898.69",100.00%
536,Spain,Male,40,9, € -   ,2,1,1,"€ 11,959.03",22.22%
707,France,Female,36,6, € -   ,1,0,0,"€ 98,810.78",0.00%
592,Spain,Male,41,0, € -   ,2,1,0,"€ 65,906.07",0.00%
703,France,Male,44,6,"€ 98,862.54",1,1,0,"€ 1,51,516.70",0.00%
723,Spain,Female,45,4, € -   ,2,1,0,"€ 37,214.39",0.00%
452,Germany,Male,52,1,"€ 98,443.14",2,0,0,"€ 92,033.98",0.00%
552,Spain,Male,42,4, € -   ,2,0,0,"€ 1,95,692.30",0.00%
633,France,Female,47,0, € -   ,1,1,1,"€ 6,342.84",100.00%
479,Germany,Female,23,9,"€ 1,23,575.51",1,0,1,"€ 95,148.28",11.11%
768,France,Male,25,6, € -   ,2,1,1,"€ 21,215.67",33.33%
742,France,Male,31,4,"€ 1,05,239.10",1,1,1,"€ 19,700.24",25.00%
668,Germany,Male,56,9,"€ 1,10,993.79",1,1,0,"€ 1,34,396.64",0.00%
707,Spain,Male,44,3, € -   ,2,1,1,"€ 1,35,077.01",66.67%
754,Spain,Male,39,7,"€ 1,57,691.98",2,1,0,"€ 1,33,600.89",0.00%
544,Germany,Male,47,5,"€ 1,05,245.21",1,0,0,"€ 99,922.08",0.00%
718,Spain,Male,32,8, € -   ,2,1,1,"€ 41,399.33",25.00%
762,France,Male,31,7,"€ 1,17,687.35",1,1,1,"€ 1,59,344.43",14.29%
772,France,Male,23,2, € -   ,2,1,0,"€ 18,364.19",0.00%
691,Germany,Female,37,7,"€ 1,23,067.63",1,1,1,"€ 98,162.44",14.29%
502,France,Male,45,0, € -   ,1,0,0,"€ 84,663.21",0.00%
563,France,Female,34,6, € -   ,2,0,0,"€ 36,536.93",0.00%
676,France,Female,41,4,"€ 1,01,457.14",1,1,1,"€ 79,101.67",25.00%
576,Spain,Male,52,2,"€ 1,00,549.43",2,1,1,"€ 16,644.16",100.00%
629,Spain,Male,35,4,"€ 1,74,588.80",2,0,1,"€ 1,58,420.14",50.00%
625,Spain,Male,52,8,"€ 1,21,161.57",1,1,0,"€ 48,988.28",0.00%
628,France,Male,45,9, € -   ,2,1,1,"€ 96,862.56",22.22%
471,Germany,Female,36,5,"€ 90,063.74",2,1,1,"€ 96,366.70",40.00%
811,France,Female,45,5, € -   ,2,1,1,"€ 1,46,123.19",40.00%
504,France,Male,42,3,"€ 1,34,936.97",2,0,0,"€ 1,35,178.91",0.00%
687,France,Female,24,3,"€ 1,10,495.27",1,1,0,"€ 1,58,615.41",0.00%
660,Germany,Female,37,2,"€ 1,33,200.09",1,0,0,"€ 71,433.88",0.00%
548,France,Female,41,4,"€ 82,596.80",1,0,1,"€ 55,672.09",25.00%
609,Germany,Male,31,9,"€ 1,03,837.75",1,1,1,"€ 1,50,218.11",11.11%
659,Spain,Female,42,2, € -   ,1,0,0,"€ 1,62,734.31",0.00%
526,France,Male,52,8,"€ 93,590.47",1,0,1,"€ 21,228.71",12.50%
725,Germany,Male,40,8,"€ 1,04,149.66",1,1,0,"€ 62,027.90",0.00%
519,Germany,Male,38,1,"€ 1,14,141.64",1,1,1,"€ 60,988.21",100.00%
562,Germany,Female,31,9,"€ 1,17,153.00",1,1,1,"€ 1,08,675.01",11.11%
482,Germany,Male,45,7,"€ 1,56,353.46",1,1,0,"€ 72,643.95",0.00%
535,Spain,Male,37,3,"€ 1,75,534.78",2,1,1,"€ 9,241.52",66.67%
561,France,Female,27,9,"€ 1,35,637.00",1,1,0,"€ 1,53,080.40",0.00%
661,France,Female,30,7, € -   ,2,1,0,"€ 72,196.57",0.00%
771,France,Male,27,2, € -   ,2,1,1,"€ 1,99,527.34",100.00%
545,France,Male,26,7, € -   ,2,0,1,"€ 1,56,598.23",28.57%
850,Germany,Female,33,2,"€ 83,415.04",1,0,1,"€ 74,917.64",50.00%
601,Germany,Male,43,3,"€ 1,41,859.12",2,1,1,"€ 1,11,249.62",66.67%
712,Germany,Male,38,7,"€ 1,32,767.66",2,1,1,"€ 59,115.77",28.57%
589,France,Female,31,10,"€ 1,10,635.32",1,1,0,"€ 1,48,218.86",0.00%
600,Spain,Male,37,8,"€ 1,77,657.35",1,1,1,"€ 77,142.32",12.50%
642,Germany,Male,41,4,"€ 1,57,777.58",1,1,0,"€ 67,484.60",0.00%
575,Germany,Male,47,9,"€ 1,07,915.94",2,1,1,"€ 63,452.18",22.22%
570,Germany,Female,57,5,"€ 86,568.75",1,0,1,"€ 1,03,660.31",20.00%
532,Germany,Male,52,9,"€ 1,37,755.76",1,1,0,"€ 1,63,191.99",0.00%
796,France,Male,30,2,"€ 1,37,262.71",2,1,0,"€ 62,905.29",0.00%
833,Spain,Male,32,6, € -   ,1,1,1,"€ 44,323.22",16.67%
642,Spain,Female,36,6, € -   ,2,1,1,"€ 97,938.59",33.33%
655,France,Male,28,10, € -   ,2,0,1,"€ 1,26,565.21",20.00%
736,Germany,Male,50,9,"€ 1,16,309.01",1,1,0,"€ 1,85,360.40",0.00%
617,France,Female,34,0,"€ 1,31,244.65",2,1,0,"€ 1,83,229.02",0.00%
762,Germany,Male,28,3,"€ 1,25,155.83",2,1,1,"€ 1,06,024.02",66.67%
703,Germany,Male,35,5,"€ 1,40,691.08",2,1,0,"€ 1,67,810.26",0.00%
507,France,Male,41,3,"€ 58,820.32",2,1,1,"€ 1,38,536.09",66.67%
581,Germany,Female,26,3,"€ 1,05,099.45",1,1,1,"€ 1,84,520.00",33.33%
593,France,Male,31,9, € -   ,2,0,1,"€ 20,492.16",22.22%
648,France,Male,23,9,"€ 1,68,372.52",1,1,0,"€ 1,34,676.72",0.00%
462,Germany,Male,34,1,"€ 94,682.56",2,1,0,"€ 1,38,478.20",0.00%
596,Spain,Male,36,2, € -   ,2,0,1,"€ 1,25,557.95",100.00%
627,France,Female,44,5, € -   ,2,1,0,"€ 82,969.61",0.00%
494,France,Male,40,7, € -   ,2,0,1,"€ 1,58,071.69",28.57%
627,France,Male,73,0,"€ 1,46,329.73",1,0,1,"€ 43,615.67",100.00%
850,Spain,Male,37,2, € -   ,2,1,0,"€ 1,19,969.99",0.00%
632,France,Female,49,5,"€ 1,67,962.70",1,0,0,"€ 1,40,201.21",0.00%
490,France,Male,33,1, € -   ,2,1,1,"€ 80,792.83",200.00%
715,France,Male,40,7, € -   ,1,1,1,"€ 1,41,359.11",14.29%
679,France,Male,48,8, € -   ,2,1,0,"€ 23,344.94",0.00%
619,France,Male,44,3,"€ 1,16,967.68",1,1,0,"€ 5,075.17",0.00%
465,Spain,Female,33,6, € -   ,2,1,1,"€ 95,500.98",33.33%
736,Spain,Male,32,7, € -   ,1,0,1,"€ 79,082.62",14.29%
501,Germany,Female,34,7,"€ 93,244.42",1,0,1,"€ 1,99,805.63",14.29%
535,France,Female,29,5, € -   ,2,0,1,"€ 52,709.55",40.00%
759,France,Female,33,2, € -   ,2,1,0,"€ 56,583.88",0.00%
819,France,Male,35,1, € -   ,2,0,1,"€ 3,385.04",200.00%
533,Germany,Male,43,4,"€ 80,442.06",2,0,1,"€ 12,537.42",50.00%
632,Germany,Female,35,2,"€ 1,50,561.03",2,0,0,"€ 64,722.61",0.00%
686,France,Male,60,9, € -   ,3,1,1,"€ 75,246.21",33.33%
687,France,Female,34,9,"€ 1,25,474.44",1,1,0,"€ 1,98,929.84",0.00%
667,Germany,Female,33,4,"€ 1,27,076.68",2,1,0,"€ 69,011.66",0.00%
699,Spain,Female,25,8, € -   ,2,1,1,"€ 52,404.47",25.00%
497,Spain,Male,37,8,"€ 1,28,650.11",2,1,1,"€ 1,63,641.53",25.00%
780,Spain,Female,33,6,"€ 1,45,580.61",1,1,1,"€ 1,54,598.56",16.67%
652,France,Female,51,3, € -   ,1,1,0,"€ 1,73,989.47",0.00%
477,France,Male,47,9,"€ 1,44,900.58",1,1,0,"€ 61,315.37",0.00%
652,France,Female,37,4, € -   ,2,1,0,"€ 1,43,393.24",0.00%
488,France,Female,31,8,"€ 97,588.60",1,0,0,"€ 1,24,210.53",0.00%
572,France,Male,24,1, € -   ,2,1,1,"€ 1,51,460.84",200.00%
755,France,Female,38,1, € -   ,2,1,0,"€ 20,734.81",0.00%
779,Germany,Female,24,10,"€ 1,22,200.31",2,1,0,"€ 43,705.56",0.00%
693,Spain,Female,46,3,"€ 1,51,709.33",1,1,0,"€ 1,80,736.24",0.00%
530,Spain,Female,22,7, € -   ,2,1,0,"€ 1,04,170.48",0.00%
738,Spain,Female,33,3,"€ 1,22,134.40",2,0,1,"€ 27,867.59",66.67%
690,Germany,Male,31,2,"€ 1,37,260.45",2,1,0,"€ 55,387.28",0.00%
611,France,Female,30,9,"€ 88,594.14",1,1,0,"€ 1,96,332.45",0.00%
643,Spain,Male,34,6, € -   ,2,1,1,"€ 1,16,046.22",33.33%
632,Germany,Male,41,8,"€ 1,27,205.32",4,1,0,"€ 93,874.87",0.00%
727,Spain,Female,31,10,"€ 96,997.09",2,0,0,"€ 76,614.04",0.00%
508,France,Female,64,2, € -   ,1,1,1,"€ 6,076.62",50.00%
550,France,Male,31,5,"€ 1,42,200.19",2,1,1,"€ 1,22,221.71",40.00%
754,Germany,Female,39,3,"€ 1,60,761.41",1,1,1,"€ 24,156.03",33.33%
759,France,Male,26,4, € -   ,2,1,0,"€ 1,35,394.62",0.00%
794,Spain,Male,33,8, € -   ,2,0,0,"€ 91,340.02",0.00%
549,France,Male,29,3, € -   ,2,1,0,"€ 1,46,090.38",0.00%
671,France,Male,31,0,"€ 1,16,234.61",1,1,0,"€ 1,72,096.08",0.00%
756,Germany,Female,26,5,"€ 1,55,143.52",1,0,1,"€ 1,35,034.57",20.00%
632,France,Female,21,1, € -   ,2,1,0,"€ 84,008.66",0.00%
579,France,Male,38,8, € -   ,2,0,0,"€ 91,763.67",0.00%
748,France,Male,34,5,"€ 84,009.47",1,1,1,"€ 1,37,001.10",20.00%
488,Germany,Female,28,7,"€ 1,39,246.22",2,1,0,"€ 1,06,799.49",0.00%
710,Germany,Male,58,7,"€ 1,70,113.00",2,0,1,"€ 10,494.64",28.57%
619,Spain,Female,41,8, € -   ,3,1,1,"€ 79,866.73",37.50%
773,France,Male,64,2,"€ 1,45,578.28",1,0,1,"€ 1,86,172.85",50.00%
657,Spain,Male,75,7,"€ 1,26,273.95",1,0,1,"€ 91,673.60",14.29%
579,France,Female,26,10,"€ 1,62,482.76",1,1,1,"€ 18,458.20",10.00%
542,France,Male,29,9, € -   ,1,1,0,"€ 8,342.35",0.00%
709,France,Female,32,2,"€ 87,814.89",1,1,0,"€ 1,38,578.37",0.00%
617,Spain,Male,61,3,"€ 1,13,858.95",1,1,1,"€ 38,129.22",33.33%
568,Germany,Male,43,5,"€ 87,612.64",4,1,1,"€ 1,07,155.40",80.00%
769,France,Female,73,1, € -   ,1,1,1,"€ 29,792.11",100.00%
608,Germany,Male,26,1,"€ 1,06,648.98",1,0,1,"€ 7,063.60",100.00%
503,Spain,Male,31,4, € -   ,2,1,1,"€ 21,645.06",50.00%
608,Germany,Female,38,8,"€ 1,03,653.51",2,1,1,"€ 1,37,079.86",25.00%
731,Germany,Male,37,3,"€ 1,16,880.53",1,0,0,"€ 1,72,718.35",0.00%
850,Germany,Female,40,4,"€ 97,990.49",2,0,0,"€ 1,06,691.02",0.00%
591,Germany,Female,34,4,"€ 1,50,635.30",1,1,1,"€ 72,274.84",25.00%
579,Spain,Male,37,4, € -   ,2,1,1,"€ 32,246.63",50.00%
570,France,Male,39,10,"€ 1,29,674.89",2,1,0,"€ 80,552.36",0.00%
709,France,Female,37,9, € -   ,2,1,0,"€ 16,733.59",0.00%
611,France,Male,53,3,"€ 83,568.26",1,0,0,"€ 1,235.49",0.00%
775,Spain,Male,48,4,"€ 1,78,144.91",2,0,0,"€ 50,168.41",0.00%
699,Germany,Male,36,6,"€ 1,47,137.74",1,1,1,"€ 33,687.90",16.67%
618,France,Male,37,5, € -   ,1,0,1,"€ 1,78,705.45",20.00%
704,France,Male,36,3,"€ 1,14,370.41",1,0,1,"€ 66,810.48",33.33%
835,Germany,Female,47,5,"€ 1,08,289.28",2,1,1,"€ 45,859.55",40.00%
714,Germany,Male,39,3,"€ 1,49,887.49",2,1,0,"€ 63,846.36",0.00%
581,Spain,Female,43,4,"€ 1,70,172.90",1,0,1,"€ 1,00,236.02",25.00%
592,France,Male,27,3, € -   ,2,1,1,"€ 19,645.65",66.67%
551,France,Male,43,7, € -   ,2,1,0,"€ 1,78,393.68",0.00%
689,Germany,Female,28,2,"€ 64,808.32",2,0,0,"€ 78,591.15",0.00%
604,France,Female,56,0,"€ 62,732.65",1,0,1,"€ 1,24,954.56",100.00%
514,France,Female,41,7, € -   ,2,1,1,"€ 3,756.65",28.57%
698,France,Male,29,5,"€ 95,167.55",1,1,1,"€ 1,52,723.23",20.00%
581,Germany,Female,54,2,"€ 1,52,508.99",1,1,0,"€ 1,87,597.98",0.00%
573,Germany,Male,31,0,"€ 1,34,644.19",1,1,1,"€ 70,381.49",100.00%
449,Spain,Female,33,8, € -   ,2,0,0,"€ 1,56,792.89",0.00%
850,Germany,Female,31,3,"€ 51,293.47",1,0,0,"€ 35,534.68",0.00%
612,France,Male,41,5, € -   ,3,0,0,"€ 1,51,256.22",0.00%
690,Spain,Male,49,8,"€ 1,16,622.73",1,0,1,"€ 51,011.29",12.50%
599,Spain,Female,49,2, € -   ,2,1,0,"€ 1,11,190.53",0.00%
498,France,Male,33,1,"€ 1,98,113.86",1,1,0,"€ 69,664.35",0.00%
497,France,Female,29,4,"€ 85,646.81",1,0,0,"€ 63,233.02",0.00%
802,Spain,Male,51,7, € -   ,1,0,1,"€ 40,855.79",14.29%
644,France,Male,33,9,"€ 1,41,234.98",1,1,0,"€ 95,673.05",0.00%
714,France,Male,34,10, € -   ,2,1,1,"€ 80,234.14",20.00%
690,France,Female,40,9,"€ 77,641.99",1,0,0,"€ 1,89,051.59",0.00%
522,Spain,Male,30,3, € -   ,2,1,0,"€ 1,45,490.85",0.00%
502,Germany,Female,40,7,"€ 1,17,304.29",1,0,0,"€ 1,96,278.32",0.00%
730,Spain,Female,62,2, € -   ,2,1,1,"€ 1,62,889.10",100.00%
590,Germany,Male,36,6,"€ 92,340.69",2,1,1,"€ 1,74,667.58",33.33%
458,Germany,Male,35,9,"€ 1,46,780.52",2,1,1,"€ 3,476.38",22.22%
553,Spain,Male,41,6,"€ 1,44,974.55",1,1,1,"€ 19,344.92",16.67%
479,France,Male,47,1, € -   ,1,1,0,"€ 95,270.83",0.00%
693,France,Male,31,2, € -   ,2,1,1,"€ 1,07,759.31",100.00%
707,Spain,Male,43,10, € -   ,2,1,0,"€ 1,18,368.20",0.00%
636,Spain,Male,37,1,"€ 1,15,137.26",1,1,0,"€ 52,484.01",0.00%
807,France,Male,33,10,"€ 1,01,952.97",2,1,0,"€ 1,78,153.65",0.00%
513,France,Female,45,0,"€ 1,64,649.52",3,1,0,"€ 49,915.52",0.00%
582,France,Male,31,2, € -   ,2,1,1,"€ 33,747.03",100.00%
694,France,Male,32,0,"€ 91,956.49",1,1,1,"€ 59,961.81",100.00%
777,France,Male,39,8, € -   ,2,1,1,"€ 18,613.52",25.00%
598,Germany,Male,32,9,"€ 1,23,938.60",2,1,0,"€ 1,98,894.42",0.00%
762,Germany,Male,46,6,"€ 1,23,571.77",3,0,1,"€ 57,014.17",50.00%
588,France,Female,34,3,"€ 1,20,777.88",1,1,1,"€ 1,31,729.52",33.33%
663,Germany,Male,42,5,"€ 90,248.79",1,1,1,"€ 79,169.73",20.00%
777,France,Male,36,7, € -   ,1,1,0,"€ 1,06,472.34",0.00%
592,France,Male,71,4, € -   ,2,0,1,"€ 17,013.54",50.00%
631,Germany,Male,48,1,"€ 1,06,396.48",1,1,1,"€ 1,50,661.42",100.00%
725,Germany,Female,47,1,"€ 1,04,887.43",1,0,0,"€ 86,622.56",0.00%
850,France,Male,34,2,"€ 72,079.71",1,1,1,"€ 1,15,767.93",50.00%
540,France,Male,37,6, € -   ,2,1,0,"€ 1,41,998.89",0.00%
674,Spain,Male,36,2, € -   ,2,1,1,"€ 1,82,787.17",100.00%
553,France,Male,38,3,"€ 99,844.68",1,0,0,"€ 1,87,915.70",0.00%
630,France,Female,28,1, € -   ,2,1,1,"€ 1,33,267.78",200.00%
466,France,Male,26,3,"€ 1,56,815.71",1,1,1,"€ 1,37,476.09",33.33%
613,France,Male,47,6,"€ 1,46,034.74",1,1,1,"€ 77,146.14",16.67%
558,France,Male,27,1,"€ 1,52,283.39",1,1,0,"€ 1,83,271.15",0.00%
775,Germany,Female,33,1,"€ 1,18,897.10",2,1,1,"€ 26,362.40",200.00%
698,Germany,Male,52,8,"€ 96,781.39",1,1,1,"€ 1,53,373.71",12.50%
608,Germany,Male,33,1,"€ 1,02,772.67",2,1,0,"€ 70,705.58",0.00%
670,Spain,Female,20,4, € -   ,2,1,0,"€ 1,19,759.24",0.00%
591,Spain,Male,39,8, € -   ,2,0,0,"€ 42,392.24",0.00%
633,France,Male,40,4,"€ 1,50,578.00",1,0,1,"€ 34,670.62",25.00%
678,France,Female,46,1, € -   ,2,0,0,"€ 82,106.19",0.00%
590,France,Male,47,3, € -   ,2,1,0,"€ 1,71,774.50",0.00%
705,France,Female,48,0, € -   ,2,0,0,"€ 1,49,772.61",0.00%
608,France,Male,42,10,"€ 1,63,548.07",1,1,0,"€ 38,866.85",0.00%
682,France,Female,37,8,"€ 1,48,580.12",1,1,0,"€ 35,179.18",0.00%
596,Germany,Male,32,3,"€ 96,709.07",2,0,0,"€ 41,788.37",0.00%
395,Germany,Female,34,5,"€ 1,06,011.59",1,1,1,"€ 17,376.57",20.00%
578,Germany,Male,37,1,"€ 1,35,650.88",1,1,0,"€ 1,99,428.19",0.00%
547,Germany,Male,55,4,"€ 1,11,362.76",3,1,0,"€ 16,922.28",0.00%
609,France,Male,37,1,"€ 39,344.83",1,1,1,"€ 1,78,291.89",100.00%
774,Germany,Male,36,9,"€ 1,30,809.77",1,1,0,"€ 1,52,290.28",0.00%
712,France,Female,27,2,"€ 1,33,009.51",1,1,0,"€ 1,26,809.15",0.00%
585,Germany,Female,28,9,"€ 1,35,337.49",2,1,1,"€ 40,385.61",22.22%
666,France,Female,32,10,"€ 1,12,536.57",2,1,1,"€ 34,350.54",20.00%
708,Spain,Female,35,8,"€ 1,22,570.69",1,0,0,"€ 1,99,005.88",0.00%
513,France,Male,44,1,"€ 63,562.02",2,0,1,"€ 52,629.73",200.00%
445,France,Male,37,3, € -   ,2,1,1,"€ 1,80,012.39",66.67%
690,Germany,Male,44,9,"€ 1,00,368.63",2,0,0,"€ 35,342.33",0.00%
850,France,Male,37,6, € -   ,2,1,0,"€ 1,09,291.22",0.00%
537,Spain,Female,33,7,"€ 1,36,082.00",1,1,0,"€ 62,746.54",0.00%
705,Germany,Male,48,9,"€ 1,14,169.16",1,0,0,"€ 1,73,273.20",0.00%
670,France,Female,45,5,"€ 47,884.92",1,1,1,"€ 54,340.24",20.00%
652,Spain,Female,36,1, € -   ,2,1,1,"€ 19,302.78",200.00%
696,Spain,Male,24,9, € -   ,1,0,0,"€ 10,883.52",0.00%
747,France,Male,49,6,"€ 2,02,904.64",1,1,1,"€ 17,298.72",16.67%
511,France,Female,46,1, € -   ,1,1,1,"€ 1,15,779.48",100.00%
743,Spain,Male,43,2,"€ 1,61,807.18",2,0,1,"€ 93,228.86",100.00%
532,Germany,Male,52,3,"€ 1,10,791.97",1,1,0,"€ 1,48,704.77",0.00%
642,Spain,Female,33,9, € -   ,2,1,1,"€ 1,50,475.14",22.22%
554,Germany,Female,54,6,"€ 1,08,755.00",1,1,0,"€ 40,914.32",0.00%
604,Spain,Female,34,3, € -   ,2,1,0,"€ 38,587.70",0.00%
602,France,Female,72,3, € -   ,2,1,1,"€ 1,71,260.66",66.67%
757,Spain,Female,55,9,"€ 1,17,294.12",4,1,0,"€ 94,187.47",0.00%
491,Germany,Male,26,4,"€ 1,02,251.14",1,1,1,"€ 1,45,900.89",25.00%
850,France,Male,31,4, € -   ,2,0,0,"€ 1,52,298.28",0.00%
521,France,Male,22,5, € -   ,2,1,1,"€ 99,828.45",40.00%
726,France,Male,37,2,"€ 1,32,057.92",2,1,0,"€ 34,743.98",0.00%
596,France,Male,33,8, € -   ,1,1,0,"€ 1,21,189.30",0.00%
850,Germany,Female,35,7,"€ 1,14,285.20",1,0,1,"€ 1,29,660.59",14.29%
637,France,Female,41,9, € -   ,2,1,0,"€ 1,45,477.36",0.00%
690,Spain,Male,32,2,"€ 76,087.98",1,0,1,"€ 1,51,822.66",50.00%
689,France,Male,40,8,"€ 1,60,272.27",1,1,0,"€ 49,656.24",0.00%
633,Spain,Male,63,4,"€ 1,14,552.60",1,1,0,"€ 73,856.28",0.00%
555,France,Female,27,8,"€ 1,02,000.17",1,1,1,"€ 1,16,757.00",12.50%
563,Spain,Male,24,7, € -   ,2,0,0,"€ 16,319.56",0.00%
494,France,Female,33,1,"€ 1,37,853.00",1,0,1,"€ 90,273.85",100.00%
534,France,Male,27,9, € -   ,2,1,0,"€ 1,61,344.13",0.00%
696,Germany,Male,42,7,"€ 1,62,318.61",1,1,0,"€ 1,21,061.89",0.00%
535,Spain,Female,50,1,"€ 1,40,292.58",3,0,0,"€ 69,531.22",0.00%
600,France,Male,34,0, € -   ,2,0,1,"€ 3,756.23",200.00%
807,France,Female,34,1, € -   ,1,0,0,"€ 1,14,448.13",0.00%
714,France,Female,52,2, € -   ,1,0,1,"€ 1,44,045.08",50.00%
590,France,Male,24,7,"€ 1,26,431.54",1,1,0,"€ 58,781.11",0.00%
614,France,Female,41,3,"€ 1,23,475.04",1,1,1,"€ 1,79,227.52",33.33%
766,Germany,Female,45,6,"€ 97,652.96",1,1,0,"€ 1,27,332.33",0.00%
557,Spain,Male,42,4, € -   ,2,0,1,"€ 86,642.38",50.00%
788,Germany,Female,49,4,"€ 1,37,455.99",1,1,0,"€ 1,84,178.29",0.00%
648,France,Female,38,2, € -   ,2,0,1,"€ 9,551.49",100.00%
726,Germany,Female,33,7,"€ 99,046.31",2,1,1,"€ 56,053.06",28.57%
773,France,Male,33,9, € -   ,2,1,1,"€ 1,118.31",22.22%
583,Germany,Male,27,4,"€ 1,05,907.42",2,1,1,"€ 1,95,732.04",50.00%
565,Germany,Male,52,5,"€ 97,720.35",2,1,0,"€ 1,75,070.94",0.00%
705,France,Male,25,9, € -   ,2,0,1,"€ 1,12,331.19",22.22%
685,Spain,Male,43,4,"€ 97,392.18",2,1,0,"€ 43,956.83",0.00%
741,France,Male,29,8, € -   ,2,1,1,"€ 1,15,994.52",25.00%
658,Germany,Female,28,9,"€ 1,52,812.58",1,1,0,"€ 1,66,682.57",0.00%
575,France,Male,27,3,"€ 1,39,301.68",1,1,0,"€ 99,843.98",0.00%
844,France,Female,41,10,"€ 76,319.64",1,1,1,"€ 1,41,175.18",10.00%
559,Spain,Male,67,9,"€ 1,25,919.35",1,1,0,"€ 1,75,910.95",0.00%
725,France,Male,37,6,"€ 1,24,348.38",2,0,1,"€ 1,76,984.34",33.33%
450,France,Male,29,7,"€ 1,17,199.80",1,1,1,"€ 43,480.63",14.29%
738,Germany,Female,57,9,"€ 1,48,384.64",1,0,0,"€ 1,55,047.11",0.00%
642,Germany,Female,19,3,"€ 1,13,905.48",1,1,1,"€ 1,76,137.20",33.33%
618,Spain,Male,32,5,"€ 1,33,476.09",1,0,1,"€ 1,54,843.40",20.00%
590,France,Male,47,0,"€ 1,17,879.32",1,1,1,"€ 8,214.46",100.00%
735,France,Male,50,2, € -   ,2,0,1,"€ 1,47,075.69",100.00%
550,France,Male,34,8,"€ 1,22,359.50",1,0,0,"€ 1,16,495.55",0.00%
729,Spain,Female,28,0, € -   ,2,1,1,"€ 31,165.06",200.00%
743,Germany,Male,59,5,"€ 1,08,585.35",1,1,1,"€ 1,92,127.22",20.00%
555,France,Male,31,8,"€ 1,45,875.74",1,1,0,"€ 1,37,491.23",0.00%
667,Spain,Female,36,3,"€ 1,21,542.57",2,1,1,"€ 1,86,841.71",66.67%
790,Spain,Female,41,7,"€ 1,09,508.68",1,0,0,"€ 86,776.38",0.00%
727,Germany,Male,34,2,"€ 1,46,407.11",1,1,1,"€ 72,073.72",50.00%
744,France,Female,39,6, € -   ,1,0,0,"€ 10,662.58",0.00%
629,Germany,Male,35,8,"€ 1,12,330.83",1,1,1,"€ 91,001.02",12.50%
619,France,Female,35,4,"€ 90,413.12",1,1,1,"€ 20,555.21",25.00%
634,France,Male,34,8,"€ 1,05,302.66",1,1,1,"€ 1,23,164.97",12.50%
608,Spain,Female,35,6, € -   ,2,1,1,"€ 1,43,463.28",33.33%
507,France,Female,35,1, € -   ,2,0,0,"€ 92,131.54",0.00%
536,Germany,Female,35,4,"€ 1,21,520.36",1,0,0,"€ 77,178.42",0.00%
730,Spain,Female,43,1,"€ 1,03,960.38",1,1,1,"€ 1,93,650.16",100.00%
583,Germany,Male,39,8,"€ 1,02,945.01",1,0,0,"€ 52,861.89",0.00%
644,France,Female,24,8,"€ 92,760.55",1,1,0,"€ 35,896.75",0.00%
790,Spain,Male,37,8, € -   ,2,1,1,"€ 1,49,418.41",25.00%
807,Germany,Female,40,1,"€ 1,34,590.21",1,1,1,"€ 46,253.65",100.00%
581,France,Female,37,10,"€ 1,04,255.03",1,1,0,"€ 86,609.37",0.00%
627,Spain,Female,55,6, € -   ,1,0,0,"€ 91,943.94",0.00%
850,France,Male,41,3, € -   ,2,1,0,"€ 1,28,892.36",0.00%
754,France,Female,35,4, € -   ,2,1,0,"€ 44,830.71",0.00%
551,Germany,Male,50,1,"€ 1,21,399.98",1,0,1,"€ 84,508.44",100.00%
637,Germany,Male,35,8,"€ 1,47,127.81",2,1,1,"€ 84,760.70",25.00%
699,Spain,Male,31,8,"€ 1,25,927.51",2,1,0,"€ 1,47,661.47",0.00%
542,France,Female,25,7, € -   ,2,0,1,"€ 82,393.08",28.57%
640,Germany,Male,48,1,"€ 1,11,599.32",1,0,1,"€ 1,35,995.58",100.00%
553,France,Female,27,3, € -   ,2,0,0,"€ 1,59,800.16",0.00%
741,France,Male,38,9, € -   ,2,1,0,"€ 14,379.01",0.00%
598,France,Male,35,8,"€ 1,14,212.60",1,1,1,"€ 74,322.85",12.50%
660,Spain,Female,42,5, € -   ,3,1,1,"€ 1,89,016.24",60.00%
618,Spain,Male,41,4,"€ 1,15,251.64",1,0,0,"€ 1,36,435.75",0.00%
647,France,Male,43,9, € -   ,2,1,1,"€ 78,488.39",22.22%
491,France,Female,68,3,"€ 1,07,571.61",1,0,1,"€ 1,13,695.99",33.33%
652,France,Female,32,2, € -   ,2,1,0,"€ 54,628.11",0.00%
650,Germany,Female,45,9,"€ 1,52,367.21",3,1,0,"€ 1,50,835.21",0.00%
413,Germany,Male,39,1,"€ 1,30,969.77",2,1,1,"€ 1,58,891.79",200.00%
416,Germany,Female,25,0,"€ 97,738.97",2,1,1,"€ 1,60,523.33",200.00%
629,Spain,Male,34,8, € -   ,2,1,1,"€ 1,80,595.02",25.00%
678,Spain,Female,40,4,"€ 1,13,794.22",1,1,0,"€ 16,618.76",0.00%
527,Spain,Male,28,6,"€ 1,28,396.33",2,1,0,"€ 79,919.97",0.00%
743,Spain,Female,48,5,"€ 1,18,207.69",2,0,0,"€ 1,86,489.14",0.00%
683,Germany,Male,73,9,"€ 1,24,730.26",1,1,1,"€ 51,999.50",11.11%
536,France,Female,41,9, € -   ,1,1,0,"€ 1,21,299.14",0.00%
663,Spain,Male,52,0,"€ 1,36,298.65",1,1,0,"€ 1,44,593.30",0.00%
646,France,Female,38,2, € -   ,2,0,0,"€ 1,78,752.73",0.00%
707,France,Male,35,2, € -   ,3,1,1,"€ 94,148.30",150.00%
602,France,Male,34,5, € -   ,2,1,1,"€ 77,414.45",40.00%
635,France,Female,47,2,"€ 1,25,724.95",2,1,0,"€ 63,236.97",0.00%
597,France,Male,67,2, € -   ,2,0,1,"€ 1,08,645.85",100.00%
503,France,Male,38,1, € -   ,2,1,1,"€ 95,153.24",200.00%
524,Spain,Female,64,5, € -   ,1,1,0,"€ 1,36,079.64",0.00%
700,France,Male,46,5,"€ 95,872.86",1,1,0,"€ 98,273.01",0.00%
692,France,Male,33,9, € -   ,1,1,0,"€ 1,13,505.93",0.00%
562,France,Male,37,2, € -   ,1,0,1,"€ 52,525.15",50.00%
679,France,Male,37,7,"€ 74,260.03",1,1,0,"€ 1,94,617.98",0.00%
603,Germany,Male,35,1,"€ 1,23,407.69",1,1,0,"€ 1,52,541.89",0.00%
720,Spain,Male,33,3,"€ 1,23,783.91",2,1,1,"€ 1,42,903.44",66.67%
797,France,Male,24,5, € -   ,2,1,0,"€ 1,82,257.61",0.00%
594,France,Male,36,6,"€ 1,53,880.15",1,0,0,"€ 1,35,431.72",0.00%
529,France,Female,31,7, € -   ,2,1,1,"€ 1,75,697.87",28.57%
606,Germany,Female,32,1,"€ 1,06,301.85",2,0,1,"€ 59,061.25",200.00%
621,Spain,Female,40,7, € -   ,2,0,1,"€ 1,31,283.60",28.57%
513,France,Female,43,9, € -   ,2,1,0,"€ 1,52,499.80",0.00%
753,Germany,Male,44,3,"€ 1,38,076.47",1,1,0,"€ 15,523.09",0.00%
605,France,Female,30,9,"€ 1,35,422.31",1,0,1,"€ 1,86,418.85",11.11%
574,Spain,Female,37,7, € -   ,2,1,0,"€ 32,262.28",0.00%
726,France,Female,38,5,"€ 1,26,875.62",1,1,0,"€ 1,28,052.29",0.00%
611,Spain,Female,28,3,"€ 96,381.68",2,1,0,"€ 1,81,419.29",0.00%
593,Germany,Female,41,4,"€ 1,19,703.10",2,1,1,"€ 1,09,783.29",50.00%
466,Germany,Male,41,2,"€ 1,52,102.18",2,1,0,"€ 1,81,879.56",0.00%
741,Germany,Female,36,0,"€ 1,27,675.39",2,1,0,"€ 74,260.16",0.00%
684,Germany,Female,44,2,"€ 1,33,776.86",2,0,1,"€ 49,865.04",100.00%
550,Spain,Female,33,9,"€ 72,788.03",1,1,1,"€ 1,03,608.06",11.11%
593,Spain,Male,26,9,"€ 76,226.90",1,1,0,"€ 1,67,564.82",0.00%
601,Germany,Male,48,9,"€ 1,63,630.76",1,0,1,"€ 41,816.49",11.11%
676,Spain,Female,30,5, € -   ,2,0,0,"€ 1,79,066.58",0.00%
556,France,Female,46,10, € -   ,2,0,0,"€ 1,09,184.24",0.00%
719,France,Male,36,3,"€ 1,55,423.17",1,1,1,"€ 1,99,841.32",33.33%
850,Germany,Male,55,0,"€ 98,710.89",1,1,1,"€ 83,617.17",100.00%
649,Spain,Female,49,2, € -   ,1,1,0,"€ 84,863.85",0.00%
509,Spain,Male,41,7,"€ 1,26,683.80",1,0,1,"€ 1,14,775.53",14.29%
684,France,Male,33,4,"€ 1,40,700.61",1,1,0,"€ 1,03,557.93",0.00%
806,Germany,Male,30,8,"€ 1,68,078.83",1,1,0,"€ 85,028.36",0.00%
729,Spain,Male,44,4,"€ 1,07,726.93",2,1,0,"€ 1,53,064.87",0.00%
683,France,Female,33,9, € -   ,2,1,1,"€ 38,784.42",22.22%
689,Spain,Female,63,1, € -   ,2,1,1,"€ 1,86,526.12",200.00%
672,Germany,Female,21,1,"€ 35,741.69",1,1,0,"€ 28,789.94",0.00%
602,Germany,Female,53,5,"€ 98,268.84",1,0,1,"€ 45,038.29",20.00%
739,France,Female,20,4,"€ 1,33,800.98",1,0,1,"€ 1,50,245.81",25.00%
618,France,Female,21,2,"€ 1,25,682.79",1,0,0,"€ 57,762.00",0.00%
674,France,Female,42,9, € -   ,2,1,0,"€ 4,292.72",0.00%
762,France,Male,26,6,"€ 1,30,428.78",1,1,0,"€ 1,73,365.89",0.00%
790,Spain,Male,37,6, € -   ,2,1,1,"€ 1,19,484.01",33.33%
754,Spain,Female,27,8, € -   ,2,0,0,"€ 1,21,821.16",0.00%
729,France,Male,44,6, € -   ,2,1,0,"€ 1,51,733.43",0.00%
606,Germany,Female,47,0,"€ 1,37,138.20",2,0,1,"€ 53,784.22",200.00%
616,France,Male,23,8,"€ 73,112.95",1,1,1,"€ 62,733.05",12.50%
772,France,Male,47,9,"€ 1,52,347.01",1,0,1,"€ 17,671.78",11.11%
652,Spain,Male,41,8,"€ 1,15,144.68",1,1,0,"€ 1,88,905.43",0.00%
743,France,Male,43,5, € -   ,2,0,0,"€ 1,13,079.19",0.00%
793,France,Male,39,3,"€ 1,37,817.52",1,0,0,"€ 83,997.79",0.00%
743,Spain,Male,45,7,"€ 1,57,332.26",1,1,0,"€ 1,25,424.42",0.00%
746,France,Male,37,2, € -   ,2,1,0,"€ 1,43,194.05",0.00%
627,Germany,Female,39,5,"€ 1,24,586.93",1,1,0,"€ 93,132.61",0.00%
713,Spain,Male,38,6,"€ 1,16,980.78",2,0,1,"€ 76,038.38",33.33%
678,Spain,Female,40,3,"€ 1,28,398.38",1,1,0,"€ 1,68,658.30",0.00%
540,Spain,Male,39,1, € -   ,1,0,1,"€ 1,08,419.41",100.00%
615,Germany,Female,33,3,"€ 1,37,657.25",2,1,1,"€ 1,71,657.57",66.67%
415,Spain,Male,53,5,"€ 1,67,259.44",1,1,1,"€ 22,357.25",20.00%
628,France,Female,45,8, € -   ,2,1,0,"€ 1,93,903.06",0.00%
700,France,Male,26,4,"€ 1,19,009.57",1,1,0,"€ 1,41,926.43",0.00%
623,Germany,Male,33,2,"€ 80,002.33",1,1,1,"€ 1,04,079.62",50.00%
623,France,Female,37,4,"€ 1,40,211.88",1,1,1,"€ 93,832.33",25.00%
679,France,Female,44,3,"€ 1,18,742.74",2,1,0,"€ 1,568.91",0.00%
632,Spain,Male,37,1,"€ 1,38,207.08",1,1,0,"€ 60,778.11",0.00%
790,France,Female,47,10,"€ 1,48,636.21",1,0,1,"€ 16,119.96",10.00%
514,France,Male,45,1,"€ 1,78,827.79",1,1,0,"€ 60,375.18",0.00%
491,France,Male,33,5,"€ 83,134.30",1,1,0,"€ 1,87,946.55",0.00%
753,France,Male,92,3,"€ 1,21,513.31",1,0,1,"€ 1,95,563.99",33.33%
693,Germany,Female,37,6,"€ 95,900.04",1,1,1,"€ 38,196.24",16.67%
679,France,Female,30,1,"€ 1,12,543.42",1,1,1,"€ 1,79,435.21",100.00%
529,Spain,Male,34,9, € -   ,1,1,1,"€ 93,208.22",11.11%
619,Spain,Female,31,3,"€ 1,41,751.82",1,0,1,"€ 61,531.86",33.33%
680,Spain,Female,37,6,"€ 1,24,140.57",2,1,0,"€ 92,826.35",0.00%
693,Germany,Male,45,2,"€ 1,16,546.59",2,0,0,"€ 23,140.28",0.00%
834,France,Female,28,6, € -   ,1,1,0,"€ 74,287.53",0.00%
636,Spain,Female,29,6,"€ 1,57,576.47",2,1,1,"€ 1,01,102.39",33.33%
538,Spain,Male,43,5, € -   ,2,1,0,"€ 1,26,933.73",0.00%
566,Germany,Female,44,5,"€ 1,41,428.99",2,0,0,"€ 68,408.74",0.00%
597,Spain,Male,35,0,"€ 1,27,510.99",1,1,1,"€ 1,55,356.34",100.00%
711,France,Female,29,9, € -   ,2,0,1,"€ 3,234.80",22.22%
606,France,Male,31,10, € -   ,2,1,0,"€ 1,95,209.40",0.00%
615,Spain,Male,51,6,"€ 81,818.49",1,1,1,"€ 1,69,149.38",16.67%
589,France,Male,36,1,"€ 1,00,895.54",1,1,1,"€ 68,075.14",100.00%
606,Germany,Male,45,5,"€ 63,832.43",1,1,1,"€ 93,707.80",20.00%
582,France,Male,29,4, € -   ,2,0,0,"€ 1,56,153.27",0.00%
710,France,Female,36,4,"€ 1,16,085.06",1,1,0,"€ 58,601.61",0.00%
467,France,Male,57,1, € -   ,2,1,1,"€ 1,14,448.77",200.00%
749,France,Male,30,1, € -   ,2,0,1,"€ 1,26,551.65",200.00%
564,Germany,Female,33,2,"€ 1,15,761.51",1,0,1,"€ 1,12,350.21",50.00%
730,Spain,Male,26,6, € -   ,2,1,1,"€ 1,85,808.70",33.33%
678,Germany,Male,32,4,"€ 1,39,626.01",1,1,1,"€ 1,18,235.52",25.00%
540,France,Female,31,7, € -   ,1,0,1,"€ 1,83,051.60",14.29%
767,France,Female,35,6,"€ 1,15,576.44",1,0,1,"€ 27,922.45",16.67%
615,France,Female,23,4, € -   ,2,1,0,"€ 1,96,476.19",0.00%
583,Germany,Female,41,5,"€ 77,647.60",1,1,0,"€ 1,90,429.52",0.00%
850,France,Female,40,5, € -   ,2,1,0,"€ 35,034.15",0.00%
651,Germany,Female,34,10,"€ 1,48,962.46",1,1,0,"€ 66,389.43",0.00%
798,France,Male,22,8, € -   ,2,1,0,"€ 1,07,615.43",0.00%
695,France,Male,37,2, € -   ,2,1,1,"€ 99,692.65",100.00%
497,Germany,Male,41,5,"€ 80,542.81",1,0,0,"€ 88,729.22",0.00%
739,France,Male,40,4, € -   ,2,0,0,"€ 1,73,321.65",0.00%
549,France,Female,34,4, € -   ,2,0,0,"€ 1,39,463.57",0.00%
850,France,Male,35,9,"€ 1,02,050.47",1,1,1,"€ 3,769.71",11.11%
648,Spain,Male,49,5, € -   ,1,1,0,"€ 1,49,946.43",0.00%
679,France,Female,24,6,"€ 1,14,948.76",2,0,1,"€ 1,35,768.25",33.33%
606,Germany,Male,39,8,"€ 1,36,000.45",2,1,0,"€ 31,708.53",0.00%
850,France,Male,32,4,"€ 1,56,001.68",2,1,1,"€ 1,51,677.31",50.00%
619,Germany,Male,41,3,"€ 1,47,974.16",2,1,0,"€ 1,70,518.83",0.00%
719,Spain,Male,44,2, € -   ,2,1,0,"€ 1,96,582.19",0.00%
640,Germany,Male,26,5,"€ 90,402.77",1,1,1,"€ 3,298.65",20.00%
710,France,Male,40,5, € -   ,2,0,0,"€ 1,62,878.96",0.00%
580,France,Male,31,2, € -   ,2,0,1,"€ 64,014.24",100.00%
550,France,Male,44,9, € -   ,2,1,0,"€ 26,257.01",0.00%
841,France,Female,31,3,"€ 1,62,701.65",2,1,1,"€ 1,26,794.56",66.67%
760,France,Male,34,2, € -   ,2,1,0,"€ 1,64,162.44",0.00%
687,France,Female,30,6, € -   ,2,0,0,"€ 1,79,206.92",0.00%
753,Germany,Female,35,5,"€ 82,453.96",2,0,0,"€ 18,254.75",0.00%
661,France,Male,35,9,"€ 1,00,107.99",1,1,0,"€ 83,949.68",0.00%
699,France,Male,28,7, € -   ,2,1,1,"€ 22,684.78",28.57%
617,Germany,Female,39,5,"€ 83,348.89",3,1,0,"€ 7,953.62",0.00%
595,Germany,Female,44,4,"€ 96,553.52",2,1,0,"€ 1,43,952.24",0.00%
669,France,Male,50,9,"€ 2,01,009.64",1,1,0,"€ 1,58,032.50",0.00%
613,France,Female,27,5,"€ 1,25,167.74",1,1,0,"€ 1,99,104.52",0.00%
782,France,Male,32,9, € -   ,1,1,1,"€ 87,566.97",11.11%
582,France,Female,43,5,"€ 1,53,313.67",1,0,0,"€ 1,70,563.73",0.00%
679,France,Male,30,9, € -   ,2,1,0,"€ 1,57,871.55",0.00%
611,France,Female,40,2,"€ 1,25,879.29",1,1,0,"€ 93,203.43",0.00%
455,Germany,Female,37,6,"€ 1,70,057.62",1,0,1,"€ 54,398.56",16.67%
621,France,Male,32,1, € -   ,2,1,1,"€ 1,68,779.47",200.00%
596,Germany,Male,48,2,"€ 1,31,326.47",1,0,0,"€ 1,140.02",0.00%
585,Spain,Female,56,1,"€ 1,28,472.80",1,1,0,"€ 1,86,476.91",0.00%
742,France,Male,32,6,"€ 1,60,485.16",1,1,0,"€ 29,023.03",0.00%
850,Germany,Male,42,6,"€ 84,445.68",3,0,1,"€ 60,021.34",50.00%
738,Germany,Female,40,1,"€ 1,15,409.18",2,0,0,"€ 1,80,456.80",0.00%
619,Spain,Male,46,8,"€ 62,400.48",1,1,1,"€ 1,32,498.39",12.50%
628,France,Female,50,4,"€ 1,43,054.56",1,0,1,"€ 1,09,608.81",25.00%
487,France,Male,24,7,"€ 1,33,628.09",2,1,1,"€ 98,570.01",28.57%
513,Spain,Female,41,9,"€ 1,07,135.04",2,1,1,"€ 1,60,546.58",22.22%
563,Spain,Male,26,7, € -   ,2,0,0,"€ 6,139.74",0.00%
803,France,Female,65,2,"€ 1,51,659.52",2,0,1,"€ 6,930.17",100.00%
607,Spain,Female,32,7, € -   ,3,0,1,"€ 10,674.62",42.86%
628,Germany,Female,51,9,"€ 1,55,903.82",2,1,1,"€ 71,159.84",22.22%
521,Spain,Female,49,4,"€ 82,940.25",2,0,0,"€ 62,413.01",0.00%
669,Germany,Female,50,4,"€ 1,12,650.89",1,0,0,"€ 1,66,386.22",0.00%
686,France,Female,41,10, € -   ,1,1,0,"€ 1,33,086.45",0.00%
700,Germany,Male,35,4,"€ 95,853.39",2,1,0,"€ 1,92,933.37",0.00%
663,France,Female,42,1,"€ 82,228.67",2,1,0,"€ 71,359.78",0.00%
671,Spain,Female,31,4, € -   ,2,0,1,"€ 79,270.02",50.00%
651,Germany,Female,35,1,"€ 1,63,700.78",3,1,1,"€ 29,583.48",300.00%
728,France,Male,34,4,"€ 1,06,328.08",1,1,0,"€ 88,680.65",0.00%
574,France,Female,34,7,"€ 1,52,992.91",1,1,1,"€ 1,34,691.20",14.29%
464,France,Male,38,3,"€ 1,16,439.65",1,1,0,"€ 75,574.48",0.00%
604,Spain,Male,27,9,"€ 1,01,352.78",1,0,0,"€ 30,252.30",0.00%
836,Spain,Female,37,10, € -   ,2,1,0,"€ 1,11,324.41",0.00%
511,Germany,Female,75,9,"€ 1,05,609.17",1,0,1,"€ 1,05,425.18",11.11%
518,France,Female,45,8, € -   ,2,1,1,"€ 36,193.07",25.00%
756,France,Male,67,4, € -   ,3,1,1,"€ 93,081.87",75.00%
489,France,Female,47,8,"€ 1,03,894.38",2,1,1,"€ 1,07,625.46",25.00%
622,Spain,Male,27,9,"€ 1,39,834.93",1,1,1,"€ 1,52,733.89",11.11%
652,France,Female,36,6,"€ 1,12,518.71",2,0,1,"€ 1,10,421.31",33.33%
625,France,Female,37,7,"€ 1,15,895.42",1,1,0,"€ 48,486.25",0.00%
521,Spain,Female,39,3,"€ 1,46,408.68",1,0,0,"€ 72,993.67",0.00%
546,France,Male,34,4,"€ 1,65,363.31",2,1,1,"€ 25,744.13",50.00%
697,France,Female,45,1, € -   ,2,1,0,"€ 46,807.62",0.00%
571,Germany,Male,33,3,"€ 71,843.15",1,1,0,"€ 26,772.04",0.00%
748,Spain,Male,35,5,"€ 1,05,492.53",1,1,1,"€ 1,50,057.20",20.00%
591,France,Male,35,7,"€ 1,83,027.25",1,1,1,"€ 56,028.79",14.29%
814,Germany,Male,29,1,"€ 1,31,968.57",2,1,1,"€ 1,47,693.92",200.00%
709,France,Female,45,3,"€ 1,04,118.50",1,0,1,"€ 1,74,032.00",33.33%
433,Spain,Male,27,2, € -   ,2,1,1,"€ 1,53,698.65",100.00%
781,France,Male,20,0,"€ 1,25,023.10",2,1,1,"€ 1,08,301.45",200.00%
656,France,Female,30,4,"€ 74,323.20",1,1,1,"€ 22,929.08",25.00%
683,France,Male,38,7,"€ 1,09,346.13",2,1,0,"€ 1,02,665.92",0.00%
620,France,Male,32,6, € -   ,2,1,0,"€ 56,139.09",0.00%
637,Germany,Female,39,3,"€ 1,09,698.41",1,1,1,"€ 88,391.29",33.33%
525,Spain,Female,30,5, € -   ,2,0,1,"€ 1,49,195.44",40.00%
793,Germany,Female,34,5,"€ 1,27,758.09",1,1,0,"€ 1,43,357.03",0.00%
638,Germany,Male,50,1,"€ 1,02,645.48",1,1,0,"€ 1,68,359.98",0.00%
520,France,Male,31,4,"€ 93,249.40",1,1,0,"€ 77,335.75",0.00%
641,France,Male,35,5, € -   ,2,1,0,"€ 93,148.93",0.00%
840,Germany,Female,51,1,"€ 87,779.83",1,0,1,"€ 36,687.11",100.00%
504,Spain,Male,40,5, € -   ,2,0,0,"€ 1,46,703.36",0.00%
686,France,Male,38,0,"€ 1,38,131.34",1,0,1,"€ 1,15,927.85",100.00%
533,Germany,Male,38,4,"€ 70,362.52",2,1,1,"€ 1,04,189.46",50.00%
577,France,Female,32,1, € -   ,2,1,0,"€ 9,902.39",0.00%
445,Germany,Female,48,7,"€ 1,68,286.58",1,1,0,"€ 16,645.77",0.00%
720,France,Male,44,3,"€ 86,102.27",1,1,0,"€ 1,80,134.88",0.00%
643,Germany,Male,25,4,"€ 1,15,142.90",1,1,1,"€ 1,48,098.95",25.00%
652,Germany,Female,47,0,"€ 1,26,597.89",2,1,1,"€ 38,798.79",200.00%
663,France,Female,33,2, € -   ,2,1,0,"€ 1,53,295.00",0.00%
525,Germany,Female,30,0,"€ 1,57,989.21",2,1,1,"€ 1,00,687.67",200.00%
662,Spain,Female,54,1,"€ 1,87,997.15",1,0,0,"€ 1,11,442.71",0.00%
724,Germany,Male,54,8,"€ 1,72,192.49",1,1,1,"€ 1,36,902.01",12.50%
581,Germany,Male,38,1,"€ 1,33,105.47",1,1,0,"€ 1,05,732.90",0.00%
685,Spain,Male,38,4, € -   ,2,1,1,"€ 35,884.91",50.00%
595,France,Male,46,10, € -   ,1,1,0,"€ 73,489.15",0.00%
588,France,Female,21,8, € -   ,2,1,1,"€ 1,10,114.19",25.00%
647,Germany,Male,35,3,"€ 1,92,407.97",1,1,1,"€ 40,145.28",33.33%
785,Germany,Female,38,9,"€ 1,07,199.75",1,0,0,"€ 1,46,398.51",0.00%
794,Germany,Female,55,6,"€ 1,15,796.70",1,1,0,"€ 1,60,526.36",0.00%
823,France,Male,37,5,"€ 1,64,858.18",1,1,1,"€ 1,73,516.71",20.00%
687,Germany,Male,38,4,"€ 1,17,633.28",1,0,1,"€ 88,396.60",25.00%
850,France,Female,28,9, € -   ,2,1,0,"€ 1,85,821.41",0.00%
496,France,Female,36,7, € -   ,2,0,0,"€ 1,08,098.28",0.00%
527,Germany,Female,30,6,"€ 1,26,663.51",1,1,1,"€ 1,62,267.91",16.67%
576,Germany,Female,71,6,"€ 1,40,273.47",1,1,1,"€ 1,93,135.25",16.67%
525,Spain,Female,60,7, € -   ,2,0,1,"€ 1,68,034.90",28.57%
727,Germany,Male,21,8,"€ 1,53,344.72",1,1,1,"€ 1,63,295.87",12.50%
671,Germany,Female,23,9,"€ 1,23,943.18",1,1,1,"€ 1,59,553.27",11.11%
625,France,Male,39,5, € -   ,1,1,0,"€ 99,800.87",0.00%
643,Germany,Male,33,7,"€ 98,630.31",2,1,1,"€ 40,250.82",28.57%
707,France,Female,33,2,"€ 58,036.33",1,1,1,"€ 83,335.78",50.00%
539,Spain,Male,28,5, € -   ,2,1,0,"€ 48,382.40",0.00%
498,Germany,Male,45,7,"€ 1,09,200.74",2,0,1,"€ 1,65,990.44",28.57%
696,Spain,Female,30,0, € -   ,2,1,1,"€ 9,002.80",200.00%
758,France,Female,33,7, € -   ,1,1,0,"€ 1,88,156.34",0.00%
685,France,Female,33,6, € -   ,2,0,1,"€ 1,86,785.01",33.33%
655,Germany,Female,30,1,"€ 83,173.98",2,1,1,"€ 1,84,259.60",200.00%
747,France,Female,40,3, € -   ,1,0,0,"€ 57,817.84",0.00%
601,Spain,Male,24,7, € -   ,2,0,0,"€ 1,44,660.42",0.00%
477,France,Male,22,5,"€ 82,559.42",2,0,0,"€ 1,63,112.90",0.00%
558,France,Male,32,5,"€ 73,494.21",1,0,0,"€ 1,36,301.10",0.00%
586,Spain,Male,29,2,"€ 1,32,450.24",1,1,1,"€ 36,176.63",50.00%
850,France,Male,49,6,"€ 1,28,663.90",1,1,0,"€ 65,769.30",0.00%
505,France,Female,36,2,"€ 79,951.90",1,0,1,"€ 1,74,123.16",50.00%
591,Germany,Female,51,8,"€ 1,32,508.30",1,1,1,"€ 1,61,304.68",12.50%
761,Germany,Female,38,1,"€ 1,20,530.13",2,1,0,"€ 1,09,394.62",0.00%
554,France,Female,35,10,"€ 74,988.59",2,0,1,"€ 1,90,155.13",20.00%
774,France,Female,47,6,"€ 94,722.88",1,0,1,"€ 61,450.96",16.67%
771,Spain,Female,33,5, € -   ,2,1,0,"€ 8,673.43",0.00%
792,France,Male,31,6,"€ 71,269.89",2,0,1,"€ 1,25,912.77",33.33%
673,Germany,Female,41,9,"€ 98,612.10",1,1,0,"€ 1,51,349.35",0.00%
765,France,Male,40,6,"€ 1,38,033.55",1,1,1,"€ 67,972.45",16.67%
748,France,Female,41,2,"€ 91,621.69",1,1,1,"€ 71,139.31",50.00%
422,France,Male,54,3,"€ 1,40,014.42",1,0,1,"€ 86,350.97",33.33%
568,Spain,Male,27,5,"€ 1,26,815.97",2,0,1,"€ 1,18,648.12",40.00%
502,France,Female,64,3,"€ 1,39,663.37",1,0,1,"€ 1,00,995.11",33.33%
524,France,Female,28,7, € -   ,2,0,1,"€ 1,47,100.72",28.57%
689,France,Male,34,1,"€ 1,65,312.27",1,1,0,"€ 1,55,495.63",0.00%
661,France,Male,26,8, € -   ,2,0,0,"€ 1,96,875.87",0.00%
606,Spain,Male,33,8, € -   ,2,1,1,"€ 63,176.77",25.00%
678,Germany,Female,54,1,"€ 1,23,699.28",2,0,1,"€ 1,05,221.76",200.00%
636,Germany,Female,29,3,"€ 97,325.15",1,0,1,"€ 1,31,924.38",33.33%
647,France,Male,32,5,"€ 97,041.16",1,1,1,"€ 23,132.73",20.00%
732,France,Male,36,5, € -   ,2,1,0,"€ 1,61,428.25",0.00%
646,France,Male,50,0,"€ 1,04,129.24",2,1,0,"€ 1,81,794.86",0.00%
559,France,Female,43,1, € -   ,1,0,1,"€ 86,634.30",100.00%
581,France,Male,28,3,"€ 1,04,367.50",1,1,1,"€ 29,937.75",33.33%
565,France,Male,46,7,"€ 1,35,369.71",1,0,1,"€ 1,40,130.22",14.29%
657,Spain,Female,41,6,"€ 1,12,119.48",1,1,0,"€ 17,536.82",0.00%
847,France,Male,66,7,"€ 1,23,760.68",1,0,1,"€ 53,157.16",14.29%
558,France,Female,41,6, € -   ,1,1,1,"€ 1,43,585.29",16.67%
596,Spain,Male,57,6, € -   ,2,1,1,"€ 72,402.00",33.33%
579,France,Male,39,5, € -   ,2,0,1,"€ 39,891.84",40.00%
741,France,Female,36,3, € -   ,2,1,1,"€ 89,804.83",66.67%
613,France,Male,44,3, € -   ,2,0,1,"€ 1,36,491.72",66.67%
694,Spain,Male,31,5, € -   ,1,1,0,"€ 35,593.18",0.00%
729,Spain,Female,42,7, € -   ,2,1,0,"€ 58,268.20",0.00%
480,France,Female,42,1,"€ 1,52,160.21",2,1,0,"€ 1,01,778.90",0.00%
666,France,Female,59,5, € -   ,2,1,1,"€ 1,85,123.09",40.00%
575,France,Male,24,2, € -   ,2,1,1,"€ 1,19,927.81",100.00%
850,France,Male,36,3, € -   ,2,1,0,"€ 1,95,033.07",0.00%
740,France,Male,36,4,"€ 1,72,381.80",1,1,1,"€ 86,480.29",25.00%
588,Germany,Male,41,6,"€ 1,06,116.56",2,1,0,"€ 1,98,766.61",0.00%
681,France,Male,36,5,"€ 1,41,952.07",1,1,1,"€ 1,85,144.08",20.00%
611,Spain,Female,33,7, € -   ,2,1,1,"€ 3,729.89",28.57%
589,France,Female,37,6,"€ 1,38,497.84",1,0,1,"€ 18,988.58",16.67%
717,Spain,Female,34,1, € -   ,2,1,0,"€ 1,19,313.74",0.00%
556,Germany,Male,33,3,"€ 1,24,213.36",2,1,0,"€ 62,627.55",0.00%
850,France,Male,37,4,"€ 1,26,872.60",1,1,0,"€ 1,97,266.58",0.00%
685,Spain,Female,42,2, € -   ,2,0,0,"€ 1,99,992.48",0.00%
713,France,Female,37,8, € -   ,1,1,1,"€ 16,403.41",12.50%
437,France,Female,26,1,"€ 1,20,923.52",1,0,1,"€ 78,854.57",100.00%
605,Spain,Male,47,7,"€ 1,42,643.54",1,1,0,"€ 1,89,310.27",0.00%
758,Germany,Male,41,10,"€ 79,857.64",1,1,1,"€ 78,088.17",10.00%
600,France,Male,46,10,"€ 95,502.21",1,0,0,"€ 19,842.18",0.00%
827,France,Male,38,5, € -   ,2,0,0,"€ 1,03,305.01",0.00%
608,Germany,Male,23,8,"€ 1,97,715.93",2,1,1,"€ 1,16,124.28",25.00%
608,France,Female,30,8,"€ 85,859.76",1,0,0,"€ 1,42,730.27",0.00%
554,France,Male,44,7,"€ 85,304.27",1,1,1,"€ 58,076.52",14.29%
683,Germany,Female,35,1,"€ 1,32,371.30",2,0,0,"€ 1,86,123.57",0.00%
660,Spain,Male,33,4, € -   ,1,1,0,"€ 29,664.45",0.00%
628,France,Female,31,5, € -   ,1,0,0,"€ 1,47,963.07",0.00%
668,Germany,Male,39,4,"€ 79,896.00",1,1,0,"€ 38,466.39",0.00%
776,France,Female,29,5, € -   ,2,1,1,"€ 1,43,301.49",40.00%
820,France,Male,36,4, € -   ,2,1,0,"€ 31,422.69",0.00%
665,France,Male,36,1, € -   ,2,0,1,"€ 1,21,505.61",200.00%
850,Germany,Male,31,4,"€ 1,46,587.30",1,1,1,"€ 89,874.82",25.00%
703,France,Female,42,7, € -   ,2,0,1,"€ 72,500.68",28.57%
506,Spain,Male,32,8, € -   ,2,0,1,"€ 1,82,692.80",25.00%
588,Spain,Male,32,3,"€ 1,09,109.33",1,0,1,"€ 4,993.94",33.33%
622,Spain,Female,26,8, € -   ,2,1,1,"€ 1,24,964.82",25.00%
606,France,Male,34,5, € -   ,1,1,0,"€ 1,61,971.42",0.00%
517,France,Male,56,9,"€ 1,42,147.32",1,0,0,"€ 39,488.04",0.00%
758,Spain,Female,43,10, € -   ,2,1,1,"€ 55,313.44",20.00%
677,France,Female,49,3, € -   ,2,1,1,"€ 1,87,811.71",66.67%
827,Spain,Female,35,0, € -   ,2,0,1,"€ 1,84,514.01",200.00%
729,France,Female,36,8,"€ 1,09,106.80",1,0,0,"€ 1,21,311.12",0.00%
654,France,Male,36,2,"€ 1,12,262.84",1,1,0,"€ 12,873.39",0.00%
654,Spain,Female,36,5, € -   ,2,0,0,"€ 1,57,238.05",0.00%
619,Spain,Male,52,8, € -   ,2,1,1,"€ 1,23,242.11",25.00%
642,Spain,Male,26,8,"€ 1,44,238.70",1,1,1,"€ 1,84,399.76",12.50%
472,Spain,Female,32,1,"€ 1,59,397.75",1,0,1,"€ 57,323.18",100.00%
470,Spain,Male,30,4,"€ 1,25,385.01",1,1,0,"€ 68,293.93",0.00%
633,France,Female,60,8,"€ 69,365.25",1,1,1,"€ 10,288.24",12.50%
602,France,Male,31,7,"€ 1,55,271.83",1,1,1,"€ 1,79,446.31",14.29%
640,Spain,Male,29,5,"€ 1,97,200.04",2,1,0,"€ 1,41,453.62",0.00%
454,Spain,Female,48,5,"€ 1,44,837.79",1,1,1,"€ 93,151.77",20.00%
562,France,Female,57,3, € -   ,3,1,0,"€ 6,554.97",0.00%
636,France,Male,34,8, € -   ,2,1,0,"€ 38,570.13",0.00%
621,Spain,Male,50,3,"€ 1,63,085.79",1,0,1,"€ 1,31,048.36",33.33%
795,Germany,Male,38,7,"€ 1,25,903.22",2,1,1,"€ 1,27,068.92",28.57%
550,France,Male,22,6,"€ 1,54,377.30",1,1,1,"€ 51,721.52",16.67%
630,Spain,Male,41,7,"€ 1,07,511.52",1,0,1,"€ 46,156.87",14.29%
573,Germany,Male,30,8,"€ 1,27,406.50",1,1,0,"€ 1,92,950.60",0.00%
561,Spain,Male,24,8,"€ 1,43,656.55",1,0,1,"€ 1,80,932.46",12.50%
662,France,Female,39,5,"€ 1,38,106.75",1,0,0,"€ 19,596.73",0.00%
637,France,Male,27,9,"€ 1,28,940.24",1,1,0,"€ 46,786.92",0.00%
651,Germany,Male,37,9,"€ 1,14,453.58",1,0,1,"€ 1,75,820.91",11.11%
646,France,Female,33,2, € -   ,2,0,0,"€ 1,98,208.00",0.00%
567,France,Female,48,3, € -   ,1,1,0,"€ 55,362.45",0.00%
638,France,Male,41,1,"€ 1,31,762.94",1,1,1,"€ 47,675.29",100.00%
725,France,Female,31,6, € -   ,1,0,0,"€ 61,326.43",0.00%
709,France,Female,41,3,"€ 1,50,300.65",2,1,0,"€ 71,672.86",0.00%
787,Spain,Male,39,10,"€ 1,08,935.39",1,1,1,"€ 1,01,168.30",10.00%
653,France,Male,37,7,"€ 1,35,847.47",1,1,0,"€ 1,44,880.81",0.00%
661,Germany,Male,37,7,"€ 1,09,908.06",2,1,0,"€ 1,15,037.67",0.00%
681,Germany,Male,49,8,"€ 1,42,946.18",1,0,0,"€ 1,87,280.51",0.00%
436,Germany,Male,45,3,"€ 1,04,339.11",2,1,1,"€ 1,83,540.22",66.67%
663,France,Male,33,5,"€ 1,57,274.36",2,1,1,"€ 28,531.81",40.00%
662,France,Male,64,0,"€ 98,848.19",1,0,1,"€ 42,730.12",100.00%
607,Germany,Female,39,8,"€ 1,05,103.33",1,1,0,"€ 1,04,721.50",0.00%
754,France,Male,34,7, € -   ,2,1,1,"€ 65,219.85",28.57%
850,Germany,Female,66,0,"€ 1,27,120.62",1,0,1,"€ 1,18,929.64",100.00%
578,France,Male,39,2, € -   ,2,1,0,"€ 70,563.90",0.00%
666,Germany,Female,36,3,"€ 1,29,118.50",2,0,0,"€ 1,39,435.12",0.00%
599,France,Female,43,4, € -   ,1,1,0,"€ 1,70,347.10",0.00%
586,France,Female,46,0, € -   ,3,0,1,"€ 1,31,553.82",300.00%
825,France,Female,36,3,"€ 1,46,053.66",1,1,1,"€ 1,38,344.70",33.33%
808,Spain,Female,67,10,"€ 1,24,577.15",1,0,1,"€ 1,69,894.40",10.00%
515,Spain,Male,29,4,"€ 1,51,012.55",2,1,0,"€ 9,770.97",0.00%
663,Spain,Female,58,5,"€ 2,16,109.88",1,0,1,"€ 74,176.71",20.00%
444,France,Male,34,2,"€ 1,44,318.97",1,1,0,"€ 1,12,668.06",0.00%
650,France,Female,39,4, € -   ,2,0,0,"€ 1,86,275.70",0.00%
609,France,Male,26,7, € -   ,2,1,0,"€ 98,463.99",0.00%
824,Germany,Male,77,3,"€ 27,517.15",2,0,1,"€ 2,746.41",66.67%
662,France,Male,29,5,"€ 1,47,092.65",1,1,0,"€ 10,928.30",0.00%
699,Germany,Female,51,2,"€ 92,246.14",2,0,1,"€ 91,346.03",100.00%
752,France,Female,41,8, € -   ,2,1,0,"€ 1,39,844.04",0.00%
603,Germany,Female,40,8,"€ 1,48,897.02",1,0,0,"€ 1,05,052.90",0.00%
628,Spain,Male,50,8, € -   ,1,0,0,"€ 1,44,366.83",0.00%
745,France,Female,36,9, € -   ,1,1,0,"€ 19,605.18",0.00%
804,Germany,Female,33,10,"€ 1,38,335.96",1,1,1,"€ 80,483.76",10.00%
454,Germany,Female,50,10,"€ 92,895.56",1,1,0,"€ 1,54,344.00",0.00%
631,Spain,Male,46,9,"€ 1,60,736.63",1,0,1,"€ 93,503.02",11.11%
503,France,Male,32,4, € -   ,2,1,1,"€ 1,53,036.97",50.00%
548,France,Female,37,9, € -   ,2,0,0,"€ 98,029.58",0.00%
668,France,Male,28,4,"€ 1,07,141.27",1,1,0,"€ 1,93,018.71",0.00%
619,France,Female,55,0, € -   ,3,0,0,"€ 60,810.64",0.00%
842,France,Female,37,4,"€ 1,32,446.08",2,1,0,"€ 87,071.18",0.00%
707,France,Female,57,1,"€ 92,053.00",1,1,1,"€ 1,64,064.44",100.00%
715,Spain,Male,38,2,"€ 96,798.79",2,1,1,"€ 4,554.67",100.00%
573,Germany,Male,35,9,"€ 1,34,498.54",2,1,1,"€ 1,19,924.80",22.22%
509,France,Male,55,8,"€ 1,32,387.91",2,1,1,"€ 1,70,360.11",25.00%
670,Germany,Female,40,2,"€ 1,47,171.20",1,0,1,"€ 69,850.04",50.00%
613,Spain,Male,44,9,"€ 1,00,524.69",1,1,1,"€ 47,298.95",11.11%
678,France,Female,26,1, € -   ,2,1,0,"€ 45,443.68",0.00%
555,Germany,Female,51,9,"€ 1,38,214.50",1,1,0,"€ 1,98,715.27",0.00%
777,France,Female,30,4, € -   ,2,0,1,"€ 1,15,611.97",50.00%
552,Spain,Male,55,3, € -   ,1,1,1,"€ 40,333.94",33.33%
640,Spain,Male,39,3, € -   ,1,1,1,"€ 1,05,997.25",33.33%
541,France,Male,34,3,"€ 1,28,743.55",1,1,0,"€ 1,34,851.12",0.00%
756,France,Male,31,10,"€ 1,22,647.32",1,0,0,"€ 61,666.87",0.00%
684,Spain,Female,24,9,"€ 79,263.90",1,0,1,"€ 1,96,574.48",11.11%
618,France,Female,42,2, € -   ,4,0,0,"€ 1,11,097.39",0.00%
604,France,Female,53,2,"€ 1,21,389.78",1,1,1,"€ 48,201.64",50.00%
624,Spain,Male,38,7,"€ 1,23,906.55",1,1,0,"€ 1,35,096.78",0.00%
661,Spain,Male,38,7,"€ 1,43,006.70",1,1,1,"€ 15,650.89",14.29%
627,Spain,Female,28,3,"€ 1,57,597.61",1,0,1,"€ 34,097.22",33.33%
812,Spain,Male,38,3,"€ 1,27,117.80",2,1,1,"€ 1,74,822.74",66.67%
473,France,Female,39,9,"€ 1,17,103.26",2,1,1,"€ 85,937.52",22.22%
717,Spain,Male,36,2,"€ 1,02,989.83",2,0,1,"€ 49,185.57",100.00%
693,Spain,Male,28,1,"€ 1,45,118.83",1,0,1,"€ 77,742.38",100.00%
705,France,Male,92,1,"€ 1,26,076.24",2,1,1,"€ 34,436.83",200.00%
661,France,Male,41,5, € -   ,1,0,1,"€ 88,279.60",20.00%
573,France,Female,27,4, € -   ,2,1,1,"€ 1,57,549.60",50.00%
639,France,Male,37,5,"€ 98,186.70",1,0,1,"€ 1,73,386.95",20.00%
718,France,Female,67,7, € -   ,3,1,1,"€ 82,782.08",42.86%
570,France,Male,37,6, € -   ,1,1,1,"€ 1,87,758.50",16.67%
461,France,Female,40,7, € -   ,2,1,0,"€ 1,76,547.80",0.00%
638,Germany,Female,33,5,"€ 1,29,335.65",1,1,1,"€ 56,585.20",20.00%
608,Spain,Male,48,7,"€ 75,801.74",1,1,0,"€ 1,25,762.95",0.00%
599,Spain,Male,42,6, € -   ,2,1,0,"€ 1,13,868.40",0.00%
762,France,Female,44,7,"€ 1,59,316.64",1,0,0,"€ 24,780.13",0.00%
662,France,Female,38,2,"€ 96,479.81",1,1,0,"€ 1,20,259.41",0.00%
747,Germany,Male,29,7,"€ 1,17,726.33",1,1,1,"€ 1,75,398.34",14.29%
539,France,Male,39,6, € -   ,2,1,1,"€ 86,767.48",33.33%
625,France,Male,43,4,"€ 1,22,351.29",1,1,0,"€ 71,216.60",0.00%
656,France,Female,48,9, € -   ,2,1,1,"€ 85,240.61",22.22%
469,France,Female,48,5, € -   ,1,1,0,"€ 1,60,529.71",0.00%
621,Spain,Female,43,8, € -   ,1,0,0,"€ 1,02,806.60",0.00%
754,France,Female,27,7, € -   ,2,1,0,"€ 1,44,134.64",0.00%
679,Germany,Female,50,6,"€ 1,32,598.38",2,1,1,"€ 1,84,017.98",33.33%
535,France,Male,38,2,"€ 1,19,272.29",1,0,0,"€ 1,95,896.59",0.00%
487,France,Male,37,2, € -   ,2,1,1,"€ 1,26,722.57",100.00%
850,France,Female,42,3, € -   ,2,1,1,"€ 1,76,883.42",66.67%
585,France,Male,55,10,"€ 1,06,415.57",3,1,1,"€ 1,22,960.98",30.00%
603,France,Male,31,4, € -   ,2,0,1,"€ 9,607.10",50.00%
728,Germany,Female,32,9,"€ 1,27,772.10",2,1,1,"€ 1,52,643.48",22.22%
621,Spain,Male,41,5,"€ 1,04,631.67",1,1,1,"€ 95,551.22",20.00%
833,France,Male,30,1, € -   ,2,1,0,"€ 1,41,860.62",0.00%
502,France,Male,37,10, € -   ,1,1,1,"€ 76,642.68",10.00%
825,Germany,Male,37,6,"€ 1,18,050.79",1,0,1,"€ 52,301.15",16.67%
668,France,Male,46,0, € -   ,2,0,0,"€ 29,388.02",0.00%
487,Spain,Female,40,6,"€ 1,36,093.74",1,0,1,"€ 1,93,408.43",16.67%
600,Germany,Female,39,7,"€ 88,477.36",2,1,0,"€ 58,632.37",0.00%
606,Spain,Male,34,3,"€ 1,61,572.24",1,0,1,"€ 1,91,076.22",33.33%
623,Germany,Male,50,7,"€ 1,26,608.37",1,0,1,€ 645.61,14.29%
575,France,Female,54,9,"€ 68,332.96",1,1,1,"€ 1,44,390.75",11.11%
577,Spain,Male,48,6,"€ 1,79,852.26",1,1,0,"€ 1,93,580.32",0.00%
651,France,Female,25,8, € -   ,2,1,1,"€ 1,26,761.20",25.00%
693,Germany,Male,46,2,"€ 1,04,763.41",1,1,1,"€ 62,368.33",50.00%
800,France,Male,60,6,"€ 88,541.57",2,1,1,"€ 1,31,718.12",33.33%
760,France,Male,38,6,"€ 1,62,888.73",1,1,0,"€ 91,098.76",0.00%
711,France,Female,35,8, € -   ,1,1,1,"€ 67,508.01",12.50%
637,Spain,Male,43,8, € -   ,1,1,0,"€ 12,156.93",0.00%
662,France,Male,32,9, € -   ,2,0,0,"€ 65,089.38",0.00%
568,France,Female,44,7, € -   ,2,0,0,"€ 62,370.67",0.00%
692,France,Female,30,7, € -   ,2,1,1,"€ 18,826.34",28.57%
614,France,Female,35,1, € -   ,2,1,1,"€ 3,342.62",200.00%
478,France,Male,35,1,"€ 92,474.05",1,1,0,"€ 1,78,626.07",0.00%
562,France,Male,36,6, € -   ,2,1,0,"€ 32,845.32",0.00%
709,Germany,Male,30,9,"€ 1,15,479.48",2,1,1,"€ 1,34,732.99",22.22%
684,France,Female,26,5,"€ 87,098.91",1,0,0,"€ 1,06,095.82",0.00%
546,Germany,Female,42,9,"€ 86,351.85",2,1,0,"€ 57,380.13",0.00%
779,France,Female,42,5, € -   ,2,0,0,"€ 25,951.91",0.00%
576,Germany,Male,63,3,"€ 1,48,843.56",1,1,0,"€ 69,414.13",0.00%
481,Germany,Male,44,3,"€ 1,63,714.52",1,1,0,"€ 96,123.72",0.00%
445,France,Male,25,6, € -   ,2,1,0,"€ 1,19,425.94",0.00%
606,Spain,Male,36,0,"€ 94,153.56",1,0,1,"€ 1,20,138.27",100.00%
559,France,Male,50,5,"€ 1,62,702.35",1,0,0,"€ 1,50,548.50",0.00%
608,France,Female,56,10,"€ 1,29,255.20",2,1,0,"€ 1,42,492.04",0.00%
698,France,Male,41,3,"€ 90,605.29",1,1,1,"€ 14,357.00",33.33%
568,Spain,Male,39,5, € -   ,2,1,1,"€ 1,29,569.92",40.00%
528,France,Male,29,3,"€ 1,02,787.42",1,1,0,"€ 55,972.56",0.00%
802,France,Female,39,7,"€ 1,20,145.96",2,0,1,"€ 59,497.01",28.57%
669,Germany,Male,47,0,"€ 63,723.78",2,1,1,"€ 1,81,928.25",200.00%
581,Spain,Female,24,10,"€ 1,59,203.71",1,1,1,"€ 1,02,517.83",10.00%
640,France,Male,38,9, € -   ,2,1,0,"€ 88,827.67",0.00%
529,Spain,Female,44,1, € -   ,2,0,0,"€ 14,161.30",0.00%
547,France,Female,51,1, € -   ,2,1,1,"€ 56,908.41",200.00%
718,France,Female,49,10, € -   ,1,1,0,"€ 1,84,474.72",0.00%
707,Germany,Male,34,9,"€ 1,62,691.16",2,1,0,"€ 94,912.78",0.00%
735,France,Male,43,9,"€ 1,27,806.91",1,1,1,"€ 73,069.59",11.11%
765,France,Male,43,9,"€ 1,57,960.49",2,0,0,"€ 1,36,602.80",0.00%
469,Germany,Female,52,8,"€ 1,39,493.25",3,0,0,"€ 1,50,093.32",0.00%
594,Germany,Female,21,2,"€ 87,096.82",2,1,0,"€ 1,68,186.11",0.00%
675,France,Female,34,10,"€ 84,944.58",1,0,0,"€ 1,46,230.63",0.00%
703,France,Male,50,8,"€ 1,60,139.59",2,1,1,"€ 79,314.10",25.00%
810,France,Male,33,6, € -   ,2,1,1,"€ 77,965.67",33.33%
715,Spain,Male,42,6, € -   ,2,1,1,"€ 1,28,745.69",33.33%
664,France,Male,40,9, € -   ,2,1,0,"€ 1,94,767.30",0.00%
850,France,Male,29,6, € -   ,2,1,1,"€ 10,672.54",33.33%
724,Germany,Male,36,6,"€ 94,615.11",2,1,1,"€ 10,627.21",33.33%
563,France,Male,30,7,"€ 90,727.79",1,1,0,"€ 1,22,268.75",0.00%
714,Germany,Male,26,3,"€ 1,19,545.48",2,1,0,"€ 65,482.94",0.00%
614,France,Male,36,1,"€ 1,18,311.76",1,1,0,"€ 1,46,134.68",0.00%
740,France,Male,33,1,"€ 1,29,574.98",1,1,1,"€ 1,23,300.38",100.00%
587,France,Male,33,8,"€ 1,48,163.57",1,0,0,"€ 1,22,925.40",0.00%
465,Germany,Male,24,5,"€ 1,17,154.90",1,1,1,"€ 1,27,744.02",20.00%
689,Spain,Female,40,5,"€ 1,54,251.67",1,0,1,"€ 1,18,319.50",20.00%
656,France,Male,30,3, € -   ,2,0,1,"€ 17,104.00",66.67%
579,France,Female,33,1,"€ 65,667.79",2,0,0,"€ 1,64,608.98",0.00%
716,France,Female,44,1, € -   ,1,1,1,"€ 1,52,108.47",100.00%
551,France,Male,42,1,"€ 50,194.59",1,1,1,"€ 23,399.58",100.00%
527,Germany,Female,39,9,"€ 96,748.89",2,1,0,"€ 94,711.43",0.00%
600,France,Female,37,4, € -   ,3,1,0,"€ 7,312.25",0.00%
685,France,Female,43,1,"€ 1,32,667.17",1,1,1,"€ 41,876.98",100.00%
738,Spain,Male,36,5, € -   ,2,1,1,"€ 96,881.32",40.00%
622,France,Male,41,2,"€ 1,27,087.06",1,1,0,"€ 1,02,402.91",0.00%
528,France,Male,34,1,"€ 1,25,566.90",1,1,1,"€ 1,76,763.27",100.00%
546,Germany,Female,52,1,"€ 1,06,074.89",1,1,1,"€ 23,548.45",100.00%
576,Germany,Male,46,4,"€ 1,37,367.94",1,1,1,"€ 33,450.11",25.00%
733,France,Female,38,3,"€ 1,57,658.36",1,0,0,"€ 19,658.43",0.00%
727,Germany,Male,45,6,"€ 1,14,422.85",2,1,1,"€ 1,04,678.78",33.33%
605,Spain,Male,41,5,"€ 1,03,154.66",1,0,0,"€ 1,43,203.78",0.00%
586,France,Male,33,9, € -   ,1,1,0,"€ 6,975.02",0.00%
564,Spain,Female,24,6,"€ 1,49,592.14",1,1,1,"€ 1,53,771.80",16.67%
593,Germany,Female,48,3,"€ 1,33,903.12",2,1,1,"€ 85,902.39",66.67%
736,Germany,Female,26,0,"€ 84,587.90",1,0,1,"€ 1,88,037.76",100.00%
675,Spain,Male,32,8,"€ 1,97,436.82",1,1,1,"€ 52,710.70",12.50%
656,Spain,Female,32,1,"€ 1,04,254.27",1,1,1,"€ 17,034.37",100.00%
462,France,Male,39,4,"€ 1,40,133.08",2,0,0,"€ 1,31,304.45",0.00%
685,Spain,Female,30,2, € -   ,3,1,1,"€ 1,72,576.43",150.00%
850,Germany,Female,36,0,"€ 1,36,980.23",2,1,1,"€ 99,019.65",200.00%
636,Germany,Female,48,3,"€ 1,20,568.41",1,1,0,"€ 1,90,160.04",0.00%
850,France,Female,27,7,"€ 43,658.33",2,1,1,"€ 3,025.49",28.57%
628,France,Female,37,9, € -   ,2,1,1,"€ 34,689.77",22.22%
798,France,Male,28,3, € -   ,2,1,0,"€ 2,305.27",0.00%
610,France,Female,57,7,"€ 72,092.95",4,0,1,"€ 1,13,228.82",57.14%
591,France,Female,42,10, € -   ,2,0,0,"€ 1,71,099.22",0.00%
614,Spain,Female,37,9, € -   ,2,1,1,"€ 62,023.10",22.22%
651,France,Male,35,0,"€ 1,81,821.96",2,0,1,"€ 36,923.67",200.00%
665,France,Male,25,7,"€ 90,920.75",1,0,1,"€ 1,12,256.57",14.29%
570,France,Male,23,2, € -   ,1,0,0,"€ 1,98,830.98",0.00%
631,Spain,Male,29,3, € -   ,2,1,1,"€ 1,97,963.46",66.67%
586,France,Male,32,1, € -   ,2,0,0,"€ 31,635.99",0.00%
691,France,Male,30,9, € -   ,1,1,0,"€ 49,594.02",0.00%
639,France,Male,35,8, € -   ,2,1,0,"€ 1,70,483.90",0.00%
698,France,Female,27,1,"€ 94,920.71",1,1,1,"€ 40,339.90",100.00%
733,Germany,Male,45,2,"€ 1,13,939.36",2,1,0,"€ 3,218.71",0.00%
850,France,Male,19,8, € -   ,1,1,1,"€ 68,569.89",12.50%
618,France,Female,31,4, € -   ,2,1,0,"€ 29,176.04",0.00%
473,France,Female,25,6,"€ 1,10,666.42",2,0,0,"€ 46,758.42",0.00%
490,France,Male,39,1, € -   ,3,1,0,"€ 1,71,060.01",0.00%
754,Germany,Female,48,7,"€ 1,41,819.02",1,1,0,"€ 93,550.53",0.00%
649,France,Female,56,8,"€ 1,56,974.26",1,1,0,"€ 89,405.26",0.00%
578,France,Male,50,5,"€ 1,51,215.34",2,1,0,"€ 1,69,804.40",0.00%
690,Spain,Male,26,8,"€ 1,16,318.23",1,1,1,"€ 83,253.05",12.50%
610,Germany,Male,49,6,"€ 1,13,882.33",1,1,0,"€ 1,95,813.81",0.00%
596,France,Male,42,7, € -   ,2,1,1,"€ 1,21,568.37",28.57%
492,France,Female,48,6,"€ 1,27,253.98",1,1,1,"€ 92,144.09",16.67%
575,Spain,Male,41,2,"€ 1,00,062.39",1,0,0,"€ 1,26,307.25",0.00%
569,France,Male,66,2, € -   ,1,1,0,"€ 1,30,784.20",0.00%
674,Spain,Female,41,4,"€ 1,26,605.14",1,1,1,"€ 1,66,694.93",25.00%
507,France,Female,31,0,"€ 1,06,942.08",1,0,1,"€ 44,001.11",100.00%
457,Spain,Male,44,7, € -   ,2,0,0,"€ 1,85,992.36",0.00%
584,Germany,Female,41,3,"€ 88,594.93",1,1,0,"€ 1,78,997.89",0.00%
744,Germany,Male,29,6,"€ 1,23,737.04",2,1,0,"€ 1,41,558.04",0.00%
687,France,Female,35,1,"€ 1,10,752.15",2,1,1,"€ 47,921.22",200.00%
688,Spain,Female,46,3, € -   ,2,0,1,"€ 1,04,902.68",66.67%
519,France,Male,34,5, € -   ,1,1,0,"€ 68,479.60",0.00%
733,Spain,Female,38,5, € -   ,2,1,1,"€ 1,271.51",40.00%
666,Spain,Male,43,5, € -   ,2,1,0,"€ 29,346.10",0.00%
511,Spain,Female,40,1, € -   ,1,1,1,"€ 1,84,118.73",100.00%
705,Germany,Female,54,3,"€ 1,25,889.30",3,1,0,"€ 96,013.50",0.00%
544,France,Male,48,10,"€ 78,314.63",3,1,1,"€ 1,03,713.93",30.00%
564,France,Female,36,7,"€ 2,06,329.65",1,1,1,"€ 46,632.87",14.29%
702,France,Male,40,7,"€ 1,45,536.90",1,0,1,"€ 1,35,334.24",14.29%
658,Germany,Male,31,2,"€ 77,082.65",2,0,0,"€ 13,482.28",0.00%
654,France,Female,24,8,"€ 1,45,081.73",1,1,1,"€ 1,30,075.07",12.50%
649,Germany,Female,41,4,"€ 1,15,897.73",1,1,0,"€ 1,43,544.48",0.00%
597,Spain,Male,24,0,"€ 1,08,058.07",2,1,1,"€ 1,87,826.11",200.00%
782,France,Male,33,7,"€ 1,91,523.09",1,1,1,"€ 1,67,058.75",14.29%
644,France,Male,38,3, € -   ,2,1,1,"€ 79,928.41",66.67%
679,Spain,Female,39,7,"€ 91,187.90",1,0,1,"€ 6,075.36",14.29%
678,France,Female,60,2, € -   ,2,1,1,"€ 43,821.56",100.00%
806,France,Male,34,5,"€ 1,13,958.55",1,0,1,"€ 32,125.98",20.00%
668,Spain,Male,43,1,"€ 1,47,167.25",1,0,0,"€ 1,41,679.73",0.00%
659,Germany,Male,29,9,"€ 82,916.48",1,1,1,"€ 84,133.48",11.11%
660,France,Male,34,1, € -   ,2,1,0,"€ 9,692.58",0.00%
601,France,Female,37,5, € -   ,1,0,0,"€ 20,708.60",0.00%
781,France,Female,48,0,"€ 57,098.96",1,1,0,"€ 85,644.06",0.00%
628,Germany,Male,39,1,"€ 1,15,341.19",1,1,1,"€ 1,07,674.30",100.00%
751,France,Male,30,3,"€ 1,65,257.20",1,0,0,"€ 1,34,822.05",0.00%
531,France,Female,37,1, € -   ,1,1,0,"€ 4,606.97",0.00%
647,France,Female,42,9, € -   ,2,1,1,"€ 51,362.82",22.22%
708,Spain,Male,46,7,"€ 68,799.72",1,1,1,"€ 39,704.14",14.29%
550,Spain,Male,39,2,"€ 1,16,120.19",2,1,1,"€ 1,95,638.13",100.00%
670,France,Male,33,1, € -   ,2,1,1,"€ 86,413.11",200.00%
592,France,Female,31,2,"€ 84,102.11",2,0,1,"€ 1,16,385.24",100.00%
589,France,Female,50,4, € -   ,2,0,1,"€ 1,82,076.97",50.00%
725,France,Female,33,4, € -   ,1,1,1,"€ 67,879.80",25.00%
570,France,Female,43,9, € -   ,2,0,1,"€ 11,417.26",22.22%
575,France,Male,46,1, € -   ,2,1,1,"€ 65,998.26",200.00%
501,Germany,Male,25,6,"€ 1,04,013.79",1,1,0,"€ 1,14,774.35",0.00%
431,Germany,Male,42,8,"€ 1,20,822.86",2,1,0,"€ 1,26,153.24",0.00%
719,Spain,Male,40,4,"€ 1,28,389.12",1,1,1,"€ 1,76,091.31",25.00%
850,Germany,Male,36,7,"€ 1,02,800.72",1,1,1,"€ 87,352.43",14.29%
554,Germany,Female,31,6,"€ 1,35,470.90",1,1,0,"€ 1,07,074.81",0.00%
418,France,Male,36,7,"€ 90,145.04",1,1,1,"€ 69,157.93",14.29%
715,Spain,Male,31,7, € -   ,1,1,1,"€ 1,49,970.59",14.29%
750,Spain,Female,33,3,"€ 1,61,801.47",1,0,1,"€ 1,53,288.97",33.33%
766,Germany,Male,37,2,"€ 99,660.13",2,0,1,"€ 1,47,700.78",100.00%
652,Spain,Female,38,6,"€ 1,23,081.84",2,1,1,"€ 1,88,657.97",33.33%
658,France,Male,42,8,"€ 1,02,870.93",1,0,1,"€ 1,03,764.55",12.50%
659,France,Female,37,1,"€ 1,51,105.68",1,1,1,"€ 1,40,934.57",100.00%
574,Germany,Male,35,5,"€ 1,63,856.76",1,1,1,"€ 15,118.20",20.00%
611,France,Male,38,7, € -   ,1,1,1,"€ 63,202.00",14.29%
738,Spain,Male,35,8,"€ 1,27,290.61",1,1,0,"€ 16,081.62",0.00%
571,France,Male,49,4,"€ 1,80,614.04",1,0,0,€ 523.00,0.00%
686,France,Female,44,7,"€ 55,053.62",1,1,0,"€ 1,81,757.19",0.00%
679,Spain,Male,33,4,"€ 96,110.22",1,1,0,"€ 1,173.23",0.00%
617,Spain,Female,46,3,"€ 1,06,521.49",1,0,1,"€ 86,587.37",33.33%
673,France,Male,39,7,"€ 82,255.51",2,1,0,"€ 1,09,545.56",0.00%
745,France,Female,33,1, € -   ,2,1,1,"€ 1,74,431.01",200.00%
677,Germany,Female,26,3,"€ 1,02,395.79",1,1,0,"€ 1,19,368.99",0.00%
613,Spain,Male,39,8,"€ 1,18,201.41",1,1,0,"€ 23,315.59",0.00%
576,France,Female,55,6,"€ 44,582.07",3,0,1,"€ 67,539.85",50.00%
584,Spain,Female,30,5, € -   ,2,1,1,"€ 1,85,201.58",40.00%
663,France,Male,22,6, € -   ,2,0,1,"€ 1,31,827.15",33.33%
466,France,Male,26,9,"€ 1,05,522.06",1,1,0,"€ 10,842.46",0.00%
510,Germany,Female,50,7,"€ 1,23,936.54",1,1,1,"€ 23,768.01",14.29%
619,Spain,Female,38,6, € -   ,2,1,1,"€ 1,17,616.29",33.33%
696,Germany,Female,66,7,"€ 1,19,499.42",2,1,1,"€ 1,74,027.30",28.57%
554,France,Female,44,9,"€ 1,35,814.70",2,0,0,"€ 1,15,091.38",0.00%
595,France,Male,52,9, € -   ,1,1,1,"€ 1,06,340.66",11.11%
659,Germany,Male,39,8,"€ 1,06,259.63",2,1,1,"€ 1,98,103.32",25.00%
662,France,Male,44,8, € -   ,2,1,1,"€ 1,75,314.87",25.00%
556,Spain,Male,38,2,"€ 1,15,463.16",1,1,0,"€ 1,50,679.65",0.00%
701,Spain,Female,39,9, € -   ,2,1,1,"€ 1,10,043.88",22.22%
587,Spain,Male,42,5,"€ 1,20,233.83",1,1,0,"€ 1,94,890.33",0.00%
571,France,Female,47,7, € -   ,2,0,0,"€ 1,12,366.98",0.00%
539,France,Female,40,7,"€ 81,132.21",1,1,0,"€ 1,67,289.82",0.00%
644,Germany,Female,34,10,"€ 1,22,196.99",2,1,1,"€ 1,82,099.71",20.00%
572,Germany,Male,39,4,"€ 1,12,290.22",1,1,0,"€ 49,373.97",0.00%
753,France,Female,50,4, € -   ,2,1,1,€ 861.40,50.00%
706,France,Male,35,5, € -   ,2,1,1,"€ 81,718.37",40.00%
588,France,Male,44,8,"€ 1,54,409.74",1,1,0,"€ 49,324.03",0.00%
825,France,Male,32,9, € -   ,2,0,0,"€ 9,751.03",0.00%
627,Spain,Male,48,1,"€ 1,32,759.80",1,1,0,"€ 78,899.22",0.00%
532,France,Male,60,5,"€ 76,705.87",2,0,1,"€ 13,889.73",40.00%
764,France,Female,44,1, € -   ,2,1,1,"€ 11,467.38",200.00%
700,France,Female,36,4, € -   ,2,1,0,"€ 1,30,789.15",0.00%
660,France,Male,41,3, € -   ,2,1,1,"€ 1,08,665.89",66.67%
518,Germany,Male,29,9,"€ 1,25,961.74",2,1,0,"€ 1,60,303.08",0.00%
557,France,Female,39,7,"€ 49,572.73",1,1,0,"€ 1,15,287.99",0.00%
639,France,Female,35,1,"€ 1,03,015.12",2,1,1,"€ 1,39,094.12",200.00%
557,France,Female,24,4, € -   ,1,0,0,"€ 20,515.72",0.00%
633,France,Female,32,1,"€ 1,04,001.38",1,0,1,"€ 36,642.65",100.00%
623,Spain,Female,50,2,"€ 87,116.71",1,1,1,"€ 1,04,382.11",50.00%
611,France,Male,68,5,"€ 82,547.11",2,1,1,"€ 1,46,448.01",40.00%
666,Spain,Female,47,5, € -   ,1,0,0,"€ 1,66,650.90",0.00%
521,France,Male,27,4,"€ 1,21,325.84",1,1,1,"€ 1,64,223.70",25.00%
775,France,Male,28,9,"€ 1,11,167.70",1,1,0,"€ 1,49,331.01",0.00%
681,Germany,Male,48,5,"€ 1,39,714.40",2,0,0,"€ 73,066.72",0.00%
564,Germany,Female,32,10,"€ 1,39,875.20",2,1,0,"€ 15,378.23",0.00%
646,Germany,Female,44,2,"€ 1,13,063.83",1,0,0,"€ 53,072.49",0.00%
670,France,Female,50,8,"€ 1,38,340.06",1,0,1,"€ 3,159.15",12.50%
751,France,Male,43,1,"€ 1,14,974.24",1,1,0,"€ 1,25,920.54",0.00%
544,France,Female,33,6, € -   ,2,1,1,"€ 1,24,113.04",33.33%
639,France,Female,38,5, € -   ,2,0,0,"€ 93,716.38",0.00%
635,Germany,Female,65,5,"€ 1,17,325.54",1,1,0,"€ 1,55,799.86",0.00%
672,France,Female,28,6, € -   ,1,0,1,"€ 8,814.69",16.67%
639,France,Female,35,8, € -   ,1,0,0,"€ 1,64,453.98",0.00%
697,France,Female,25,1, € -   ,2,0,0,"€ 87,803.32",0.00%
850,Spain,Male,44,8, € -   ,2,1,1,"€ 1,83,617.32",25.00%
748,France,Female,34,8, € -   ,2,1,0,"€ 53,584.03",0.00%
463,Spain,Female,35,2, € -   ,2,1,1,"€ 1,950.93",100.00%
572,France,Female,30,6, € -   ,1,0,1,"€ 1,75,025.27",16.67%
741,Spain,Male,50,1,"€ 78,737.61",1,1,1,"€ 13,018.96",100.00%
646,Spain,Male,25,5,"€ 1,82,876.88",2,1,1,"€ 42,537.59",40.00%
805,Germany,Male,50,9,"€ 1,30,023.38",1,1,0,"€ 62,989.82",0.00%
637,France,Male,36,2,"€ 1,52,606.82",1,1,1,"€ 71,692.80",50.00%
651,France,Male,28,7, € -   ,2,1,0,€ 823.96,0.00%
672,France,Male,28,4,"€ 1,67,268.98",1,1,1,"€ 1,69,469.30",25.00%
493,France,Male,54,3,"€ 1,67,831.88",2,1,0,"€ 1,50,159.95",0.00%
524,Germany,Male,29,9,"€ 1,44,287.60",2,1,0,"€ 32,063.30",0.00%
624,Germany,Female,45,5,"€ 1,51,855.33",1,1,0,"€ 68,794.15",0.00%
569,Spain,Female,51,3, € -   ,3,1,0,"€ 75,084.96",0.00%
677,France,Female,27,2, € -   ,2,0,1,"€ 1,14,685.92",100.00%
464,Germany,Male,37,4,"€ 1,55,994.15",1,0,0,"€ 1,43,665.44",0.00%
718,Germany,Male,26,7,"€ 1,47,527.03",1,0,0,"€ 51,099.56",0.00%
594,France,Female,53,4, € -   ,1,1,0,"€ 5,408.74",0.00%
574,France,Male,33,8,"€ 1,00,267.03",1,1,0,"€ 1,03,006.27",0.00%
478,Spain,Male,48,0,"€ 83,287.05",2,0,1,"€ 44,147.95",200.00%
615,Spain,Male,41,4, € -   ,1,0,1,"€ 1,49,278.96",25.00%
651,Spain,Male,45,4, € -   ,2,0,0,"€ 1,93,009.21",0.00%
465,Germany,Male,53,1,"€ 1,17,438.17",1,0,0,"€ 74,898.80",0.00%
558,France,Female,56,7,"€ 1,21,235.05",2,1,1,"€ 1,16,253.10",28.57%
540,Germany,Male,37,3,"€ 1,29,965.18",1,0,0,"€ 19,374.08",0.00%
568,Germany,Male,46,8,"€ 1,50,836.92",1,0,0,"€ 64,516.80",0.00%
630,France,Male,31,0, € -   ,2,1,1,"€ 34,475.14",200.00%
523,Germany,Male,60,1,"€ 1,63,894.35",1,0,1,"€ 57,061.71",100.00%
678,France,Female,48,2, € -   ,2,1,1,"€ 32,301.88",100.00%
438,France,Male,38,2, € -   ,2,1,0,"€ 1,36,859.55",0.00%
544,France,Male,44,1, € -   ,2,0,0,"€ 69,244.24",0.00%
595,Germany,Male,34,2,"€ 87,967.42",2,0,1,"€ 1,56,309.52",100.00%
678,France,Male,26,3, € -   ,2,1,0,"€ 4,989.33",0.00%
850,France,Female,36,6, € -   ,2,1,1,"€ 1,90,194.95",33.33%
589,Germany,Female,20,2,"€ 1,21,093.29",2,1,0,"€ 3,529.72",0.00%
785,Spain,Female,31,2,"€ 1,21,691.54",2,0,0,"€ 81,778.72",0.00%
563,Spain,Male,57,6, € -   ,2,1,1,"€ 39,297.48",33.33%
602,France,Female,39,6,"€ 1,54,121.32",2,1,0,"€ 1,76,614.86",0.00%
591,France,Male,29,6, € -   ,2,1,1,"€ 1,08,684.65",33.33%
643,Spain,Male,43,1, € -   ,2,1,1,"€ 1,45,764.40",200.00%
605,France,Female,32,5, € -   ,2,1,1,"€ 42,135.28",40.00%
755,Germany,Male,43,6,"€ 1,65,048.50",3,1,0,"€ 16,929.41",0.00%
769,Spain,Male,38,6, € -   ,2,0,0,"€ 1,04,393.78",0.00%
620,France,Female,33,9,"€ 1,27,638.35",1,1,1,"€ 1,92,717.57",11.11%
725,France,Male,31,8, € -   ,2,1,1,"€ 59,650.42",25.00%
818,Germany,Female,72,8,"€ 1,35,290.42",2,1,1,"€ 63,729.72",25.00%
624,France,Female,71,4,"€ 1,70,252.05",3,1,1,"€ 73,679.59",75.00%
669,Germany,Female,35,4,"€ 1,08,269.20",2,1,0,"€ 1,74,969.92",0.00%
712,France,Female,32,1, € -   ,2,1,0,"€ 1,703.58",0.00%
603,Germany,Female,35,9,"€ 1,45,623.36",1,1,0,"€ 1,63,181.62",0.00%
597,France,Female,41,4,"€ 1,45,809.53",2,1,1,"€ 52,319.26",50.00%
580,Germany,Male,76,2,"€ 1,30,334.84",2,1,1,"€ 51,672.08",100.00%
718,France,Female,39,3, € -   ,2,1,1,"€ 1,45,355.11",66.67%
527,Spain,Male,53,8, € -   ,1,1,1,"€ 51,711.57",12.50%
729,Spain,Female,42,1, € -   ,2,1,1,"€ 1,49,535.97",200.00%
746,France,Female,24,4, € -   ,1,0,1,"€ 94,105.00",25.00%
699,Germany,Female,54,3,"€ 1,11,009.32",1,1,1,"€ 1,55,905.79",33.33%
759,France,Female,46,2, € -   ,1,1,1,"€ 1,38,380.11",50.00%
748,France,Female,39,3,"€ 1,57,371.54",1,0,1,"€ 97,734.30",33.33%
698,Spain,Female,63,5, € -   ,1,1,1,"€ 1,73,576.71",20.00%
686,France,Male,37,9,"€ 1,34,560.62",1,1,0,"€ 27,596.39",0.00%
679,France,Male,40,1, € -   ,1,1,1,"€ 16,897.19",100.00%
682,Germany,Male,36,5,"€ 72,373.62",2,1,0,"€ 36,895.99",0.00%
778,France,Female,34,7,"€ 1,09,564.10",1,0,1,"€ 1,13,046.81",14.29%
742,France,Female,25,4,"€ 1,32,116.13",2,1,0,"€ 1,29,933.50",0.00%
649,Germany,Male,24,7,"€ 1,01,195.23",1,0,0,"€ 1,33,091.32",0.00%
763,France,Male,67,1,"€ 1,49,436.73",2,0,1,"€ 1,06,282.74",200.00%
595,Germany,Male,30,9,"€ 1,30,682.11",2,1,1,"€ 57,862.88",22.22%
628,Germany,Female,51,10,"€ 1,15,280.49",2,0,0,"€ 12,628.61",0.00%
625,France,Female,36,8,"€ 1,29,944.39",2,0,0,"€ 1,98,914.80",0.00%
733,France,Male,36,5, € -   ,2,1,1,"€ 1,09,127.54",40.00%
665,Spain,Female,32,10, € -   ,1,1,1,"€ 22,487.45",10.00%
805,Germany,Male,56,6,"€ 1,51,802.29",1,1,0,"€ 46,791.09",0.00%
725,France,Male,38,6, € -   ,2,1,1,"€ 1,58,697.28",33.33%
554,France,Female,38,3,"€ 1,38,731.95",1,1,1,"€ 1,94,138.36",33.33%
675,Spain,Female,35,8,"€ 1,55,621.08",1,0,1,"€ 35,177.31",12.50%
556,France,Female,54,4,"€ 1,50,005.38",1,1,0,"€ 1,57,015.50",0.00%
635,Spain,Female,48,2, € -   ,2,1,1,"€ 1,36,551.25",100.00%
601,France,Male,47,1,"€ 64,430.06",2,0,1,"€ 96,517.97",200.00%
600,Germany,Male,53,7,"€ 1,06,261.63",1,1,0,"€ 93,629.66",0.00%
758,Spain,Male,40,3, € -   ,2,0,0,"€ 96,097.65",0.00%
606,Germany,Female,41,4,"€ 1,32,670.53",1,1,0,"€ 1,56,476.36",0.00%
640,France,Female,67,3, € -   ,1,0,1,"€ 42,964.63",33.33%
753,Germany,Female,38,1,"€ 1,17,314.92",1,1,0,"€ 1,22,021.33",0.00%
559,Spain,Male,38,3,"€ 1,45,874.35",1,1,0,"€ 56,311.39",0.00%
754,Spain,Female,50,7,"€ 1,46,777.44",2,0,1,"€ 1,50,685.52",28.57%
621,Germany,Male,51,4,"€ 1,09,978.83",1,0,0,"€ 1,77,740.58",0.00%
654,France,Female,37,5, € -   ,1,0,1,"€ 71,492.28",20.00%
650,Spain,Male,24,8,"€ 1,08,881.73",1,1,0,"€ 1,04,492.83",0.00%
831,Spain,Female,44,10, € -   ,1,0,1,"€ 47,729.33",10.00%
519,France,Male,39,2,"€ 1,12,957.26",2,1,0,"€ 97,593.16",0.00%
552,Germany,Female,42,8,"€ 1,03,362.14",1,0,1,"€ 1,86,869.58",12.50%
577,Spain,Male,41,4,"€ 89,015.61",1,0,1,"€ 1,35,227.23",25.00%
576,Spain,Male,45,5,"€ 1,33,618.01",1,0,0,"€ 1,35,244.87",0.00%
646,France,Male,40,5,"€ 93,680.43",2,1,1,"€ 1,79,473.26",40.00%
711,Germany,Female,45,1,"€ 97,486.15",2,1,0,"€ 50,610.62",0.00%
806,Spain,Female,37,2,"€ 1,37,794.18",2,0,1,"€ 75,232.02",100.00%
670,France,Female,39,8,"€ 1,01,928.51",1,0,0,"€ 89,205.54",0.00%
679,Spain,Female,28,9, € -   ,2,0,1,"€ 61,761.77",22.22%
850,Spain,Female,39,6, € -   ,2,1,0,"€ 1,03,921.43",0.00%
670,Germany,Female,35,2,"€ 79,585.96",1,0,1,"€ 1,98,802.90",50.00%
733,France,Female,24,3,"€ 1,61,884.99",1,1,1,"€ 9,617.24",33.33%
764,France,Female,39,1,"€ 1,29,068.54",2,1,1,"€ 1,87,905.12",200.00%
673,France,Female,42,4, € -   ,2,1,0,"€ 1,21,440.80",0.00%
588,Germany,Male,49,6,"€ 1,32,623.76",3,1,0,"€ 36,292.94",0.00%
564,Spain,Male,31,5,"€ 1,21,461.87",1,1,1,"€ 20,432.09",20.00%
715,France,Male,32,8,"€ 1,75,307.32",1,1,0,"€ 1,87,051.23",0.00%
621,France,Male,31,7,"€ 1,36,658.61",1,1,1,"€ 1,48,689.13",14.29%
796,Spain,Female,23,3,"€ 1,46,584.19",2,0,0,"€ 1,25,445.80",0.00%
672,France,Male,34,6, € -   ,1,0,0,"€ 22,736.06",0.00%
527,Spain,Female,46,10,"€ 1,31,414.76",1,1,0,"€ 54,947.51",0.00%
722,France,Female,38,3, € -   ,2,0,1,"€ 1,67,984.72",66.67%
596,Germany,Male,34,4,"€ 99,441.21",2,0,1,"€ 4,802.27",50.00%
746,France,Female,32,4, € -   ,2,1,1,"€ 72,909.75",50.00%
523,France,Female,26,4, € -   ,2,1,0,"€ 1,85,488.81",0.00%
624,France,Male,44,3, € -   ,2,1,0,"€ 88,407.51",0.00%
553,Spain,Male,38,1,"€ 1,81,110.13",2,1,0,"€ 1,84,544.59",0.00%
850,Spain,Male,33,3,"€ 1,00,476.46",2,1,1,"€ 1,36,539.13",66.67%
599,Germany,Male,33,2,"€ 51,949.95",2,1,0,"€ 85,045.92",0.00%
492,France,Male,35,8,"€ 1,21,063.49",1,0,0,"€ 85,421.48",0.00%
707,Spain,Male,48,8,"€ 88,441.64",1,1,1,"€ 1,19,903.20",12.50%
743,France,Female,30,1,"€ 1,27,023.39",1,1,1,"€ 1,38,780.89",100.00%
522,France,Male,41,5,"€ 1,44,147.68",1,1,1,"€ 14,789.90",20.00%
681,Spain,Female,57,2,"€ 1,73,306.13",1,0,1,"€ 1,31,964.66",50.00%
826,France,Female,49,0, € -   ,1,0,0,"€ 1,78,709.98",0.00%
630,Germany,Female,28,8,"€ 1,06,425.75",1,1,1,"€ 20,344.84",12.50%
430,Germany,Female,66,6,"€ 1,35,392.31",2,1,1,"€ 1,72,852.06",33.33%
806,France,Female,67,1, € -   ,2,0,1,"€ 1,03,945.58",200.00%
703,Spain,Male,39,6,"€ 1,52,685.40",1,0,0,"€ 1,83,656.12",0.00%
755,Germany,Female,38,1,"€ 82,083.52",1,0,1,"€ 10,333.78",100.00%
612,Spain,Female,63,2,"€ 1,31,629.17",2,1,0,"€ 1,22,109.58",0.00%
719,France,Female,54,7, € -   ,2,1,1,"€ 1,25,041.52",28.57%
554,Germany,Female,55,0,"€ 1,08,477.27",1,0,1,"€ 1,40,003.00",100.00%
683,France,Male,30,4,"€ 1,14,779.35",1,0,0,"€ 1,83,171.47",0.00%
749,France,Male,41,5,"€ 57,568.94",1,1,1,"€ 61,128.29",20.00%
724,Spain,Male,36,1, € -   ,2,1,0,"€ 52,462.25",0.00%
770,Spain,Male,30,8, € -   ,2,0,1,"€ 50,839.85",25.00%
680,France,Male,37,4, € -   ,2,1,0,"€ 61,240.87",0.00%
699,France,Female,32,4,"€ 1,10,559.46",1,1,1,"€ 1,27,429.56",25.00%
442,France,Male,34,4, € -   ,2,1,0,"€ 68,343.08",0.00%
529,France,Male,46,8, € -   ,1,0,0,"€ 1,26,511.94",0.00%
574,Spain,Male,36,3, € -   ,2,1,1,"€ 8,559.66",66.67%
605,France,Male,33,9,"€ 1,28,152.82",1,0,0,"€ 1,47,822.81",0.00%
515,Germany,Male,45,7,"€ 1,20,961.50",3,1,1,"€ 39,288.11",42.86%
632,Germany,Male,65,6,"€ 1,29,472.33",1,1,1,"€ 85,179.48",16.67%
558,France,Male,32,10,"€ 1,05,000.23",1,1,0,"€ 1,90,019.61",0.00%
434,Germany,Male,55,8,"€ 1,09,339.17",2,1,0,"€ 96,405.88",0.00%
525,France,Female,59,6,"€ 55,328.40",1,1,0,"€ 83,342.73",0.00%
640,Germany,Male,23,3,"€ 72,012.76",1,1,0,"€ 1,61,333.13",0.00%
690,France,Female,36,6,"€ 1,10,480.48",1,0,0,"€ 81,292.33",0.00%
607,Spain,Male,34,9,"€ 1,32,439.99",1,1,0,"€ 1,77,747.72",0.00%
850,France,Female,46,3, € -   ,2,1,1,"€ 1,87,980.21",66.67%
780,Germany,Male,34,5,"€ 94,108.54",2,1,0,"€ 1,77,235.21",0.00%
616,Germany,Female,28,10,"€ 1,05,173.99",1,0,1,"€ 29,835.37",10.00%
618,Spain,Female,40,8, € -   ,2,1,0,"€ 80,204.38",0.00%
676,France,Male,29,7,"€ 1,31,959.86",1,0,0,"€ 1,89,268.81",0.00%
507,France,Male,33,7, € -   ,2,1,1,"€ 85,411.01",28.57%
490,France,Male,34,5,"€ 1,22,952.90",2,0,0,"€ 1,54,360.97",0.00%
678,France,Male,36,0,"€ 1,07,379.68",1,1,1,"€ 84,460.18",100.00%
637,Germany,Male,30,6,"€ 1,22,641.56",2,1,0,"€ 65,618.01",0.00%
602,France,Female,33,8, € -   ,2,1,1,"€ 1,12,928.74",25.00%
744,Spain,Female,30,1,"€ 1,24,037.28",1,1,1,"€ 1,42,210.94",100.00%
640,France,Female,50,9,"€ 1,17,565.03",2,0,0,"€ 82,559.77",0.00%
684,France,Female,38,5,"€ 1,33,189.40",1,0,0,"€ 1,27,388.06",0.00%
495,Germany,Male,39,8,"€ 1,20,252.02",2,1,1,"€ 10,160.23",25.00%
559,Germany,Female,28,3,"€ 1,52,264.81",1,0,0,"€ 64,242.31",0.00%
684,France,Male,38,5,"€ 1,05,069.98",2,1,1,"€ 1,98,355.28",40.00%
613,France,Male,42,7,"€ 1,15,076.06",1,1,1,"€ 79,323.61",14.29%
794,France,Male,30,8, € -   ,2,1,1,"€ 24,113.91",25.00%
736,France,Female,42,7,"€ 1,17,280.23",3,0,0,"€ 41,921.06",0.00%
692,Germany,Male,49,6,"€ 1,10,540.43",2,0,1,"€ 1,07,472.99",33.33%
703,Spain,Male,36,7,"€ 1,35,095.47",1,1,0,"€ 1,43,859.66",0.00%
720,Germany,Male,23,0,"€ 1,87,861.18",2,1,1,"€ 1,04,120.17",200.00%
777,Germany,Male,44,3,"€ 1,24,655.59",2,0,1,"€ 79,792.30",66.67%
653,France,Male,44,8, € -   ,2,1,1,"€ 1,54,639.72",25.00%
552,France,Female,38,9,"€ 1,34,105.01",1,0,0,"€ 57,850.10",0.00%
708,France,Female,34,4, € -   ,1,1,1,"€ 62,868.33",25.00%
647,France,Female,40,9, € -   ,2,0,1,"€ 92,357.21",22.22%
597,Germany,Male,52,8,"€ 83,693.34",2,1,1,"€ 1,61,083.53",25.00%
501,France,Male,42,9,"€ 1,14,631.23",1,0,1,"€ 91,429.74",11.11%
709,France,Male,44,9,"€ 1,28,601.98",1,1,0,"€ 1,17,031.20",0.00%
621,Germany,Female,34,2,"€ 91,258.52",2,1,0,"€ 44,857.40",0.00%
799,France,Male,70,8,"€ 70,416.75",1,1,1,"€ 36,483.52",12.50%
675,France,Female,33,6, € -   ,2,1,0,"€ 34,045.61",0.00%
561,France,Female,35,5, € -   ,2,1,0,"€ 59,981.62",0.00%
707,France,Female,42,10, € -   ,2,1,1,"€ 1,52,944.39",20.00%
670,France,Male,33,6,"€ 88,294.60",1,1,0,"€ 66,979.06",0.00%
649,Spain,Female,32,7, € -   ,1,1,0,"€ 28,797.32",0.00%
524,France,Male,28,1,"€ 93,577.30",1,1,1,"€ 51,670.82",100.00%
689,Germany,Female,30,5,"€ 1,36,650.89",1,1,1,"€ 41,865.72",20.00%
573,Spain,Female,72,8,"€ 98,765.84",1,1,1,"€ 96,015.53",12.50%
657,France,Male,33,1,"€ 84,309.57",2,0,0,"€ 1,03,914.40",0.00%
686,Spain,Male,39,10,"€ 1,36,258.06",1,0,0,"€ 89,199.51",0.00%
683,France,Female,29,9, € -   ,2,1,1,"€ 48,849.89",22.22%
753,Germany,Female,47,1,"€ 1,31,160.85",1,1,0,"€ 1,97,444.69",0.00%
520,Spain,Female,30,4,"€ 1,45,222.99",2,0,0,"€ 1,45,160.96",0.00%
547,Germany,Male,25,4,"€ 98,141.57",2,1,1,"€ 52,309.80",50.00%
653,France,Male,47,6, € -   ,1,1,0,"€ 50,695.93",0.00%
648,Spain,Female,28,9,"€ 1,02,282.61",1,1,1,"€ 1,57,891.11",11.11%
639,France,Female,37,4,"€ 1,16,121.84",2,0,1,"€ 1,81,850.74",50.00%
711,France,Female,25,5,"€ 1,90,066.54",1,0,0,"€ 51,345.39",0.00%
484,Germany,Female,55,8,"€ 1,49,349.58",3,0,0,"€ 1,37,519.92",0.00%
721,France,Male,36,1,"€ 1,55,176.83",2,1,1,"€ 49,653.37",200.00%
548,Germany,Male,32,2,"€ 98,986.28",1,1,1,"€ 55,867.38",50.00%
679,France,Male,41,8,"€ 1,47,726.98",3,1,0,"€ 1,72,749.40",0.00%
553,France,Male,41,1, € -   ,2,1,0,"€ 90,607.31",0.00%
757,France,Male,36,7,"€ 1,44,852.06",1,0,0,"€ 1,30,861.95",0.00%
581,France,Male,54,4,"€ 89,299.81",1,0,0,"€ 5,558.47",0.00%
718,Spain,Male,40,9, € -   ,2,0,0,"€ 1,21,537.91",0.00%
625,France,Male,41,6,"€ 97,663.16",2,1,0,"€ 57,128.78",0.00%
744,Spain,Male,39,4,"€ 95,161.75",1,1,0,"€ 19,409.77",0.00%
799,Germany,Male,31,9,"€ 1,54,586.92",1,0,1,"€ 88,604.89",11.11%
751,Spain,Female,34,8,"€ 1,27,095.14",2,0,0,€ 479.54,0.00%
781,Germany,Male,35,7,"€ 92,526.15",2,1,1,"€ 1,73,837.54",28.57%
777,Germany,Female,46,0,"€ 1,07,362.80",1,1,0,€ 487.30,0.00%
704,Spain,Female,24,2, € -   ,1,1,0,"€ 35,600.25",0.00%
539,France,Female,47,2,"€ 1,27,286.04",2,1,1,"€ 1,66,929.43",100.00%
716,France,Female,29,6, € -   ,2,1,1,"€ 98,998.61",33.33%
670,France,Male,37,2, € -   ,2,1,1,"€ 54,229.74",100.00%
555,France,Male,40,10,"€ 1,39,930.18",1,1,1,"€ 1,05,720.09",10.00%
679,Germany,Female,30,4,"€ 77,949.69",1,1,1,"€ 1,21,151.46",25.00%
571,France,Male,38,1,"€ 1,21,405.04",1,1,1,"€ 1,54,844.22",100.00%
512,Spain,Female,35,5,"€ 1,24,580.69",1,1,1,"€ 18,785.48",20.00%
697,France,Male,35,5,"€ 1,33,087.76",1,1,0,"€ 64,771.61",0.00%
424,Spain,Male,34,7, € -   ,1,1,1,"€ 16,250.61",14.29%
684,France,Female,43,7, € -   ,2,1,0,"€ 1,31,093.99",0.00%
697,Spain,Male,62,7, € -   ,1,1,0,"€ 1,29,188.18",0.00%
580,Germany,Male,45,8,"€ 1,03,741.14",1,1,0,"€ 47,428.73",0.00%
600,France,Female,32,7,"€ 98,877.95",1,1,0,"€ 1,32,973.21",0.00%
521,France,Male,37,5,"€ 1,05,843.26",2,1,1,"€ 84,908.20",40.00%
664,Spain,Male,44,7,"€ 77,526.66",3,0,0,"€ 57,338.56",0.00%
634,France,Male,77,5, € -   ,2,1,1,"€ 1,61,579.85",40.00%
445,France,Female,33,7, € -   ,2,1,0,"€ 1,22,625.68",0.00%
702,Germany,Female,36,2,"€ 1,05,264.88",2,1,1,"€ 52,909.87",100.00%
485,France,Male,37,5, € -   ,2,0,1,"€ 1,70,226.47",40.00%
582,Germany,Female,40,3,"€ 1,10,150.43",1,1,1,"€ 1,91,757.65",33.33%
605,Spain,Female,57,2, € -   ,3,1,0,"€ 66,652.75",0.00%
628,France,Male,25,7, € -   ,2,1,1,"€ 1,95,977.75",28.57%
604,Spain,Female,28,6, € -   ,2,1,1,"€ 69,056.26",33.33%
724,Germany,Male,31,9,"€ 1,38,166.30",1,1,0,"€ 12,920.43",0.00%
567,Germany,Male,40,7,"€ 1,22,265.24",1,1,0,"€ 1,38,552.74",0.00%
779,Spain,Female,55,0,"€ 1,33,295.98",1,1,0,"€ 22,832.71",0.00%
785,France,Male,36,2, € -   ,1,0,1,"€ 61,811.10",50.00%
563,France,Female,32,0,"€ 1,48,326.09",1,1,0,"€ 1,91,604.27",0.00%
821,Germany,Female,31,2,"€ 68,927.57",1,1,1,"€ 25,445.00",50.00%
747,France,Female,47,5,"€ 1,39,914.60",4,0,1,"€ 1,29,964.56",80.00%
600,Germany,Female,58,8,"€ 1,18,723.11",1,0,0,"€ 6,209.51",0.00%
625,Spain,Male,32,7,"€ 1,06,957.28",1,1,1,"€ 1,34,794.02",14.29%
773,France,Female,41,7,"€ 1,90,238.93",1,1,1,"€ 57,549.65",14.29%
726,France,Female,53,1,"€ 1,13,537.73",1,0,1,"€ 28,367.21",100.00%
641,Spain,Female,40,4,"€ 1,01,090.27",1,1,1,"€ 51,703.09",25.00%
649,France,Female,46,2, € -   ,2,1,1,"€ 66,602.70",100.00%
434,Spain,Male,33,3, € -   ,1,1,1,"€ 2,739.71",33.33%
738,France,Female,38,7, € -   ,2,0,0,"€ 69,227.42",0.00%
762,Spain,Female,60,10,"€ 1,68,920.75",1,1,0,"€ 31,445.03",0.00%
507,Germany,Male,31,9,"€ 1,11,589.67",1,1,0,"€ 1,50,037.19",0.00%
606,Germany,Female,27,6,"€ 1,72,310.33",1,0,1,"€ 1,11,448.92",16.67%
655,Germany,Male,34,7,"€ 1,18,028.35",1,1,0,"€ 51,226.32",0.00%
697,Germany,Male,51,1,"€ 1,47,910.30",1,1,1,"€ 53,581.14",100.00%
504,Germany,Male,42,7,"€ 1,31,287.36",2,1,1,"€ 1,49,697.78",28.57%
653,France,Female,74,0,"€ 1,21,276.32",1,1,1,"€ 1,60,348.31",100.00%
660,Spain,Male,38,6,"€ 1,09,869.32",1,1,1,"€ 1,54,641.91",16.67%
652,France,Female,34,6,"€ 97,435.85",2,1,1,"€ 1,04,331.76",33.33%
669,France,Female,42,9, € -   ,2,0,0,"€ 1,35,630.32",0.00%
594,France,Male,35,2,"€ 1,33,853.27",1,1,1,"€ 65,361.66",50.00%
756,Germany,Male,32,0,"€ 1,09,528.16",2,1,1,"€ 56,176.31",200.00%
642,France,Female,33,4,"€ 84,607.34",2,0,1,"€ 60,059.47",50.00%
486,Germany,Male,37,1,"€ 1,01,438.00",1,0,0,"€ 51,364.56",0.00%
804,France,Male,55,7, € -   ,2,1,1,"€ 1,18,752.60",28.57%
629,France,Male,59,9,"€ 1,13,657.83",1,1,1,"€ 1,16,848.79",11.11%
581,Spain,Female,44,7,"€ 1,89,318.16",2,1,0,"€ 45,026.23",0.00%
667,France,Male,31,3,"€ 99,513.91",1,1,1,"€ 1,89,657.26",33.33%
667,Spain,Male,35,4,"€ 97,585.32",2,0,0,"€ 57,213.46",0.00%
679,France,Male,29,3, € -   ,2,1,1,"€ 63,687.06",66.67%
680,France,Female,43,4, € -   ,2,1,1,"€ 58,761.33",50.00%
644,Spain,Male,32,3,"€ 1,36,659.74",1,1,1,"€ 14,187.78",33.33%
571,France,Female,30,4,"€ 85,755.86",1,1,0,"€ 1,45,115.95",0.00%
627,Spain,Female,35,7, € -   ,1,1,0,"€ 1,87,718.26",0.00%
536,France,Male,39,4, € -   ,2,1,0,"€ 27,150.35",0.00%
599,Spain,Male,33,4,"€ 51,690.89",1,1,0,"€ 1,11,622.76",0.00%
744,Spain,Male,34,3, € -   ,2,1,0,"€ 27,244.35",0.00%
709,France,Female,34,2,"€ 1,11,669.68",1,1,0,"€ 57,029.66",0.00%
653,Germany,Male,31,2,"€ 1,54,741.45",2,0,0,"€ 25,183.01",0.00%
648,Germany,Male,31,7,"€ 1,25,681.51",1,0,1,"€ 1,29,980.93",14.29%
663,Germany,Female,37,8,"€ 1,55,303.71",1,1,0,"€ 1,18,716.63",0.00%
613,Germany,Female,43,4,"€ 1,40,681.68",1,0,1,"€ 20,134.07",25.00%
620,France,Male,28,9,"€ 71,902.52",1,0,1,"€ 1,90,208.23",11.11%
661,France,Male,51,6,"€ 1,46,606.60",1,1,1,"€ 68,021.90",16.67%
669,Germany,Male,45,1,"€ 1,23,949.75",1,0,0,"€ 1,10,881.56",0.00%
767,Germany,Female,33,1,"€ 1,44,753.21",1,1,1,"€ 1,32,480.75",100.00%
491,France,Female,72,6,"€ 91,285.22",1,1,1,"€ 7,032.95",16.67%
653,France,Male,43,0, € -   ,2,1,0,"€ 27,862.58",0.00%
679,Germany,Male,58,8,"€ 1,25,850.53",2,1,1,"€ 87,008.17",25.00%
687,France,Male,28,7,"€ 1,08,116.66",1,1,1,"€ 27,411.19",14.29%
837,France,Female,38,2, € -   ,2,1,1,"€ 46,395.21",100.00%
850,France,Male,28,8,"€ 67,639.56",2,1,1,"€ 1,94,245.29",25.00%
663,Spain,Female,53,6,"€ 1,50,200.23",1,0,1,"€ 1,51,317.27",16.67%
547,Spain,Female,22,7,"€ 1,41,287.15",1,1,0,"€ 1,18,142.79",0.00%
627,France,Female,41,6, € -   ,3,1,1,"€ 1,38,700.75",50.00%
707,France,Male,37,1, € -   ,2,0,1,"€ 6,035.51",200.00%
629,France,Female,43,0, € -   ,2,1,1,"€ 41,263.69",200.00%
687,France,Female,36,4,"€ 97,157.96",1,0,1,"€ 63,185.05",25.00%
588,France,Female,36,2, € -   ,2,1,0,"€ 92,536.00",0.00%
502,Germany,Female,33,6,"€ 1,25,241.17",2,1,1,"€ 1,58,736.07",33.33%
793,Germany,Male,54,2,"€ 1,28,966.13",1,0,0,"€ 18,633.40",0.00%
727,Germany,Male,59,5,"€ 1,52,581.06",1,1,0,"€ 71,830.10",0.00%
632,Spain,Female,32,1, € -   ,2,1,0,"€ 19,525.65",0.00%
474,Germany,Female,37,5,"€ 1,42,688.57",2,1,1,"€ 1,10,953.33",40.00%
850,Germany,Female,31,1,"€ 1,30,089.56",2,1,1,"€ 4,466.21",200.00%
584,France,Male,36,9, € -   ,1,1,1,"€ 1,05,818.51",11.11%
713,France,Female,32,1,"€ 1,17,094.02",1,0,0,"€ 1,49,558.83",0.00%
742,Spain,Male,24,8, € -   ,2,1,0,"€ 4,070.28",0.00%
607,France,Female,39,10, € -   ,3,1,0,"€ 1,32,741.13",0.00%
761,Spain,Female,34,2, € -   ,2,1,0,"€ 61,251.25",0.00%
600,France,Male,49,7,"€ 90,218.90",1,1,0,"€ 91,347.76",0.00%
650,Spain,Male,42,4,"€ 1,94,532.66",1,1,0,"€ 1,71,045.31",0.00%
850,Germany,Male,56,1,"€ 1,69,743.83",1,0,0,"€ 1,55,850.40",0.00%
501,France,Female,34,5, € -   ,1,1,0,"€ 27,380.99",0.00%
418,France,Male,34,8,"€ 1,55,973.88",1,1,0,"€ 1,54,208.96",0.00%
797,Spain,Male,59,4,"€ 1,29,321.44",1,1,1,"€ 93,624.55",25.00%
788,Germany,Female,42,6,"€ 1,38,650.49",2,1,0,"€ 64,746.07",0.00%
699,Spain,Male,43,2,"€ 1,36,487.86",2,1,0,"€ 82,815.93",0.00%
616,France,Male,18,6, € -   ,2,1,1,"€ 27,308.58",33.33%
651,France,Female,41,4,"€ 38,617.20",1,1,1,"€ 1,04,876.80",25.00%
654,France,Female,28,7, € -   ,2,1,0,"€ 1,51,316.37",0.00%
676,France,Female,34,8,"€ 82,909.14",1,1,0,"€ 91,817.38",0.00%
708,Germany,Female,54,8,"€ 1,45,151.40",1,0,1,"€ 1,25,311.17",12.50%
499,Spain,Female,42,0,"€ 1,47,187.84",1,1,1,"€ 14,868.94",100.00%
689,France,Male,39,4, € -   ,2,1,0,"€ 1,96,112.45",0.00%
850,Spain,Male,54,7,"€ 1,08,185.81",2,0,0,"€ 24,093.40",0.00%
502,France,Male,30,4, € -   ,2,1,1,"€ 66,263.87",50.00%
643,France,Male,34,7, € -   ,2,0,1,"€ 1,00,304.13",28.57%
762,France,Male,28,2, € -   ,2,1,0,"€ 1,67,909.52",0.00%
719,France,Male,49,5,"€ 1,05,918.10",1,1,1,"€ 16,246.59",20.00%
789,France,Male,27,6, € -   ,2,1,0,"€ 1,03,603.65",0.00%
553,Spain,Male,42,7, € -   ,2,1,0,"€ 7,680.23",0.00%
448,Spain,Male,25,2, € -   ,2,0,0,"€ 95,215.73",0.00%
632,Germany,Male,42,6,"€ 59,972.26",2,0,1,"€ 1,48,172.94",33.33%
669,Spain,Male,25,7,"€ 1,57,228.61",2,1,0,"€ 1,24,382.90",0.00%
654,Spain,Male,34,5, € -   ,2,1,0,"€ 1,59,311.46",0.00%
726,France,Female,38,4, € -   ,2,0,0,"€ 6,787.48",0.00%
596,France,Male,21,4,"€ 2,10,433.08",2,0,1,"€ 1,97,297.77",50.00%
733,Germany,Female,30,1,"€ 1,02,452.71",1,1,0,"€ 21,556.95",0.00%
529,Spain,Female,35,5, € -   ,2,1,0,"€ 56,518.00",0.00%
493,France,Female,37,8,"€ 1,42,987.46",2,1,0,"€ 1,58,840.99",0.00%
615,Spain,Female,29,7,"€ 1,43,330.56",2,1,1,"€ 1,26,396.01",28.57%
600,France,Female,49,6, € -   ,1,0,1,"€ 1,48,087.88",16.67%
666,France,Male,36,4,"€ 1,20,165.40",2,1,0,"€ 33,701.50",0.00%
644,Spain,Male,54,6, € -   ,1,0,1,"€ 84,622.37",16.67%
692,France,Female,36,4, € -   ,1,1,0,"€ 1,85,580.89",0.00%
707,France,Male,73,6,"€ 66,573.17",1,1,1,"€ 62,768.80",16.67%
603,France,Male,40,4,"€ 1,02,833.46",2,1,1,"€ 38,829.11",50.00%
671,France,Female,34,5,"€ 1,64,757.56",1,1,0,"€ 1,10,748.88",0.00%
568,Spain,Female,36,10,"€ 1,53,610.61",1,1,1,"€ 54,083.80",10.00%
598,Spain,Female,35,8, € -   ,3,0,1,"€ 88,658.73",37.50%
606,Spain,Male,42,10, € -   ,2,1,0,"€ 1,77,938.52",0.00%
850,Germany,Female,36,3,"€ 1,69,025.83",1,1,0,"€ 1,74,235.06",0.00%
644,Spain,Female,26,4,"€ 1,53,455.72",2,1,1,"€ 82,696.84",50.00%
655,France,Male,37,4, € -   ,2,1,1,"€ 1,42,415.97",50.00%
850,France,Male,30,10,"€ 1,53,972.89",2,1,0,"€ 62,811.03",0.00%
683,Spain,Male,34,9,"€ 1,14,609.55",2,0,1,"€ 25,339.29",22.22%
663,Germany,Male,37,7,"€ 1,43,625.83",2,0,1,"€ 1,76,487.05",28.57%
682,Germany,Female,38,1,"€ 1,16,520.28",1,1,1,"€ 49,833.50",100.00%
639,France,Male,77,6,"€ 80,926.02",2,1,1,"€ 55,829.25",33.33%
704,France,Male,23,6,"€ 1,66,594.78",1,1,1,"€ 1,55,823.20",16.67%
691,France,Female,40,0,"€ 1,15,465.98",1,1,1,"€ 60,622.61",100.00%
599,France,Male,34,8, € -   ,2,1,1,"€ 1,74,196.68",25.00%
573,France,Female,36,1, € -   ,1,1,1,"€ 56,905.38",100.00%
589,Germany,Female,41,7,"€ 92,618.62",1,1,1,"€ 1,01,178.85",14.29%
620,Germany,Female,25,8,"€ 1,41,825.88",1,1,1,"€ 73,857.94",12.50%
647,Spain,Male,28,6,"€ 1,49,594.02",2,1,0,"€ 1,02,325.19",0.00%
737,Spain,Female,39,7,"€ 1,30,051.66",2,0,0,"€ 55,356.39",0.00%
634,France,Female,41,7, € -   ,2,1,1,"€ 1,31,284.93",28.57%
660,France,Male,38,4, € -   ,2,0,0,"€ 88,080.43",0.00%
666,Germany,Female,37,2,"€ 1,58,468.76",1,0,1,"€ 93,266.01",50.00%
696,France,Male,44,8,"€ 1,61,889.79",1,0,0,"€ 75,562.47",0.00%
836,France,Female,29,9,"€ 1,33,681.78",1,1,1,"€ 1,53,747.73",11.11%
667,Spain,Female,34,5, € -   ,2,1,0,"€ 1,63,830.64",0.00%
596,Spain,Male,20,3,"€ 1,87,294.46",1,1,0,"€ 1,03,456.47",0.00%
430,France,Male,31,5, € -   ,1,1,0,"€ 95,655.16",0.00%
596,Spain,Male,67,6, € -   ,2,1,1,"€ 1,38,350.74",33.33%
599,France,Male,28,7,"€ 1,19,706.22",1,0,0,"€ 31,190.42",0.00%
519,France,Female,22,8, € -   ,1,0,1,"€ 1,67,553.06",12.50%
721,Germany,Female,45,7,"€ 1,38,523.20",1,0,0,"€ 59,604.45",0.00%
603,Spain,Female,56,5,"€ 90,778.76",2,1,0,"€ 1,62,223.67",0.00%
572,Germany,Male,47,4,"€ 99,353.42",1,1,0,"€ 1,96,549.85",0.00%
453,Germany,Female,40,1,"€ 1,11,524.49",1,1,1,"€ 1,20,373.84",100.00%
668,France,Female,37,7,"€ 1,28,645.67",1,1,0,"€ 92,149.64",0.00%
762,Germany,Male,35,1,"€ 1,17,458.51",1,0,1,"€ 1,78,361.48",100.00%
633,France,Female,39,9,"€ 1,29,189.15",2,0,0,"€ 1,70,998.83",0.00%
647,Spain,Male,33,7,"€ 1,21,260.19",2,1,0,"€ 77,216.48",0.00%
796,Spain,Male,56,6,"€ 94,231.13",1,0,0,"€ 1,21,164.60",0.00%
733,France,Male,39,1, € -   ,2,1,1,"€ 1,41,841.31",200.00%
556,France,Male,34,8,"€ 1,63,757.06",1,1,1,"€ 1,04,000.06",12.50%
489,Spain,Male,58,4, € -   ,2,1,1,"€ 1,91,419.32",50.00%
639,France,Male,22,4, € -   ,2,1,0,"€ 28,188.96",0.00%
715,France,Male,35,2,"€ 1,41,005.47",1,1,1,"€ 60,407.93",50.00%
807,Germany,Female,42,9,"€ 1,05,356.09",2,1,1,"€ 1,30,489.37",22.22%
714,Spain,Male,34,5, € -   ,2,1,0,"€ 1,93,040.32",0.00%
626,Germany,Female,23,6,"€ 85,897.95",1,1,0,"€ 1,09,742.80",0.00%
697,France,Male,36,7, € -   ,2,1,1,"€ 74,760.32",28.57%
850,Germany,Female,31,4,"€ 1,64,672.66",1,0,1,"€ 61,936.10",25.00%
737,Germany,Female,45,2,"€ 99,169.67",2,1,1,"€ 78,650.95",100.00%
812,France,Male,29,6, € -   ,2,0,0,"€ 1,68,023.60",0.00%
583,France,Male,36,8, € -   ,2,0,1,"€ 5,571.59",25.00%
730,Germany,Female,37,5,"€ 1,24,053.03",1,1,0,"€ 1,18,591.67",0.00%
677,France,Male,36,4, € -   ,2,1,0,"€ 7,824.31",0.00%
748,Germany,Female,40,3,"€ 1,03,499.09",2,0,0,"€ 38,153.19",0.00%
753,Germany,Female,38,9,"€ 1,51,766.71",1,1,1,"€ 1,80,829.99",11.11%
634,Spain,Female,36,1, € -   ,1,1,1,"€ 1,43,960.72",100.00%
622,France,Male,29,7,"€ 1,01,486.96",1,1,1,"€ 8,788.35",14.29%
699,Germany,Male,36,2,"€ 1,23,601.56",2,1,0,"€ 1,03,557.85",0.00%
570,Germany,Male,38,1,"€ 1,27,201.58",1,1,0,"€ 1,47,168.28",0.00%
552,Germany,Male,33,3,"€ 1,44,962.74",1,1,0,"€ 58,844.84",0.00%
619,France,Female,48,4, € -   ,1,0,0,"€ 18,094.96",0.00%
714,Spain,Male,33,8,"€ 1,22,017.19",1,0,0,"€ 1,62,515.17",0.00%
503,Spain,Male,32,9,"€ 1,00,262.88",2,1,1,"€ 1,57,921.25",22.22%
685,Spain,Female,43,6,"€ 1,17,302.62",1,0,0,"€ 68,701.73",0.00%
606,France,Female,35,0,"€ 1,35,984.15",2,1,0,"€ 1,86,778.89",0.00%
678,France,Male,38,3, € -   ,2,1,0,"€ 66,561.60",0.00%
724,Germany,Male,31,2,"€ 1,60,997.54",2,0,1,"€ 64,831.36",100.00%
779,Germany,Female,37,2,"€ 1,28,389.63",1,1,1,"€ 6,589.16",50.00%
638,Spain,Male,35,1, € -   ,2,1,0,"€ 1,65,370.66",0.00%
610,Spain,Female,50,5,"€ 1,30,554.51",3,1,0,"€ 1,84,758.17",0.00%
646,Germany,Female,57,6,"€ 90,212.00",1,1,0,"€ 13,911.27",0.00%
628,France,Female,29,9,"€ 71,996.29",1,1,1,"€ 34,857.46",11.11%
528,France,Female,32,4,"€ 85,615.66",2,1,0,"€ 1,56,192.43",0.00%
432,France,Female,27,6,"€ 62,339.81",2,0,0,"€ 53,874.67",0.00%
622,Spain,Female,47,6,"€ 1,42,319.03",1,0,0,"€ 1,00,183.05",0.00%
721,France,Male,54,5, € -   ,2,1,1,"€ 4,493.12",40.00%
614,Spain,Male,36,5, € -   ,2,1,0,"€ 1,30,610.78",0.00%
634,France,Female,24,2,"€ 87,413.19",1,1,0,"€ 63,340.65",0.00%
742,France,Female,29,4, € -   ,2,1,1,"€ 1,80,066.59",50.00%
516,France,Female,45,4, € -   ,1,1,0,"€ 95,273.73",0.00%
718,France,Male,35,3,"€ 97,560.16",1,1,1,"€ 53,511.74",33.33%
636,Germany,Male,30,8,"€ 1,41,787.31",2,1,1,"€ 1,09,685.61",25.00%
691,Spain,Male,36,7,"€ 1,29,934.64",1,0,0,"€ 75,664.56",0.00%
698,France,Female,37,2,"€ 1,66,178.02",2,1,1,"€ 71,972.95",100.00%
712,Spain,Female,39,5,"€ 1,63,097.55",2,1,1,"€ 23,702.42",40.00%
659,France,Male,20,8, € -   ,2,0,0,"€ 1,12,572.02",0.00%
573,Spain,Male,44,8, € -   ,2,0,0,"€ 62,424.46",0.00%
778,Germany,Female,35,1,"€ 1,51,958.19",3,1,1,"€ 1,31,238.37",300.00%
732,France,Male,46,0, € -   ,2,1,1,"€ 1,84,350.78",200.00%
550,Germany,Male,33,4,"€ 1,18,400.91",1,0,1,"€ 13,999.64",25.00%
790,Spain,Male,20,8, € -   ,2,1,0,"€ 1,68,152.76",0.00%
665,Germany,Female,43,2,"€ 1,16,322.27",4,1,0,"€ 35,640.12",0.00%
728,Spain,Female,43,5, € -   ,1,1,1,"€ 1,20,088.17",20.00%
645,Spain,Female,29,4, € -   ,2,1,1,"€ 74,346.11",50.00%
647,Germany,Male,30,6,"€ 1,43,138.91",2,1,0,"€ 2,955.46",0.00%
596,Spain,Male,32,4, € -   ,2,0,1,"€ 1,46,504.35",50.00%
610,France,Male,40,9, € -   ,1,1,1,"€ 1,49,602.54",11.11%
512,France,Male,36,0,"€ 1,29,804.17",1,1,0,"€ 53,020.90",0.00%
768,Germany,Male,37,9,"€ 1,08,308.11",1,1,0,"€ 41,788.25",0.00%
666,Germany,Male,30,3,"€ 1,10,153.27",1,0,1,"€ 74,849.46",33.33%
700,Germany,Female,30,4,"€ 1,16,377.48",1,1,1,"€ 1,34,417.31",25.00%
651,Germany,Female,37,10,"€ 1,17,791.06",2,1,1,"€ 75,837.58",20.00%
542,Spain,Female,26,2, € -   ,2,1,1,"€ 54,869.54",100.00%
686,France,Female,35,8,"€ 1,05,419.73",1,1,0,"€ 35,356.46",0.00%
850,Germany,Female,47,4,"€ 99,219.47",2,1,1,"€ 1,22,141.13",50.00%
658,Germany,Female,55,8,"€ 1,19,327.93",1,0,1,"€ 1,19,439.66",12.50%
448,France,Female,36,6,"€ 83,947.12",2,1,0,"€ 81,999.53",0.00%
609,Spain,Male,32,4,"€ 99,883.16",1,1,1,"€ 1,20,594.85",25.00%
704,France,Male,50,4,"€ 1,65,438.26",1,1,0,"€ 1,20,770.75",0.00%
698,France,Male,31,1,"€ 1,56,111.24",1,0,0,"€ 1,34,790.74",0.00%
759,France,Male,44,2,"€ 1,11,095.58",2,1,0,"€ 1,00,137.70",0.00%
677,France,Female,56,0,"€ 1,19,963.45",1,0,0,"€ 1,58,325.87",0.00%
544,Spain,Male,22,4, € -   ,2,1,0,"€ 70,007.67",0.00%
567,Spain,Male,35,8,"€ 1,53,137.74",1,1,0,"€ 88,659.07",0.00%
490,Spain,Male,40,6,"€ 1,56,111.08",1,0,0,"€ 1,90,889.13",0.00%
626,France,Male,34,7,"€ 1,13,014.70",2,1,1,"€ 56,646.28",28.57%
718,Germany,Male,43,5,"€ 1,32,615.73",2,1,0,"€ 32,999.10",0.00%
616,France,Male,44,5,"€ 1,02,016.38",1,0,1,"€ 1,78,235.37",20.00%
772,France,Female,35,9, € -   ,1,0,1,"€ 25,448.31",11.11%
561,France,Male,32,5, € -   ,2,1,0,"€ 84,871.99",0.00%
814,France,Male,49,8, € -   ,2,0,0,"€ 1,57,822.54",0.00%
651,France,Female,56,4, € -   ,1,0,0,"€ 84,383.22",0.00%
538,Germany,Female,42,4,"€ 80,380.24",1,1,0,"€ 1,19,216.46",0.00%
600,France,Female,26,6,"€ 1,08,909.12",1,1,0,"€ 82,547.01",0.00%
654,France,Female,35,2,"€ 90,865.80",1,1,1,"€ 86,764.46",50.00%
622,France,Male,40,4,"€ 99,799.76",2,1,0,"€ 1,97,372.13",0.00%
682,France,Male,28,10,"€ 2,00,724.96",1,0,1,"€ 82,872.64",10.00%
610,Spain,Female,37,10,"€ 1,40,363.95",2,1,1,"€ 1,29,563.86",20.00%
795,France,Female,36,1,"€ 1,51,844.64",1,1,1,"€ 1,35,388.89",100.00%
557,France,Female,27,2, € -   ,2,0,1,"€ 4,497.55",100.00%
824,Germany,Male,49,8,"€ 1,33,231.48",1,1,1,"€ 67,885.37",12.50%
698,France,Male,27,7, € -   ,2,1,0,"€ 1,11,471.55",0.00%
630,France,Female,36,8,"€ 1,26,598.99",2,1,1,"€ 1,34,407.93",25.00%
609,Germany,Female,71,6,"€ 1,13,317.10",1,1,0,"€ 1,08,258.22",0.00%
694,France,Male,47,4, € -   ,2,1,0,"€ 1,97,528.62",0.00%
681,France,Female,58,8,"€ 93,173.88",1,1,1,"€ 1,39,761.25",12.50%
721,Spain,Female,32,10, € -   ,1,1,0,"€ 1,36,119.96",0.00%
563,Germany,Male,44,7,"€ 1,05,007.31",2,1,1,"€ 1,97,812.16",28.57%
654,Spain,Female,32,2, € -   ,1,1,1,"€ 51,972.92",50.00%
659,Spain,Male,27,4, € -   ,2,1,0,"€ 99,341.87",0.00%
674,Germany,Female,44,4,"€ 1,31,593.85",1,0,1,"€ 1,71,345.02",25.00%
576,Germany,Male,44,9,"€ 1,19,530.52",1,1,0,"€ 1,19,056.68",0.00%
566,Germany,Male,54,4,"€ 1,18,614.60",2,1,1,"€ 1,72,601.62",50.00%
545,Germany,Male,37,9,"€ 95,829.13",2,0,1,"€ 1,04,936.88",22.22%
798,France,Male,36,1, € -   ,2,1,1,"€ 1,59,044.10",200.00%
757,France,Male,38,0, € -   ,1,1,0,"€ 83,263.06",0.00%
641,France,Male,50,6,"€ 1,53,590.73",2,1,1,"€ 1,30,910.78",33.33%
718,France,Male,29,2, € -   ,1,1,0,"€ 1,26,336.72",0.00%
699,France,Male,64,9,"€ 1,13,109.52",1,1,0,"€ 27,980.80",0.00%
623,France,Female,35,0,"€ 1,30,557.24",1,1,1,"€ 47,880.71",100.00%
644,France,Male,40,8,"€ 93,183.19",1,1,0,"€ 73,882.49",0.00%
586,France,Male,58,7,"€ 1,51,933.63",1,1,0,"€ 1,62,960.05",0.00%
500,Germany,Male,30,2,"€ 1,25,495.64",2,1,1,"€ 68,807.47",100.00%
583,France,Female,42,7, € -   ,2,1,0,"€ 1,44,039.05",0.00%
595,Germany,Female,26,8,"€ 1,18,547.72",1,1,1,"€ 1,51,192.18",12.50%
670,Spain,Male,43,1,"€ 97,792.21",1,0,0,"€ 1,20,225.62",0.00%
610,France,Male,41,6, € -   ,3,0,0,"€ 56,118.81",0.00%
814,Spain,Female,72,2, € -   ,2,0,1,"€ 1,30,853.03",100.00%
660,France,Female,40,8,"€ 1,67,181.01",1,1,1,"€ 1,85,156.94",12.50%
580,Germany,Male,35,9,"€ 1,21,355.19",1,0,1,"€ 35,671.45",11.11%
850,France,Female,81,1, € -   ,2,1,1,"€ 59,568.24",200.00%
676,Spain,Male,35,0, € -   ,2,0,0,"€ 1,39,911.58",0.00%
578,France,Male,46,5,"€ 1,13,226.47",1,1,0,"€ 56,770.76",0.00%
579,France,Female,33,1,"€ 1,18,392.75",1,1,1,"€ 1,57,564.75",100.00%
711,Germany,Female,52,8,"€ 1,45,262.54",1,0,1,"€ 1,31,473.31",12.50%
692,France,Male,40,6,"€ 1,63,505.16",1,0,0,"€ 90,424.09",0.00%
760,Spain,Female,33,1,"€ 1,18,114.28",2,0,1,"€ 1,56,660.21",200.00%
630,Germany,Female,51,0,"€ 1,08,449.23",3,0,0,"€ 88,372.69",0.00%
808,France,Male,32,1, € -   ,2,1,1,"€ 46,200.71",200.00%
611,Germany,Female,36,10,"€ 1,03,294.56",1,1,0,"€ 1,60,548.12",0.00%
697,France,Female,42,1, € -   ,1,1,0,"€ 1,262.83",0.00%
655,France,Female,38,6, € -   ,1,1,1,"€ 1,88,639.28",16.67%
601,Spain,Male,28,6, € -   ,2,1,0,"€ 14,665.28",0.00%
755,France,Male,42,2,"€ 1,19,919.12",1,1,0,"€ 1,56,868.21",0.00%
553,France,Male,37,1, € -   ,1,1,0,"€ 30,461.55",0.00%
723,France,Male,28,4, € -   ,2,1,1,"€ 1,23,885.88",50.00%
507,Spain,Female,34,4, € -   ,2,1,1,"€ 60,688.38",50.00%
777,France,Male,43,1, € -   ,2,1,0,"€ 21,785.91",0.00%
566,France,Male,34,3, € -   ,1,0,0,"€ 1,88,135.69",0.00%
732,France,Male,26,7, € -   ,2,1,0,"€ 1,54,364.66",0.00%
697,France,Female,42,10, € -   ,2,1,0,"€ 61,312.15",0.00%
555,France,Male,29,4,"€ 1,28,744.04",1,1,1,"€ 47,454.93",25.00%
584,Germany,Female,62,9,"€ 1,37,727.34",2,0,1,"€ 1,21,102.90",22.22%
705,Germany,Female,44,10,"€ 1,06,731.58",1,1,0,"€ 1,37,419.87",0.00%
688,France,Female,38,7,"€ 1,23,544.21",1,1,1,"€ 1,57,664.02",14.29%
626,France,Female,37,2,"€ 1,33,968.96",2,1,0,"€ 1,48,689.65",0.00%
636,Spain,Male,76,9,"€ 1,26,534.60",1,1,1,"€ 39,789.62",11.11%
719,Spain,Female,35,8, € -   ,1,1,1,"€ 1,65,162.40",12.50%
706,Spain,Male,30,6,"€ 87,609.68",2,0,0,"€ 1,37,674.55",0.00%
731,Spain,Male,41,3, € -   ,2,1,0,"€ 1,01,371.72",0.00%
738,Spain,Male,49,3, € -   ,3,1,1,"€ 65,066.48",100.00%
426,France,Male,34,9, € -   ,2,1,0,"€ 1,07,876.91",0.00%
622,Spain,Female,36,0,"€ 1,08,960.00",2,1,0,"€ 1,11,180.30",0.00%
701,Spain,Female,30,2, € -   ,2,1,0,"€ 1,15,650.63",0.00%
512,France,Male,51,6,"€ 1,44,953.31",1,1,1,"€ 1,65,035.17",16.67%
635,France,Male,41,4,"€ 1,03,544.88",2,1,0,"€ 1,93,746.55",0.00%
685,France,Male,33,6, € -   ,1,1,0,"€ 58,458.26",0.00%
609,France,Male,53,7, € -   ,2,0,1,"€ 52,332.85",28.57%
598,Germany,Male,38,1,"€ 1,01,487.18",1,1,1,"€ 75,959.10",100.00%
708,France,Male,52,10,"€ 1,05,355.81",1,1,0,€ 123.07,0.00%
574,Spain,Male,36,4,"€ 77,967.50",1,1,0,"€ 1,67,066.95",0.00%
629,France,Male,44,5, € -   ,4,0,0,"€ 1,17,572.59",0.00%
422,Spain,Female,54,4, € -   ,2,1,1,"€ 7,166.71",50.00%
656,Spain,Male,28,8,"€ 1,20,047.77",1,1,1,"€ 1,37,173.39",12.50%
697,France,Male,32,7,"€ 1,75,464.85",3,1,0,"€ 1,16,442.42",0.00%
718,France,Male,52,8,"€ 79,475.30",3,1,1,"€ 32,421.32",37.50%
586,Germany,Male,37,8,"€ 1,67,735.69",2,0,1,"€ 1,04,665.79",25.00%
481,Spain,Female,37,8, € -   ,2,1,0,"€ 44,215.86",0.00%
749,France,Female,33,1,"€ 74,385.98",1,1,0,"€ 20,164.47",0.00%
561,Germany,Male,49,5,"€ 94,754.00",1,1,1,"€ 26,691.31",20.00%
676,Spain,Male,27,4, € -   ,1,0,1,"€ 1,07,955.67",25.00%
615,Germany,Male,43,3,"€ 86,920.86",1,1,1,"€ 1,50,048.37",33.33%
582,France,Female,39,1,"€ 1,32,077.48",2,1,0,"€ 1,92,255.15",0.00%
601,France,Male,40,10,"€ 1,27,847.86",1,0,0,"€ 1,73,245.68",0.00%
708,France,Male,34,3, € -   ,1,0,1,"€ 1,21,457.88",33.33%
708,Germany,Male,42,9,"€ 1,76,702.36",2,1,1,"€ 1,04,804.74",22.22%
797,Germany,Female,33,10,"€ 83,555.58",1,0,0,"€ 69,767.14",0.00%
682,France,Male,26,8, € -   ,2,1,0,"€ 1,78,373.43",0.00%
694,Spain,Female,39,9, € -   ,2,0,0,"€ 99,924.04",0.00%
490,France,Female,40,1, € -   ,1,1,1,"€ 49,594.19",100.00%
828,Spain,Male,42,10, € -   ,1,1,1,"€ 1,86,071.14",10.00%
594,Spain,Female,38,7,"€ 96,858.35",1,1,0,"€ 77,511.45",0.00%
579,Spain,Male,33,1, € -   ,2,1,1,"€ 54,816.57",200.00%
723,France,Female,35,0, € -   ,2,0,1,"€ 61,290.99",200.00%
619,Germany,Female,42,8,"€ 1,32,796.04",3,1,1,"€ 1,91,821.35",37.50%
794,Spain,Female,30,1,"€ 1,54,970.54",1,0,1,"€ 1,56,768.45",100.00%
674,Germany,Male,44,3,"€ 88,902.21",1,1,0,"€ 73,731.32",0.00%
418,France,Male,28,7,"€ 98,738.92",1,1,0,"€ 1,22,190.22",0.00%
502,France,Male,33,8, € -   ,2,1,1,"€ 1,23,509.01",25.00%
678,France,Female,50,6, € -   ,1,1,0,"€ 8,199.50",0.00%
599,Germany,Male,40,10,"€ 1,37,456.28",2,1,1,"€ 14,113.11",20.00%
736,France,Male,29,4, € -   ,2,0,0,"€ 51,705.01",0.00%
430,France,Female,60,7,"€ 73,937.02",1,1,0,"€ 1,61,937.62",0.00%
537,France,Female,45,7,"€ 1,58,621.04",1,1,0,"€ 1,20,892.96",0.00%
683,Spain,Male,30,1,"€ 1,13,257.20",1,1,1,"€ 65,035.02",100.00%
828,France,Male,31,9, € -   ,1,0,1,"€ 1,64,257.37",11.11%
691,France,Female,29,9,"€ 1,16,536.43",1,1,0,"€ 51,987.99",0.00%
608,Spain,Female,28,4, € -   ,2,1,0,"€ 10,899.63",0.00%
691,France,Female,60,6,"€ 1,01,070.69",1,1,0,"€ 1,77,355.80",0.00%
718,Spain,Male,39,6, € -   ,2,0,1,"€ 63,889.10",33.33%
680,Germany,Female,31,3,"€ 1,27,331.46",3,1,1,"€ 1,76,433.60",100.00%
838,Spain,Female,41,5, € -   ,2,1,0,"€ 81,313.51",0.00%
695,Spain,Female,31,5, € -   ,2,0,1,"€ 13,998.88",40.00%
681,France,Male,46,0,"€ 1,05,969.42",1,1,0,"€ 5,771.56",0.00%
762,France,Male,36,5,"€ 1,19,547.46",1,1,1,"€ 42,693.65",20.00%
751,Spain,Male,38,7, € -   ,2,0,0,"€ 90,839.61",0.00%
678,Spain,Male,28,5,"€ 1,38,668.18",1,1,1,"€ 54,144.01",20.00%
634,France,Female,37,7,"€ 51,582.50",2,1,1,"€ 1,84,312.88",28.57%
749,France,Male,37,7, € -   ,2,1,0,"€ 20,306.79",0.00%
590,Spain,Male,37,6,"€ 1,69,902.92",1,1,1,"€ 1,28,256.18",16.67%
610,France,Female,27,4,"€ 87,262.40",2,1,0,"€ 1,82,720.07",0.00%
502,France,Male,33,7, € -   ,2,0,1,"€ 4,082.52",28.57%
578,France,Female,40,7, € -   ,2,0,0,"€ 1,02,233.73",0.00%
547,France,Female,32,2, € -   ,2,1,0,"€ 1,32,002.83",0.00%
579,France,Female,27,9, € -   ,2,1,0,"€ 1,26,838.70",0.00%
661,France,Male,39,5, € -   ,2,0,0,"€ 1,81,461.46",0.00%
794,France,Male,46,6, € -   ,2,1,0,"€ 1,95,325.74",0.00%
719,France,Male,61,5, € -   ,2,0,1,"€ 29,132.43",40.00%
728,France,Female,69,1, € -   ,2,1,1,"€ 1,31,804.86",200.00%
598,Germany,Male,19,3,"€ 1,50,348.37",1,1,1,"€ 1,73,784.04",33.33%
822,Germany,Female,46,3,"€ 1,15,074.02",2,1,0,"€ 26,249.86",0.00%
670,Spain,Female,40,3, € -   ,1,1,1,"€ 1,82,650.15",33.33%
850,France,Male,28,8,"€ 99,986.98",1,1,0,"€ 1,96,582.55",0.00%
723,Germany,Female,68,3,"€ 1,10,357.00",1,0,0,"€ 1,41,977.54",0.00%
705,Germany,Male,42,8,"€ 1,66,685.92",2,1,1,"€ 55,313.51",25.00%
677,Spain,Male,40,7,"€ 95,312.80",1,1,1,"€ 62,944.75",14.29%
736,France,Male,43,4,"€ 2,02,443.47",1,1,0,"€ 72,375.03",0.00%
661,Germany,Female,47,0,"€ 1,09,493.62",1,0,0,"€ 1,88,324.01",0.00%
501,Germany,Male,38,9,"€ 88,977.39",2,0,1,"€ 1,33,403.07",22.22%
516,France,Female,29,2,"€ 1,04,982.57",1,1,0,"€ 1,57,378.50",0.00%
517,Germany,Female,59,8,"€ 1,54,110.99",2,1,0,"€ 1,01,240.08",0.00%
766,France,Male,32,6,"€ 1,85,714.28",1,1,1,"€ 1,02,502.50",16.67%
520,Germany,Female,23,3,"€ 1,16,022.53",2,1,1,"€ 37,577.66",66.67%
541,France,Male,46,6, € -   ,2,1,1,"€ 83,456.67",33.33%
790,Germany,Female,34,2,"€ 1,64,011.48",1,1,0,"€ 1,99,420.41",0.00%
797,France,Male,31,9, € -   ,2,1,1,"€ 24,748.89",22.22%
811,France,Male,40,1,"€ 1,01,514.89",1,1,1,"€ 1,21,765.00",100.00%
722,Spain,Female,32,4, € -   ,2,1,1,"€ 1,13,666.48",50.00%
675,France,Male,28,9, € -   ,1,1,0,"€ 1,34,110.93",0.00%
660,Germany,Male,39,9,"€ 1,34,599.33",2,1,0,"€ 1,83,095.87",0.00%
566,Spain,Male,32,10,"€ 1,47,511.26",1,1,1,"€ 1,59,891.03",10.00%
768,France,Male,25,0,"€ 78,396.08",1,1,1,"€ 8,316.19",100.00%
610,Spain,Female,31,5, € -   ,2,0,0,"€ 63,736.36",0.00%
715,France,Female,31,3,"€ 1,10,581.29",1,1,1,"€ 94,715.24",33.33%
750,Germany,Male,42,8,"€ 1,51,836.36",2,1,0,"€ 68,695.38",0.00%
431,Germany,Male,45,5,"€ 83,624.55",2,0,0,"€ 36,899.62",0.00%
704,France,Male,24,2,"€ 1,48,197.15",2,1,0,"€ 1,82,775.08",0.00%
535,Spain,Female,30,5,"€ 1,22,924.75",1,0,0,"€ 62,390.59",0.00%
614,France,Female,38,4,"€ 72,594.00",1,1,1,"€ 76,042.48",25.00%
748,France,Male,38,4,"€ 1,15,221.36",1,0,1,"€ 70,956.75",25.00%
492,Germany,Male,51,8,"€ 1,17,808.74",2,1,1,"€ 67,311.12",25.00%
573,France,Male,40,7,"€ 1,47,754.68",1,1,1,"€ 1,10,454.46",14.29%
706,Spain,Female,53,3, € -   ,3,0,0,"€ 88,479.02",0.00%
680,France,Male,31,10,"€ 1,13,292.17",1,1,1,"€ 1,22,639.73",10.00%
458,Spain,Male,36,5, € -   ,2,1,0,"€ 79,723.78",0.00%
612,Germany,Male,44,2,"€ 1,15,163.38",1,1,1,"€ 97,677.52",50.00%
809,Germany,Male,50,10,"€ 1,18,098.62",1,1,1,"€ 1,00,720.02",10.00%
590,France,Male,39,9, € -   ,2,1,1,"€ 1,04,730.52",22.22%
602,France,Male,35,8, € -   ,1,1,1,"€ 22,499.29",12.50%
540,Spain,Male,37,0,"€ 1,20,825.70",1,1,0,"€ 28,257.89",0.00%
494,France,Male,25,6, € -   ,2,0,1,"€ 1,09,988.09",33.33%
797,France,Male,29,1, € -   ,1,0,1,"€ 1,49,991.32",100.00%
526,Germany,Male,61,6,"€ 1,33,845.28",2,1,1,"€ 45,180.80",33.33%
631,Spain,Male,38,7, € -   ,2,1,0,"€ 1,81,605.85",0.00%
576,France,Female,29,5,"€ 1,08,541.04",1,1,1,"€ 1,26,469.09",20.00%
405,France,Male,39,10, € -   ,1,1,0,"€ 1,60,810.85",0.00%
555,France,Male,30,1, € -   ,2,0,0,"€ 88,146.86",0.00%
750,Spain,Female,37,2,"€ 1,13,817.06",1,0,0,"€ 88,333.74",0.00%
665,France,Male,28,8,"€ 1,37,300.23",1,1,0,"€ 90,174.83",0.00%
640,Spain,Male,37,5,"€ 1,58,024.38",1,1,0,"€ 81,298.09",0.00%
457,France,Female,33,7,"€ 1,27,837.54",1,0,1,"€ 60,013.17",14.29%
695,France,Male,36,4,"€ 1,61,533.00",1,1,0,"€ 1,00,940.91",0.00%
645,France,Male,31,7,"€ 1,61,171.70",2,1,0,"€ 12,599.94",0.00%
647,Spain,Male,32,9,"€ 80,958.36",1,1,1,"€ 1,28,590.73",11.11%
808,Spain,Male,25,7, € -   ,2,0,1,"€ 23,180.37",28.57%
641,France,Male,33,2,"€ 1,46,193.60",2,1,1,"€ 55,796.83",100.00%
700,Spain,Male,29,8, € -   ,2,0,1,"€ 1,52,097.02",25.00%
660,Germany,Male,26,4,"€ 1,15,021.76",1,0,1,"€ 1,62,443.05",25.00%
615,Spain,Male,41,1,"€ 1,26,773.43",1,1,1,"€ 55,551.26",100.00%
705,Germany,Female,40,3,"€ 92,889.91",1,1,1,"€ 1,09,496.69",33.33%
718,France,Male,48,9, € -   ,2,1,1,"€ 72,105.63",22.22%
754,France,Male,61,5,"€ 1,46,622.35",1,1,1,"€ 41,815.22",20.00%
713,Germany,Male,45,4,"€ 1,31,038.14",1,1,0,"€ 74,005.04",0.00%
587,France,Female,46,6,"€ 88,820.29",1,0,0,"€ 70,224.34",0.00%
569,Spain,Male,31,1,"€ 1,15,406.97",1,0,0,"€ 1,45,528.22",0.00%
568,France,Female,38,3,"€ 1,32,951.92",1,0,1,"€ 1,24,486.28",33.33%
634,Germany,Male,74,5,"€ 1,08,891.70",1,1,0,"€ 10,078.02",0.00%
770,Germany,Female,46,5,"€ 1,41,788.63",2,0,0,"€ 1,64,967.21",0.00%
676,Spain,Female,64,4,"€ 1,16,954.32",1,1,1,"€ 91,149.48",25.00%
723,Germany,Female,47,10,"€ 90,450.00",2,0,0,"€ 1,03,379.31",0.00%
614,Germany,Female,39,8,"€ 1,25,997.22",1,1,1,"€ 1,28,049.34",12.50%
601,Spain,Female,41,3, € -   ,2,1,0,"€ 54,342.83",0.00%
592,France,Male,60,9, € -   ,4,1,1,"€ 13,614.01",44.44%
605,Spain,Female,36,9, € -   ,2,0,1,"€ 35,521.63",22.22%
752,Spain,Female,31,4,"€ 1,44,637.86",2,1,0,"€ 40,496.72",0.00%
677,France,Female,29,3,"€ 86,616.35",1,0,0,"€ 91,903.90",0.00%
850,France,Male,31,8, € -   ,2,1,0,"€ 1,78,667.70",0.00%
608,Germany,Female,48,2,"€ 1,27,924.25",2,1,0,"€ 32,202.61",0.00%
786,Spain,Female,34,9, € -   ,2,1,0,"€ 1,17,034.32",0.00%
777,France,Female,29,9,"€ 1,31,240.61",1,1,1,"€ 1,63,746.09",11.11%
667,Spain,Male,31,5, € -   ,2,1,1,"€ 20,346.69",40.00%
848,Spain,Male,35,5,"€ 1,20,046.74",2,1,0,"€ 84,710.65",0.00%
486,France,Female,39,8,"€ 97,819.36",1,0,1,"€ 1,20,531.31",12.50%
598,Spain,Female,64,1,"€ 62,979.93",1,1,1,"€ 1,52,273.57",100.00%
506,France,Female,40,3, € -   ,1,1,1,"€ 1,44,345.58",33.33%
612,Germany,Male,46,9,"€ 1,61,450.03",1,1,1,"€ 96,961.00",11.11%
545,France,Male,30,3, € -   ,2,1,0,"€ 1,70,307.43",0.00%
793,France,Male,56,8,"€ 1,19,496.25",2,1,0,"€ 29,880.99",0.00%
682,France,Female,30,9, € -   ,2,1,1,"€ 1,95,104.91",22.22%
517,France,Male,62,1,"€ 43,772.66",3,1,0,"€ 1,87,756.24",0.00%
684,France,Male,32,9,"€ 1,00,249.41",2,0,1,"€ 67,599.69",22.22%
692,Spain,Male,46,2, € -   ,2,1,1,"€ 1,05,983.09",100.00%
740,France,Female,60,5,"€ 1,08,028.08",2,0,0,"€ 25,980.42",0.00%
666,Germany,Male,71,1,"€ 53,013.29",2,1,1,"€ 1,12,222.64",200.00%
693,France,Male,68,2, € -   ,2,1,1,"€ 59,864.96",100.00%
757,Germany,Male,33,1,"€ 1,22,088.67",1,1,0,"€ 42,581.09",0.00%
684,Germany,Male,18,9,"€ 90,544.00",1,0,1,"€ 4,777.23",11.11%
691,Spain,Male,35,6, € -   ,2,0,1,"€ 1,78,038.17",33.33%
842,France,Male,44,3,"€ 1,41,252.18",4,0,1,"€ 1,28,521.16",133.33%
482,France,Female,35,5,"€ 1,47,813.05",2,0,0,"€ 1,09,029.72",0.00%
735,France,Male,55,6,"€ 1,34,140.68",1,1,0,"€ 2,267.88",0.00%
681,France,Female,63,7, € -   ,2,1,1,"€ 55,054.48",28.57%
616,France,Female,31,8, € -   ,1,0,1,"€ 76,456.17",12.50%
850,France,Female,35,2,"€ 1,28,548.49",4,1,0,"€ 75,478.95",0.00%
635,France,Male,43,10,"€ 1,22,198.21",2,0,1,"€ 1,79,144.54",20.00%
638,Germany,Male,42,8,"€ 1,45,177.84",1,1,0,"€ 1,93,471.74",0.00%
820,Spain,Female,31,2,"€ 94,222.53",1,1,0,"€ 1,03,570.80",0.00%
694,Germany,Female,58,1,"€ 1,43,212.22",1,0,0,"€ 1,02,628.56",0.00%
713,France,Male,41,3, € -   ,2,1,0,"€ 55,772.04",0.00%
543,Germany,Male,41,6,"€ 1,43,350.41",1,1,1,"€ 1,92,070.16",16.67%
649,France,Female,41,3,"€ 1,30,931.83",1,1,1,"€ 1,44,808.37",33.33%
777,France,Female,30,4,"€ 1,37,851.31",1,1,0,"€ 5,008.23",0.00%
561,France,Male,33,6, € -   ,2,0,0,"€ 1,73,680.39",0.00%
724,Spain,Male,41,5, € -   ,1,0,1,"€ 1,15,753.94",20.00%
665,Spain,Female,51,8, € -   ,1,1,1,"€ 38,928.48",12.50%
441,France,Male,60,1,"€ 1,40,614.15",1,0,1,"€ 1,74,381.23",100.00%
579,Spain,Male,22,3,"€ 1,18,680.57",1,1,1,"€ 49,829.80",33.33%
777,Germany,Male,35,7,"€ 1,22,917.69",1,1,1,"€ 76,169.68",14.29%
739,France,Female,36,0, € -   ,2,0,0,"€ 1,33,465.57",0.00%
660,France,Male,40,5,"€ 1,31,754.11",2,1,1,"€ 38,761.61",40.00%
554,France,Female,35,8, € -   ,2,1,1,"€ 1,76,779.46",25.00%
850,France,Female,24,6, € -   ,2,1,1,"€ 13,159.90",33.33%
842,Germany,Female,35,9,"€ 1,19,948.09",1,1,0,"€ 48,217.97",0.00%
785,France,Female,38,1, € -   ,1,1,0,"€ 1,34,964.85",0.00%
550,France,Male,25,0, € -   ,2,1,1,"€ 1,84,221.11",200.00%
750,Spain,Female,39,6, € -   ,2,0,0,"€ 19,264.33",0.00%
490,Spain,Female,38,3,"€ 97,266.10",1,1,1,"€ 92,797.23",33.33%
605,Germany,Male,28,10,"€ 1,13,690.83",1,1,0,"€ 33,114.24",0.00%
563,Spain,Female,42,6,"€ 99,056.22",2,1,0,"€ 1,54,347.95",0.00%
675,France,Male,34,8, € -   ,2,1,1,"€ 1,84,842.21",25.00%
621,Spain,Female,36,7,"€ 1,16,338.68",1,1,1,"€ 1,55,743.48",14.29%
850,France,Male,40,6,"€ 97,339.99",1,0,1,"€ 88,815.25",16.67%
711,France,Male,41,3, € -   ,2,1,1,"€ 1,93,747.57",66.67%
549,Germany,Female,55,1,"€ 1,37,592.31",2,0,1,"€ 1,16,548.02",200.00%
764,Germany,Male,34,6,"€ 1,08,760.27",2,1,0,"€ 1,66,324.79",0.00%
627,Germany,Male,30,3,"€ 1,28,770.88",2,1,1,"€ 40,199.01",66.67%
850,France,Female,34,2, € -   ,2,0,0,"€ 51,919.04",0.00%
614,Spain,Female,36,1,"€ 44,054.84",1,1,1,"€ 73,329.08",100.00%
685,Germany,Female,44,2,"€ 1,19,657.53",1,1,0,"€ 1,45,387.05",0.00%
683,Germany,Female,49,7,"€ 1,08,797.63",2,0,0,"€ 1,40,763.18",0.00%
643,Spain,Male,35,2, € -   ,2,0,0,"€ 67,979.35",0.00%
561,Germany,Female,49,1,"€ 1,02,025.32",1,1,0,"€ 1,33,051.64",0.00%
601,Spain,Female,20,9,"€ 1,22,446.61",2,1,0,"€ 86,791.90",0.00%
766,France,Female,27,7,"€ 1,58,786.67",2,0,1,"€ 47,579.25",28.57%
699,France,Male,29,3,"€ 1,25,689.29",1,1,1,"€ 1,51,623.71",33.33%
850,Germany,Male,29,1,"€ 1,54,640.41",1,1,1,"€ 1,64,039.51",100.00%
792,Germany,Female,50,4,"€ 1,46,710.76",1,1,0,"€ 16,528.40",0.00%
636,Germany,Male,67,7,"€ 1,36,709.35",1,0,1,"€ 66,753.10",14.29%
850,Germany,Male,43,5,"€ 1,29,305.09",2,0,1,"€ 19,244.58",40.00%
628,Spain,Male,40,10, € -   ,2,1,0,"€ 1,03,832.58",0.00%
736,France,Female,63,10, € -   ,2,0,1,€ 502.70,20.00%
711,France,Female,21,0,"€ 82,844.33",2,0,1,"€ 1,408.68",200.00%
583,Spain,Female,22,2, € -   ,2,0,1,"€ 5,985.36",100.00%
757,France,Male,46,0, € -   ,2,1,0,"€ 37,460.05",0.00%
749,Germany,Female,33,10,"€ 76,692.22",1,0,1,"€ 30,396.43",10.00%
705,France,Male,34,7,"€ 1,17,715.84",1,1,0,"€ 2,498.67",0.00%
585,France,Male,54,8,"€ 87,105.32",1,1,1,"€ 55,346.14",12.50%
437,France,Female,43,6, € -   ,1,1,0,"€ 1,48,330.97",0.00%
741,France,Female,64,2,"€ 69,311.16",1,1,1,"€ 59,237.72",50.00%
738,France,Male,26,9, € -   ,2,1,1,"€ 48,644.94",22.22%
586,Spain,Female,33,10,"€ 66,948.67",2,1,1,"€ 1,40,759.03",20.00%
627,France,Female,57,9, € -   ,2,1,1,"€ 1,07,712.42",22.22%
551,Spain,Male,76,2,"€ 1,28,410.71",2,1,1,"€ 1,81,718.73",100.00%
606,Germany,Male,38,3,"€ 99,897.53",1,0,0,"€ 37,054.65",0.00%
674,France,Male,22,3, € -   ,1,1,1,"€ 1,73,940.59",33.33%
584,Germany,Female,31,6,"€ 1,52,622.34",1,1,0,"€ 99,298.80",0.00%
590,France,Male,40,8, € -   ,2,1,0,"€ 62,933.03",0.00%
585,France,Male,56,4,"€ 1,38,227.19",2,1,1,"€ 55,287.84",50.00%
508,France,Female,25,2,"€ 1,11,395.53",1,0,1,"€ 48,197.06",50.00%
458,Germany,Male,44,7,"€ 84,386.57",1,1,0,"€ 1,78,642.73",0.00%
692,France,Female,36,3, € -   ,2,1,1,"€ 8,282.22",66.67%
502,Germany,Male,33,5,"€ 1,74,673.65",2,1,0,"€ 33,300.56",0.00%
518,France,Male,46,3, € -   ,2,1,0,"€ 76,515.79",0.00%
660,Germany,Male,46,5,"€ 1,09,019.65",2,1,1,"€ 33,680.56",40.00%
698,Germany,Female,52,1,"€ 1,07,906.75",1,1,0,"€ 1,68,886.39",0.00%
678,France,Male,54,7,"€ 1,28,914.97",1,0,0,"€ 1,91,746.23",0.00%
773,Spain,Male,63,9,"€ 1,11,179.83",1,1,1,"€ 93,091.02",11.11%
619,Germany,Female,52,8,"€ 1,24,099.13",1,0,0,"€ 23,904.52",0.00%
684,Germany,Male,59,9,"€ 1,22,471.09",1,0,1,"€ 15,807.07",11.11%
635,France,Male,34,3,"€ 1,34,692.40",2,1,1,"€ 83,773.02",66.67%
680,France,Female,25,4,"€ 1,23,816.50",1,1,1,"€ 90,162.35",25.00%
608,Germany,Male,34,3,"€ 1,06,288.54",1,1,1,"€ 36,639.25",33.33%
603,Germany,Female,55,7,"€ 1,27,723.25",2,1,0,"€ 1,39,469.11",0.00%
579,Spain,Male,43,2,"€ 1,45,843.82",1,1,1,"€ 1,98,402.37",50.00%
756,Germany,Female,34,2,"€ 1,48,200.72",1,0,0,"€ 1,94,584.48",0.00%
611,France,Male,30,2,"€ 1,04,145.65",1,0,0,"€ 1,59,629.64",0.00%
532,Germany,Male,24,8,"€ 1,42,755.25",1,0,0,"€ 34,231.48",0.00%
684,Germany,Female,63,3,"€ 81,245.79",1,1,0,"€ 69,643.31",0.00%
647,Germany,Female,33,3,"€ 1,68,560.46",2,0,0,"€ 90,270.16",0.00%
583,France,Male,38,8, € -   ,1,1,0,"€ 47,848.56",0.00%
774,Germany,Male,42,2,"€ 1,32,193.94",2,1,1,"€ 1,62,865.52",100.00%
677,France,Male,58,9, € -   ,1,0,1,"€ 1,68,650.40",11.11%
542,Germany,Male,25,8,"€ 1,39,330.10",1,0,0,"€ 54,372.37",0.00%
613,Spain,Male,29,0, € -   ,2,0,1,"€ 1,33,897.32",200.00%
666,France,Male,40,5, € -   ,2,1,0,"€ 1,47,878.05",0.00%
777,France,Female,28,2,"€ 1,34,571.50",1,0,1,"€ 1,18,313.38",50.00%
581,Germany,Male,50,2,"€ 1,43,829.20",2,1,0,"€ 1,81,224.24",0.00%
705,France,Male,32,7, € -   ,2,1,0,"€ 7,921.57",0.00%
673,France,Female,44,8,"€ 1,33,444.97",1,0,1,"€ 5,708.19",12.50%
594,Germany,Female,23,4,"€ 1,04,753.84",2,1,0,"€ 56,756.52",0.00%
648,Germany,Female,51,2,"€ 1,16,574.84",1,1,0,"€ 4,121.04",0.00%
605,France,Male,41,10, € -   ,2,0,1,"€ 97,213.09",20.00%
734,France,Female,40,9,"€ 1,76,914.80",1,1,1,"€ 12,799.23",11.11%
572,France,Female,36,8,"€ 68,348.18",2,0,1,"€ 50,400.32",25.00%
595,France,Female,33,9, € -   ,2,1,1,"€ 41,447.86",22.22%
749,France,Male,42,2,"€ 56,726.83",2,0,1,"€ 1,85,543.35",100.00%
573,Spain,Male,46,3,"€ 65,269.23",1,0,1,"€ 1,89,988.65",33.33%
624,Spain,Male,33,6,"€ 66,220.17",1,0,1,"€ 1,70,819.01",16.67%
703,France,Male,56,9, € -   ,1,0,0,"€ 85,547.33",0.00%
665,France,Female,41,8,"€ 96,147.55",1,1,0,"€ 1,37,037.97",0.00%
648,France,Male,42,4, € -   ,2,1,0,"€ 19,283.14",0.00%
850,Spain,Male,48,2, € -   ,1,1,0,"€ 1,69,425.30",0.00%
569,Germany,Female,32,8,"€ 1,45,330.43",1,1,1,"€ 1,32,038.65",12.50%
566,France,Female,21,3, € -   ,2,1,1,"€ 3,626.47",66.67%
537,Germany,Female,47,4,"€ 1,24,192.28",2,1,1,"€ 50,881.51",50.00%
706,Germany,Female,46,7,"€ 1,11,288.18",1,1,1,"€ 1,49,170.25",14.29%
734,France,Male,43,7,"€ 1,07,805.67",1,0,0,"€ 1,82,505.68",0.00%
586,Germany,Female,36,5,"€ 1,03,700.69",1,1,0,"€ 1,94,072.56",0.00%
612,France,Female,38,1, € -   ,2,1,1,"€ 9,209.21",200.00%
648,France,Male,34,0, € -   ,1,1,1,"€ 1,67,931.81",100.00%
557,France,Female,27,3,"€ 87,739.08",1,1,1,"€ 1,23,096.56",33.33%
643,Spain,Female,20,0,"€ 1,33,313.34",1,1,1,"€ 3,965.69",100.00%
433,France,Female,49,10, € -   ,1,1,1,"€ 87,711.61",10.00%
643,Germany,Male,41,7,"€ 1,54,902.66",1,1,1,"€ 49,667.28",14.29%
488,France,Female,36,0, € -   ,2,1,0,"€ 1,36,675.22",0.00%
758,Germany,Male,68,6,"€ 1,12,595.85",1,1,0,"€ 35,865.44",0.00%
743,Germany,Male,39,3,"€ 1,19,695.75",1,0,1,"€ 26,136.13",33.33%
730,France,Female,47,7, € -   ,1,1,0,"€ 33,373.26",0.00%
746,Spain,Male,49,7, € -   ,2,0,1,"€ 10,096.25",28.57%
666,Germany,Female,59,8,"€ 1,52,614.51",2,1,1,"€ 1,88,782.30",25.00%
580,Germany,Female,33,7,"€ 1,31,647.01",2,0,0,"€ 79,775.19",0.00%
850,France,Male,27,6,"€ 96,654.72",2,0,0,"€ 1,52,740.16",0.00%
563,France,Male,22,3,"€ 1,37,583.04",1,0,1,"€ 5,791.85",33.33%
766,Germany,Female,28,3,"€ 62,717.84",2,1,1,"€ 13,182.43",66.67%
659,France,Male,32,9,"€ 95,377.13",1,0,1,"€ 1,87,551.24",11.11%
607,Spain,Male,28,1,"€ 1,35,936.10",2,1,1,"€ 1,10,560.14",200.00%
644,Germany,Male,35,5,"€ 1,61,591.11",3,1,1,"€ 63,795.62",60.00%
746,France,Male,47,8,"€ 1,42,382.03",1,1,1,"€ 62,086.62",12.50%
588,Spain,Male,33,2, € -   ,2,1,1,"€ 12,483.56",100.00%
691,Spain,Male,30,9, € -   ,2,0,1,"€ 10,963.04",22.22%
666,France,Female,38,6,"€ 1,27,043.09",1,1,1,"€ 8,247.00",16.67%
640,Spain,Female,46,3, € -   ,1,1,1,"€ 1,56,260.08",33.33%
611,Germany,Female,29,4,"€ 78,885.88",2,1,1,"€ 26,927.69",50.00%
651,Spain,Female,45,8,"€ 95,922.90",1,1,0,"€ 84,782.42",0.00%
529,France,Female,29,8, € -   ,2,1,0,"€ 19,842.11",0.00%
676,France,Female,36,3,"€ 91,711.59",1,1,1,"€ 95,393.43",33.33%
639,Germany,Female,46,10,"€ 1,10,031.09",2,1,1,"€ 1,33,995.59",20.00%
782,France,Male,36,5,"€ 81,210.72",2,0,1,"€ 1,08,003.38",40.00%
641,Germany,Male,32,5,"€ 1,22,947.92",1,1,1,"€ 99,154.86",20.00%
697,France,Female,38,1,"€ 1,82,065.85",1,1,0,"€ 49,503.50",0.00%
623,France,Male,45,0, € -   ,1,1,0,"€ 1,96,533.72",0.00%
494,Spain,Female,41,2,"€ 69,974.66",2,1,0,"€ 1,88,426.13",0.00%
731,France,Female,38,10,"€ 1,23,711.73",2,1,0,"€ 1,71,340.68",0.00%
657,France,Male,44,6,"€ 76,495.04",1,1,0,"€ 79,071.89",0.00%
744,France,Female,38,9, € -   ,2,0,0,"€ 20,940.76",0.00%
774,Spain,Male,46,9, € -   ,2,1,1,"€ 34,774.26",22.22%
850,Germany,Female,45,1,"€ 1,21,874.89",1,0,0,"€ 6,865.41",0.00%
551,France,Female,45,6, € -   ,2,1,1,"€ 51,143.43",33.33%
638,France,Male,36,6,"€ 1,88,455.19",1,0,0,"€ 47,031.40",0.00%
792,France,Female,42,0,"€ 99,045.93",2,1,0,"€ 47,160.01",0.00%
666,France,Female,36,8, € -   ,1,0,1,"€ 1,58,666.99",12.50%
716,Germany,Female,30,2,"€ 2,05,770.78",2,0,0,"€ 65,464.66",0.00%
594,France,Female,31,0,"€ 79,340.95",1,1,0,"€ 78,255.86",0.00%
600,Germany,Male,57,9,"€ 1,38,456.03",2,1,1,"€ 1,03,548.25",22.22%
565,France,Male,49,7, € -   ,2,1,1,"€ 89,609.26",28.57%
678,Germany,Male,48,2,"€ 1,01,099.90",2,0,1,"€ 1,93,476.04",100.00%
648,Spain,Female,31,5, € -   ,2,1,1,"€ 5,199.02",40.00%
642,France,Male,40,8,"€ 1,09,219.83",1,1,0,"€ 52,827.51",0.00%
706,Germany,Male,67,1,"€ 1,23,276.69",2,1,1,"€ 86,507.88",200.00%
668,Spain,Male,43,10,"€ 1,13,034.31",1,1,1,"€ 1,00,423.88",10.00%
635,Spain,Male,41,1, € -   ,2,1,0,"€ 1,75,611.50",0.00%
603,Spain,Male,30,6,"€ 1,29,548.50",2,1,1,"€ 19,282.85",33.33%
635,France,Female,72,4,"€ 74,812.84",1,0,1,"€ 27,448.33",25.00%
642,France,Female,40,7, € -   ,2,1,0,"€ 1,83,963.34",0.00%
785,Spain,Female,54,1, € -   ,2,1,0,"€ 45,113.92",0.00%
628,Germany,Female,28,3,"€ 1,53,538.13",2,1,0,"€ 1,10,776.01",0.00%
499,France,Female,38,9, € -   ,2,0,1,"€ 1,83,042.20",22.22%
567,Spain,Male,34,10, € -   ,2,0,1,"€ 1,61,571.79",20.00%
449,Spain,Male,32,0,"€ 1,55,619.36",1,1,1,"€ 1,66,692.03",100.00%
701,Spain,Male,35,10,"€ 1,59,693.90",2,1,1,"€ 71,173.64",20.00%
613,Spain,Male,37,3,"€ 1,71,653.17",1,0,1,"€ 5,353.12",33.33%
683,Germany,Female,39,2,"€ 47,685.47",2,1,1,"€ 86,019.48",100.00%
581,France,Male,35,4, € -   ,2,0,1,"€ 86,383.82",50.00%
620,France,Male,61,5, € -   ,1,0,0,"€ 31,641.52",0.00%
561,Spain,Male,28,6,"€ 1,23,692.00",1,1,1,"€ 70,548.96",16.67%
558,Germany,Male,26,1,"€ 1,48,853.29",2,1,1,"€ 24,411.02",200.00%
642,France,Male,35,2,"€ 1,33,161.95",1,0,1,"€ 1,22,254.86",50.00%
805,Germany,Male,24,6,"€ 1,43,221.35",2,1,0,"€ 1,86,035.72",0.00%
687,France,Male,35,9, € -   ,2,0,1,"€ 73,133.82",22.22%
695,Spain,Male,56,1, € -   ,3,1,0,"€ 1,87,734.49",0.00%
562,France,Male,33,6, € -   ,2,1,0,"€ 1,11,590.35",0.00%
613,Germany,Male,38,9,"€ 1,26,265.88",2,0,0,"€ 15,859.95",0.00%
589,France,Male,37,5, € -   ,1,1,0,"€ 61,324.87",0.00%
593,Spain,Male,31,8,"€ 1,12,713.34",1,1,1,"€ 1,76,868.89",12.50%
714,France,Male,34,5,"€ 1,41,173.03",1,0,1,"€ 98,896.06",20.00%
588,Spain,Female,35,7, € -   ,2,1,1,"€ 1,08,739.15",28.57%
679,Spain,Male,39,6, € -   ,2,1,0,"€ 12,266.06",0.00%
730,Spain,Male,38,5,"€ 1,18,866.36",1,1,1,"€ 1,63,317.50",20.00%
833,France,Male,47,2, € -   ,2,1,1,"€ 1,82,247.77",100.00%
586,Spain,Female,33,7, € -   ,2,1,1,"€ 1,68,261.40",28.57%
567,Spain,Female,54,5,"€ 92,316.31",2,1,0,"€ 1,58,590.66",0.00%
637,Germany,Male,30,1,"€ 1,22,185.53",1,1,0,"€ 1,02,566.46",0.00%
711,France,Male,38,4,"€ 1,23,345.85",1,1,0,"€ 1,41,827.83",0.00%
828,France,Male,30,4,"€ 73,070.18",2,0,0,"€ 1,61,671.15",0.00%
500,Spain,Male,38,7, € -   ,2,0,0,"€ 1,92,013.23",0.00%
807,France,Male,47,1,"€ 95,120.59",1,0,0,"€ 1,27,875.10",0.00%
850,France,Male,40,8,"€ 1,02,800.65",1,1,0,"€ 60,811.56",0.00%
782,France,Female,70,7,"€ 97,072.42",1,0,1,"€ 1,31,177.22",14.29%
629,Spain,Male,31,6,"€ 1,32,876.55",1,1,1,"€ 1,30,862.11",16.67%
582,Spain,Male,33,6, € -   ,2,0,1,"€ 72,970.93",33.33%
468,France,Male,22,2, € -   ,2,1,0,"€ 28,123.99",0.00%
670,France,Male,36,3, € -   ,1,1,0,"€ 1,40,754.19",0.00%
805,France,Male,39,2, € -   ,1,0,0,"€ 1,66,650.32",0.00%
720,France,Male,26,10,"€ 51,962.91",2,1,0,"€ 45,507.24",0.00%
781,Spain,Female,29,6,"€ 98,759.89",1,0,0,"€ 1,12,202.64",0.00%
592,Germany,Male,33,2,"€ 1,56,570.86",1,1,1,"€ 37,140.20",50.00%
542,France,Female,42,1, € -   ,1,1,1,"€ 1,78,256.58",100.00%
532,France,Male,42,1,"€ 1,59,024.71",1,1,0,"€ 1,00,982.93",0.00%
520,France,Female,39,1,"€ 73,493.17",1,0,1,"€ 1,09,626.13",100.00%
759,France,Female,45,8, € -   ,2,1,1,"€ 99,251.24",25.00%
473,France,Female,35,6,"€ 69,617.36",1,1,0,"€ 1,43,345.69",0.00%
639,Spain,Female,35,5,"€ 1,36,526.26",2,1,0,"€ 59,653.03",0.00%
705,France,Male,25,3,"€ 1,13,736.27",1,0,1,"€ 1,96,864.61",33.33%
530,France,Male,52,1,"€ 1,06,723.28",1,0,0,"€ 1,09,960.40",0.00%
516,Germany,Female,33,10,"€ 1,38,847.90",1,1,1,"€ 1,27,256.70",10.00%
850,France,Female,40,0, € -   ,2,1,0,"€ 1,099.95",0.00%
746,Germany,Female,33,2,"€ 1,07,868.14",2,1,1,"€ 1,46,192.40",100.00%
622,Germany,Male,33,3,"€ 96,926.12",2,1,0,"€ 48,553.77",0.00%
743,France,Male,30,7,"€ 77,599.23",1,0,0,"€ 1,44,407.10",0.00%
732,Germany,Male,38,5,"€ 1,78,787.54",1,1,1,"€ 1,95,760.53",20.00%
850,France,Male,81,5, € -   ,2,1,1,"€ 44,827.47",40.00%
850,Germany,Female,34,3,"€ 1,29,668.43",2,1,1,"€ 88,743.99",66.67%
686,France,Male,34,6,"€ 1,46,178.13",2,1,1,"€ 88,837.11",33.33%
556,France,Female,40,8, € -   ,2,1,0,"€ 62,112.70",0.00%
673,France,Male,37,4, € -   ,2,0,0,"€ 1,63,563.07",0.00%
809,France,Female,38,2,"€ 1,54,763.21",2,1,1,"€ 1,74,800.31",100.00%
634,Germany,Female,56,3,"€ 1,16,251.24",1,0,1,"€ 42,429.88",33.33%
630,France,Male,37,6, € -   ,2,1,1,"€ 82,647.65",33.33%
564,Germany,Female,30,0,"€ 1,00,954.88",2,0,0,"€ 1,34,175.15",0.00%
625,France,Female,51,4,"€ 1,24,620.01",2,1,0,"€ 92,243.94",0.00%
677,Spain,Female,34,4, € -   ,2,1,1,"€ 6,175.53",50.00%
583,France,Male,40,9,"€ 1,12,701.04",1,0,0,"€ 29,213.63",0.00%
592,Spain,Male,45,8,"€ 84,692.50",1,0,1,"€ 67,214.02",12.50%
637,Germany,Male,49,2,"€ 1,08,204.52",1,1,0,"€ 1,69,037.84",0.00%
850,France,Male,30,6,"€ 86,449.39",1,1,1,"€ 1,88,809.23",16.67%
633,Spain,Male,42,10, € -   ,1,0,1,"€ 79,408.17",10.00%
751,Germany,Male,36,5,"€ 73,194.99",1,1,1,"€ 89,222.66",20.00%
592,Germany,Male,31,7,"€ 1,24,593.23",1,1,0,"€ 86,079.67",0.00%
716,Germany,Male,50,2,"€ 1,19,655.77",1,1,1,"€ 12,944.17",50.00%
641,Germany,Male,42,3,"€ 1,21,765.37",2,1,1,"€ 1,66,516.84",66.67%
849,France,Male,35,4,"€ 1,10,837.73",1,0,0,"€ 1,26,419.80",0.00%
647,Spain,Male,47,10,"€ 99,835.17",1,0,1,"€ 89,103.05",10.00%
608,Germany,Female,30,2,"€ 91,057.37",2,1,0,"€ 1,32,973.17",0.00%
555,France,Female,26,7, € -   ,2,1,0,"€ 93,122.41",0.00%
497,Spain,Male,27,7,"€ 1,49,400.27",1,0,0,"€ 1,67,522.19",0.00%
599,Germany,Male,38,9,"€ 89,111.63",1,0,0,"€ 1,57,239.60",0.00%
545,Germany,Male,33,1,"€ 1,32,527.90",2,0,1,"€ 1,07,429.71",200.00%
774,France,Female,36,9,"€ 1,14,997.42",1,1,0,"€ 75,304.09",0.00%
464,France,Male,46,6,"€ 1,61,798.53",1,1,0,"€ 1,82,944.47",0.00%
696,Germany,Female,27,2,"€ 96,129.32",2,1,1,"€ 5,983.70",100.00%
667,Spain,Male,45,3, € -   ,2,0,0,"€ 1,63,655.01",0.00%
812,France,Male,32,5,"€ 1,33,050.97",2,1,0,"€ 89,385.92",0.00%
516,France,Male,51,8,"€ 1,20,124.35",2,0,1,"€ 1,68,773.54",25.00%
645,France,Male,39,8, € -   ,2,0,0,"€ 96,864.36",0.00%
664,Spain,Male,32,5,"€ 1,33,705.74",1,0,0,"€ 1,34,455.84",0.00%
427,Spain,Female,39,9, € -   ,2,1,0,"€ 28,368.37",0.00%
685,France,Female,40,7, € -   ,2,1,0,"€ 1,03,898.59",0.00%
585,France,Female,33,4,"€ 1,52,805.05",1,1,0,"€ 63,239.65",0.00%
519,Germany,Female,21,1,"€ 1,51,701.45",3,1,1,"€ 1,70,138.68",300.00%
708,France,Female,67,1, € -   ,2,0,1,"€ 3,837.08",200.00%
717,France,Female,22,5,"€ 1,12,465.06",1,1,1,"€ 92,977.75",20.00%
465,Germany,Male,24,6,"€ 1,56,007.09",1,1,0,"€ 1,91,368.37",0.00%
829,Germany,Male,28,3,"€ 1,32,405.52",3,1,0,"€ 1,04,889.20",0.00%
826,France,Male,26,5,"€ 1,42,662.68",1,0,0,"€ 60,285.30",0.00%
747,Germany,Male,36,8,"€ 1,02,603.30",2,1,1,"€ 1,80,693.61",25.00%
707,Spain,Male,32,9, € -   ,2,1,0,"€ 1,26,475.79",0.00%
590,Spain,Male,37,1, € -   ,2,0,0,"€ 1,33,535.99",0.00%
603,Spain,Male,57,6,"€ 1,05,000.85",2,1,1,"€ 87,412.24",33.33%
615,France,Male,45,5, € -   ,2,1,1,"€ 1,64,886.64",40.00%
634,France,Female,36,1,"€ 69,518.95",1,1,0,"€ 1,16,238.39",0.00%
716,Germany,Male,41,8,"€ 1,26,145.54",2,1,1,"€ 1,38,051.19",25.00%
647,France,Male,41,4,"€ 1,38,937.35",1,1,1,"€ 1,01,617.64",25.00%
591,Germany,Female,44,10,"€ 1,13,581.98",1,1,0,"€ 1,985.41",0.00%
574,France,Male,34,1,"€ 1,12,572.39",1,0,0,"€ 1,65,626.60",0.00%
467,Germany,Male,51,10,"€ 1,14,514.71",2,1,0,"€ 1,77,784.68",0.00%
701,France,Female,35,2, € -   ,2,1,1,"€ 65,765.22",100.00%
747,France,Female,34,10, € -   ,2,1,1,"€ 50,759.80",20.00%
650,France,Male,32,2,"€ 84,906.45",1,1,0,"€ 1,63,216.48",0.00%
731,Spain,Female,39,2,"€ 1,26,816.18",1,1,1,"€ 74,850.93",50.00%
638,Germany,Female,26,1,"€ 1,05,249.76",2,1,1,"€ 23,491.09",200.00%
569,Spain,Male,41,2, € -   ,2,1,0,"€ 1,34,272.57",0.00%
459,Germany,Male,50,5,"€ 1,09,387.90",1,1,0,"€ 1,55,721.15",0.00%
632,Germany,Male,23,3,"€ 1,22,478.51",1,1,0,"€ 1,47,230.77",0.00%
683,France,Female,73,8,"€ 1,37,732.23",2,1,1,"€ 1,33,210.44",25.00%
850,France,Female,46,2,"€ 1,57,866.77",1,1,1,"€ 18,986.12",50.00%
512,France,Female,41,6, € -   ,1,1,1,"€ 1,00,507.81",16.67%
616,France,Female,31,3,"€ 1,36,789.14",1,1,0,"€ 59,346.40",0.00%
664,France,Male,36,1, € -   ,2,1,1,"€ 95,372.64",200.00%
694,France,Male,30,10,"€ 1,44,684.03",1,1,1,"€ 31,805.49",10.00%
655,France,Male,24,9,"€ 1,07,065.31",1,1,1,"€ 51,959.82",11.11%
607,France,Female,33,8,"€ 91,301.72",1,0,1,"€ 1,30,824.57",12.50%
684,Spain,Male,39,4,"€ 2,07,034.96",2,0,0,"€ 1,57,694.76",0.00%
763,Spain,Male,37,8, € -   ,2,1,1,€ 933.38,25.00%
671,Spain,Male,50,8, € -   ,1,0,1,"€ 2,560.11",12.50%
592,Spain,Male,38,3, € -   ,1,1,1,"€ 12,905.89",33.33%
666,Spain,Female,36,6, € -   ,2,1,0,"€ 1,76,692.87",0.00%
667,France,Male,34,5, € -   ,2,1,1,"€ 1,02,908.63",40.00%
850,Spain,Male,36,6, € -   ,2,0,1,"€ 41,291.05",33.33%
622,Spain,Male,42,9, € -   ,2,1,0,"€ 1,19,127.06",0.00%
577,France,Female,30,8,"€ 92,472.10",2,0,1,"€ 1,26,434.61",25.00%
555,Spain,Male,21,1, € -   ,2,0,0,"€ 1,03,901.35",0.00%
547,France,Male,62,10,"€ 1,27,738.75",2,1,1,"€ 85,153.00",20.00%
613,Germany,Female,50,5,"€ 1,01,242.98",2,1,0,"€ 12,493.61",0.00%
672,France,Female,43,4,"€ 92,599.55",2,1,1,"€ 1,67,336.78",50.00%
624,Spain,Female,36,10, € -   ,2,0,1,"€ 1,86,180.42",20.00%
698,Spain,Female,50,1, € -   ,4,1,0,"€ 88,566.90",0.00%
606,France,Male,37,6,"€ 82,373.94",1,0,0,"€ 1,72,526.90",0.00%
720,Spain,Male,31,4,"€ 1,41,356.47",1,0,0,"€ 1,37,985.69",0.00%
835,France,Male,23,9, € -   ,1,1,0,"€ 19,793.73",0.00%
771,Spain,Female,47,3,"€ 72,664.00",2,1,1,"€ 1,07,874.39",66.67%
811,France,Female,47,3,"€ 1,23,365.34",2,0,0,"€ 1,71,995.34",0.00%
734,Germany,Male,33,5,"€ 1,21,898.58",1,1,0,"€ 61,829.89",0.00%
548,Spain,Male,33,6, € -   ,1,1,1,"€ 31,728.35",16.67%
652,France,Female,31,3,"€ 1,03,696.97",3,0,0,"€ 1,55,221.05",0.00%
707,France,Male,33,2, € -   ,2,0,0,"€ 1,30,866.95",0.00%
605,Germany,Female,56,1,"€ 74,129.18",2,1,1,"€ 62,199.78",200.00%
623,France,Female,34,9, € -   ,1,1,0,"€ 24,255.21",0.00%
686,Germany,Male,29,3,"€ 1,85,379.02",1,1,0,"€ 64,679.07",0.00%
525,Germany,Female,47,1,"€ 1,18,087.68",1,1,0,"€ 88,120.78",0.00%
657,Spain,Male,41,8,"€ 1,09,402.13",1,1,1,"€ 66,463.62",12.50%
730,Germany,Female,33,7,"€ 1,30,367.87",1,1,0,"€ 15,142.10",0.00%
816,Germany,Female,34,2,"€ 1,08,410.87",2,1,0,"€ 1,02,908.91",0.00%
484,France,Female,50,2,"€ 90,408.16",2,0,0,"€ 48,170.57",0.00%
728,France,Female,34,6,"€ 90,425.15",2,1,1,"€ 11,597.69",33.33%
730,Spain,Female,39,6,"€ 1,40,094.59",1,1,0,"€ 1,72,450.04",0.00%
477,Spain,Male,31,9, € -   ,2,0,1,"€ 1,84,061.17",22.22%
663,Germany,Female,46,6,"€ 95,439.40",1,1,1,"€ 21,038.58",16.67%
549,Germany,Male,34,6,"€ 2,04,017.40",2,1,0,"€ 1,09,538.35",0.00%
714,Spain,Male,29,9, € -   ,2,1,0,"€ 1,29,192.55",0.00%
430,Germany,Male,49,3,"€ 1,37,115.16",1,1,0,"€ 1,46,516.86",0.00%
504,Germany,Male,43,5,"€ 1,34,740.19",2,1,0,"€ 1,81,430.91",0.00%
530,France,Female,29,5, € -   ,2,0,0,"€ 1,21,451.21",0.00%
619,Germany,Male,29,4,"€ 98,955.87",1,0,1,"€ 1,31,712.51",25.00%
617,Germany,Male,44,9,"€ 49,157.09",2,1,0,"€ 53,294.17",0.00%
791,Germany,Male,31,1,"€ 1,30,240.33",1,0,0,"€ 96,546.55",0.00%
609,France,Male,48,1,"€ 1,08,019.27",3,1,1,"€ 1,84,524.65",300.00%
780,Germany,Male,51,4,"€ 1,26,725.25",1,1,0,"€ 1,95,259.31",0.00%
777,Germany,Female,34,5,"€ 96,693.66",1,1,1,"€ 1,72,618.52",20.00%
817,Germany,Female,27,7,"€ 1,29,810.60",1,1,1,"€ 59,259.44",14.29%
850,France,Male,58,8,"€ 1,56,652.13",1,0,0,"€ 25,899.21",0.00%
732,France,Female,36,9, € -   ,1,0,0,"€ 3,749.00",0.00%
693,France,Male,40,4,"€ 1,30,661.96",1,1,1,"€ 1,01,918.96",25.00%
576,France,Female,50,8, € -   ,2,1,1,"€ 57,802.62",25.00%
643,France,Male,37,6, € -   ,2,0,0,"€ 1,42,454.77",0.00%
757,France,Male,47,3,"€ 1,30,747.10",1,1,0,"€ 1,43,829.54",0.00%
569,Germany,Male,30,6,"€ 1,06,629.49",1,0,1,"€ 44,114.88",16.67%
772,Spain,Male,36,3,"€ 1,12,029.83",1,1,1,"€ 1,86,948.35",33.33%
576,Germany,Male,29,7,"€ 1,30,575.26",1,0,1,"€ 1,73,629.78",14.29%
608,Germany,Male,28,4,"€ 96,679.71",1,1,1,"€ 49,133.45",25.00%
794,France,Male,33,0, € -   ,2,0,0,"€ 1,78,122.71",0.00%
593,France,Male,50,6,"€ 1,71,740.69",1,0,0,"€ 20,893.61",0.00%
597,Spain,Male,38,1, € -   ,2,1,0,"€ 41,303.29",0.00%
541,Germany,Female,39,9,"€ 1,00,116.67",1,1,1,"€ 1,99,808.10",11.11%
692,Germany,Male,24,2,"€ 1,20,596.93",1,0,1,"€ 1,80,490.53",50.00%
697,France,Female,48,1, € -   ,2,1,1,"€ 87,400.53",200.00%
768,France,Male,29,2,"€ 95,984.69",2,1,1,"€ 73,686.75",100.00%
802,France,Male,38,1,"€ 1,42,557.11",1,1,1,"€ 1,72,497.73",100.00%
584,France,Male,47,5, € -   ,2,1,0,"€ 89,286.29",0.00%
614,Spain,Male,66,2, € -   ,2,0,1,"€ 1,80,082.70",100.00%
850,Germany,Female,36,6,"€ 1,43,644.16",1,1,0,"€ 22,102.25",0.00%
671,France,Female,38,6,"€ 1,32,129.72",1,0,1,"€ 76,068.95",16.67%
626,France,Female,52,0, € -   ,2,1,0,"€ 32,159.46",0.00%
770,France,Female,68,2,"€ 1,83,555.24",1,0,0,"€ 1,59,557.28",0.00%
633,France,Male,38,2,"€ 91,902.56",2,1,1,"€ 1,07,673.35",100.00%
663,France,Male,40,6,"€ 1,56,218.19",1,0,1,"€ 33,607.72",16.67%
581,Germany,Female,43,5,"€ 93,259.57",3,1,0,"€ 1,41,035.65",0.00%
561,Germany,Female,45,2,"€ 1,68,085.38",2,0,1,"€ 1,15,719.08",100.00%
479,Germany,Male,51,1,"€ 1,07,714.74",3,1,0,"€ 86,128.21",0.00%
769,France,Female,31,6,"€ 1,17,852.26",2,1,0,"€ 1,47,668.64",0.00%
659,Spain,Male,60,2, € -   ,1,1,0,"€ 1,77,480.45",0.00%
590,Spain,Female,51,10,"€ 84,474.62",2,1,1,"€ 1,90,937.09",20.00%
560,France,Male,50,3, € -   ,2,1,0,"€ 84,531.79",0.00%
437,Germany,Male,35,6,"€ 1,26,803.34",2,1,1,"€ 1,61,133.40",33.33%
661,France,Female,34,0, € -   ,2,1,0,"€ 1,85,555.63",0.00%
677,Germany,Female,36,10,"€ 68,806.84",1,1,0,"€ 33,075.24",0.00%
560,France,Female,31,3,"€ 1,15,141.18",1,1,0,"€ 39,806.75",0.00%
578,France,Female,35,2, € -   ,2,0,1,"€ 26,389.92",100.00%
421,Spain,Male,34,6,"€ 90,723.36",1,1,1,"€ 12,162.76",16.67%
492,Germany,Female,49,2,"€ 1,51,249.45",2,1,1,"€ 1,67,237.94",100.00%
545,France,Female,32,6, € -   ,2,1,1,"€ 52,067.37",33.33%
640,Germany,Female,43,9,"€ 94,752.49",1,1,0,"€ 1,84,006.36",0.00%
624,Spain,Female,34,6, € -   ,1,1,0,€ 582.59,0.00%
577,Spain,Male,28,7, € -   ,1,1,0,"€ 1,43,274.41",0.00%
704,France,Male,31,5,"€ 1,32,084.66",3,1,1,"€ 54,474.48",60.00%
523,France,Male,45,5, € -   ,2,1,1,"€ 1,21,428.20",40.00%
793,France,Male,35,2, € -   ,2,1,1,"€ 79,704.12",100.00%
564,France,Female,53,2,"€ 45,472.28",1,1,1,"€ 41,055.71",50.00%
711,France,Male,33,1, € -   ,1,0,0,"€ 41,590.40",0.00%
791,Germany,Female,33,10,"€ 1,30,229.71",2,0,0,"€ 54,019.93",0.00%
629,Germany,Female,38,9,"€ 1,23,948.85",1,1,0,"€ 76,053.07",0.00%
729,Germany,Male,39,6,"€ 1,27,415.85",1,1,1,"€ 1,84,977.20",16.67%
651,Germany,Male,35,8,"€ 1,10,067.71",1,1,0,"€ 1,27,678.95",0.00%
695,Spain,Male,39,4,"€ 65,521.20",1,1,1,"€ 1,243.97",25.00%
847,Spain,Male,31,5, € -   ,2,1,1,"€ 76,326.67",40.00%
704,France,Male,47,5, € -   ,2,1,1,"€ 1,45,338.61",40.00%
613,Germany,Male,33,3,"€ 1,55,736.42",2,1,1,"€ 57,751.21",66.67%
692,Spain,Female,29,4, € -   ,2,0,0,"€ 1,38,880.24",0.00%
720,France,Female,34,3,"€ 1,18,307.57",2,1,1,"€ 1,36,120.29",66.67%
577,France,Male,41,6, € -   ,1,1,1,"€ 1,67,621.18",16.67%
710,Germany,Female,24,7,"€ 1,03,099.17",2,1,0,"€ 1,73,276.62",0.00%
716,France,Female,38,1, € -   ,2,1,1,"€ 99,661.46",200.00%
410,France,Male,33,6,"€ 1,25,789.69",1,0,0,"€ 66,333.56",0.00%
584,Germany,Female,36,4,"€ 1,09,646.83",1,1,1,"€ 70,240.79",25.00%
792,France,Male,30,1,"€ 1,27,187.86",1,1,1,"€ 1,13,553.42",100.00%
605,France,Female,36,6, € -   ,1,0,1,€ 690.84,16.67%
486,Spain,Male,24,1, € -   ,1,1,0,"€ 98,802.76",0.00%
615,France,Male,41,4,"€ 1,30,385.82",1,0,1,"€ 1,30,661.95",25.00%
676,France,Male,23,1,"€ 1,07,787.47",1,0,1,"€ 1,16,378.82",100.00%
571,France,Male,34,1,"€ 99,325.04",2,0,1,"€ 1,86,052.15",200.00%
850,France,Female,37,9, € -   ,1,0,0,"€ 1,00,101.06",0.00%
717,France,Male,48,7,"€ 1,23,764.95",1,1,1,"€ 1,69,952.82",14.29%
642,Germany,Female,39,8,"€ 1,28,264.03",1,1,0,"€ 61,792.76",0.00%
780,Spain,Male,47,7,"€ 86,006.21",1,1,1,"€ 37,973.13",14.29%
492,Germany,Female,38,8,"€ 57,068.43",2,1,0,"€ 1,88,974.81",0.00%
760,Germany,Male,29,5,"€ 1,03,607.24",2,0,1,"€ 86,334.64",40.00%
500,Spain,Male,40,1,"€ 99,004.24",1,1,1,"€ 1,52,845.99",100.00%
654,Spain,Female,36,2, € -   ,2,1,1,"€ 1,46,652.11",100.00%
606,Spain,Female,25,3,"€ 1,47,386.72",3,1,0,"€ 45,482.04",0.00%
367,Spain,Male,42,6,"€ 93,608.28",1,1,0,"€ 1,68,816.73",0.00%
799,Spain,Male,38,2, € -   ,2,1,1,"€ 59,297.34",100.00%
434,Germany,Male,71,9,"€ 1,19,496.87",1,1,0,"€ 1,25,848.88",0.00%
719,Spain,Female,32,7, € -   ,1,0,0,"€ 76,264.27",0.00%
641,France,Female,37,2, € -   ,2,1,0,"€ 3,939.87",0.00%
461,Spain,Female,25,6, € -   ,2,1,1,"€ 15,306.29",33.33%
790,Germany,Female,25,5,"€ 1,52,885.77",1,1,0,"€ 58,214.79",0.00%
588,France,Male,31,4,"€ 99,607.37",2,0,1,"€ 35,877.03",50.00%
621,France,Male,27,4,"€ 1,37,003.68",1,1,0,"€ 21,254.06",0.00%
768,Germany,Male,48,3,"€ 1,22,831.58",1,1,1,"€ 24,533.89",33.33%
681,Spain,Male,38,2,"€ 99,811.44",2,1,0,"€ 23,531.50",0.00%
606,Spain,Male,37,8,"€ 1,54,712.58",2,1,0,"€ 89,099.18",0.00%
542,Spain,Male,37,8, € -   ,1,1,1,€ 807.06,12.50%
713,Germany,Female,24,7,"€ 1,47,687.24",1,1,1,"€ 1,21,592.50",14.29%
597,Spain,Female,33,2, € -   ,2,1,1,"€ 4,700.66",100.00%
635,France,Male,27,3,"€ 1,27,009.83",1,1,0,"€ 1,61,909.95",0.00%
599,Germany,Male,61,1,"€ 1,24,737.96",1,0,1,"€ 90,389.61",100.00%
496,Spain,Female,44,0,"€ 1,79,356.28",2,1,0,"€ 2,919.21",0.00%
759,Spain,Male,31,8, € -   ,2,1,1,"€ 99,086.74",25.00%
757,Germany,Male,31,1,"€ 1,27,320.36",3,1,0,"€ 1,63,170.32",0.00%
564,Spain,Male,31,0,"€ 1,25,175.58",1,1,1,"€ 72,757.33",100.00%
561,France,Female,22,6,"€ 1,86,788.96",2,1,0,"€ 73,286.80",0.00%
702,France,Male,40,3,"€ 1,48,556.74",1,0,1,"€ 1,46,056.29",33.33%
678,Germany,Female,40,8,"€ 1,28,644.46",1,0,0,"€ 1,67,673.37",0.00%
707,France,Female,46,7,"€ 1,27,476.73",2,1,1,"€ 1,46,011.55",28.57%
610,France,Female,27,9,"€ 1,59,561.93",1,0,1,"€ 1,03,381.47",11.11%
744,France,Male,42,1,"€ 1,12,419.92",1,1,1,"€ 83,022.92",100.00%
598,France,Male,28,8,"€ 1,29,991.76",2,0,1,"€ 46,041.08",25.00%
562,Spain,Male,36,5, € -   ,1,0,1,"€ 1,82,843.24",20.00%
621,Spain,Female,59,2, € -   ,2,1,1,"€ 1,71,364.18",100.00%
659,France,Female,50,3, € -   ,1,1,0,"€ 1,83,399.12",0.00%
722,Germany,Female,40,6,"€ 89,175.06",2,0,1,"€ 1,52,883.95",33.33%
606,France,Female,39,3, € -   ,2,1,0,"€ 50,560.45",0.00%
603,Spain,Female,39,5,"€ 1,62,390.52",2,1,0,"€ 54,702.66",0.00%
506,Germany,Female,59,3,"€ 1,90,353.08",1,1,0,"€ 78,365.75",0.00%
715,France,Male,21,8, € -   ,2,1,0,"€ 68,666.63",0.00%
690,France,Male,47,2, € -   ,2,1,0,"€ 1,51,375.73",0.00%
644,France,Female,40,10,"€ 1,39,180.97",1,1,1,"€ 19,959.67",10.00%
589,France,Male,36,8,"€ 1,14,435.47",1,1,0,"€ 26,955.72",0.00%
592,France,Female,66,5,"€ 1,49,950.19",1,1,1,"€ 76,267.59",20.00%
632,France,Male,42,4,"€ 1,26,115.60",1,1,0,"€ 1,00,998.50",0.00%
577,Germany,Female,59,7,"€ 1,11,396.97",1,0,1,"€ 1,91,070.01",14.29%
588,France,Male,30,3,"€ 1,15,007.08",1,0,0,"€ 1,76,858.50",0.00%
617,France,Male,54,6,"€ 1,02,141.90",1,1,1,"€ 45,325.26",16.67%
668,Spain,Female,36,3,"€ 1,33,686.52",1,1,0,"€ 1,90,958.48",0.00%
810,France,Male,32,9,"€ 1,20,879.73",2,0,1,"€ 78,896.59",22.22%
767,Spain,Male,47,5, € -   ,1,1,0,"€ 1,21,964.46",0.00%
718,Spain,Female,49,10,"€ 82,321.88",1,0,1,"€ 11,144.40",10.00%
589,Spain,Female,27,4, € -   ,2,1,0,"€ 1,44,181.48",0.00%
778,Spain,Male,33,5,"€ 1,16,474.28",2,1,1,"€ 32,757.55",40.00%
724,France,Female,34,3,"€ 1,32,352.69",1,1,0,"€ 80,320.30",0.00%
477,Germany,Female,39,4,"€ 1,82,491.57",1,1,0,"€ 1,85,830.72",0.00%
580,France,Male,34,6, € -   ,2,1,1,"€ 1,60,095.31",33.33%
566,Spain,Male,63,2,"€ 1,20,787.18",2,1,1,"€ 52,198.84",100.00%
711,France,Female,29,3,"€ 1,30,181.47",2,1,0,"€ 31,811.44",0.00%
706,Germany,Male,32,5,"€ 88,348.43",2,1,1,"€ 1,04,181.78",40.00%
703,Spain,Male,31,6, € -   ,2,1,1,"€ 67,667.19",33.33%
679,Germany,Male,39,2,"€ 1,46,186.28",2,1,1,"€ 1,93,974.47",100.00%
603,France,Male,32,7, € -   ,1,1,0,"€ 1,98,055.94",0.00%
598,Spain,Male,34,0,"€ 1,04,488.17",1,0,1,"€ 43,249.67",100.00%
836,Germany,Female,32,4,"€ 1,09,196.67",2,1,0,"€ 55,218.02",0.00%
687,France,Female,61,7,"€ 80,538.56",1,1,0,"€ 1,31,305.37",0.00%
704,Germany,Male,41,4,"€ 1,09,026.80",2,1,1,"€ 43,117.10",50.00%
605,Germany,Male,75,2,"€ 61,319.63",1,0,1,"€ 1,86,655.11",50.00%
516,France,Female,40,9, € -   ,2,0,1,"€ 33,266.29",22.22%
572,France,Female,39,2, € -   ,2,1,1,€ 555.28,100.00%
557,France,Male,42,6,"€ 1,77,822.03",1,1,0,"€ 1,50,944.31",0.00%
443,Germany,Male,59,4,"€ 1,10,939.30",1,1,0,"€ 72,846.58",0.00%
604,Germany,Male,25,7,"€ 1,65,413.43",1,1,1,"€ 35,279.74",14.29%
483,France,Male,27,1,"€ 77,805.66",1,1,1,"€ 2,101.89",100.00%
702,France,Male,50,3, € -   ,2,0,0,"€ 94,949.84",0.00%
670,Spain,Female,57,3,"€ 1,75,575.95",2,1,0,"€ 99,061.75",0.00%
804,Spain,Female,38,3,"€ 1,24,197.22",1,1,0,"€ 74,692.06",0.00%
850,France,Female,30,3, € -   ,2,1,0,"€ 1,16,692.80",0.00%
554,France,Female,39,10,"€ 1,60,132.75",1,1,0,"€ 32,824.15",0.00%
588,Germany,Female,37,7,"€ 70,258.88",2,1,0,"€ 1,39,607.61",0.00%
758,Germany,Male,32,4,"€ 1,62,657.64",2,1,1,"€ 1,15,525.13",50.00%
787,Germany,Male,43,0,"€ 1,32,217.45",1,1,0,"€ 20,955.03",0.00%
582,Spain,Male,25,9,"€ 1,48,042.97",2,1,0,"€ 52,341.15",0.00%
633,Spain,Female,33,4,"€ 92,855.02",1,1,1,"€ 1,59,813.18",25.00%
766,Germany,Male,47,9,"€ 1,29,289.98",1,1,0,"€ 1,69,935.46",0.00%
564,Spain,Male,37,9,"€ 1,00,252.18",1,1,1,"€ 1,46,033.52",11.11%
602,Spain,Male,37,3,"€ 1,07,592.89",2,0,1,"€ 1,53,122.73",66.67%
649,France,Male,39,3,"€ 1,13,096.41",1,1,1,"€ 60,335.24",33.33%
679,Spain,Female,40,7, € -   ,2,1,1,"€ 1,63,757.29",28.57%
639,Spain,Male,34,7,"€ 1,49,940.04",2,0,0,"€ 1,56,648.81",0.00%
790,Germany,Male,50,8,"€ 1,21,438.58",1,1,1,"€ 1,76,471.78",12.50%
565,France,Male,32,9, € -   ,2,1,0,"€ 5,388.30",0.00%
478,France,Female,50,2, € -   ,1,0,1,"€ 93,332.64",50.00%
825,France,Male,29,3,"€ 1,48,874.01",2,0,1,"€ 71,192.82",66.67%
528,Spain,Female,32,0,"€ 68,138.37",1,1,1,"€ 1,70,309.19",100.00%
577,Spain,Male,35,5,"€ 1,10,080.30",1,1,1,"€ 1,09,794.31",20.00%
663,France,Male,24,7, € -   ,2,1,1,"€ 1,66,310.82",28.57%
505,Germany,Female,25,5,"€ 1,14,268.85",2,1,1,"€ 1,26,728.27",40.00%
633,Germany,Male,29,6,"€ 1,17,412.35",1,0,0,"€ 30,338.94",0.00%
586,France,Female,38,6, € -   ,2,1,1,"€ 37,935.83",33.33%
850,France,Female,35,9, € -   ,2,0,0,"€ 25,329.48",0.00%
629,Germany,Female,37,1,"€ 35,549.81",2,0,0,"€ 49,676.33",0.00%
744,France,Male,56,9, € -   ,2,1,1,"€ 1,69,498.61",22.22%
750,France,Male,36,7,"€ 1,36,492.92",3,1,1,"€ 26,500.29",42.86%
637,Germany,Male,28,3,"€ 1,23,675.69",1,1,1,"€ 1,66,458.41",33.33%
575,France,Female,40,1,"€ 1,39,532.34",1,1,0,"€ 1,81,294.39",0.00%
671,Spain,Male,58,1,"€ 1,78,713.98",1,1,1,"€ 21,768.21",100.00%
571,France,Male,40,5, € -   ,2,0,0,"€ 72,849.29",0.00%
590,France,Male,41,1,"€ 89,086.31",1,1,0,"€ 24,499.97",0.00%
619,Spain,Male,38,3,"€ 96,143.47",1,0,0,"€ 98,994.92",0.00%
640,Germany,Female,30,5,"€ 32,197.64",1,0,1,"€ 1,41,446.01",20.00%
670,France,Male,38,7, € -   ,2,1,1,"€ 77,864.41",28.57%
737,France,Female,33,4, € -   ,2,1,0,"€ 1,15,115.32",0.00%
555,Spain,Male,32,10, € -   ,2,0,1,"€ 1,68,605.96",20.00%
742,France,Male,33,6, € -   ,2,0,0,"€ 38,550.40",0.00%
618,Germany,Female,40,0,"€ 1,40,306.38",1,1,0,"€ 1,60,618.61",0.00%
560,France,Female,35,1, € -   ,2,1,0,"€ 3,701.63",0.00%
654,France,Male,38,8, € -   ,2,1,0,"€ 88,659.44",0.00%
787,Germany,Female,42,2,"€ 74,483.97",2,0,1,"€ 44,273.91",100.00%
611,France,Female,53,7, € -   ,2,0,1,"€ 1,56,495.39",28.57%
559,Spain,Male,34,0, € -   ,1,1,0,"€ 1,82,988.94",0.00%
481,France,Male,37,8,"€ 1,52,303.66",2,1,1,"€ 1,75,082.20",25.00%
753,Germany,Male,32,5,"€ 1,59,904.79",1,1,0,"€ 1,48,811.14",0.00%
675,France,Male,32,1, € -   ,3,1,0,"€ 85,901.09",0.00%
748,Germany,Female,31,1,"€ 99,557.94",1,1,0,"€ 1,99,255.32",0.00%
610,Spain,Female,46,5,"€ 1,16,886.59",1,0,0,"€ 1,07,973.44",0.00%
580,Spain,Male,32,9,"€ 1,42,188.20",2,0,1,"€ 1,28,028.60",22.22%
624,Germany,Female,40,3,"€ 1,49,961.99",2,1,0,"€ 1,04,610.86",0.00%
709,France,Female,36,8, € -   ,2,1,1,"€ 69,676.55",25.00%
605,France,Female,34,2, € -   ,1,0,0,"€ 35,982.42",0.00%
706,Spain,Male,53,7, € -   ,2,0,1,"€ 1,17,939.17",28.57%
567,Spain,Male,40,8,"€ 28,649.64",1,1,1,"€ 95,140.62",12.50%
747,France,Female,21,4,"€ 81,025.60",2,1,0,"€ 1,67,682.57",0.00%
664,France,Male,57,1, € -   ,2,1,1,"€ 56,562.57",200.00%
711,France,Female,39,3,"€ 1,52,462.79",1,1,0,"€ 90,305.97",0.00%
609,France,Male,25,10, € -   ,1,0,1,"€ 1,09,895.16",10.00%
632,Spain,Male,28,7,"€ 1,55,519.59",1,1,0,"€ 1,843.24",0.00%
725,France,Female,36,1,"€ 1,18,851.05",1,1,1,"€ 1,02,747.02",100.00%
850,France,Female,34,9,"€ 92,899.27",2,1,0,"€ 97,465.89",0.00%
682,France,Male,40,4, € -   ,1,0,1,"€ 1,05,352.55",25.00%
797,France,Male,37,4,"€ 75,263.70",1,1,0,"€ 85,801.77",0.00%
668,Spain,Male,38,1,"€ 1,47,904.31",1,1,1,"€ 69,370.05",100.00%
783,Germany,Female,41,5,"€ 1,06,640.50",1,1,0,"€ 1,76,945.96",0.00%
766,Germany,Female,28,4,"€ 90,696.78",1,0,1,"€ 21,597.20",25.00%
704,Spain,Female,36,2,"€ 1,75,509.80",2,1,0,"€ 1,52,039.67",0.00%
722,France,Male,40,6, € -   ,2,1,1,"€ 1,11,893.09",33.33%
692,France,Female,34,7, € -   ,2,1,0,"€ 1,95,074.62",0.00%
584,France,Female,35,2,"€ 1,14,321.28",2,0,0,"€ 15,959.01",0.00%
644,Germany,Female,51,4,"€ 95,560.04",1,0,0,"€ 72,628.84",0.00%
598,Germany,Female,50,5,"€ 88,379.81",3,0,1,"€ 64,157.24",60.00%
733,Germany,Male,48,7,"€ 85,915.52",1,1,1,"€ 23,860.50",14.29%
615,Germany,Male,58,3,"€ 72,309.30",1,1,1,"€ 85,687.09",33.33%
850,France,Female,39,2, € -   ,2,1,0,"€ 1,79,451.42",0.00%
521,France,Male,43,8, € -   ,1,1,1,"€ 93,180.09",12.50%
675,France,Male,69,1, € -   ,2,1,0,"€ 1,57,097.09",0.00%
746,France,Male,58,3, € -   ,3,1,1,"€ 80,344.96",100.00%
770,France,Female,33,4, € -   ,1,1,0,"€ 26,080.54",0.00%
618,France,Male,30,3,"€ 1,33,844.22",1,1,1,"€ 31,406.93",33.33%
556,France,Male,36,7,"€ 1,54,872.08",2,1,1,"€ 32,044.64",28.57%
749,France,Female,27,9, € -   ,2,1,0,"€ 1,32,734.87",0.00%
702,Spain,Male,43,6,"€ 1,16,121.67",1,1,0,"€ 61,602.42",0.00%
555,Germany,Male,42,6,"€ 1,07,104.50",1,1,1,"€ 41,304.44",16.67%
587,France,Male,47,6,"€ 71,026.77",1,1,0,"€ 57,962.41",0.00%
639,France,Male,38,3, € -   ,1,1,0,"€ 42,862.82",0.00%
643,France,Male,33,4, € -   ,2,1,1,"€ 1,52,992.04",50.00%
600,France,Female,41,1, € -   ,2,1,1,"€ 91,193.65",200.00%
651,France,Male,53,7, € -   ,2,1,1,"€ 1,30,132.41",28.57%
666,France,Female,27,4, € -   ,2,0,0,"€ 88,751.45",0.00%
520,France,Female,39,6,"€ 1,45,644.05",1,0,0,"€ 1,04,118.93",0.00%
650,Spain,Female,50,7,"€ 1,29,667.77",1,0,0,"€ 42,028.16",0.00%
564,Germany,Male,33,3,"€ 1,09,341.87",1,1,0,"€ 75,632.78",0.00%
586,France,Male,64,1, € -   ,2,1,1,"€ 53,710.23",200.00%
617,France,Female,35,5, € -   ,2,0,1,"€ 13,066.30",40.00%
712,Spain,Female,30,6, € -   ,2,1,0,"€ 1,52,417.97",0.00%
654,France,Male,55,3,"€ 87,485.67",1,1,1,"€ 3,299.01",33.33%
605,France,Male,27,9, € -   ,2,1,0,"€ 1,98,091.81",0.00%
491,France,Female,36,0,"€ 53,369.13",1,1,1,"€ 1,03,934.12",100.00%
707,France,Female,35,9, € -   ,2,1,1,"€ 70,403.65",22.22%
638,Spain,Male,34,5,"€ 1,46,679.77",1,1,0,"€ 1,02,179.86",0.00%
683,France,Male,43,2,"€ 1,12,499.42",2,1,0,"€ 30,375.18",0.00%
815,Spain,Female,38,2,"€ 48,387.00",1,1,0,"€ 1,84,796.84",0.00%
645,Spain,Male,38,1,"€ 68,079.80",1,0,1,"€ 1,66,264.89",100.00%
645,Germany,Male,49,4,"€ 1,60,133.88",1,0,1,"€ 88,391.97",25.00%
683,France,Male,30,4,"€ 66,190.33",1,1,1,"€ 1,15,186.97",25.00%
705,France,Female,37,10, € -   ,2,1,1,"€ 13,935.53",20.00%
647,France,Male,35,4,"€ 1,23,761.68",1,1,0,"€ 83,910.40",0.00%
786,Germany,Female,33,0,"€ 1,22,325.58",1,0,0,"€ 34,712.34",0.00%
534,France,Male,41,9, € -   ,2,1,0,"€ 13,871.34",0.00%
602,Spain,Female,42,1,"€ 1,38,912.17",1,1,1,"€ 1,39,494.75",100.00%
695,France,Female,42,0, € -   ,2,0,1,"€ 1,40,724.64",200.00%
553,Germany,Female,25,7,"€ 1,28,524.19",2,1,0,"€ 20,682.46",0.00%
516,Spain,Female,31,3, € -   ,2,1,0,"€ 1,24,202.26",0.00%
655,France,Female,34,3, € -   ,2,1,0,"€ 1,59,638.77",0.00%
849,Germany,Female,49,9,"€ 1,32,934.89",1,1,0,"€ 1,71,056.65",0.00%
520,Germany,Male,43,3,"€ 1,50,805.17",3,0,1,"€ 25,333.03",100.00%
568,Spain,Female,46,3, € -   ,2,1,1,"€ 29,372.62",66.67%
695,Spain,Male,32,9, € -   ,3,0,1,"€ 38,533.79",33.33%
807,Spain,Female,28,7,"€ 1,65,969.26",3,1,0,"€ 1,56,122.13",0.00%
642,Germany,Female,36,2,"€ 1,24,495.98",3,1,1,"€ 57,904.22",150.00%
703,Germany,Male,39,1,"€ 1,41,559.50",1,1,1,"€ 31,257.10",100.00%
556,France,Male,38,2,"€ 1,14,756.14",1,1,0,"€ 1,93,214.05",0.00%
585,France,Female,30,6, € -   ,2,1,1,"€ 1,37,757.69",33.33%
587,Germany,Female,49,7,"€ 1,55,393.98",2,1,0,"€ 13,308.20",0.00%
524,Spain,Female,32,6, € -   ,1,1,1,"€ 1,32,861.90",16.67%
556,Germany,Female,31,1,"€ 1,28,663.81",2,1,0,"€ 1,25,083.29",0.00%
504,Spain,Male,44,4,"€ 1,13,522.64",1,1,1,"€ 12,405.20",25.00%
731,Spain,Female,26,3, € -   ,2,1,0,"€ 37,697.29",0.00%
651,France,Male,34,3, € -   ,2,1,1,"€ 1,05,599.65",66.67%
675,Spain,Female,40,8,"€ 79,035.95",1,1,0,"€ 1,42,783.98",0.00%
657,Spain,Female,22,6, € -   ,3,0,1,"€ 1,68,412.07",50.00%
686,Germany,Male,33,9,"€ 1,41,918.09",2,0,1,"€ 1,84,036.47",22.22%
690,France,Female,35,9,"€ 1,07,944.33",2,0,0,"€ 48,478.47",0.00%
567,France,Male,36,7, € -   ,2,0,1,"€ 3,896.08",28.57%
557,Germany,Male,57,1,"€ 1,20,043.13",1,1,0,"€ 1,32,370.75",0.00%
446,Spain,Female,45,10,"€ 1,25,191.69",1,1,1,"€ 1,28,260.86",10.00%
850,France,Male,31,1,"€ 96,399.31",2,1,0,"€ 1,06,534.15",0.00%
637,France,Male,41,2, € -   ,2,0,1,"€ 1,02,515.42",100.00%
499,France,Male,60,7,"€ 76,961.60",2,1,1,"€ 83,643.87",28.57%
622,Germany,Female,34,7,"€ 98,675.74",1,1,0,"€ 1,38,906.85",0.00%
684,Germany,Male,37,1,"€ 1,26,817.13",2,1,1,"€ 29,995.83",200.00%
612,France,Male,32,3,"€ 1,21,394.42",1,1,0,"€ 1,64,081.42",0.00%
813,Germany,Female,29,5,"€ 1,06,059.40",1,0,0,"€ 1,87,976.88",0.00%
850,Germany,Male,44,2,"€ 1,12,755.34",2,0,0,"€ 1,58,171.36",0.00%
795,Spain,Male,29,4, € -   ,2,0,0,"€ 1,55,711.64",0.00%
628,Spain,Female,55,7, € -   ,3,1,0,"€ 85,890.75",0.00%
565,Germany,Female,38,7,"€ 1,45,400.69",2,1,1,"€ 83,844.79",28.57%
601,France,Male,39,3,"€ 72,647.64",1,1,0,"€ 41,777.90",0.00%
802,Spain,Male,40,4, € -   ,2,1,1,"€ 81,908.09",50.00%
614,Germany,Female,37,6,"€ 96,340.81",2,1,1,"€ 1,39,377.24",33.33%
434,Spain,Male,55,6, € -   ,1,0,1,"€ 73,562.05",16.67%
522,Germany,Male,32,8,"€ 1,24,450.36",2,1,1,"€ 1,65,786.10",25.00%
550,Germany,Male,36,2,"€ 1,13,877.23",2,1,0,"€ 1,74,921.91",0.00%
599,Spain,Male,25,3, € -   ,2,1,1,"€ 1,20,790.02",66.67%
493,France,Female,36,5,"€ 1,48,667.81",2,1,0,"€ 56,092.51",0.00%
755,France,Male,34,3, € -   ,2,1,1,"€ 1,58,816.03",66.67%
605,France,Female,62,4,"€ 1,11,065.93",2,0,1,"€ 1,25,660.99",50.00%
708,France,Male,41,0, € -   ,1,1,0,"€ 1,28,400.62",0.00%
699,France,Male,44,8,"€ 1,58,697.61",1,1,0,"€ 1,07,181.22",0.00%
763,France,Female,53,4, € -   ,1,1,0,"€ 77,203.72",0.00%
743,Spain,Male,25,6, € -   ,2,1,0,"€ 1,29,740.11",0.00%
660,France,Female,48,0,"€ 90,044.32",2,0,1,"€ 1,87,604.97",200.00%
619,Germany,Male,38,10,"€ 84,651.79",1,1,1,"€ 1,84,754.26",10.00%
739,Germany,Male,32,3,"€ 1,02,128.27",1,1,0,"€ 63,981.37",0.00%
769,Germany,Male,60,9,"€ 1,48,846.39",1,1,0,"€ 1,92,831.67",0.00%
692,France,Male,69,10,"€ 1,54,953.94",1,1,1,"€ 70,849.47",10.00%
560,France,Female,30,0,"€ 1,08,883.29",1,1,0,"€ 27,914.95",0.00%
607,France,Female,48,4,"€ 1,12,070.86",3,1,0,"€ 1,73,568.30",0.00%
630,Germany,Male,29,6,"€ 1,31,354.39",1,0,1,"€ 9,324.31",16.67%
767,Germany,Female,45,7,"€ 1,32,746.20",2,1,0,"€ 26,628.88",0.00%
543,France,Female,34,8, € -   ,2,0,1,"€ 1,45,601.80",25.00%
776,France,Male,39,8,"€ 1,25,211.55",2,1,0,"€ 1,44,496.07",0.00%
535,Spain,Male,58,1, € -   ,2,1,1,"€ 11,779.98",200.00%
549,Germany,Male,36,6,"€ 1,39,422.37",1,0,0,"€ 83,983.39",0.00%
844,France,Female,28,4, € -   ,2,0,1,"€ 1,23,318.37",50.00%
586,Germany,Female,47,5,"€ 1,57,099.47",2,1,1,"€ 65,481.86",40.00%
583,France,Male,40,3, € -   ,2,1,0,"€ 47,728.00",0.00%
701,Spain,Male,26,5,"€ 83,600.24",1,0,1,"€ 59,195.05",20.00%
726,France,Male,28,2, € -   ,1,0,0,"€ 98,060.51",0.00%
829,Germany,Male,36,4,"€ 81,795.74",2,1,0,"€ 90,106.94",0.00%
749,Spain,Male,38,9,"€ 1,29,378.32",1,1,1,"€ 13,549.34",11.11%
743,France,Female,46,9, € -   ,1,1,0,"€ 1,13,436.08",0.00%
619,Spain,Female,56,7, € -   ,2,1,1,"€ 42,442.21",28.57%
699,France,Male,22,9,"€ 99,339.00",1,1,0,"€ 68,297.61",0.00%
749,Spain,Male,36,7, € -   ,2,0,0,"€ 80,134.65",0.00%
600,Germany,Female,29,6,"€ 74,430.10",2,1,1,"€ 96,051.10",33.33%
760,Spain,Male,38,3,"€ 91,241.85",1,0,1,"€ 80,682.35",33.33%
528,Germany,Male,32,2,"€ 99,092.45",1,0,1,"€ 1,11,149.98",50.00%
630,France,Female,26,5, € -   ,2,1,0,"€ 1,82,612.38",0.00%
683,Germany,Female,39,2,"€ 1,00,062.16",2,1,0,"€ 1,09,201.43",0.00%
677,Germany,Female,26,6,"€ 98,723.67",1,0,1,"€ 1,51,146.67",16.67%
669,Spain,Male,29,9, € -   ,1,1,1,"€ 93,901.61",11.11%
693,France,Male,43,6,"€ 1,28,760.32",1,1,0,"€ 36,342.79",0.00%
612,Spain,Female,52,5,"€ 1,44,772.69",1,0,0,"€ 98,302.57",0.00%
719,Spain,Male,44,4, € -   ,1,0,0,"€ 84,972.90",0.00%
702,France,Male,26,2,"€ 71,281.29",1,1,1,"€ 1,08,747.12",50.00%
755,France,Male,29,9,"€ 1,17,035.89",1,1,1,"€ 21,862.19",11.11%
514,France,Male,26,1, € -   ,2,0,0,"€ 1,21,551.93",0.00%
753,France,Female,40,0,"€ 3,768.69",2,1,0,"€ 1,77,065.24",0.00%
548,Germany,Female,36,2,"€ 1,08,913.84",2,1,1,"€ 1,40,460.01",100.00%
850,Germany,Male,28,2,"€ 1,01,100.22",2,1,1,"€ 35,337.31",100.00%
612,France,Female,38,7,"€ 1,10,615.47",1,1,1,"€ 1,93,502.93",14.29%
628,Germany,Male,33,8,"€ 1,52,143.89",1,1,1,"€ 32,174.03",12.50%
479,France,Male,47,6,"€ 1,21,797.09",1,0,1,"€ 5,811.90",16.67%
724,France,Female,41,5,"€ 1,09,798.25",1,0,1,"€ 1,49,593.61",20.00%
512,Germany,Male,41,7,"€ 1,22,403.24",1,0,1,"€ 37,439.90",14.29%
638,France,Female,43,3,"€ 1,45,860.98",1,1,1,"€ 1,42,763.51",33.33%
834,Spain,Male,40,7, € -   ,2,0,0,"€ 45,038.74",0.00%
781,France,Male,29,9, € -   ,2,0,0,"€ 1,72,097.40",0.00%
707,Germany,Female,48,7,"€ 1,05,086.74",1,1,1,"€ 1,80,344.69",14.29%
670,France,Male,22,2,"€ 1,14,991.45",1,1,1,"€ 37,392.56",50.00%
663,Spain,Female,33,8,"€ 96,769.04",1,1,1,"€ 36,864.05",12.50%
624,France,Female,23,5, € -   ,2,0,0,"€ 1,32,418.59",0.00%
598,France,Female,34,4, € -   ,2,0,0,"€ 60,894.26",0.00%
619,Germany,Male,23,5,"€ 1,32,725.10",1,1,1,"€ 1,43,913.33",20.00%
792,France,Female,70,3, € -   ,2,1,1,"€ 1,72,240.27",66.67%
683,France,Female,26,7, € -   ,2,1,0,"€ 86,619.77",0.00%
691,France,Female,33,6, € -   ,2,1,0,"€ 1,64,074.89",0.00%
765,Spain,Female,33,5,"€ 84,557.82",1,1,1,"€ 69,039.43",20.00%
508,France,Male,49,1,"€ 93,817.41",2,1,1,"€ 1,32,468.76",200.00%
637,France,Female,33,9,"€ 1,13,913.53",1,0,1,"€ 65,316.50",11.11%
667,Germany,Female,44,5,"€ 1,40,406.68",2,0,1,"€ 57,164.19",40.00%
575,Spain,Female,22,8,"€ 1,05,229.34",1,1,1,"€ 34,397.08",12.50%
744,Spain,Female,46,1, € -   ,3,1,1,"€ 1,77,431.59",300.00%
567,France,Female,41,9,"€ 1,37,891.35",1,1,0,"€ 1,42,009.46",0.00%
502,France,Female,35,6, € -   ,2,1,1,"€ 80,618.47",33.33%
609,France,Female,53,6, € -   ,2,1,1,"€ 1,24,218.27",33.33%
715,France,Male,37,9,"€ 1,65,252.52",1,1,0,"€ 85,286.30",0.00%
541,France,Male,32,8, € -   ,2,0,0,"€ 40,889.14",0.00%
850,France,Female,71,4, € -   ,2,1,1,"€ 1,07,236.87",50.00%
595,Spain,Male,23,7, € -   ,2,1,1,"€ 1,68,085.97",28.57%
650,Germany,Female,28,5,"€ 1,22,034.40",3,0,1,"€ 1,46,663.43",60.00%
625,France,Female,44,7, € -   ,1,1,0,"€ 4,791.80",0.00%
817,France,Male,59,1,"€ 1,18,962.58",1,1,1,"€ 1,20,819.58",100.00%
526,Spain,Male,49,2, € -   ,1,1,0,"€ 1,14,539.67",0.00%
850,France,Female,34,4,"€ 71,379.53",2,1,1,"€ 1,54,000.99",50.00%
598,France,Female,40,2,"€ 1,71,178.25",1,1,0,"€ 1,37,980.58",0.00%
613,France,Male,36,9,"€ 1,31,307.11",1,0,0,"€ 83,343.73",0.00%
709,Spain,Male,62,3, € -   ,2,1,1,"€ 82,195.15",66.67%
678,Spain,Female,27,5,"€ 87,099.85",2,1,0,"€ 1,49,550.95",0.00%
720,France,Male,71,5,"€ 1,83,135.39",2,1,1,"€ 1,97,688.50",40.00%
662,France,Male,26,0, € -   ,2,0,1,"€ 72,929.96",200.00%
525,France,Male,51,10, € -   ,3,1,0,"€ 1,71,045.35",0.00%
662,France,Male,31,3, € -   ,2,0,1,"€ 27,731.05",66.67%
770,France,Female,33,6, € -   ,2,1,1,"€ 1,26,131.90",33.33%
721,Spain,Female,33,4,"€ 72,535.45",1,1,1,"€ 1,03,931.49",25.00%
633,Germany,Male,58,2,"€ 1,28,137.42",2,1,0,"€ 1,47,635.33",0.00%
701,France,Male,51,9, € -   ,2,0,0,"€ 61,961.57",0.00%
556,Germany,Male,42,0,"€ 1,15,915.53",2,0,1,"€ 1,25,435.47",200.00%
639,France,Male,66,0, € -   ,2,0,1,"€ 42,240.54",200.00%
632,France,Male,50,2, € -   ,2,0,0,"€ 57,942.88",0.00%
456,France,Male,29,5,"€ 1,07,000.49",1,1,1,"€ 1,53,419.62",20.00%
729,Spain,Female,38,10, € -   ,2,1,0,"€ 1,89,727.12",0.00%
632,France,Female,34,2, € -   ,2,0,0,"€ 1,65,385.55",0.00%
433,Spain,Male,34,9,"€ 1,52,806.74",1,1,0,"€ 19,687.99",0.00%
802,France,Female,60,3,"€ 92,887.06",1,1,0,"€ 39,473.63",0.00%
670,France,Male,25,7, € -   ,2,1,1,"€ 1,44,723.38",28.57%
738,Germany,Female,40,6,"€ 1,14,940.67",2,1,1,"€ 1,94,895.57",33.33%
706,Germany,Male,34,0,"€ 1,40,641.26",2,1,1,"€ 77,271.91",200.00%
592,Germany,Female,70,5,"€ 71,816.74",2,1,0,"€ 1,05,096.82",0.00%
522,France,Female,41,7, € -   ,2,0,1,"€ 1,76,780.39",28.57%
746,France,Male,48,5,"€ 1,65,282.42",1,1,0,"€ 1,53,786.46",0.00%
651,Spain,Male,42,2,"€ 1,43,145.87",2,1,0,"€ 43,612.06",0.00%
494,France,Male,28,9,"€ 1,14,731.76",2,0,1,"€ 79,479.74",22.22%
753,Germany,Female,46,9,"€ 1,13,909.69",3,1,0,"€ 92,320.37",0.00%
671,Germany,Male,36,2,"€ 1,16,695.27",1,0,0,"€ 1,93,201.86",0.00%
696,France,Male,42,4, € -   ,1,0,0,"€ 1,26,353.13",0.00%
577,Spain,Male,43,3, € -   ,2,1,1,"€ 1,35,008.92",66.67%
587,France,Male,36,1, € -   ,2,0,1,"€ 17,135.60",200.00%
712,Germany,Male,37,7,"€ 93,978.96",2,1,0,"€ 60,651.77",0.00%
498,Germany,Male,35,2,"€ 1,21,968.11",2,0,1,"€ 1,88,343.05",100.00%
660,France,Male,37,2,"€ 97,324.91",1,1,0,"€ 23,291.83",0.00%
678,Spain,Male,29,6, € -   ,2,1,0,"€ 64,443.75",0.00%
530,France,Male,37,8, € -   ,2,1,1,€ 287.99,25.00%
559,France,Female,48,2, € -   ,2,0,1,"€ 1,37,961.41",100.00%
624,France,Male,42,3,"€ 1,45,155.37",1,1,0,"€ 72,169.95",0.00%
592,France,Male,28,5,"€ 1,37,222.77",1,0,0,"€ 39,608.58",0.00%
767,France,Male,48,9, € -   ,2,0,1,"€ 1,75,458.21",22.22%
653,Germany,Female,38,5,"€ 1,14,268.22",2,1,1,"€ 89,524.83",40.00%
678,Spain,Male,27,2, € -   ,2,1,1,"€ 13,221.25",100.00%
586,Spain,Female,42,2, € -   ,1,1,0,"€ 1,02,889.34",0.00%
550,France,Female,40,8,"€ 1,50,490.32",1,0,0,"€ 1,66,468.21",0.00%
643,Germany,Male,28,9,"€ 1,60,858.13",2,1,0,"€ 27,149.27",0.00%
612,Spain,Male,39,5,"€ 1,70,288.38",1,1,1,"€ 59,601.15",20.00%
674,Germany,Female,27,4,"€ 1,11,568.01",1,0,1,"€ 22,026.18",25.00%
657,Spain,Male,29,7,"€ 83,889.03",1,1,0,"€ 1,53,059.62",0.00%
724,Germany,Female,35,0,"€ 1,71,982.95",2,0,1,"€ 1,67,313.07",200.00%
500,France,Female,34,4, € -   ,2,1,0,"€ 12,833.96",0.00%
688,France,Male,20,8,"€ 1,37,624.40",2,1,1,"€ 1,97,582.79",25.00%
599,France,Male,50,3,"€ 1,21,159.65",1,0,0,"€ 4,033.39",0.00%
631,France,Male,29,7, € -   ,2,0,1,"€ 1,25,877.22",28.57%
634,Spain,Male,52,1, € -   ,2,1,1,"€ 1,76,913.42",200.00%
545,France,Male,37,3,"€ 91,184.01",1,1,0,"€ 1,05,476.65",0.00%
644,Spain,Male,18,8, € -   ,2,1,0,"€ 59,172.42",0.00%
690,Germany,Female,54,1,"€ 1,44,027.80",1,1,1,"€ 1,08,731.02",100.00%
711,France,Female,34,6, € -   ,2,1,1,"€ 1,75,310.38",33.33%
712,France,Female,29,8,"€ 1,40,170.61",1,1,1,"€ 38,170.04",12.50%
627,France,Male,27,1,"€ 62,092.90",1,1,1,"€ 1,05,887.04",100.00%
694,Spain,Male,39,3, € -   ,1,1,1,"€ 95,625.03",33.33%
534,Spain,Male,35,4, € -   ,2,0,0,"€ 9,541.15",0.00%
603,France,Male,45,9, € -   ,1,0,0,"€ 1,48,516.79",0.00%
808,France,Female,33,2,"€ 1,03,516.87",1,1,0,"€ 1,13,907.80",0.00%
723,Spain,Male,30,1, € -   ,3,1,0,"€ 1,64,647.72",0.00%
585,France,Female,35,2, € -   ,2,1,0,"€ 98,621.04",0.00%
706,France,Male,34,8, € -   ,2,1,1,"€ 37,479.97",25.00%
671,France,Female,31,6, € -   ,2,1,1,"€ 15,846.42",33.33%
597,Spain,Male,43,2,"€ 85,162.26",1,0,1,"€ 5,104.08",50.00%
646,France,Female,43,8,"€ 1,43,061.88",1,1,0,"€ 61,937.60",0.00%
801,Spain,Female,46,6, € -   ,2,1,1,"€ 1,70,008.74",33.33%
731,Spain,Female,33,5,"€ 1,37,388.01",2,1,0,"€ 1,65,000.68",0.00%
620,Germany,Female,25,1,"€ 1,37,712.01",1,1,1,"€ 76,197.05",100.00%
484,Germany,Male,40,7,"€ 1,06,901.42",2,0,0,"€ 1,18,045.98",0.00%
647,Spain,Male,47,5,"€ 1,05,603.21",2,1,1,"€ 1,57,360.90",40.00%
688,Germany,Female,40,8,"€ 1,50,679.71",2,0,1,"€ 1,96,226.38",25.00%
680,Germany,Male,30,4,"€ 1,08,300.27",2,0,1,"€ 44,384.57",50.00%
689,France,Female,46,7,"€ 52,016.08",2,1,1,"€ 72,993.65",28.57%
513,Germany,Male,34,7,"€ 60,515.13",1,0,0,"€ 1,24,571.09",0.00%
553,Germany,Male,35,2,"€ 1,58,584.28",2,1,0,"€ 43,640.16",0.00%
689,Germany,Male,47,2,"€ 1,18,812.50",2,0,0,"€ 31,121.42",0.00%
517,Spain,Male,46,4, € -   ,1,1,0,"€ 22,372.78",0.00%
731,France,Male,37,8, € -   ,2,1,1,"€ 1,70,338.35",25.00%
687,Germany,Female,47,1,"€ 91,219.29",1,0,0,"€ 1,58,845.49",0.00%
507,Spain,Male,32,7, € -   ,2,1,0,"€ 67,926.18",0.00%
468,France,Female,22,1,"€ 76,318.64",1,1,1,"€ 1,94,783.12",100.00%
682,Spain,Female,58,4, € -   ,1,1,0,"€ 1,76,036.01",0.00%
603,France,Female,24,3, € -   ,1,1,1,"€ 1,98,826.03",33.33%
522,Germany,Male,25,1,"€ 1,11,432.13",1,1,1,"€ 1,68,683.57",100.00%
629,Spain,Male,41,10,"€ 1,50,148.51",1,0,0,"€ 6,936.27",0.00%
729,France,Female,32,7,"€ 38,550.06",1,0,1,"€ 1,79,230.23",14.29%
574,France,Female,39,5,"€ 1,19,013.86",1,1,0,"€ 1,03,421.91",0.00%
677,Germany,Female,39,0,"€ 1,11,213.64",2,1,1,"€ 1,47,578.26",200.00%
627,Germany,Male,28,5,"€ 71,097.23",1,1,1,"€ 1,30,504.49",20.00%
788,Spain,Male,36,10,"€ 1,09,632.85",1,1,1,"€ 16,149.13",10.00%
697,France,Male,63,7,"€ 1,48,368.02",1,0,0,"€ 1,18,862.08",0.00%
578,France,Male,45,1,"€ 1,48,600.91",1,1,0,"€ 1,43,397.14",0.00%
519,France,Male,48,10,"€ 71,083.98",1,1,0,"€ 1,37,959.00",0.00%
632,France,Female,40,9,"€ 1,39,625.34",1,1,0,"€ 93,702.96",0.00%
679,France,Female,39,4, € -   ,1,0,0,"€ 1,72,939.30",0.00%
699,France,Male,30,9, € -   ,1,1,1,"€ 1,08,162.13",11.11%
615,France,Male,64,0,"€ 81,564.10",2,0,1,"€ 35,896.09",200.00%
622,Spain,Male,36,9, € -   ,2,1,1,"€ 1,04,852.60",22.22%
755,France,Female,28,7,"€ 1,24,540.28",1,0,1,"€ 1,88,850.89",14.29%
767,France,Female,42,2,"€ 1,33,616.39",1,1,0,"€ 28,615.80",0.00%
752,Germany,Female,38,10,"€ 1,01,648.50",2,1,0,"€ 1,72,001.44",0.00%
633,France,Female,26,8,"€ 1,24,281.84",1,1,1,"€ 60,116.57",12.50%
717,France,Female,59,4, € -   ,2,1,1,"€ 1,70,528.63",50.00%
585,Spain,Male,45,0, € -   ,2,0,0,"€ 1,89,683.70",0.00%
751,France,Female,37,9,"€ 1,83,613.66",2,0,0,"€ 49,734.94",0.00%
754,Germany,Male,65,1,"€ 1,36,186.44",1,1,1,"€ 1,21,529.59",100.00%
495,France,Male,47,10,"€ 1,37,682.68",1,1,0,"€ 71,071.47",0.00%
650,France,Male,34,4,"€ 1,06,005.54",1,0,1,"€ 1,42,995.32",25.00%
529,France,Female,31,6,"€ 1,52,310.55",1,1,0,"€ 13,054.25",0.00%
585,France,Female,43,2, € -   ,2,1,0,"€ 89,402.54",0.00%
668,Spain,Male,32,1,"€ 1,34,446.04",1,0,1,"€ 1,11,241.37",100.00%
591,France,Female,38,2,"€ 1,42,289.28",1,0,1,"€ 1,19,638.85",50.00%
731,France,Male,19,6, € -   ,2,1,1,"€ 1,51,581.79",33.33%
754,France,Female,45,6, € -   ,1,1,0,"€ 73,881.68",0.00%
650,Germany,Female,46,9,"€ 1,49,003.76",2,1,0,"€ 1,76,902.83",0.00%
588,Germany,Male,41,2,"€ 1,31,341.46",2,0,1,"€ 7,034.94",100.00%
712,Spain,Female,29,7,"€ 77,919.78",1,1,0,"€ 1,22,547.58",0.00%
691,France,Female,34,7, € -   ,2,0,1,"€ 1,61,559.12",28.57%
771,France,Female,41,10,"€ 1,08,309.00",4,1,1,"€ 1,37,510.41",40.00%
678,Spain,Female,39,6, € -   ,1,0,1,"€ 1,85,366.56",16.67%
719,Spain,Female,40,9, € -   ,2,1,0,"€ 1,82,224.14",0.00%
610,Germany,Male,36,7,"€ 1,15,462.02",1,0,1,"€ 42,581.04",14.29%
722,Spain,Male,37,9, € -   ,2,1,0,"€ 31,921.95",0.00%
758,Germany,Female,23,5,"€ 1,22,739.10",1,1,0,"€ 1,02,460.84",0.00%
709,France,Female,32,2, € -   ,2,0,0,"€ 1,09,681.29",0.00%
634,Germany,Female,53,3,"€ 1,13,781.50",2,1,1,"€ 1,06,345.05",66.67%
678,Spain,Female,49,1, € -   ,2,1,1,"€ 1,02,472.90",200.00%
633,France,Male,35,3, € -   ,2,1,1,"€ 36,249.76",66.67%
710,France,Male,43,9,"€ 1,28,284.45",1,1,0,"€ 32,996.89",0.00%
640,Germany,Male,45,8,"€ 1,20,591.19",1,0,0,"€ 1,95,123.94",0.00%
656,France,Male,63,8, € -   ,2,0,1,"€ 57,014.43",25.00%
551,France,Female,59,2,"€ 1,66,968.28",1,1,0,"€ 1,59,483.76",0.00%
786,Spain,Female,39,7, € -   ,2,0,0,"€ 1,00,929.59",0.00%
561,France,Female,49,8, € -   ,2,1,1,"€ 12,513.07",25.00%
807,Spain,Male,42,5, € -   ,2,1,1,"€ 74,900.90",40.00%
602,Germany,Male,38,2,"€ 71,667.97",2,0,0,"€ 1,37,111.89",0.00%
727,Germany,Female,31,3,"€ 82,729.47",2,1,0,"€ 60,212.51",0.00%
678,France,Male,40,1, € -   ,2,1,1,"€ 1,87,343.40",200.00%
730,France,Male,23,8, € -   ,2,1,0,"€ 1,83,284.53",0.00%
596,Spain,Female,30,1, € -   ,2,1,0,"€ 8,125.39",0.00%
686,Germany,Male,39,3,"€ 1,29,626.19",2,1,1,"€ 1,03,220.56",66.67%
684,Germany,Female,26,2,"€ 1,14,035.39",1,0,0,"€ 96,885.19",0.00%
797,Germany,Male,32,1,"€ 1,51,922.94",1,1,0,"€ 8,877.06",0.00%
658,France,Female,39,4, € -   ,1,1,1,"€ 1,47,530.06",25.00%
653,Spain,Female,27,6,"€ 1,07,751.68",2,1,1,"€ 33,389.42",33.33%
641,France,Male,37,6, € -   ,2,1,0,"€ 45,309.24",0.00%
656,Spain,Female,41,6,"€ 1,01,179.23",2,1,1,"€ 35,230.61",33.33%
750,Spain,Female,36,6, € -   ,2,1,1,"€ 59,816.41",33.33%
768,France,Female,40,8, € -   ,2,0,1,"€ 69,080.46",25.00%
568,France,Male,33,7, € -   ,2,1,0,"€ 1,43,450.61",0.00%
706,Germany,Male,36,9,"€ 58,571.18",2,1,0,"€ 40,774.01",0.00%
430,Germany,Female,38,8,"€ 1,53,058.64",1,1,0,"€ 99,377.27",0.00%
745,Germany,Male,35,4,"€ 98,270.34",1,1,0,"€ 1,33,617.43",0.00%
747,France,Male,43,1,"€ 1,30,788.71",1,0,1,"€ 1,01,495.00",100.00%
657,Germany,Male,40,7,"€ 99,165.84",1,0,1,"€ 1,19,333.95",14.29%
639,France,Female,42,4, € -   ,2,0,0,"€ 1,67,682.37",0.00%
704,France,Male,44,3, € -   ,2,0,1,"€ 1,52,884.85",66.67%
651,Spain,Male,23,4,"€ 1,15,636.05",2,1,0,"€ 70,400.86",0.00%
706,Germany,Female,44,2,"€ 1,85,932.18",2,1,0,"€ 65,413.41",0.00%
632,Germany,Male,30,2,"€ 72,549.00",2,0,1,"€ 1,82,728.80",100.00%
751,France,Male,42,4, € -   ,2,1,1,"€ 81,442.60",50.00%
767,France,Female,35,2, € -   ,2,0,0,"€ 1,44,251.38",0.00%
741,France,Male,39,5, € -   ,1,0,1,"€ 40,207.06",20.00%
651,Germany,Male,29,3,"€ 1,21,890.06",1,1,0,"€ 54,530.51",0.00%
601,France,Male,46,2,"€ 99,786.07",1,1,1,"€ 32,683.88",50.00%
520,France,Male,34,3, € -   ,2,1,1,"€ 1,04,703.96",66.67%
626,Germany,Male,27,4,"€ 1,15,084.53",2,0,1,"€ 26,907.43",50.00%
811,France,Male,30,6, € -   ,2,1,1,"€ 1,80,591.32",33.33%
730,France,Female,32,9,"€ 1,27,661.69",1,0,0,"€ 60,905.51",0.00%
604,Germany,Female,47,4,"€ 1,18,907.60",1,0,1,"€ 47,777.15",25.00%
499,Germany,Female,44,6,"€ 77,627.33",2,1,0,"€ 1,08,222.68",0.00%
754,Spain,Male,40,2,"€ 1,60,625.17",1,0,1,"€ 3,554.63",50.00%
716,Spain,Female,29,8, € -   ,2,0,0,"€ 78,616.92",0.00%
636,France,Female,20,10,"€ 1,24,266.86",1,0,0,"€ 1,00,566.81",0.00%
470,France,Female,25,8,"€ 1,27,974.06",2,1,1,"€ 1,83,259.35",25.00%
444,France,Male,43,3, € -   ,2,1,1,"€ 1,59,131.21",66.67%
809,Spain,Female,48,2, € -   ,1,1,0,"€ 1,60,976.85",0.00%
850,Germany,Female,30,3,"€ 1,04,911.35",2,1,1,"€ 42,933.26",66.67%
637,France,Male,27,1, € -   ,2,1,0,"€ 91,291.20",0.00%
512,France,Male,43,1, € -   ,2,1,1,"€ 52,471.36",200.00%
774,Spain,Female,43,1,"€ 1,10,646.54",1,0,0,"€ 1,08,804.28",0.00%
641,France,Male,57,5, € -   ,2,1,1,"€ 1,22,449.18",40.00%
586,Germany,Male,42,6,"€ 1,26,704.49",2,1,0,"€ 41,682.30",0.00%
611,France,Male,30,9, € -   ,2,1,1,"€ 1,48,887.69",22.22%
660,Spain,Male,31,1,"€ 84,560.04",1,1,1,"€ 1,37,784.25",100.00%
532,France,Male,43,9, € -   ,2,0,0,"€ 1,90,573.91",0.00%
557,Germany,Female,38,2,"€ 1,29,893.56",1,0,0,"€ 1,02,076.03",0.00%
730,Spain,Male,25,5,"€ 1,67,385.81",1,1,1,"€ 56,307.51",20.00%
535,France,Female,27,6, € -   ,2,0,1,"€ 49,775.58",33.33%
773,Germany,Female,36,4,"€ 1,05,858.71",1,0,1,"€ 4,395.45",25.00%
510,Germany,Female,44,4,"€ 1,23,070.89",1,1,0,"€ 28,461.29",0.00%
539,France,Male,39,1, € -   ,1,1,1,"€ 28,184.70",100.00%
690,Spain,Female,48,2, € -   ,2,1,1,"€ 3,149.10",100.00%
821,France,Female,40,1, € -   ,2,1,0,"€ 1,94,273.12",0.00%
687,Germany,Male,35,1,"€ 1,25,141.24",2,1,1,"€ 1,48,537.07",200.00%
557,France,Female,46,4,"€ 96,173.17",2,1,1,"€ 1,16,378.31",50.00%
532,Spain,Female,37,5, € -   ,2,0,1,"€ 6,761.84",40.00%
540,Spain,Male,39,2, € -   ,2,1,0,"€ 81,995.92",0.00%
705,France,Female,55,8, € -   ,2,1,1,"€ 14,392.68",25.00%
542,Germany,Female,35,9,"€ 1,27,543.11",2,1,0,€ 468.94,0.00%
706,France,Male,38,1, € -   ,2,1,0,"€ 1,22,379.54",0.00%
765,France,Female,56,1, € -   ,1,1,0,"€ 13,228.93",0.00%
529,France,Male,67,8,"€ 1,03,101.56",2,1,1,"€ 1,54,002.02",25.00%
714,France,Male,54,7,"€ 1,26,113.28",1,1,0,"€ 1,12,777.38",0.00%
582,France,Male,41,1,"€ 40,488.76",1,1,0,"€ 1,28,528.83",0.00%
609,Germany,Female,40,10,"€ 1,37,389.77",2,1,0,"€ 1,70,122.22",0.00%
518,France,Female,28,9,"€ 85,146.36",1,0,0,"€ 2,803.89",0.00%
791,Germany,Male,35,5,"€ 1,29,828.58",1,1,1,"€ 1,81,918.26",20.00%
747,France,Male,42,4,"€ 80,214.36",1,1,0,"€ 1,15,241.96",0.00%
565,France,Female,40,2, € -   ,2,1,1,"€ 1,29,956.13",100.00%
735,France,Male,34,1,"€ 1,41,796.43",1,1,0,"€ 45,858.49",0.00%
697,France,Female,49,7,"€ 1,95,238.29",4,0,1,"€ 1,31,083.56",57.14%
813,Germany,Male,27,6,"€ 1,11,348.15",1,1,0,"€ 46,422.46",0.00%
772,France,Male,43,6, € -   ,2,1,1,"€ 57,675.88",33.33%
606,France,Female,71,8, € -   ,2,1,1,"€ 1,69,741.96",25.00%
667,Germany,Female,42,10,"€ 64,404.26",2,0,0,"€ 26,022.37",0.00%
637,Germany,Male,40,9,"€ 1,54,309.67",1,1,1,"€ 1,25,334.16",11.11%
542,France,Male,67,10,"€ 1,29,431.36",1,0,1,"€ 21,343.74",10.00%
762,Spain,Female,43,5,"€ 1,34,204.67",1,1,1,"€ 1,39,971.01",20.00%
698,France,Female,39,4, € -   ,2,0,1,"€ 47,455.82",50.00%
850,France,Female,32,8, € -   ,2,1,1,"€ 55,593.80",25.00%
621,France,Female,50,5, € -   ,2,1,0,"€ 1,91,756.54",0.00%
671,Germany,Female,48,9,"€ 1,16,711.06",2,0,0,"€ 76,373.38",0.00%
775,France,Male,31,9, € -   ,2,1,0,"€ 1,69,278.51",0.00%
504,Spain,Male,34,0,"€ 54,980.81",1,1,1,"€ 1,36,909.88",100.00%
751,Spain,Female,37,3,"€ 99,773.85",2,1,0,"€ 54,865.92",0.00%
691,Germany,Male,30,7,"€ 1,01,231.77",2,0,0,"€ 1,56,529.44",0.00%
841,Germany,Male,32,2,"€ 1,17,070.21",1,1,0,"€ 1,13,482.20",0.00%
709,Germany,Male,23,8,"€ 73,314.04",2,1,0,"€ 63,446.47",0.00%
673,France,Male,37,2, € -   ,1,1,1,"€ 13,624.02",50.00%
541,France,Male,37,9,"€ 2,12,314.03",1,0,1,"€ 1,48,814.54",11.11%
661,France,Female,31,3,"€ 1,36,067.82",2,1,0,"€ 65,567.91",0.00%
784,Spain,Female,42,2,"€ 1,09,052.04",2,1,0,"€ 6,409.55",0.00%
742,France,Female,35,2,"€ 79,126.17",1,1,1,"€ 1,26,997.53",50.00%
850,Spain,Female,55,7, € -   ,1,0,0,"€ 1,71,762.87",0.00%
443,France,Female,35,9,"€ 1,08,308.00",1,1,0,"€ 1,29,031.19",0.00%
778,Germany,Female,48,3,"€ 1,02,290.56",2,1,0,"€ 1,82,691.31",0.00%
529,France,Male,39,6,"€ 1,02,025.08",2,1,0,"€ 12,351.01",0.00%
678,Germany,Female,37,2,"€ 1,13,383.07",1,1,1,"€ 1,35,123.96",50.00%
516,Spain,Female,65,9,"€ 1,02,541.10",1,1,0,"€ 1,81,490.42",0.00%
469,Spain,Male,35,5, € -   ,2,1,0,"€ 1,86,490.37",0.00%
786,Spain,Male,40,6, € -   ,2,0,0,"€ 41,248.80",0.00%
703,France,Female,41,6,"€ 1,09,941.51",1,1,0,"€ 1,16,267.28",0.00%
579,Germany,Male,41,0,"€ 1,41,749.68",1,0,1,"€ 9,201.53",100.00%
565,France,Male,38,5, € -   ,2,0,1,"€ 80,630.32",40.00%
443,France,Male,44,2, € -   ,1,1,0,"€ 1,59,165.70",0.00%
589,France,Male,37,7,"€ 85,146.48",2,1,0,"€ 86,490.09",0.00%
691,France,Female,44,6,"€ 1,34,066.10",2,1,1,"€ 1,97,572.41",33.33%
711,France,Female,28,8, € -   ,2,0,0,"€ 1,05,159.89",0.00%
775,Spain,Male,27,4, € -   ,1,1,1,"€ 40,807.26",25.00%
621,France,Male,35,7,"€ 87,619.29",1,1,0,€ 143.34,0.00%
350,France,Male,51,10, € -   ,1,1,1,"€ 1,25,823.79",10.00%
668,Spain,Female,30,8, € -   ,2,1,0,"€ 1,38,465.70",0.00%
633,Spain,Male,27,3, € -   ,2,1,0,"€ 44,008.91",0.00%
697,Germany,Male,43,8,"€ 1,03,409.16",1,1,0,"€ 66,893.28",0.00%
734,Germany,Female,30,7,"€ 1,23,040.38",1,1,1,"€ 76,503.06",14.29%
434,France,Male,41,4,"€ 1,08,128.52",1,0,1,"€ 56,784.11",25.00%
646,Germany,Male,48,8,"€ 1,69,023.33",2,1,1,"€ 1,75,657.55",25.00%
764,France,Male,30,5, € -   ,2,0,1,"€ 1,05,155.66",40.00%
727,Spain,Female,41,10, € -   ,2,0,1,"€ 47,468.56",20.00%
724,France,Female,29,6, € -   ,2,0,1,"€ 64,729.51",33.33%
749,Spain,Male,42,9,"€ 2,22,267.63",1,0,0,"€ 1,01,108.85",0.00%
706,Germany,Female,47,10,"€ 1,44,090.42",1,1,0,"€ 1,40,938.95",0.00%
728,France,Male,30,10,"€ 1,14,835.43",1,0,1,"€ 37,662.49",10.00%
636,France,Male,44,2, € -   ,2,0,0,"€ 86,414.41",0.00%
634,France,Male,34,3,"€ 1,45,030.92",1,1,1,"€ 41,820.65",33.33%
627,France,Male,43,8,"€ 71,240.30",1,0,1,"€ 1,27,734.16",12.50%
518,France,Male,59,5,"€ 1,38,772.15",1,0,1,"€ 1,23,872.00",20.00%
687,Spain,Female,29,7,"€ 93,617.07",1,0,1,"€ 1,13,050.92",14.29%
622,Spain,Female,23,8, € -   ,2,1,1,"€ 1,31,389.39",25.00%
693,Spain,Female,45,4, € -   ,2,1,1,"€ 26,589.56",50.00%
450,Spain,Male,25,9,"€ 74,237.20",2,0,1,"€ 1,95,463.35",22.22%
664,Germany,Female,49,5,"€ 1,27,421.78",2,1,0,"€ 1,08,876.75",0.00%
663,Spain,Female,28,8,"€ 61,274.70",2,1,0,"€ 1,36,054.45",0.00%
660,France,Male,34,8,"€ 1,06,486.66",2,0,1,"€ 1,82,262.66",25.00%
579,France,Female,29,10,"€ 73,194.52",2,1,1,"€ 1,29,209.09",20.00%
655,Germany,Female,44,6,"€ 1,46,498.76",1,1,0,"€ 64,853.51",0.00%
683,France,Male,47,1, € -   ,2,1,0,"€ 1,48,989.15",0.00%
655,France,Female,32,2, € -   ,1,1,1,"€ 71,047.51",50.00%
575,Spain,Female,30,8, € -   ,2,1,0,"€ 1,85,341.63",0.00%
574,Spain,Male,30,5,"€ 1,20,355.00",1,1,0,"€ 1,37,793.35",0.00%
795,France,Male,32,2,"€ 1,17,265.21",1,1,1,"€ 1,98,317.23",50.00%
776,France,Female,43,4, € -   ,2,0,1,"€ 1,62,137.50",50.00%
707,Spain,Female,52,7, € -   ,1,1,0,"€ 1,09,688.82",0.00%
705,Germany,Female,37,3,"€ 1,09,974.22",1,1,1,"€ 36,320.87",33.33%
678,Germany,Female,44,2,"€ 98,009.13",2,0,1,"€ 31,384.86",100.00%
663,France,Male,34,10, € -   ,1,1,1,"€ 1,14,083.73",10.00%
748,France,Male,66,8, € -   ,1,1,1,"€ 1,63,331.65",12.50%
677,Spain,Female,34,10,"€ 1,71,671.90",1,1,1,"€ 50,777.77",10.00%
634,Spain,Male,63,10, € -   ,2,1,0,"€ 30,772.86",0.00%
350,France,Female,60,3, € -   ,1,0,0,"€ 1,13,796.15",0.00%
727,France,Male,61,0,"€ 1,28,213.96",2,1,1,"€ 1,88,729.08",200.00%
773,Germany,Male,51,8,"€ 1,16,197.65",2,1,1,"€ 86,701.40",25.00%
675,France,Male,39,1, € -   ,2,1,0,"€ 1,53,129.22",0.00%
649,Spain,Female,36,6,"€ 86,607.39",1,0,0,"€ 19,825.09",0.00%
552,France,Male,29,10, € -   ,2,1,0,"€ 12,186.83",0.00%
761,Germany,Male,62,5,"€ 98,854.34",1,0,0,"€ 86,920.97",0.00%
622,France,Male,31,7, € -   ,1,1,0,"€ 35,408.77",0.00%
615,France,Male,59,8, € -   ,2,1,1,"€ 1,65,576.55",25.00%
681,Germany,Male,31,4,"€ 97,338.19",2,0,0,"€ 48,226.76",0.00%
768,France,Male,30,6, € -   ,2,1,1,"€ 1,99,454.37",33.33%
617,Spain,Male,34,9, € -   ,2,1,0,"€ 1,18,749.58",0.00%
452,France,Female,33,6,"€ 1,31,698.57",2,1,0,"€ 1,51,623.91",0.00%
807,Germany,Male,37,10,"€ 1,30,110.45",2,0,1,"€ 1,72,097.95",20.00%
567,Spain,Male,44,9, € -   ,2,1,0,"€ 87,677.15",0.00%
603,Spain,Male,24,1,"€ 1,65,149.13",2,1,0,"€ 21,858.28",0.00%
617,Spain,Female,37,9,"€ 1,01,707.80",1,1,0,"€ 1,23,866.28",0.00%
701,France,Female,34,3,"€ 1,05,588.66",1,0,1,"€ 74,694.41",33.33%
820,Germany,Male,39,9,"€ 1,11,336.89",1,1,0,"€ 16,770.31",0.00%
438,France,Male,60,7,"€ 78,391.17",1,0,1,"€ 49,424.60",14.29%
600,Spain,Female,27,6, € -   ,2,1,1,"€ 1,72,031.22",33.33%
782,France,Male,34,9, € -   ,1,1,0,"€ 1,83,021.06",0.00%
638,Germany,Female,41,9,"€ 1,44,326.09",1,1,0,"€ 73,979.85",0.00%
850,Germany,Male,27,1,"€ 1,01,278.25",2,1,1,"€ 26,265.18",200.00%
741,Germany,Female,19,8,"€ 1,08,711.57",2,1,0,"€ 24,857.25",0.00%
689,Spain,Male,73,1,"€ 1,08,555.07",1,0,1,"€ 1,67,969.15",100.00%
743,Germany,Female,35,1,"€ 1,46,781.24",1,1,0,"€ 1,89,307.70",0.00%
493,France,Female,36,2, € -   ,2,0,1,"€ 99,770.30",100.00%
416,Spain,Male,35,8, € -   ,1,0,0,"€ 1,19,712.78",0.00%
725,France,Female,25,9, € -   ,2,1,1,"€ 1,68,607.74",22.22%
497,France,Male,34,2, € -   ,2,1,1,"€ 83,087.13",100.00%
537,Germany,Male,66,8,"€ 1,03,291.25",2,1,1,"€ 1,30,664.79",25.00%
706,Spain,Female,29,1,"€ 2,09,490.21",1,1,1,"€ 1,33,267.69",100.00%
651,Spain,Male,38,2, € -   ,3,1,0,"€ 67,029.82",0.00%
720,France,Male,33,2, € -   ,2,0,1,"€ 1,41,031.08",100.00%
797,France,Male,45,8, € -   ,1,0,0,"€ 1,25,110.02",0.00%
543,Spain,Male,23,5, € -   ,2,1,0,"€ 1,17,832.39",0.00%
454,France,Male,34,4, € -   ,2,1,0,"€ 1,98,817.72",0.00%
691,France,Male,37,9,"€ 1,49,405.18",1,1,1,"€ 1,46,411.60",11.11%
510,France,Female,52,6,"€ 1,91,665.21",1,1,1,"€ 1,31,312.56",16.67%
792,Spain,Female,40,7, € -   ,1,1,0,"€ 1,41,652.20",0.00%
721,France,Male,41,6,"€ 1,35,071.12",1,1,1,"€ 64,477.25",16.67%
765,France,Male,41,2, € -   ,2,0,1,"€ 1,91,215.61",100.00%
850,Spain,Male,39,8, € -   ,2,1,1,"€ 37,090.44",25.00%
681,Germany,Male,38,6,"€ 1,81,804.34",2,1,1,"€ 57,517.71",33.33%
586,France,Female,60,3,"€ 47,020.65",2,0,1,"€ 63,241.21",66.67%
753,France,Female,36,7,"€ 1,28,518.98",1,1,1,"€ 44,567.83",14.29%
593,Germany,Female,38,5,"€ 1,42,658.04",2,0,1,"€ 1,35,337.11",40.00%
674,France,Female,21,9,"€ 1,20,150.39",2,1,1,"€ 33,964.03",22.22%
610,France,Female,35,7,"€ 81,905.95",1,1,1,"€ 61,623.19",14.29%
652,France,Male,26,3,"€ 1,37,998.20",2,0,1,"€ 1,68,989.77",66.67%
850,Germany,Female,26,8,"€ 1,23,126.29",1,1,0,"€ 74,425.41",0.00%
740,France,Female,51,4, € -   ,2,1,1,"€ 1,78,929.84",50.00%
637,Germany,Male,43,1,"€ 1,35,645.29",2,0,1,"€ 1,01,382.86",200.00%
685,Spain,Male,31,7,"€ 1,22,449.31",2,1,1,"€ 1,80,769.55",28.57%
558,Spain,Male,40,4,"€ 1,61,766.87",1,0,0,"€ 92,378.54",0.00%
677,France,Female,37,3, € -   ,2,1,1,"€ 38,252.25",66.67%
592,Germany,Male,36,10,"€ 1,23,187.51",1,0,1,"€ 1,46,111.35",10.00%
652,Germany,Male,36,9,"€ 1,50,956.71",1,0,0,"€ 72,350.17",0.00%
662,Spain,Female,42,6,"€ 1,05,021.28",1,1,0,"€ 48,242.38",0.00%
543,France,Male,64,4, € -   ,2,1,1,"€ 1,48,305.82",50.00%
675,Spain,Female,50,1,"€ 1,33,204.91",1,0,1,"€ 8,270.06",100.00%
643,Spain,Female,35,6, € -   ,2,1,1,"€ 41,549.64",33.33%
611,Germany,Female,49,9,"€ 1,15,488.52",2,1,1,"€ 1,38,656.81",22.22%
412,France,Male,29,5, € -   ,2,0,0,"€ 12,510.53",0.00%
638,Spain,Male,41,7, € -   ,2,1,0,"€ 43,889.41",0.00%
824,Spain,Female,38,3, € -   ,2,1,0,"€ 1,92,800.25",0.00%
683,France,Female,40,1, € -   ,2,0,0,"€ 75,762.00",0.00%
562,Germany,Female,39,6,"€ 1,30,565.02",1,1,0,"€ 9,854.72",0.00%
599,France,Female,41,2,"€ 91,328.71",1,1,0,"€ 1,15,724.78",0.00%
753,France,Male,35,4, € -   ,2,1,1,"€ 1,06,303.40",50.00%
594,France,Male,50,7,"€ 81,310.34",1,1,1,"€ 1,83,868.01",14.29%
657,France,Male,34,3,"€ 1,07,136.60",1,1,0,"€ 1,53,895.46",0.00%
716,Spain,Male,34,9, € -   ,1,1,1,"€ 66,695.71",11.11%
850,France,Male,43,7, € -   ,2,1,1,"€ 1,73,851.11",28.57%
664,France,Male,46,2, € -   ,1,1,1,"€ 1,77,423.02",50.00%
558,France,Male,33,0,"€ 1,08,477.49",1,1,1,"€ 1,09,096.71",100.00%
606,Germany,Male,40,1,"€ 1,44,757.97",2,1,1,"€ 1,66,656.18",200.00%
776,Spain,Male,33,2, € -   ,2,1,1,"€ 1,76,921.00",100.00%
557,Spain,Male,36,1,"€ 1,13,110.26",1,1,0,"€ 98,413.10",0.00%
614,France,Female,27,9,"€ 1,06,414.57",2,0,0,"€ 77,500.81",0.00%
620,Spain,Male,42,4,"€ 1,06,920.91",1,0,1,"€ 1,19,747.08",25.00%
695,Spain,Male,35,7, € -   ,2,1,0,"€ 1,60,387.98",0.00%
729,Germany,Female,39,1,"€ 1,31,513.26",1,1,1,"€ 1,93,715.00",100.00%
571,France,Female,53,2, € -   ,2,1,0,"€ 28,045.77",0.00%
457,France,Male,40,10,"€ 1,34,320.23",2,1,0,"€ 1,50,757.35",0.00%
559,France,Female,29,3,"€ 79,715.36",1,1,0,"€ 82,252.28",0.00%
664,France,Female,38,4,"€ 74,306.19",2,1,0,"€ 1,54,395.56",0.00%
500,Spain,Female,50,5, € -   ,4,1,1,"€ 83,866.35",80.00%
782,Germany,Male,42,7,"€ 1,26,428.38",1,1,0,"€ 39,830.10",0.00%
708,Spain,Male,38,8,"€ 99,640.89",1,1,0,"€ 12,429.22",0.00%
681,France,Male,43,3,"€ 66,338.68",1,1,1,"€ 18,772.50",33.33%
674,Spain,Female,39,6, € -   ,2,1,1,"€ 9,574.83",33.33%
697,Spain,Male,43,10,"€ 1,28,226.37",1,0,0,"€ 1,88,486.94",0.00%
774,France,Female,26,5, € -   ,2,1,1,"€ 64,716.08",40.00%
624,France,Male,36,6, € -   ,2,0,0,"€ 84,749.96",0.00%
747,Spain,Male,37,1, € -   ,2,0,1,"€ 1,80,551.76",200.00%
715,France,Female,32,10, € -   ,2,1,0,"€ 60,907.49",0.00%
808,France,Male,24,4,"€ 1,22,168.65",1,1,0,"€ 1,74,107.04",0.00%
678,France,Female,43,7,"€ 1,78,074.33",1,0,0,"€ 1,10,405.90",0.00%
813,Germany,Male,59,2,"€ 1,35,078.41",1,1,0,"€ 1,87,636.06",0.00%
687,Spain,Male,38,8,"€ 69,434.40",2,1,1,"€ 66,580.13",25.00%
832,France,Female,29,5, € -   ,2,1,0,"€ 1,78,779.52",0.00%
668,France,Male,72,2, € -   ,2,1,1,"€ 70,783.61",100.00%
526,Germany,Male,34,3,"€ 1,22,726.56",1,1,1,"€ 46,772.36",33.33%
457,France,Female,38,7,"€ 1,64,496.99",1,1,1,"€ 1,63,327.27",14.29%
649,Spain,Female,38,8, € -   ,1,1,0,"€ 1,03,760.53",0.00%
669,France,Female,41,0,"€ 1,50,219.41",2,0,0,"€ 1,07,839.03",0.00%
668,France,Male,42,8,"€ 1,87,534.79",1,1,1,"€ 32,900.41",12.50%
466,France,Female,30,3, € -   ,1,1,0,"€ 1,93,984.60",0.00%
685,France,Male,30,2, € -   ,2,1,1,"€ 1,40,889.32",100.00%
610,France,Male,34,0,"€ 1,03,108.17",1,0,0,"€ 1,25,646.82",0.00%
582,Germany,Female,50,6,"€ 96,486.57",2,1,1,"€ 20,344.02",33.33%
702,Germany,Male,36,9,"€ 90,560.48",2,1,0,"€ 1,74,268.87",0.00%
556,Spain,Male,46,3,"€ 1,31,764.96",1,1,1,"€ 1,08,500.66",33.33%
812,Spain,Female,24,1,"€ 92,476.88",1,0,0,"€ 83,247.14",0.00%
645,Germany,Male,47,9,"€ 1,52,076.93",1,1,0,"€ 1,21,840.20",0.00%
809,France,Male,43,2, € -   ,2,1,1,"€ 1,32,908.07",100.00%
560,France,Male,49,4, € -   ,1,1,1,"€ 1,00,075.10",25.00%
744,France,Male,29,1,"€ 43,504.42",1,1,1,"€ 1,19,327.75",100.00%
731,Spain,Female,39,2, € -   ,2,1,0,"€ 1,36,737.13",0.00%
471,Spain,Female,28,5, € -   ,2,1,1,"€ 22,356.97",40.00%
686,Germany,Female,38,2,"€ 93,569.86",3,0,0,"€ 10,137.34",0.00%
668,Spain,Male,45,4,"€ 1,02,486.21",2,1,1,"€ 1,58,379.25",50.00%
575,France,Male,36,1, € -   ,1,0,1,"€ 94,570.56",100.00%
435,Germany,Male,37,8,"€ 1,14,346.30",1,0,1,€ 980.93,12.50%
743,France,Male,23,3,"€ 1,10,203.77",1,1,0,"€ 95,583.45",0.00%
580,France,Female,39,9,"€ 1,28,362.59",1,1,0,"€ 86,044.98",0.00%
599,Germany,Female,49,10,"€ 1,43,888.22",2,1,1,"€ 1,66,236.38",20.00%
534,Spain,Male,34,5,"€ 1,70,600.78",1,0,1,"€ 5,240.53",20.00%
680,France,Female,32,5, € -   ,1,1,1,"€ 1,50,684.23",20.00%
631,Spain,Female,46,10, € -   ,2,1,1,"€ 1,29,508.96",20.00%
485,France,Female,39,2,"€ 75,339.64",1,1,1,"€ 70,665.16",50.00%
699,France,Female,40,8,"€ 1,22,038.34",1,1,0,"€ 1,02,085.35",0.00%
712,France,Male,34,1, € -   ,2,1,1,"€ 1,95,052.12",200.00%
603,France,Male,51,8,"€ 1,86,825.57",1,1,0,"€ 93,739.71",0.00%
850,France,Male,40,6,"€ 1,24,788.18",1,1,0,"€ 65,612.12",0.00%
584,France,Female,41,3, € -   ,2,1,1,"€ 1,60,095.48",66.67%
604,France,Female,71,2, € -   ,2,1,1,"€ 49,506.82",100.00%
586,France,Male,51,2,"€ 1,38,553.57",1,1,1,"€ 92,406.22",50.00%
467,Spain,Male,39,5, € -   ,2,1,1,"€ 7,415.96",40.00%
520,France,Male,35,9,"€ 1,05,387.89",1,1,1,"€ 25,059.06",11.11%
683,Spain,Male,40,4,"€ 95,053.10",1,1,1,"€ 1,16,816.54",25.00%
557,France,Male,36,3, € -   ,1,0,1,"€ 1,44,078.02",33.33%
613,Spain,Female,32,0, € -   ,2,0,1,"€ 1,26,675.62",200.00%
786,France,Male,34,3,"€ 1,37,361.96",1,0,0,"€ 1,83,682.09",0.00%
593,Spain,Male,32,10,"€ 1,58,537.42",1,1,0,"€ 1,66,850.57",0.00%
670,Spain,Female,29,9, € -   ,2,1,0,"€ 27,359.19",0.00%
657,Germany,Female,48,5,"€ 1,43,595.87",1,0,0,"€ 1,01,314.65",0.00%
718,Germany,Male,32,9,"€ 1,69,947.41",2,1,1,"€ 27,979.16",22.22%
623,France,Female,24,7,"€ 1,48,167.83",2,1,1,"€ 1,09,470.34",28.57%
496,France,Male,31,5, € -   ,2,1,0,"€ 93,713.13",0.00%
429,France,Female,39,6,"€ 48,023.83",1,1,0,"€ 74,870.99",0.00%
606,France,Male,36,1,"€ 1,55,655.46",1,1,1,"€ 1,92,387.51",100.00%
499,France,Female,46,6, € -   ,2,1,0,"€ 73,457.55",0.00%
642,France,Male,62,7, € -   ,2,1,1,"€ 61,120.75",28.57%
641,France,Female,52,4, € -   ,1,1,0,"€ 90,964.54",0.00%
673,France,Male,32,8,"€ 1,21,240.76",1,1,0,"€ 1,16,969.73",0.00%
570,France,Female,36,3, € -   ,2,1,0,"€ 92,118.75",0.00%
472,France,Female,37,1, € -   ,2,1,1,"€ 48,357.90",200.00%
550,Germany,Male,35,9,"€ 1,29,847.75",2,1,0,"€ 1,97,325.40",0.00%
625,Germany,Female,55,8,"€ 1,18,772.71",4,0,0,"€ 1,35,853.62",0.00%
516,France,Male,46,2, € -   ,2,1,1,"€ 1,69,122.54",100.00%
682,Germany,Male,32,2,"€ 1,05,163.88",2,1,1,"€ 1,64,170.46",100.00%
620,France,Male,28,8, € -   ,2,1,1,"€ 1,99,909.32",25.00%
626,France,Female,39,0, € -   ,2,1,1,"€ 83,295.09",200.00%
623,France,Female,29,1, € -   ,2,0,0,"€ 39,382.06",0.00%
569,France,Female,35,4,"€ 93,934.63",1,1,0,"€ 1,84,748.23",0.00%
724,France,Female,69,5,"€ 1,17,866.92",1,1,1,"€ 62,280.91",20.00%
678,France,Female,55,5, € -   ,1,0,1,"€ 1,96,794.11",20.00%
713,Spain,Female,26,4,"€ 1,22,857.46",2,1,0,"€ 1,44,682.17",0.00%
631,France,Male,32,10, € -   ,2,0,1,"€ 1,96,342.66",20.00%
846,France,Female,37,6,"€ 1,27,103.97",1,1,1,"€ 41,516.44",16.67%
660,France,Female,43,1, € -   ,1,0,1,"€ 1,12,026.10",100.00%
567,France,Male,54,9,"€ 96,402.96",1,0,0,"€ 52,035.29",0.00%
731,France,Male,31,1,"€ 1,32,512.26",1,1,1,"€ 1,85,466.85",100.00%
693,Spain,Male,47,8,"€ 1,07,604.66",1,1,1,"€ 80,149.27",12.50%
772,France,Male,34,9, € -   ,2,1,0,"€ 1,70,980.86",0.00%
657,France,Male,38,7, € -   ,2,1,0,"€ 1,85,827.74",0.00%
774,Germany,Male,34,4,"€ 1,20,875.23",2,0,1,"€ 1,13,407.26",50.00%
667,France,Female,37,9,"€ 71,786.90",2,1,1,"€ 67,734.79",22.22%
516,France,Female,37,8,"€ 1,13,143.12",1,0,0,"€ 3,363.36",0.00%
551,Spain,Male,49,1,"€ 1,50,777.72",2,1,1,"€ 1,35,757.27",200.00%
542,Spain,Male,35,2,"€ 1,74,894.53",1,1,1,"€ 22,314.55",50.00%
623,France,Male,28,7, € -   ,1,0,0,"€ 1,29,526.57",0.00%
701,France,Female,43,2,"€ 1,60,416.56",1,0,1,"€ 37,266.43",50.00%
583,France,Male,48,3,"€ 91,246.53",1,1,0,"€ 60,017.46",0.00%
731,Spain,Male,46,10, € -   ,2,1,0,"€ 1,53,015.42",0.00%
461,France,Female,35,5, € -   ,1,1,1,"€ 54,209.02",20.00%
702,Germany,Female,23,7,"€ 98,775.23",1,1,0,"€ 1,14,603.96",0.00%
565,Germany,Female,47,10,"€ 1,39,756.12",1,1,0,"€ 1,65,849.49",0.00%
711,Spain,Male,42,3,"€ 1,77,626.77",3,0,1,"€ 16,392.72",100.00%
664,France,Male,54,8, € -   ,1,1,1,"€ 1,62,719.69",12.50%
518,Spain,Male,50,4, € -   ,1,0,0,"€ 1,07,112.25",0.00%
728,Spain,Male,42,8, € -   ,2,0,1,"€ 41,823.22",25.00%
585,Germany,Male,37,6,"€ 1,52,496.82",1,1,1,"€ 99,907.29",16.67%
573,France,Male,52,8, € -   ,2,0,1,"€ 1,78,229.04",25.00%
568,Germany,Male,26,1,"€ 1,12,930.28",2,1,0,"€ 22,095.73",0.00%
602,Germany,Female,26,8,"€ 1,13,674.20",1,1,0,"€ 1,97,861.16",0.00%
603,France,Male,44,9, € -   ,1,1,0,"€ 1,38,328.24",0.00%
687,France,Male,38,0,"€ 1,44,450.58",1,0,1,"€ 1,37,276.83",100.00%
741,France,Male,52,1,"€ 1,71,236.30",2,0,0,"€ 21,834.40",0.00%
469,Spain,Male,37,9,"€ 96,776.49",1,1,1,"€ 1,19,890.86",11.11%
477,Germany,Female,58,8,"€ 1,45,984.92",1,1,1,"€ 24,564.70",12.50%
737,Germany,Male,43,8,"€ 96,353.80",1,0,0,"€ 10,209.80",0.00%
835,France,Male,25,7, € -   ,2,1,1,"€ 83,449.65",28.57%
717,Germany,Female,33,0,"€ 1,15,777.23",1,1,1,"€ 81,508.10",100.00%
562,France,Female,51,7,"€ 1,22,822.00",2,0,0,"€ 32,626.21",0.00%
758,Spain,Male,61,2, € -   ,2,1,1,"€ 43,982.41",100.00%
408,France,Male,40,3, € -   ,2,0,0,"€ 1,24,874.23",0.00%
650,Spain,Female,32,4,"€ 79,450.09",1,1,1,"€ 1,18,324.75",25.00%
582,Germany,Male,33,2,"€ 1,22,394.00",1,1,1,"€ 22,113.93",50.00%
706,Spain,Female,43,1, € -   ,2,1,0,"€ 31,962.77",0.00%
567,Germany,Male,41,0,"€ 1,34,378.89",1,1,1,"€ 1,05,746.94",100.00%
720,France,Male,29,2, € -   ,2,1,0,"€ 39,925.52",0.00%
631,Spain,Female,31,2,"€ 88,161.85",2,1,0,"€ 1,27,630.88",0.00%
623,Spain,Male,41,2,"€ 1,42,412.13",1,1,0,"€ 28,778.98",0.00%
514,France,Male,35,3,"€ 1,21,030.90",1,1,0,"€ 10,008.68",0.00%
650,Germany,Female,35,3,"€ 1,65,982.43",2,1,1,"€ 24,482.16",66.67%
673,Spain,Female,35,6, € -   ,2,1,0,"€ 98,618.79",0.00%
504,France,Female,32,8,"€ 2,06,663.75",1,0,0,"€ 16,281.94",0.00%
723,Germany,Male,37,3,"€ 94,661.53",2,1,0,"€ 1,21,239.65",0.00%
645,France,Male,25,0,"€ 1,74,400.36",1,1,0,"€ 42,669.37",0.00%
664,Spain,Male,41,7,"€ 1,23,428.69",1,1,1,"€ 1,64,924.11",14.29%
760,Spain,Male,43,6,"€ 1,75,735.50",1,1,1,"€ 1,57,337.29",16.67%
766,Spain,Male,36,5,"€ 78,381.13",1,0,1,"€ 1,53,831.60",20.00%
634,France,Male,37,5,"€ 1,15,345.86",2,0,0,"€ 1,68,781.80",0.00%
640,Germany,Female,31,10,"€ 1,18,613.34",1,1,0,"€ 1,68,469.65",0.00%
784,Germany,Male,28,2,"€ 1,09,960.06",2,1,1,"€ 1,70,829.87",100.00%
547,Germany,Female,42,1,"€ 1,42,703.40",1,1,0,"€ 86,207.49",0.00%
608,Germany,Female,40,8,"€ 1,21,729.42",1,0,0,"€ 61,164.45",0.00%
547,France,Female,35,4, € -   ,1,1,1,"€ 1,33,287.73",25.00%
612,France,Female,43,4,"€ 1,39,496.35",2,1,1,"€ 77,128.23",50.00%
573,Spain,Male,28,8, € -   ,2,0,0,"€ 77,660.03",0.00%
615,Spain,Male,32,5,"€ 1,38,521.83",1,1,1,"€ 56,897.10",20.00%
710,France,Female,33,2, € -   ,2,1,0,"€ 72,945.32",0.00%
674,Germany,Female,38,10,"€ 83,727.68",1,1,0,"€ 45,418.12",0.00%
702,Spain,Female,38,9, € -   ,2,1,1,"€ 1,58,527.45",22.22%
616,France,Male,37,9, € -   ,1,1,0,"€ 1,11,312.96",0.00%
688,Spain,Male,32,6,"€ 1,24,179.30",1,1,1,"€ 1,38,759.15",16.67%
605,France,Male,36,7,"€ 1,28,829.25",1,1,0,"€ 1,90,588.59",0.00%
676,France,Male,33,6,"€ 1,71,490.78",1,0,0,"€ 79,099.64",0.00%
708,Spain,Male,33,3, € -   ,2,1,0,"€ 1,38,613.21",0.00%
745,Spain,Female,38,7, € -   ,2,1,1,"€ 1,94,230.82",28.57%
661,Spain,Male,20,8, € -   ,1,1,0,"€ 1,10,252.53",0.00%
726,France,Male,31,9, € -   ,2,1,1,"€ 1,06,117.30",22.22%
475,France,Male,40,7,"€ 1,60,818.08",1,0,1,"€ 1,69,642.13",14.29%
751,Germany,Male,54,9,"€ 1,56,367.60",2,0,1,"€ 1,16,179.92",22.22%
645,Germany,Female,59,8,"€ 1,21,669.93",2,0,0,€ 91.75,0.00%
775,France,Male,42,6,"€ 1,33,970.22",2,0,1,"€ 1,87,839.90",33.33%
540,France,Male,41,3, € -   ,2,1,0,"€ 1,21,098.65",0.00%
591,France,Female,34,3,"€ 96,127.27",1,0,0,"€ 30,972.06",0.00%
596,Spain,Male,60,7,"€ 1,21,907.97",1,0,1,"€ 30,314.04",14.29%
573,Spain,Male,41,5, € -   ,2,0,1,"€ 14,479.29",40.00%
577,Spain,Male,31,6, € -   ,1,1,1,"€ 1,96,395.25",16.67%
830,Germany,Female,40,8,"€ 77,701.64",1,0,1,"€ 19,512.38",12.50%
663,France,Male,67,9, € -   ,3,1,1,"€ 72,318.77",33.33%
421,France,Male,34,2, € -   ,2,1,1,"€ 96,615.23",100.00%
718,Spain,Male,34,5,"€ 1,13,922.44",2,1,0,"€ 30,772.22",0.00%
655,Germany,Female,61,2,"€ 1,83,997.70",2,1,1,"€ 1,61,217.18",100.00%
712,France,Male,23,2, € -   ,2,0,1,"€ 66,795.78",100.00%
663,France,Male,28,4, € -   ,2,1,1,"€ 1,23,969.64",50.00%
640,France,Female,47,6,"€ 89,799.46",2,0,1,"€ 13,783.77",33.33%
577,Spain,Male,29,2, € -   ,1,1,1,"€ 1,68,924.41",50.00%
546,Spain,Female,36,7,"€ 85,660.96",1,0,0,"€ 1,34,778.01",0.00%
802,Germany,Male,37,9,"€ 1,15,569.21",1,0,1,"€ 1,19,782.89",11.11%
590,France,Female,45,2,"€ 81,828.22",1,1,0,"€ 52,167.97",0.00%
594,Germany,Male,18,1,"€ 1,32,694.73",1,1,0,"€ 1,67,689.56",0.00%
577,Spain,Male,51,2,"€ 1,08,867.00",1,0,0,"€ 1,40,800.66",0.00%
541,France,Male,39,7, € -   ,2,1,0,"€ 19,823.02",0.00%
781,France,Female,27,5, € -   ,2,0,0,"€ 72,969.90",0.00%
806,Germany,Male,34,2,"€ 96,152.68",2,1,0,"€ 1,43,711.02",0.00%
723,Germany,Female,49,0,"€ 1,53,855.52",1,1,1,"€ 1,80,862.26",100.00%
535,France,Male,45,2, € -   ,2,1,0,"€ 1,25,658.28",0.00%
768,France,Female,36,3,"€ 1,41,334.95",1,0,1,"€ 1,25,870.50",33.33%
653,Germany,Male,41,1,"€ 1,04,584.11",1,1,0,"€ 15,126.32",0.00%
803,Germany,Female,50,8,"€ 98,173.02",1,0,0,"€ 22,457.25",0.00%
545,Spain,Female,44,1, € -   ,2,1,1,"€ 82,614.89",200.00%
581,Germany,Female,38,3,"€ 1,35,157.05",1,1,1,"€ 32,919.42",33.33%
513,Germany,Female,49,5,"€ 1,71,601.27",1,1,0,"€ 1,26,223.84",0.00%
731,France,Male,29,5,"€ 1,79,539.20",1,0,0,"€ 1,12,010.02",0.00%
727,Germany,Male,39,5,"€ 80,615.46",2,0,0,"€ 1,80,962.32",0.00%
560,Spain,Male,47,1, € -   ,1,0,0,"€ 1,28,882.66",0.00%
766,Germany,Male,27,5,"€ 1,26,285.73",1,1,0,"€ 1,77,614.17",0.00%
630,Germany,Female,23,4,"€ 1,37,964.51",1,0,1,"€ 1,74,570.55",25.00%
652,Germany,Male,41,9,"€ 1,59,434.03",1,1,0,"€ 1,78,373.93",0.00%
729,Germany,Male,40,5,"€ 1,13,574.61",2,1,0,"€ 1,03,396.08",0.00%
629,France,Female,33,6, € -   ,2,1,1,"€ 59,129.72",33.33%
667,Germany,Male,33,9,"€ 1,24,573.33",2,0,0,€ 683.37,0.00%
671,Germany,Female,31,6,"€ 1,05,864.60",2,1,0,"€ 1,45,567.34",0.00%
768,Germany,Female,47,5,"€ 1,04,552.61",1,1,0,"€ 48,137.08",0.00%
732,France,Female,35,3, € -   ,2,1,0,"€ 90,876.95",0.00%
546,France,Female,30,5, € -   ,2,0,1,"€ 1,98,543.09",40.00%
630,France,Male,55,2, € -   ,1,1,1,"€ 1,06,202.07",50.00%
765,Germany,Female,46,8,"€ 1,19,492.88",2,0,1,"€ 1,66,896.01",25.00%
704,France,Female,33,0,"€ 1,30,499.09",2,1,1,"€ 74,804.36",200.00%
470,Spain,Female,48,6,"€ 1,40,576.11",1,1,1,"€ 1,16,971.05",16.67%
688,Germany,Female,34,9,"€ 91,025.58",2,0,1,"€ 1,63,783.00",22.22%
685,France,Female,33,1, € -   ,3,0,1,"€ 70,221.13",300.00%
567,France,Female,38,1,"€ 1,25,877.65",2,1,1,"€ 1,07,841.77",200.00%
720,Spain,Male,64,3,"€ 45,752.78",2,1,0,"€ 79,623.28",0.00%
609,France,Male,39,3,"€ 1,21,778.71",1,1,1,"€ 1,38,399.67",33.33%
521,Germany,Female,49,2,"€ 1,27,948.57",1,1,1,"€ 1,82,765.14",50.00%
556,France,Female,30,7, € -   ,2,1,1,"€ 1,86,648.19",28.57%
662,Germany,Male,30,5,"€ 1,15,286.68",2,1,1,"€ 1,49,587.92",40.00%
704,Germany,Male,41,9,"€ 62,078.21",2,1,0,"€ 1,29,050.67",0.00%
750,France,Female,38,1, € -   ,2,1,0,"€ 47,764.99",0.00%
619,Spain,Female,32,4,"€ 1,75,406.13",2,1,1,"€ 1,72,792.43",50.00%
468,Spain,Male,26,1,"€ 1,31,643.25",1,1,0,"€ 64,436.16",0.00%
435,Germany,Male,44,3,"€ 1,51,739.65",1,1,0,"€ 1,67,461.50",0.00%
529,France,Male,43,6,"€ 93,616.35",2,0,0,"€ 98,348.66",0.00%
702,Germany,Female,60,5,"€ 1,38,597.54",2,1,1,"€ 41,536.59",40.00%
608,France,Female,41,5, € -   ,2,1,1,"€ 72,462.25",40.00%
576,France,Male,40,9, € -   ,2,1,0,"€ 1,12,465.19",0.00%
666,France,Female,27,1,"€ 85,225.21",1,0,1,"€ 64,511.44",100.00%
730,France,Female,36,8,"€ 1,48,749.29",2,1,0,"€ 91,830.75",0.00%
647,Germany,Male,52,7,"€ 1,30,013.12",1,1,1,"€ 1,90,806.36",14.29%
516,Spain,Female,27,1, € -   ,1,0,1,"€ 1,12,311.15",100.00%
711,France,Female,81,6, € -   ,2,1,1,"€ 72,276.24",33.33%
736,France,Male,54,7,"€ 1,11,729.47",2,0,1,"€ 84,920.49",28.57%
768,France,Female,36,5,"€ 1,80,169.44",2,1,0,"€ 17,348.56",0.00%
427,Spain,Male,40,8, € -   ,2,1,1,"€ 82,870.75",25.00%
686,Spain,Female,47,6, € -   ,1,1,0,"€ 32,080.69",0.00%
690,France,Female,42,5, € -   ,2,0,1,"€ 1,20,512.08",40.00%
647,Spain,Female,29,2, € -   ,2,1,0,"€ 1,79,032.68",0.00%
714,France,Male,35,3, € -   ,2,1,1,"€ 95,623.28",66.67%
736,Germany,Female,36,8,"€ 1,03,914.17",1,1,1,"€ 1,10,035.88",12.50%
608,France,Female,34,4,"€ 88,772.87",1,1,1,"€ 1,68,822.01",25.00%
809,France,Female,39,5, € -   ,1,1,0,"€ 77,705.75",0.00%
745,France,Female,40,6,"€ 1,31,184.67",1,1,1,"€ 49,815.62",16.67%
781,France,Male,38,2,"€ 1,17,810.79",1,0,1,"€ 65,632.33",50.00%
527,France,Male,31,4, € -   ,1,1,0,"€ 1,69,361.89",0.00%
595,Germany,Female,32,0,"€ 92,466.21",1,1,0,"€ 4,721.30",0.00%
850,Germany,Female,38,2,"€ 1,02,741.15",2,0,1,"€ 23,974.85",100.00%
569,France,Male,37,9,"€ 1,78,755.84",1,1,0,"€ 1,99,929.17",0.00%
728,France,Male,43,7, € -   ,2,1,0,"€ 40,023.70",0.00%
473,Germany,Female,32,5,"€ 1,46,602.25",2,1,1,"€ 72,946.95",40.00%
738,France,Male,29,2, € -   ,2,1,1,"€ 1,70,421.13",100.00%
659,France,Male,35,6, € -   ,2,1,1,"€ 58,879.11",33.33%
597,Spain,Male,38,6,"€ 1,15,702.67",2,1,1,"€ 25,059.05",33.33%
445,Germany,Female,61,2,"€ 1,37,655.31",1,0,1,"€ 29,909.84",50.00%
671,France,Female,29,3, € -   ,2,1,0,"€ 1,58,043.11",0.00%
656,Spain,Female,34,6,"€ 59,877.33",1,1,0,"€ 14,032.62",0.00%
658,France,Male,31,5,"€ 1,00,082.14",1,0,1,"€ 49,809.88",20.00%
698,Germany,Male,52,10,"€ 1,07,304.39",3,1,0,"€ 28,806.32",0.00%
655,Spain,Male,38,9, € -   ,1,0,1,"€ 90,490.33",11.11%
772,Spain,Male,41,10,"€ 96,032.22",1,1,1,"€ 75,825.57",10.00%
681,Spain,Male,33,10, € -   ,1,0,0,"€ 1,58,336.36",0.00%
688,Germany,Male,29,9,"€ 1,44,553.50",2,1,0,"€ 1,43,454.95",0.00%
633,Germany,Male,40,5,"€ 86,172.81",2,1,1,"€ 1,17,279.49",40.00%
735,France,Male,73,9, € -   ,1,1,1,"€ 1,14,283.33",11.11%
521,Germany,Female,29,2,"€ 87,212.80",1,1,1,€ 994.86,50.00%
541,France,Male,36,5, € -   ,2,1,0,"€ 1,24,795.84",0.00%
612,Germany,Female,36,2,"€ 1,30,700.92",2,0,0,"€ 77,592.80",0.00%
562,France,Male,62,3, € -   ,2,1,0,"€ 1,05,986.01",0.00%
703,France,Female,32,6, € -   ,2,0,0,"€ 33,606.52",0.00%
710,Spain,Male,23,6, € -   ,2,1,1,"€ 1,34,188.11",33.33%
731,Spain,Female,40,5,"€ 1,71,325.98",1,1,1,"€ 1,59,718.27",20.00%
703,Spain,Male,58,4,"€ 92,930.92",1,0,1,"€ 85,148.78",25.00%
618,France,Female,40,0, € -   ,1,1,0,"€ 1,19,059.13",0.00%
689,France,Female,29,1,"€ 77,556.79",2,1,1,"€ 1,22,998.26",200.00%
718,France,Male,33,7,"€ 1,02,874.28",1,0,0,"€ 1,17,841.06",0.00%
608,France,Male,37,5,"€ 1,46,093.39",2,0,0,"€ 1,60,593.41",0.00%
749,Spain,Male,34,2, € -   ,1,0,0,"€ 1,74,189.04",0.00%
753,Spain,Male,51,4,"€ 79,811.72",2,0,1,"€ 68,260.27",50.00%
630,Spain,Male,39,10,"€ 1,05,473.74",1,0,0,"€ 58,854.88",0.00%
693,Germany,Female,43,1,"€ 1,21,927.92",1,1,0,"€ 87,994.95",0.00%
838,Spain,Female,40,6,"€ 61,671.19",1,0,1,"€ 1,50,659.35",16.67%
756,Germany,Female,39,5,"€ 1,49,363.12",2,1,1,"€ 1,09,098.39",40.00%
775,France,Female,27,4,"€ 1,52,309.37",1,1,0,"€ 1,04,112.00",0.00%
635,France,Female,33,5, € -   ,2,1,0,"€ 1,22,949.71",0.00%
705,Spain,Male,36,1,"€ 1,11,629.29",1,1,1,"€ 21,807.16",100.00%
481,France,Male,40,3, € -   ,1,1,1,"€ 32,319.93",33.33%
727,Spain,Female,49,7,"€ 96,296.78",1,1,0,"€ 1,90,457.87",0.00%
595,France,Male,20,4,"€ 95,830.43",1,1,0,"€ 1,77,738.98",0.00%
535,France,Female,38,0,"€ 1,35,919.33",1,1,0,"€ 80,425.65",0.00%
578,France,Male,59,10,"€ 1,85,966.64",1,0,0,"€ 9,445.42",0.00%
597,France,Female,29,5, € -   ,2,1,1,"€ 1,74,825.57",40.00%
449,France,Female,21,7, € -   ,2,0,0,"€ 1,75,743.92",0.00%
850,Germany,Female,43,8,"€ 92,244.83",2,1,0,"€ 54,949.73",0.00%
494,France,Female,35,9,"€ 1,12,727.06",2,1,0,"€ 1,83,752.91",0.00%
676,France,Female,34,8,"€ 1,00,359.54",1,0,0,"€ 46,038.28",0.00%
818,Germany,Male,43,10,"€ 1,05,301.50",1,1,1,"€ 78,941.59",10.00%
712,Spain,Male,45,6,"€ 1,12,994.65",1,0,0,"€ 1,98,398.68",0.00%
672,Germany,Male,40,4,"€ 89,025.88",2,1,0,"€ 1,88,892.19",0.00%
636,France,Male,35,9,"€ 95,478.17",1,0,0,"€ 1,69,286.74",0.00%
698,France,Male,37,8, € -   ,2,0,0,"€ 1,45,004.39",0.00%
597,Germany,Female,43,7,"€ 1,19,127.46",2,1,0,"€ 55,809.92",0.00%
717,France,Male,28,4,"€ 1,28,206.79",1,1,1,"€ 54,272.12",25.00%
614,France,Male,49,1, € -   ,2,1,0,"€ 1,92,440.54",0.00%
708,Germany,Female,23,4,"€ 71,433.08",1,1,0,"€ 1,03,697.57",0.00%
507,Germany,Male,36,9,"€ 1,18,214.32",3,1,0,"€ 1,19,110.03",0.00%
581,France,Female,27,5,"€ 1,02,258.11",2,1,0,"€ 1,94,681.60",0.00%
579,Spain,Female,39,2,"€ 1,51,963.26",2,1,0,"€ 1,58,948.63",0.00%
504,Spain,Female,46,2,"€ 1,63,764.84",1,1,1,"€ 1,65,122.55",50.00%
737,France,Female,32,7,"€ 1,28,551.36",2,0,1,"€ 1,89,402.71",28.57%
540,Spain,Female,31,10,"€ 1,18,158.74",1,1,1,"€ 1,58,027.57",10.00%
609,France,Male,32,7,"€ 1,18,520.41",1,0,0,"€ 3,815.48",0.00%
778,France,Male,24,4, € -   ,2,1,1,"€ 1,62,809.20",50.00%
621,France,Male,40,10,"€ 1,63,823.37",1,0,0,"€ 89,519.47",0.00%
665,Germany,Male,63,7,"€ 1,04,469.58",1,1,1,"€ 25,165.36",14.29%
608,France,Female,47,6, € -   ,1,1,1,"€ 1,26,012.57",16.67%
680,Spain,Male,36,7, € -   ,2,1,0,"€ 20,109.21",0.00%
663,Germany,Female,46,2,"€ 1,41,726.88",1,1,1,"€ 58,257.23",50.00%
627,Germany,Female,35,2,"€ 1,37,852.96",1,1,1,"€ 1,72,269.21",50.00%
607,France,Male,26,1, € -   ,1,1,0,"€ 29,818.20",0.00%
681,France,Female,43,8,"€ 1,54,100.30",1,0,0,"€ 1,14,659.81",0.00%
766,France,Female,45,6, € -   ,2,0,0,"€ 1,47,184.74",0.00%
694,France,Male,30,2, € -   ,3,0,1,"€ 15,039.41",150.00%
411,France,Female,54,9, € -   ,1,0,1,"€ 76,621.49",11.11%
742,France,Male,39,8,"€ 1,40,004.96",1,1,1,"€ 92,985.78",12.50%
673,Spain,Male,43,8,"€ 1,27,132.96",1,0,1,"€ 6,009.27",12.50%
529,France,Male,61,1, € -   ,2,1,1,"€ 1,91,370.97",200.00%
519,France,Female,38,7,"€ 1,25,328.56",1,1,0,"€ 1,88,225.67",0.00%
573,France,Male,35,9, € -   ,2,1,0,"€ 11,743.89",0.00%
453,Germany,Female,28,3,"€ 1,39,986.65",1,1,0,"€ 1,36,846.75",0.00%
798,Germany,Female,39,6,"€ 1,19,787.76",1,1,1,"€ 1,64,248.33",16.67%
693,Spain,Female,34,10,"€ 1,07,556.06",2,0,0,"€ 1,54,631.35",0.00%
637,France,Female,44,2, € -   ,2,1,0,"€ 1,49,665.65",0.00%
672,France,Male,47,1, € -   ,1,0,0,"€ 91,574.92",0.00%
597,France,Female,28,0,"€ 1,42,705.95",1,1,0,"€ 1,27,233.39",0.00%
543,France,Male,42,7, € -   ,1,1,1,"€ 56,650.47",14.29%
695,Spain,Female,56,4, € -   ,2,1,0,"€ 84,644.76",0.00%
584,France,Male,35,6,"€ 1,61,613.94",2,1,1,"€ 1,48,238.16",33.33%
652,Germany,Female,58,3,"€ 1,16,353.20",2,0,1,"€ 1,93,502.90",66.67%
601,France,Male,38,4,"€ 60,013.81",1,1,1,"€ 38,020.05",25.00%
628,Spain,Male,28,4, € -   ,2,1,1,"€ 1,76,750.81",50.00%
607,Germany,Male,32,9,"€ 1,44,272.07",2,1,0,"€ 1,76,580.63",0.00%
646,France,Female,46,8, € -   ,2,1,0,"€ 1,33,059.15",0.00%
572,France,Male,30,6,"€ 1,17,696.67",1,1,0,"€ 1,00,843.82",0.00%
801,Spain,Male,58,1,"€ 79,954.61",2,1,1,"€ 30,484.19",200.00%
597,France,Female,26,8,"€ 1,49,989.39",1,1,0,"€ 42,330.58",0.00%
613,France,Male,40,7,"€ 1,24,339.90",1,0,0,"€ 1,93,309.58",0.00%
529,Germany,Male,29,4,"€ 1,35,759.40",1,0,0,"€ 1,12,813.79",0.00%
794,Spain,Female,37,9, € -   ,2,1,0,"€ 68,008.85",0.00%
557,France,Male,34,3,"€ 83,074.00",1,1,0,"€ 1,32,673.22",0.00%
499,France,Female,28,4,"€ 1,41,792.61",1,1,1,"€ 22,001.91",25.00%
544,France,Female,26,6, € -   ,1,1,0,"€ 1,00,200.40",0.00%
739,France,Female,30,6, € -   ,1,0,0,"€ 1,22,604.44",0.00%
458,Germany,Female,43,1,"€ 1,06,870.12",2,1,0,"€ 1,00,564.37",0.00%
528,France,Male,31,9,"€ 1,20,962.59",1,1,0,"€ 5,419.31",0.00%
773,Spain,Male,51,4, € -   ,2,0,0,"€ 1,23,587.83",0.00%
646,France,Female,30,5, € -   ,2,1,0,"€ 13,935.32",0.00%
564,France,Male,31,0,"€ 1,10,527.17",1,1,1,"€ 87,060.77",100.00%
624,Germany,Female,52,0,"€ 1,33,723.43",1,0,0,"€ 4,859.59",0.00%
682,France,Female,52,5,"€ 1,12,670.48",1,1,0,"€ 21,085.17",0.00%
726,France,Female,44,2, € -   ,2,1,1,"€ 26,733.86",100.00%
560,France,Male,24,1,"€ 1,16,084.32",1,1,0,"€ 89,734.70",0.00%
382,Spain,Male,36,0, € -   ,1,1,1,"€ 1,79,540.73",100.00%
457,Spain,Female,38,6, € -   ,2,1,0,"€ 1,73,219.09",0.00%
673,France,Female,37,10, € -   ,2,1,1,"€ 37,411.35",20.00%
584,France,Female,40,4,"€ 82,441.75",1,0,0,"€ 80,852.11",0.00%
629,France,Female,39,10, € -   ,2,1,1,"€ 43,174.49",20.00%
584,Germany,Female,37,10,"€ 1,34,171.80",4,1,1,"€ 70,927.11",40.00%
724,France,Male,30,10, € -   ,2,1,1,"€ 54,265.55",20.00%
644,France,Male,31,5, € -   ,2,1,1,"€ 41,872.17",40.00%
676,Germany,Female,48,2,"€ 1,24,442.38",1,1,0,"€ 15,068.53",0.00%
499,France,Male,31,4, € -   ,1,1,0,"€ 25,950.49",0.00%
598,France,Male,60,4, € -   ,1,1,0,"€ 1,97,727.14",0.00%
655,Germany,Female,37,4,"€ 1,08,862.76",1,1,0,"€ 79,555.08",0.00%
559,France,Male,28,3,"€ 1,41,099.43",1,1,1,"€ 15,607.27",33.33%
543,France,Female,67,0,"€ 1,28,843.67",1,1,1,"€ 1,34,612.48",100.00%
679,France,Male,39,0,"€ 86,843.61",1,0,1,"€ 1,59,830.58",100.00%
594,Germany,Female,32,4,"€ 1,20,074.97",2,1,1,"€ 1,62,961.79",50.00%
586,France,Male,27,5,"€ 1,30,231.80",2,1,1,"€ 1,92,427.16",40.00%
776,France,Female,31,5, € -   ,2,1,0,"€ 92,647.94",0.00%
699,France,Male,39,2,"€ 1,09,724.38",1,1,1,"€ 1,80,022.39",50.00%
847,Germany,Female,35,5,"€ 1,11,743.43",1,1,1,"€ 1,83,584.14",20.00%
582,Germany,Male,35,8,"€ 1,21,309.17",2,1,1,"€ 28,750.67",25.00%
648,France,Male,38,10,"€ 82,697.28",1,1,0,"€ 74,846.67",0.00%
618,France,Female,49,9,"€ 44,301.43",3,1,1,"€ 89,729.30",33.33%
543,France,Female,31,4,"€ 1,38,317.94",1,0,0,"€ 61,843.73",0.00%
642,Germany,Male,49,4,"€ 1,20,688.61",1,1,0,"€ 24,770.22",0.00%
462,France,Male,27,4,"€ 1,76,913.52",1,1,0,"€ 80,587.27",0.00%
640,Spain,Male,47,6,"€ 89,047.14",1,1,0,"€ 1,16,286.25",0.00%
740,Germany,Male,40,4,"€ 1,14,318.78",2,1,0,"€ 1,29,333.69",0.00%
773,France,Female,50,4, € -   ,2,1,0,"€ 1,29,372.94",0.00%
583,Germany,Female,32,7,"€ 94,753.55",2,1,1,"€ 18,149.03",28.57%
589,Spain,Female,46,10, € -   ,2,0,1,"€ 1,68,369.37",20.00%
509,France,Male,35,8, € -   ,2,0,1,"€ 67,431.28",25.00%
612,Germany,Male,32,9,"€ 1,06,520.73",2,1,0,"€ 1,77,092.16",0.00%
505,Spain,Male,37,0,"€ 1,34,006.39",1,1,1,"€ 93,736.69",100.00%
546,Germany,Female,25,3,"€ 1,32,837.70",1,1,0,"€ 1,31,647.31",0.00%
681,France,Female,41,0,"€ 1,20,549.29",2,1,0,"€ 1,75,722.31",0.00%
762,France,Male,20,1,"€ 1,39,432.55",1,1,1,"€ 85,606.83",100.00%
786,Spain,Male,29,7,"€ 80,895.44",2,1,0,"€ 64,945.57",0.00%
629,Spain,Male,34,6, € -   ,2,1,0,"€ 1,90,347.72",0.00%
787,Spain,Female,39,7,"€ 1,71,646.76",1,0,1,"€ 1,00,791.36",14.29%
713,Spain,Male,42,0,"€ 1,09,121.71",1,0,1,"€ 1,67,873.49",100.00%
541,France,Female,39,6,"€ 1,09,844.81",1,1,0,"€ 25,289.23",0.00%
451,France,Female,31,7,"€ 1,40,931.82",1,0,1,"€ 20,388.77",14.29%
644,Spain,Male,49,10, € -   ,2,1,1,"€ 1,45,089.64",20.00%
686,France,Male,32,6, € -   ,2,1,1,"€ 1,79,093.26",33.33%
847,Germany,Female,41,3,"€ 1,01,543.51",4,1,0,"€ 16,025.17",0.00%
765,Germany,Male,37,7,"€ 1,02,708.77",1,1,0,"€ 9,087.81",0.00%
678,Germany,Female,37,8,"€ 1,49,000.91",2,1,1,"€ 21,472.42",25.00%
539,France,Male,20,0,"€ 83,459.86",1,1,1,"€ 1,46,752.67",100.00%
800,France,Female,40,3,"€ 75,893.11",2,1,0,"€ 1,32,562.23",0.00%
799,Germany,Female,39,7,"€ 1,67,395.60",2,0,1,"€ 1,39,537.43",28.57%
629,France,Female,61,6, € -   ,2,1,1,"€ 1,33,672.61",33.33%
734,Germany,Female,52,6,"€ 71,283.09",2,0,1,"€ 38,984.37",33.33%
542,France,Female,31,3, € -   ,2,1,1,"€ 1,15,217.59",66.67%
414,Spain,Male,60,3, € -   ,2,1,1,"€ 93,844.82",66.67%
675,France,Female,38,1,"€ 1,04,016.88",1,0,0,"€ 22,068.83",0.00%
683,France,Female,38,5,"€ 1,27,616.56",1,1,0,"€ 1,23,846.07",0.00%
748,France,Male,32,5,"€ 1,54,737.88",2,1,1,"€ 1,72,638.13",40.00%
596,Spain,Male,29,2, € -   ,2,1,1,"€ 1,591.19",100.00%
642,France,Male,35,4,"€ 1,25,476.31",1,1,1,"€ 91,775.51",25.00%
499,France,Female,21,3,"€ 1,76,511.08",1,1,1,"€ 1,53,920.22",33.33%
649,Spain,Female,47,8,"€ 1,10,783.28",1,1,1,"€ 71,420.16",12.50%
739,France,Male,42,2,"€ 1,41,642.92",2,1,0,"€ 1,72,149.76",0.00%
616,France,Male,31,1, € -   ,2,1,1,"€ 54,706.75",200.00%
560,Spain,Female,33,9, € -   ,1,0,1,"€ 1,83,358.21",11.11%
427,Germany,Male,42,1,"€ 75,681.52",1,1,1,"€ 57,098.00",100.00%
435,France,Male,54,3, € -   ,1,1,0,"€ 1,56,910.46",0.00%
633,France,Male,29,7, € -   ,1,1,1,"€ 1,30,224.73",14.29%
443,France,Male,35,6,"€ 1,61,111.45",1,0,0,"€ 13,946.66",0.00%
727,France,Male,62,5, € -   ,2,0,1,"€ 38,652.96",40.00%
674,France,Female,45,6,"€ 72,494.69",1,0,1,"€ 1,40,041.78",16.67%
661,France,Female,31,3,"€ 1,33,964.30",1,1,1,"€ 1,66,187.10",33.33%
619,Spain,Male,34,1, € -   ,1,1,0,"€ 1,39,919.38",0.00%
562,France,Female,27,3, € -   ,2,1,0,"€ 28,137.03",0.00%
633,France,Male,61,3,"€ 1,57,201.48",1,0,1,"€ 50,368.63",33.33%
551,Spain,Female,48,5,"€ 95,679.29",1,0,0,"€ 94,978.10",0.00%
720,Germany,Female,29,7,"€ 1,06,230.92",1,1,1,"€ 69,903.93",14.29%
688,France,Female,32,5, € -   ,2,0,1,"€ 1,77,607.77",40.00%
635,Germany,Female,36,9,"€ 81,231.85",2,1,0,"€ 1,96,731.08",0.00%
561,France,Female,31,1,"€ 81,480.27",2,1,1,"€ 65,234.60",200.00%
850,France,Male,33,8,"€ 73,059.38",1,1,1,"€ 1,86,281.00",12.50%
636,France,Male,36,5,"€ 1,17,559.05",2,1,1,"€ 1,11,573.30",40.00%
461,Germany,Female,74,1,"€ 1,86,445.31",2,1,1,"€ 1,96,767.83",200.00%
771,Germany,Female,38,5,"€ 1,37,657.71",2,1,0,"€ 72,985.61",0.00%
713,France,Male,36,8,"€ 1,33,889.35",1,1,1,"€ 1,43,265.65",12.50%
658,Germany,Female,45,9,"€ 1,34,562.80",1,1,1,"€ 1,59,268.67",11.11%
586,Germany,Female,56,9,"€ 1,00,781.75",2,1,1,"€ 54,448.41",22.22%
737,France,Male,30,8,"€ 1,74,356.13",1,0,0,"€ 31,928.50",0.00%
742,Germany,Male,27,5,"€ 1,90,125.43",2,0,0,"€ 21,793.59",0.00%
824,France,Male,26,7,"€ 1,46,266.00",1,1,0,"€ 21,903.62",0.00%
701,Germany,Male,41,9,"€ 1,64,046.10",1,1,0,"€ 49,405.93",0.00%
623,Spain,Female,43,4,"€ 1,23,536.52",2,0,0,"€ 1,54,908.52",0.00%
744,France,Male,36,10, € -   ,2,1,1,"€ 1,82,867.84",20.00%
698,Spain,Female,38,1,"€ 1,71,848.38",1,0,0,"€ 16,957.45",0.00%
616,France,Male,40,9, € -   ,2,0,0,"€ 93,717.55",0.00%
662,France,Female,39,5,"€ 1,39,562.05",2,1,0,"€ 61,636.22",0.00%
594,France,Male,37,2, € -   ,2,0,1,"€ 95,864.50",100.00%
685,France,Male,40,2,"€ 1,68,001.34",2,1,1,"€ 1,67,400.29",100.00%
742,France,Male,27,0, € -   ,2,0,1,"€ 1,31,534.96",200.00%
678,Germany,Male,83,6,"€ 1,23,356.63",1,0,1,"€ 92,934.41",16.67%
651,Spain,Male,47,2, € -   ,2,1,1,"€ 1,19,808.64",100.00%
585,Germany,Male,50,2,"€ 1,25,845.66",1,1,0,"€ 9,439.31",0.00%
579,Germany,Male,40,10,"€ 45,408.85",2,1,0,"€ 18,732.91",0.00%
722,Germany,Female,37,0,"€ 1,25,977.81",1,0,0,"€ 1,60,162.42",0.00%
613,Germany,Female,51,7,"€ 1,47,262.11",1,1,1,"€ 53,630.90",14.29%
694,France,Male,42,8,"€ 1,33,767.19",1,1,0,"€ 36,405.21",0.00%
550,Germany,Male,49,0,"€ 1,08,806.96",3,1,0,"€ 61,446.92",0.00%
741,France,Male,42,6,"€ 1,06,036.52",1,1,0,"€ 1,94,686.78",0.00%
668,Spain,Female,69,9, € -   ,1,0,1,"€ 1,34,483.07",11.11%
529,France,Female,27,1, € -   ,2,1,1,"€ 37,769.98",200.00%
636,France,Male,31,6, € -   ,2,1,1,"€ 2,382.61",33.33%
563,Spain,Male,61,1,"€ 82,182.10",1,1,0,"€ 1,06,826.92",0.00%
767,France,Female,35,9, € -   ,2,1,0,"€ 39,511.61",0.00%
644,France,Male,50,9,"€ 76,817.00",4,1,0,"€ 1,96,371.13",0.00%
780,Germany,Male,71,9,"€ 1,42,550.25",2,1,1,"€ 1,22,506.78",22.22%
635,Spain,Female,41,10, € -   ,2,1,1,"€ 61,994.20",20.00%
641,Germany,Male,35,2,"€ 1,03,711.56",1,0,1,"€ 1,92,464.21",50.00%
593,Spain,Female,40,2, € -   ,1,1,1,"€ 5,194.95",50.00%
540,Germany,Female,35,7,"€ 1,28,369.75",2,1,0,"€ 1,98,256.15",0.00%
663,Spain,Male,35,5, € -   ,2,1,1,"€ 62,634.94",40.00%
630,France,Male,34,9, € -   ,2,1,1,"€ 1,14,006.35",22.22%
605,Germany,Male,19,8,"€ 1,66,133.28",1,1,1,"€ 1,07,994.99",12.50%
710,Germany,Female,62,9,"€ 1,48,214.36",1,1,0,"€ 48,571.14",0.00%
755,France,Female,78,5,"€ 1,21,206.96",1,1,1,"€ 76,016.49",20.00%
641,Spain,Male,25,10, € -   ,2,1,1,"€ 1,80,808.39",20.00%
737,Germany,Male,50,4,"€ 1,27,552.85",2,1,0,"€ 4,225.11",0.00%
695,France,Male,49,9,"€ 1,59,458.53",1,1,0,"€ 1,35,841.35",0.00%
466,Germany,Female,47,5,"€ 1,02,085.72",1,1,1,"€ 1,83,536.24",20.00%
558,Germany,Male,58,2,"€ 1,42,537.18",1,1,1,"€ 88,791.83",50.00%
665,Spain,Male,29,1,"€ 1,82,781.74",2,1,1,"€ 63,732.90",200.00%
737,France,Male,45,10, € -   ,2,1,0,"€ 1,364.54",0.00%
654,France,Male,29,7, € -   ,2,1,1,"€ 1,49,184.15",28.57%
619,France,Female,28,3, € -   ,2,1,0,"€ 53,394.12",0.00%
845,Germany,Female,43,3,"€ 1,52,063.59",2,1,0,"€ 97,910.06",0.00%
727,France,Female,28,2,"€ 1,10,997.76",1,1,0,"€ 1,01,433.76",0.00%
582,France,Male,50,2,"€ 1,48,942.00",1,1,1,"€ 1,16,944.30",50.00%
716,France,Male,41,9, € -   ,1,1,1,"€ 1,13,267.48",11.11%
660,Spain,Female,36,0,"€ 84,438.57",1,1,1,"€ 1,81,449.51",100.00%
664,France,Female,34,7,"€ 93,920.47",1,0,0,"€ 1,79,913.98",0.00%
801,France,Male,43,4,"€ 1,58,713.08",2,0,0,"€ 98,586.14",0.00%
615,Spain,Male,42,4, € -   ,3,0,1,"€ 1,20,321.09",75.00%
718,Germany,Male,63,7,"€ 1,23,204.88",1,1,1,"€ 1,00,538.80",14.29%
667,France,Male,40,8,"€ 72,945.29",2,1,0,"€ 98,931.50",0.00%
670,Spain,Male,37,0,"€ 1,78,742.71",1,1,1,"€ 1,94,493.57",100.00%
590,France,Male,43,8, € -   ,2,1,1,"€ 1,43,628.31",25.00%
739,Spain,Female,40,8, € -   ,1,1,0,"€ 1,67,030.51",0.00%
373,France,Male,42,7, € -   ,1,1,0,"€ 77,786.37",0.00%
418,France,Female,46,9, € -   ,1,1,1,"€ 81,014.50",11.11%
837,France,Female,29,9, € -   ,2,1,1,"€ 41,866.26",22.22%
645,Germany,Male,43,9,"€ 1,40,121.17",1,1,0,"€ 11,302.70",0.00%
552,Germany,Male,39,2,"€ 1,32,906.88",1,0,1,"€ 1,49,384.43",50.00%
580,Germany,Male,45,2,"€ 1,79,334.83",2,1,1,"€ 1,69,303.65",100.00%
684,France,Male,35,3,"€ 1,37,179.39",1,1,1,"€ 37,264.11",33.33%
634,Spain,Male,35,3, € -   ,2,1,1,"€ 19,515.48",66.67%
607,France,Female,49,9,"€ 1,19,960.29",2,1,0,"€ 1,03,068.22",0.00%
802,France,Male,29,9,"€ 1,27,414.55",1,1,1,"€ 1,34,459.12",11.11%
736,France,Female,36,6, € -   ,1,1,0,"€ 70,496.66",0.00%
629,France,Female,40,9,"€ 1,37,409.19",1,1,0,"€ 1,75,877.70",0.00%
737,France,Male,28,8, € -   ,2,1,0,"€ 1,06,390.01",0.00%
718,Spain,Female,39,2, € -   ,1,1,1,"€ 52,138.49",50.00%
561,France,Male,43,4, € -   ,4,0,0,"€ 18,522.91",0.00%
641,France,Male,31,9,"€ 1,12,494.99",1,1,1,"€ 32,231.60",11.11%
677,France,Male,30,1,"€ 78,133.15",1,0,1,"€ 1,74,225.88",100.00%
641,Spain,Female,36,1, € -   ,2,1,0,"€ 1,02,021.39",0.00%
658,Spain,Female,32,5,"€ 1,45,553.07",1,1,1,"€ 31,484.76",20.00%
659,Germany,Male,48,4,"€ 1,23,593.22",2,1,0,"€ 82,469.06",0.00%
567,France,Female,47,2, € -   ,1,0,0,"€ 1,10,900.43",0.00%
584,France,Female,26,0,"€ 1,46,286.22",1,1,0,"€ 1,05,105.35",0.00%
709,Spain,Female,35,1,"€ 1,11,827.27",2,1,0,"€ 12,674.68",0.00%
690,Spain,Female,26,2, € -   ,2,1,1,"€ 93,255.85",100.00%
627,France,Male,70,1,"€ 94,416.78",1,0,1,"€ 1,45,299.50",100.00%
765,Spain,Male,45,2,"€ 91,549.78",1,1,1,"€ 47,139.44",50.00%
645,France,Female,38,7,"€ 59,568.57",1,1,1,"€ 1,67,723.25",14.29%
716,France,Female,23,2,"€ 94,464.81",2,0,1,"€ 1,85,900.88",100.00%
771,France,Female,57,4, € -   ,1,0,0,"€ 85,876.67",0.00%
687,Germany,Male,44,8,"€ 95,368.14",2,1,1,"€ 1,787.85",25.00%
717,Germany,Female,33,10,"€ 1,02,185.42",2,1,0,"€ 23,231.93",0.00%
524,France,Male,32,1,"€ 1,44,875.71",1,0,0,"€ 1,87,740.04",0.00%
679,Spain,Male,39,5, € -   ,2,1,1,"€ 1,00,060.54",40.00%
538,France,Female,32,2, € -   ,1,1,1,"€ 80,130.54",50.00%
752,Germany,Female,37,5,"€ 1,13,291.05",2,1,1,"€ 1,32,467.54",40.00%
846,Spain,Male,61,0, € -   ,2,1,1,"€ 96,202.44",200.00%
532,Spain,Female,39,0, € -   ,2,1,0,"€ 94,977.30",0.00%
670,Germany,Male,43,9,"€ 1,11,677.88",1,1,0,"€ 1,78,827.30",0.00%
597,Germany,Female,35,8,"€ 1,31,101.04",1,1,1,"€ 1,92,852.67",12.50%
627,Germany,Male,52,1,"€ 76,101.81",2,0,1,"€ 1,77,238.35",200.00%
700,Spain,Female,40,2, € -   ,2,1,0,"€ 1,99,753.97",0.00%
766,France,Female,52,7,"€ 92,510.90",2,0,1,"€ 66,193.61",28.57%
488,France,Female,34,2, € -   ,2,1,1,"€ 1,81,270.84",100.00%
694,France,Male,39,5,"€ 77,652.40",1,1,1,"€ 25,407.59",20.00%
639,France,Female,31,3,"€ 98,360.03",1,0,0,"€ 20,973.80",0.00%
705,Germany,Female,46,4,"€ 1,15,518.07",1,0,0,"€ 76,544.90",0.00%
810,Germany,Male,69,3,"€ 27,288.43",1,1,1,"€ 1,10,509.90",33.33%
638,France,Female,36,6, € -   ,1,1,0,"€ 1,64,247.51",0.00%
595,Spain,Female,43,5, € -   ,2,0,0,"€ 1,05,149.80",0.00%
575,France,Male,36,7, € -   ,1,1,1,"€ 55,868.97",14.29%
850,France,Male,31,6,"€ 1,31,996.66",2,1,1,"€ 1,78,747.43",33.33%
419,Spain,Female,27,2,"€ 1,21,580.42",1,0,1,"€ 1,34,720.51",50.00%
640,France,Male,55,10,"€ 1,32,436.34",1,1,0,€ 978.66,0.00%
570,Spain,Male,34,10, € -   ,2,0,1,"€ 1,83,387.12",20.00%
640,Germany,Female,46,5,"€ 1,07,978.40",2,1,0,"€ 1,55,876.06",0.00%
689,Germany,Female,40,4,"€ 78,119.59",4,1,0,"€ 1,19,259.34",0.00%
725,France,Male,26,6,"€ 98,684.15",1,0,0,"€ 1,33,720.57",0.00%
751,France,Female,44,10, € -   ,2,1,0,"€ 1,70,634.49",0.00%
544,Spain,Female,53,9, € -   ,1,1,0,"€ 1,25,692.07",0.00%
768,Germany,Female,43,2,"€ 1,29,264.05",2,0,0,"€ 19,150.14",0.00%
648,Germany,Male,37,6,"€ 1,31,753.41",1,1,0,"€ 86,894.67",0.00%
577,Spain,Female,33,6, € -   ,2,1,0,"€ 57,975.80",0.00%
639,Spain,Female,27,2, € -   ,1,1,1,"€ 82,938.99",50.00%
686,Germany,Male,26,1,"€ 57,422.62",1,1,1,"€ 79,189.40",100.00%
657,France,Female,28,7, € -   ,2,0,1,"€ 5,177.62",28.57%
613,France,Male,34,5,"€ 1,44,094.20",1,1,0,"€ 44,510.26",0.00%
701,France,Male,33,9,"€ 1,47,510.34",1,1,0,"€ 1,90,611.92",0.00%
578,Spain,Female,28,8,"€ 1,61,592.76",1,1,0,"€ 1,77,834.79",0.00%
689,France,Female,40,1, € -   ,2,1,1,"€ 1,19,446.64",200.00%
687,Spain,Female,72,4, € -   ,2,1,1,"€ 50,267.69",50.00%
499,Spain,Female,53,1,"€ 75,225.53",2,0,0,"€ 1,44,849.10",0.00%
693,Spain,Female,39,0, € -   ,2,0,0,"€ 81,901.60",0.00%
737,France,Female,70,9,"€ 87,542.89",2,1,1,"€ 42,576.86",22.22%
651,France,Female,32,8,"€ 1,44,581.96",1,1,1,"€ 87,609.50",12.50%
753,France,Male,33,5,"€ 1,22,568.05",2,1,1,"€ 82,820.85",40.00%
523,Spain,Female,24,5,"€ 1,72,231.93",1,0,1,"€ 1,55,144.12",20.00%
458,Germany,Female,28,2,"€ 1,71,932.26",2,1,1,"€ 9,578.24",100.00%
643,France,Male,39,7, € -   ,2,1,1,"€ 1,70,392.59",28.57%
638,Spain,Female,34,7, € -   ,2,0,0,"€ 3,946.29",0.00%
685,Germany,Male,38,4,"€ 1,11,798.06",2,1,1,"€ 1,02,184.66",50.00%
684,France,Male,38,4, € -   ,3,1,0,"€ 75,609.84",0.00%
670,France,Female,27,5,"€ 79,336.61",1,1,1,"€ 26,170.08",20.00%
701,Germany,Male,63,3,"€ 1,20,916.52",3,0,0,"€ 1,44,727.45",0.00%
705,France,Female,31,3,"€ 1,42,905.51",1,1,1,"€ 58,134.97",33.33%
593,Spain,Male,27,10, € -   ,3,0,0,"€ 94,620.00",0.00%
651,France,Female,33,1,"€ 96,834.78",1,1,0,"€ 1,08,764.69",0.00%
741,France,Male,37,9,"€ 1,05,261.76",2,1,1,"€ 1,49,503.54",22.22%
596,Germany,Male,54,1,"€ 1,23,544.00",1,1,1,"€ 1,20,314.75",100.00%
581,Germany,Male,41,2,"€ 1,27,913.71",2,1,1,"€ 44,205.95",100.00%
689,Spain,Female,28,5,"€ 95,328.60",1,1,0,"€ 6,129.61",0.00%
544,France,Male,30,4,"€ 73,218.89",1,0,1,"€ 1,26,796.69",25.00%
718,France,Female,41,1, € -   ,2,0,1,"€ 27,509.52",200.00%
583,Germany,Male,35,8,"€ 1,49,995.72",2,1,0,"€ 42,143.55",0.00%
663,Germany,Male,28,8,"€ 1,23,674.28",2,1,1,"€ 87,985.20",25.00%
666,Germany,Male,33,2,"€ 1,24,125.26",1,1,0,"€ 81,884.80",0.00%
524,Spain,Male,29,3,"€ 1,59,035.45",1,1,0,"€ 2,705.31",0.00%
599,France,Male,27,5, € -   ,2,1,0,"€ 30,546.40",0.00%
667,France,Male,27,7,"€ 1,56,811.74",1,1,1,"€ 1,49,402.59",14.29%
727,France,Male,52,4, € -   ,2,1,1,"€ 1,18,429.02",50.00%
689,Spain,Female,55,4, € -   ,2,1,1,"€ 58,442.25",50.00%
639,France,Male,39,6,"€ 1,50,555.83",1,1,0,"€ 30,414.17",0.00%
678,France,Male,28,2,"€ 1,09,137.12",1,1,1,"€ 58,814.41",50.00%
523,France,Male,36,8,"€ 1,58,351.02",2,1,0,"€ 1,55,304.53",0.00%
650,France,Female,47,9, € -   ,1,1,0,"€ 1,87,943.60",0.00%
744,Spain,Male,35,7, € -   ,2,1,1,"€ 43,036.60",28.57%
697,France,Male,40,4, € -   ,2,0,1,"€ 26,543.28",50.00%
800,Spain,Female,46,6, € -   ,2,1,0,"€ 1,71,928.04",0.00%
664,France,Male,24,7, € -   ,1,0,1,"€ 35,611.35",14.29%
740,France,Male,39,9, € -   ,2,1,0,"€ 19,047.23",0.00%
835,France,Female,56,2, € -   ,2,1,1,"€ 39,820.13",100.00%
559,France,Male,52,2, € -   ,1,1,0,"€ 1,29,013.59",0.00%
676,Spain,Male,36,1,"€ 82,729.49",1,1,0,"€ 1,13,810.12",0.00%
613,Germany,Female,45,9,"€ 1,42,765.24",2,1,0,"€ 34,749.65",0.00%
713,France,Female,25,4,"€ 1,21,172.97",1,1,1,"€ 56,268.98",25.00%
751,Germany,Female,28,10,"€ 1,32,932.14",2,1,1,"€ 46,630.47",20.00%
523,France,Male,22,8,"€ 1,23,374.46",1,1,1,"€ 1,24,906.59",12.50%
775,Germany,Female,74,0,"€ 1,61,371.50",1,1,1,"€ 1,34,869.93",100.00%
608,Spain,Male,45,4, € -   ,2,0,0,"€ 36,697.48",0.00%
673,France,Male,51,8,"€ 79,563.36",2,1,1,"€ 1,72,200.91",25.00%
616,France,Male,46,2, € -   ,2,1,0,"€ 1,37,136.46",0.00%
650,Germany,Female,48,7,"€ 1,38,232.24",1,1,0,"€ 57,594.78",0.00%
655,France,Female,41,5, € -   ,1,0,0,"€ 36,548.00",0.00%
782,Germany,Female,53,1,"€ 81,571.05",1,1,0,"€ 1,82,960.46",0.00%
781,Spain,Male,35,1, € -   ,2,0,0,"€ 42,117.90",0.00%
593,France,Female,33,0,"€ 95,927.04",1,1,0,"€ 1,99,478.05",0.00%
505,Spain,Male,35,8,"€ 1,16,932.59",1,1,0,"€ 91,092.84",0.00%
707,France,Male,40,1, € -   ,2,1,0,"€ 14,090.40",0.00%
692,France,Female,36,3,"€ 79,551.12",1,0,1,"€ 1,78,267.07",33.33%
813,Germany,Male,30,1,"€ 1,16,416.94",1,0,1,"€ 85,808.22",100.00%
850,Spain,Male,37,4,"€ 88,141.10",1,1,0,"€ 1,09,659.12",0.00%
753,France,Male,32,6,"€ 1,77,729.13",1,1,1,"€ 1,61,642.08",16.67%
850,Spain,Female,32,5, € -   ,1,1,1,"€ 3,830.59",20.00%
671,Spain,Male,32,6,"€ 1,23,912.78",2,1,1,"€ 1,46,636.44",33.33%
791,France,Female,33,3, € -   ,1,1,1,"€ 1,44,413.92",33.33%
624,France,Male,80,3, € -   ,1,1,1,"€ 65,801.44",33.33%
649,France,Female,35,4,"€ 1,08,306.44",1,1,1,"€ 1,92,486.24",25.00%
732,Germany,Female,48,4,"€ 1,02,962.62",1,1,0,"€ 1,20,852.85",0.00%
664,France,Female,36,0,"€ 1,03,502.22",1,1,1,"€ 1,46,191.82",100.00%
789,Germany,Male,43,8,"€ 1,19,654.44",2,0,1,"€ 1,48,412.24",25.00%
680,France,Male,33,10,"€ 1,83,768.47",1,1,0,"€ 1,64,119.35",0.00%
701,France,Male,37,1, € -   ,2,1,0,"€ 1,63,457.55",0.00%
684,France,Female,25,1, € -   ,2,0,1,"€ 1,44,978.47",200.00%
586,France,Female,52,6,"€ 1,40,900.97",1,1,1,"€ 67,288.89",16.67%
522,Germany,Female,25,5,"€ 94,049.92",2,1,0,"€ 1,03,269.00",0.00%
739,Spain,Female,27,8,"€ 98,926.40",1,1,1,"€ 1,06,969.98",12.50%
835,Germany,Male,18,2,"€ 1,42,872.36",1,1,1,"€ 1,17,632.63",50.00%
790,Spain,Male,29,3,"€ 46,057.96",2,1,1,"€ 1,89,777.66",66.67%
671,France,Female,48,6,"€ 1,19,769.77",1,0,1,"€ 66,032.65",16.67%
560,France,Female,44,5,"€ 1,43,244.97",1,1,0,"€ 98,661.27",0.00%
651,France,Male,28,10,"€ 79,562.98",1,1,1,"€ 74,687.37",10.00%
682,France,Male,69,6, € -   ,2,0,1,"€ 1,49,604.18",33.33%
808,France,Male,41,0, € -   ,1,1,1,"€ 79,888.78",100.00%
644,Spain,Male,26,8,"€ 96,659.64",2,1,1,"€ 1,38,775.69",25.00%
688,France,Male,29,1, € -   ,2,1,0,"€ 1,54,695.57",0.00%
617,France,Female,26,2,"€ 1,65,947.99",2,0,1,"€ 1,68,834.38",100.00%
738,France,Male,33,4,"€ 92,676.30",1,1,0,"€ 1,05,817.63",0.00%
663,France,Male,45,5,"€ 83,195.12",1,1,1,"€ 48,682.10",20.00%
515,France,Male,48,5,"€ 1,29,387.94",1,0,1,"€ 1,47,955.91",20.00%
845,France,Female,28,9, € -   ,2,1,1,"€ 56,185.98",22.22%
639,Spain,Male,38,9,"€ 1,30,233.14",1,1,1,"€ 81,861.10",11.11%
557,France,Female,32,3,"€ 1,23,502.53",1,1,1,"€ 69,826.80",33.33%
543,Germany,Male,37,8,"€ 1,40,894.06",2,1,1,"€ 1,18,059.19",25.00%
585,Germany,Male,44,7,"€ 1,63,867.86",1,1,1,"€ 1,12,333.22",14.29%
610,France,Female,27,2, € -   ,2,1,0,"€ 14,546.76",0.00%
727,Germany,Female,18,2,"€ 93,816.70",2,1,0,"€ 1,26,172.11",0.00%
540,Spain,Female,40,8, € -   ,2,1,0,"€ 3,560.00",0.00%
418,France,Male,35,7, € -   ,2,1,1,"€ 88,878.15",28.57%
660,France,Female,32,0,"€ 1,14,668.89",1,1,0,"€ 84,605.00",0.00%
850,Germany,Male,38,5,"€ 1,46,756.68",1,1,0,"€ 78,268.61",0.00%
618,France,Female,46,6,"€ 1,50,213.71",1,1,0,"€ 1,20,668.46",0.00%
642,Germany,Male,18,5,"€ 1,11,183.53",2,0,1,"€ 10,063.75",40.00%
850,France,Female,40,9,"€ 99,816.46",1,1,1,"€ 1,63,989.66",11.11%
739,France,Male,34,9, € -   ,1,1,0,"€ 60,584.33",0.00%
508,France,Female,41,5, € -   ,2,1,1,"€ 94,170.84",40.00%
667,France,Male,41,6, € -   ,2,0,0,"€ 1,67,181.77",0.00%
741,France,Female,60,5, € -   ,1,1,1,"€ 38,914.51",20.00%
592,France,Male,29,7, € -   ,2,1,1,"€ 91,196.67",28.57%
651,Germany,Female,45,6,"€ 86,714.06",1,1,0,"€ 85,869.89",0.00%
773,Spain,Male,52,2, € -   ,2,1,0,"€ 57,337.79",0.00%
850,Spain,Male,41,8,"€ 1,32,838.07",1,1,1,"€ 1,75,347.28",12.50%
550,Germany,Female,42,10,"€ 1,28,707.31",1,1,0,"€ 63,092.65",0.00%
783,France,Male,40,6, € -   ,2,1,0,"€ 1,09,742.55",0.00%
777,France,Male,29,2, € -   ,2,1,0,"€ 1,24,489.88",0.00%
659,France,Male,29,6,"€ 1,23,192.12",1,1,1,"€ 56,971.41",16.67%
727,Germany,Male,46,3,"€ 1,15,248.11",4,1,0,"€ 1,30,752.01",0.00%
603,France,Male,38,8,"€ 59,360.77",1,1,1,"€ 1,91,457.06",12.50%
644,Spain,Male,37,9, € -   ,2,1,1,"€ 96,442.86",22.22%
647,France,Female,35,6,"€ 1,12,668.70",1,0,1,"€ 1,22,584.29",16.67%
648,Germany,Female,37,7,"€ 1,38,503.51",2,1,0,"€ 57,215.85",0.00%
721,Spain,Male,57,1, € -   ,1,1,1,"€ 1,95,940.96",100.00%
524,France,Male,29,7, € -   ,2,1,1,"€ 1,05,448.74",28.57%
626,France,Female,34,3, € -   ,2,1,1,"€ 37,870.29",66.67%
569,France,Male,43,7, € -   ,2,1,0,"€ 52,534.81",0.00%
578,Spain,Male,36,1,"€ 1,57,267.95",2,1,0,"€ 1,41,533.19",0.00%
769,France,Female,40,9,"€ 1,33,871.05",1,1,1,"€ 50,568.02",11.11%
694,Germany,Male,31,4,"€ 1,41,989.27",2,1,0,"€ 26,116.82",0.00%
664,France,Female,41,5, € -   ,1,1,1,"€ 1,52,054.33",20.00%
646,France,Male,38,7, € -   ,2,1,0,"€ 1,528.40",0.00%
779,France,Female,29,3,"€ 46,388.16",3,1,0,"€ 1,27,939.26",0.00%
782,Germany,Female,72,5,"€ 1,48,666.99",1,1,0,"€ 2,605.65",0.00%
769,Germany,Male,34,7,"€ 1,15,101.50",1,0,0,"€ 57,841.89",0.00%
655,Germany,Male,67,6,"€ 1,48,363.38",1,1,1,"€ 1,86,995.17",16.67%
623,Spain,Male,46,4, € -   ,1,1,0,"€ 5,549.11",0.00%
705,Spain,Female,39,8,"€ 1,44,102.32",1,1,1,"€ 11,682.36",12.50%
686,France,Male,41,5,"€ 1,28,876.71",3,1,1,"€ 1,06,939.34",60.00%
678,Germany,Male,36,6,"€ 1,18,448.15",2,1,0,"€ 53,172.02",0.00%
738,France,Male,39,5, € -   ,2,1,1,"€ 1,14,388.98",40.00%
703,France,Male,28,9, € -   ,2,0,1,"€ 2,151.17",22.22%
554,Spain,Male,42,1, € -   ,2,0,1,"€ 1,83,492.90",200.00%
582,France,Female,38,9,"€ 1,35,979.01",4,1,1,"€ 76,582.95",44.44%
644,France,Male,37,6,"€ 1,17,271.80",2,1,0,"€ 1,04,217.96",0.00%
724,France,Male,29,4, € -   ,1,1,0,"€ 8,982.75",0.00%
593,France,Male,33,1, € -   ,2,0,0,"€ 9,984.40",0.00%
710,Spain,Female,30,10, € -   ,2,1,0,"€ 19,500.10",0.00%
631,France,Male,35,8,"€ 1,29,205.49",1,1,1,"€ 79,146.36",12.50%
739,Spain,Female,41,8, € -   ,1,1,0,"€ 1,91,694.77",0.00%
644,Spain,Male,18,7, € -   ,1,0,1,"€ 59,645.24",14.29%
652,Germany,Male,35,7,"€ 1,04,015.54",2,1,1,"€ 55,207.88",28.57%
554,Spain,Male,37,3, € -   ,2,1,0,"€ 1,66,177.30",0.00%
483,France,Female,30,9, € -   ,2,0,0,"€ 1,36,356.97",0.00%
669,Germany,Female,42,1,"€ 1,03,873.39",1,1,0,"€ 1,48,611.52",0.00%
841,Germany,Female,52,3,"€ 1,12,383.03",1,1,0,"€ 85,516.37",0.00%
662,France,Male,34,2,"€ 1,17,731.79",2,0,1,"€ 55,120.79",100.00%
821,Germany,Male,45,0,"€ 1,35,827.33",2,1,1,"€ 1,31,778.58",200.00%
783,France,Male,38,9,"€ 1,14,135.17",1,1,0,"€ 1,53,269.98",0.00%
850,France,Female,28,9, € -   ,2,1,1,"€ 1,64,864.67",22.22%
559,France,Male,62,6,"€ 1,18,756.62",1,1,1,"€ 20,367.68",16.67%
602,Spain,Male,34,8,"€ 98,382.72",1,1,0,"€ 39,542.00",0.00%
563,Germany,Male,41,2,"€ 1,00,520.92",1,1,1,"€ 19,412.80",50.00%
695,Spain,Female,35,7,"€ 79,858.13",2,1,1,"€ 1,27,977.66",28.57%
546,France,Female,20,6, € -   ,1,0,1,"€ 20,508.85",16.67%
719,Germany,Female,76,10,"€ 95,052.29",1,1,0,"€ 1,76,244.87",0.00%
539,Germany,Male,42,1,"€ 1,77,728.55",1,1,0,"€ 1,05,013.63",0.00%
632,France,Male,71,3,"€ 83,116.68",1,1,1,"€ 27,597.76",33.33%
772,Germany,Male,34,7,"€ 1,11,565.91",1,1,1,"€ 1,21,073.23",14.29%
708,Spain,Male,40,8,"€ 83,015.71",1,1,0,"€ 1,01,089.76",0.00%
668,Germany,Female,28,1,"€ 1,24,511.01",1,0,0,"€ 1,14,258.18",0.00%
738,France,Female,67,1,"€ 1,30,652.52",1,0,1,"€ 22,762.23",100.00%
785,France,Male,55,5, € -   ,2,1,1,"€ 7,008.65",40.00%
597,France,Male,61,5, € -   ,2,1,1,"€ 81,299.17",40.00%
531,France,Male,37,7,"€ 1,21,854.45",1,1,0,"€ 1,47,521.35",0.00%
509,France,Male,26,10, € -   ,2,1,1,"€ 6,177.83",20.00%
508,France,Male,35,1,"€ 86,893.28",1,0,0,"€ 59,374.82",0.00%
749,Germany,Female,32,7,"€ 79,523.13",1,0,1,"€ 1,57,648.12",14.29%
621,Germany,Female,55,7,"€ 1,31,033.76",1,0,1,"€ 75,685.59",14.29%
659,France,Female,33,7,"€ 89,939.62",1,1,0,"€ 1,36,540.09",0.00%
634,Germany,Female,59,3,"€ 95,727.05",1,0,0,"€ 97,939.40",0.00%
675,France,Male,39,7, € -   ,2,0,1,"€ 36,267.21",28.57%
770,France,Male,31,3,"€ 1,55,047.56",2,1,1,"€ 1,86,064.34",66.67%
736,France,Female,29,9, € -   ,2,0,0,"€ 1,76,152.70",0.00%
524,France,Male,44,10,"€ 1,18,569.03",2,0,0,"€ 82,117.20",0.00%
674,France,Male,28,5, € -   ,1,1,1,"€ 1,51,925.25",20.00%
700,Spain,Male,44,9, € -   ,2,1,0,"€ 1,42,287.65",0.00%
741,France,Female,35,1, € -   ,2,1,0,"€ 36,557.55",0.00%
455,France,Male,40,1, € -   ,3,0,1,"€ 1,29,975.34",300.00%
608,Spain,Male,37,2,"€ 1,30,461.02",1,1,0,"€ 21,967.15",0.00%
776,France,Male,36,1, € -   ,2,1,0,"€ 53,477.76",0.00%
635,France,Male,33,1, € -   ,3,0,0,"€ 1,78,067.33",0.00%
746,France,Female,37,4, € -   ,2,0,1,"€ 1,71,039.56",50.00%
692,Spain,Female,47,3, € -   ,2,1,0,"€ 1,50,802.41",0.00%
683,Spain,Male,35,9,"€ 61,172.04",1,0,0,"€ 82,951.12",0.00%
591,Germany,Female,35,2,"€ 90,194.34",2,1,0,"€ 57,064.57",0.00%
581,France,Female,24,3,"€ 95,508.20",1,1,1,"€ 45,755.00",33.33%
684,Germany,Male,35,3,"€ 99,967.76",1,1,1,"€ 1,76,882.08",33.33%
561,Spain,Male,37,4,"€ 1,01,470.29",1,0,1,"€ 88,838.14",25.00%
718,Germany,Female,33,4,"€ 70,541.06",1,0,0,"€ 88,592.80",0.00%
590,France,Male,31,8,"€ 1,12,211.61",1,1,0,"€ 26,261.42",0.00%
573,France,Female,47,8,"€ 1,54,543.98",1,1,0,"€ 29,586.73",0.00%
350,France,Female,40,0,"€ 1,11,098.85",1,1,1,"€ 1,72,321.21",100.00%
504,Germany,Female,44,0,"€ 1,31,873.07",2,1,1,"€ 1,58,036.72",200.00%
813,Spain,Male,27,1,"€ 1,37,275.36",1,0,1,"€ 1,15,733.16",100.00%
641,Spain,Male,31,3,"€ 1,53,316.14",1,1,0,"€ 59,927.99",0.00%
662,France,Female,22,9, € -   ,2,1,1,"€ 44,377.65",22.22%
497,Spain,Male,44,2,"€ 1,21,250.04",1,0,1,"€ 79,691.40",50.00%
716,France,Male,31,8,"€ 1,09,578.04",2,1,1,"€ 51,503.51",25.00%
526,France,Female,37,5,"€ 53,573.18",1,1,0,"€ 62,830.97",0.00%
760,Germany,Female,34,6,"€ 58,003.41",1,1,0,"€ 90,346.10",0.00%
669,France,Female,31,6,"€ 1,13,000.66",1,1,0,"€ 40,467.82",0.00%
655,France,Male,27,10, € -   ,2,1,0,"€ 51,620.94",0.00%
547,France,Female,49,2, € -   ,1,0,0,"€ 65,466.93",0.00%
648,Germany,Female,40,5,"€ 1,39,973.65",1,1,1,€ 667.66,20.00%
790,France,Female,31,2,"€ 1,51,290.16",1,1,1,"€ 1,72,437.12",50.00%
744,Germany,Female,50,1,"€ 1,21,498.11",2,0,1,"€ 1,06,061.47",200.00%
761,Spain,Female,32,4,"€ 1,03,515.39",2,1,1,"€ 1,77,622.38",50.00%
750,France,Female,35,3, € -   ,1,1,0,"€ 1,91,520.50",0.00%
680,France,Male,34,9, € -   ,2,1,1,"€ 95,686.60",22.22%
704,Spain,Male,38,6,"€ 1,06,687.76",1,1,0,"€ 1,73,776.50",0.00%
521,France,Female,41,2, € -   ,2,1,1,"€ 1,13,089.43",100.00%
452,France,Female,35,8, € -   ,2,1,1,"€ 1,49,614.81",25.00%
695,France,Female,31,5,"€ 1,06,089.20",1,0,0,"€ 99,537.68",0.00%
850,Spain,Male,71,10,"€ 69,608.14",1,1,0,"€ 97,893.40",0.00%
625,France,Male,31,5, € -   ,2,0,1,€ 90.07,40.00%
608,Germany,Female,40,7,"€ 96,202.32",1,0,0,"€ 1,61,154.85",0.00%
715,France,Female,38,0, € -   ,2,1,1,€ 332.81,200.00%
834,Spain,Male,33,5, € -   ,2,1,0,"€ 66,285.18",0.00%
469,France,Male,33,1,"€ 1,27,818.52",1,1,0,"€ 1,63,477.22",0.00%
480,France,Female,40,7, € -   ,1,1,0,"€ 1,70,332.67",0.00%
527,Germany,Male,58,3,"€ 1,37,318.42",1,1,1,"€ 1,26,144.96",33.33%
834,Spain,Male,34,5, € -   ,2,0,0,"€ 53,437.10",0.00%
583,France,Female,40,4,"€ 55,776.39",2,1,0,"€ 26,920.43",0.00%
696,Germany,Male,32,4,"€ 84,421.62",1,0,1,"€ 52,314.71",25.00%
606,France,Male,32,5,"€ 83,161.65",1,1,1,"€ 1,16,885.59",20.00%
713,France,Female,39,10, € -   ,2,1,1,"€ 1,26,263.97",20.00%
821,Germany,Male,42,3,"€ 87,807.29",2,1,1,"€ 64,613.81",66.67%
550,France,Female,30,4, € -   ,2,1,0,"€ 89,216.29",0.00%
675,France,Female,39,6, € -   ,2,0,0,"€ 83,419.15",0.00%
748,Spain,Male,39,3, € -   ,2,1,1,"€ 1,23,998.52",66.67%
606,Germany,Male,40,9,"€ 95,293.86",2,0,1,"€ 96,985.58",22.22%
726,Germany,Male,30,7,"€ 92,847.59",1,1,0,"€ 1,46,154.06",0.00%
547,France,Male,30,6, € -   ,2,1,1,"€ 18,471.86",33.33%
758,Spain,Male,35,5, € -   ,2,1,0,"€ 95,009.60",0.00%
596,France,Male,37,2, € -   ,1,0,1,"€ 1,21,175.86",50.00%
720,Spain,Male,34,3, € -   ,2,1,1,"€ 77,047.78",66.67%
674,France,Male,37,3, € -   ,1,1,0,"€ 1,58,049.90",0.00%
756,France,Female,32,4, € -   ,2,1,0,"€ 1,47,040.25",0.00%
649,Germany,Male,78,4,"€ 68,345.86",2,1,1,"€ 1,42,566.75",50.00%
613,Germany,Male,28,7,"€ 76,656.40",2,1,1,"€ 1,85,483.24",28.57%
643,France,Male,62,9, € -   ,2,0,0,"€ 1,55,870.82",0.00%
600,France,Male,31,8, € -   ,2,1,1,"€ 1,21,555.51",25.00%
735,Spain,Male,39,1,"€ 60,374.98",1,1,0,"€ 40,223.74",0.00%
585,France,Female,34,1, € -   ,1,1,1,"€ 75,503.60",100.00%
724,Germany,Male,33,4,"€ 88,046.88",1,0,1,"€ 1,86,942.49",25.00%
635,Spain,Male,29,2, € -   ,2,0,0,"€ 1,17,173.80",0.00%
472,France,Male,19,9, € -   ,2,1,0,"€ 3,453.40",0.00%
590,France,Male,36,1, € -   ,2,1,0,"€ 48,876.84",0.00%
651,Spain,Female,63,8,"€ 1,29,968.67",1,1,1,"€ 11,830.53",12.50%
686,Germany,Female,39,4,"€ 1,57,731.60",2,1,0,"€ 1,62,820.60",0.00%
606,France,Male,32,6, € -   ,2,0,1,"€ 36,540.63",33.33%
781,France,Male,33,3,"€ 89,276.48",1,1,0,"€ 6,959.00",0.00%
593,France,Male,45,4,"€ 1,38,825.19",1,0,0,"€ 10,828.78",0.00%
793,France,Male,63,4,"€ 1,03,729.79",2,1,1,"€ 80,272.06",50.00%
791,France,Female,31,10,"€ 75,499.24",1,1,0,"€ 22,184.14",0.00%
850,France,Male,68,5,"€ 1,69,445.40",1,1,1,"€ 1,86,335.07",20.00%
698,France,Female,57,9,"€ 1,11,359.55",2,1,0,"€ 1,05,715.01",0.00%
846,France,Female,34,10,"€ 1,42,388.61",2,0,1,"€ 68,393.64",20.00%
765,France,Male,42,4,"€ 1,23,311.39",2,1,1,"€ 82,868.34",50.00%
574,Spain,Male,52,7,"€ 1,15,532.52",1,1,0,"€ 1,96,257.67",0.00%
617,Germany,Female,51,10,"€ 1,67,273.71",1,0,0,"€ 93,439.75",0.00%
581,France,Male,25,5,"€ 77,886.53",2,1,0,"€ 1,50,319.49",0.00%
710,Germany,Male,37,6,"€ 1,35,795.63",1,0,1,"€ 46,523.60",16.67%
550,France,Male,32,8,"€ 97,514.07",1,1,1,"€ 1,99,138.84",12.50%
533,Germany,Male,51,6,"€ 1,27,545.56",2,0,0,"€ 79,559.02",0.00%
779,France,Male,49,9,"€ 1,06,160.37",1,0,0,"€ 1,16,893.87",0.00%
763,France,Female,23,2, € -   ,2,1,0,"€ 1,53,983.99",0.00%
563,Spain,Female,36,4,"€ 1,43,680.47",2,1,1,"€ 63,531.19",50.00%
678,Spain,Male,38,3,"€ 1,24,483.53",1,1,0,"€ 1,26,253.31",0.00%
644,Spain,Female,31,5,"€ 86,006.30",1,1,1,"€ 73,922.95",20.00%
682,Germany,Female,43,7,"€ 1,11,094.05",2,1,1,"€ 64,679.30",28.57%
625,France,Male,22,9, € -   ,2,1,0,"€ 1,57,072.91",0.00%
733,Spain,Male,36,1, € -   ,2,0,1,"€ 1,08,377.82",200.00%
512,France,Female,30,6, € -   ,2,1,0,"€ 88,827.31",0.00%
642,France,Female,41,7,"€ 1,15,171.71",1,1,1,"€ 37,674.47",14.29%
737,Germany,Female,22,10,"€ 1,11,543.26",2,0,0,"€ 1,06,327.85",0.00%
575,France,Female,57,8,"€ 1,37,936.94",1,1,1,"€ 84,475.13",12.50%
543,Germany,Female,37,3,"€ 1,22,304.65",2,0,0,"€ 33,998.70",0.00%
521,Germany,Male,41,8,"€ 1,20,586.54",1,0,1,"€ 20,491.15",12.50%
637,France,Male,32,3, € -   ,2,1,1,"€ 1,97,827.06",66.67%
714,France,Male,40,9,"€ 46,520.69",1,1,1,"€ 96,687.25",11.11%
726,Spain,Female,56,2,"€ 1,05,473.74",1,1,1,"€ 46,044.70",50.00%
680,Spain,Female,34,7, € -   ,2,1,0,"€ 98,949.85",0.00%
812,Germany,Male,39,5,"€ 1,15,730.71",3,1,1,"€ 1,85,599.34",60.00%
757,Spain,Male,30,3,"€ 1,45,396.49",1,0,1,"€ 1,98,341.15",33.33%
710,Spain,Male,62,3,"€ 1,31,078.42",2,1,0,"€ 1,19,348.76",0.00%
516,Germany,Female,47,9,"€ 1,28,298.74",1,0,0,"€ 1,49,614.17",0.00%
803,France,Female,40,6,"€ 1,65,526.71",1,1,0,"€ 12,328.08",0.00%
560,France,Female,38,5,"€ 83,714.41",1,1,1,"€ 33,245.97",20.00%
679,France,Female,36,3, € -   ,2,1,1,"€ 2,243.41",66.67%
526,France,Male,32,7,"€ 1,25,540.05",1,0,0,"€ 86,786.41",0.00%
485,France,Male,41,2,"€ 1,00,254.76",2,1,1,"€ 12,706.67",100.00%
625,France,Female,36,3, € -   ,2,1,0,"€ 41,295.10",0.00%
773,Spain,Male,43,7,"€ 1,38,150.57",1,1,1,"€ 1,77,357.16",14.29%
530,France,Female,45,1, € -   ,1,0,1,"€ 1,90,663.89",100.00%
616,Germany,Female,43,7,"€ 95,984.21",1,0,1,"€ 1,15,262.54",14.29%
651,France,Male,23,10, € -   ,2,1,1,"€ 1,70,099.23",20.00%
586,Germany,Male,38,2,"€ 1,36,858.42",1,0,1,"€ 1,89,143.94",50.00%
607,Germany,Male,29,7,"€ 1,02,609.00",1,1,0,"€ 1,63,257.44",0.00%
724,Spain,Male,39,3, € -   ,2,0,1,"€ 95,562.81",66.67%
733,France,Male,64,3, € -   ,2,1,1,"€ 75,272.63",66.67%
667,Germany,Male,70,3,"€ 77,356.92",2,1,1,"€ 20,881.96",66.67%
700,France,Female,32,8,"€ 1,10,923.15",2,1,1,"€ 1,61,845.81",25.00%
659,Spain,Male,78,2,"€ 1,51,675.65",1,0,1,"€ 49,978.67",50.00%
710,Spain,Male,22,8, € -   ,3,1,0,"€ 1,07,292.91",0.00%
760,France,Male,37,7, € -   ,1,0,0,"€ 32,863.24",0.00%
677,France,Female,25,3, € -   ,2,1,0,"€ 1,79,608.96",0.00%
798,Germany,Female,29,8,"€ 80,204.11",2,1,0,"€ 70,223.22",0.00%
758,France,Male,35,7, € -   ,2,1,0,"€ 77,951.84",0.00%
715,France,Male,45,4, € -   ,2,1,1,"€ 55,043.93",50.00%
752,Germany,Male,32,9,"€ 1,15,587.49",2,0,1,"€ 1,01,677.46",22.22%
586,Germany,Male,46,8,"€ 1,06,968.96",1,1,1,"€ 79,366.98",12.50%
818,France,Male,36,4, € -   ,2,1,1,"€ 8,037.03",50.00%
490,Germany,Female,41,0,"€ 1,39,659.04",1,1,1,"€ 1,76,254.12",100.00%
610,Germany,Female,69,5,"€ 86,038.21",3,0,0,"€ 1,92,743.06",0.00%
627,Germany,Male,24,5,"€ 1,02,773.20",2,1,0,"€ 56,793.02",0.00%
533,France,Female,35,8, € -   ,2,1,1,"€ 1,87,900.12",25.00%
708,France,Female,51,8,"€ 70,754.18",1,1,1,"€ 92,920.04",12.50%
681,France,Male,59,4,"€ 1,22,781.51",1,0,1,"€ 1,40,166.95",25.00%
690,France,Male,21,8, € -   ,2,1,1,"€ 1,55,782.89",25.00%
656,Germany,Male,68,7,"€ 1,53,545.11",1,1,1,"€ 1,86,574.68",14.29%
673,Spain,Male,40,1,"€ 1,21,629.22",1,1,1,"€ 3,258.60",100.00%
806,Germany,Male,36,8,"€ 1,67,983.17",2,1,1,"€ 1,06,714.28",25.00%
648,Spain,Female,43,7,"€ 81,153.82",1,1,1,"€ 1,44,532.85",14.29%
501,France,Male,35,6,"€ 99,760.84",1,1,1,"€ 13,591.52",16.67%
556,Germany,Female,43,4,"€ 1,25,890.72",1,1,1,"€ 74,854.97",25.00%
627,France,Female,27,2, € -   ,2,1,0,"€ 1,25,451.01",0.00%
652,France,Male,31,2,"€ 1,19,148.55",1,0,0,"€ 1,49,740.22",0.00%
807,Germany,Female,60,1,"€ 72,948.58",2,1,1,"€ 17,355.36",200.00%
708,Germany,Male,21,8,"€ 1,33,974.36",2,1,0,"€ 50,294.09",0.00%
619,France,Male,27,1,"€ 1,54,483.98",1,1,0,"€ 1,56,394.74",0.00%
601,France,Male,40,10,"€ 98,627.13",2,0,0,"€ 77,977.69",0.00%
445,France,Male,64,2,"€ 1,36,770.67",1,0,1,"€ 43,678.06",50.00%
800,Germany,Male,39,4,"€ 95,252.72",1,1,0,"€ 13,906.34",0.00%
554,France,Male,33,3,"€ 1,17,413.95",1,1,1,"€ 12,766.74",33.33%
714,Germany,Male,54,4,"€ 1,37,986.58",2,0,1,"€ 51,308.54",50.00%
656,France,Male,44,10,"€ 1,43,571.52",1,0,0,"€ 1,27,444.14",0.00%
520,France,Male,49,5,"€ 1,21,197.64",1,1,0,"€ 72,577.33",0.00%
480,Spain,Male,39,5,"€ 1,21,626.90",1,1,1,"€ 82,438.13",20.00%
660,Germany,Male,30,1,"€ 84,440.10",2,1,1,"€ 60,485.98",200.00%
532,France,Male,36,4, € -   ,2,1,1,"€ 1,32,798.78",50.00%
679,France,Male,42,1, € -   ,2,0,0,"€ 71,823.15",0.00%
780,France,Female,26,3,"€ 1,40,356.70",1,1,0,"€ 1,17,144.15",0.00%
747,France,Male,29,7, € -   ,2,1,1,"€ 1,41,706.43",28.57%
705,France,Female,39,3,"€ 92,224.56",1,1,1,"€ 54,517.25",33.33%
732,France,Female,43,9, € -   ,2,1,0,"€ 1,83,147.17",0.00%
515,Spain,Male,40,10,"€ 1,21,355.99",1,1,0,"€ 1,38,360.29",0.00%
816,Germany,Female,40,9,"€ 1,09,003.26",1,1,1,"€ 79,580.56",11.11%
641,France,Female,48,3,"€ 1,47,341.43",1,1,1,"€ 1,57,458.61",33.33%
509,France,Male,18,7,"€ 1,02,983.91",1,1,0,"€ 1,71,770.58",0.00%
601,Germany,Female,49,4,"€ 96,252.98",2,1,0,"€ 1,04,263.82",0.00%
527,France,Male,39,4, € -   ,2,1,0,"€ 1,67,183.07",0.00%
455,France,Female,27,5,"€ 1,55,879.09",2,0,0,"€ 70,774.97",0.00%
803,Germany,Male,34,4,"€ 1,42,929.16",2,1,1,"€ 1,14,869.56",50.00%
553,France,Male,32,7,"€ 64,082.09",1,0,1,"€ 1,09,159.58",14.29%
724,France,Female,28,5, € -   ,1,1,0,"€ 59,351.68",0.00%
610,France,Female,45,1, € -   ,2,1,1,"€ 1,99,657.46",200.00%
559,Spain,Female,39,2, € -   ,2,1,1,"€ 1,21,151.10",100.00%
825,Germany,Female,35,6,"€ 1,18,336.95",1,1,0,"€ 26,342.33",0.00%
819,Spain,Female,28,8,"€ 1,68,253.21",1,1,1,"€ 1,02,799.14",12.50%
772,Germany,Female,42,0,"€ 1,01,979.16",1,1,0,"€ 90,928.48",0.00%
685,Spain,Male,23,5,"€ 1,64,902.43",1,0,0,"€ 1,41,152.28",0.00%
506,France,Male,43,2, € -   ,2,1,0,"€ 1,05,568.60",0.00%
642,Germany,Male,22,10,"€ 1,11,812.52",2,1,1,"€ 1,83,045.46",20.00%
627,Spain,Male,40,10, € -   ,2,1,1,"€ 1,94,792.42",20.00%
600,Germany,Male,30,2,"€ 1,19,755.00",1,1,1,"€ 21,852.91",50.00%
653,France,Male,46,0,"€ 1,19,556.10",1,1,0,"€ 78,250.13",0.00%
762,Spain,Female,35,3,"€ 1,19,349.69",3,1,1,"€ 47,114.18",100.00%
569,Spain,Female,30,3,"€ 1,39,528.23",1,1,1,"€ 33,230.37",33.33%
756,France,Male,40,1,"€ 94,773.11",1,1,0,"€ 1,14,279.63",0.00%
673,France,Male,31,1,"€ 1,08,345.22",1,0,1,"€ 38,802.03",100.00%
637,France,Female,36,9,"€ 1,66,939.88",1,1,1,"€ 72,504.76",11.11%
644,France,Male,33,7,"€ 1,74,571.36",1,0,1,"€ 43,943.09",14.29%
658,Spain,Male,35,9,"€ 71,829.34",1,1,1,"€ 68,141.92",11.11%
649,France,Female,36,8, € -   ,2,0,1,"€ 1,09,179.89",25.00%
603,France,Female,39,9,"€ 76,769.68",1,0,0,"€ 48,224.72",0.00%
820,France,Female,39,1,"€ 1,04,614.29",1,1,0,"€ 61,538.43",0.00%
712,Spain,Male,27,10, € -   ,1,1,0,"€ 94,544.88",0.00%
645,Germany,Female,31,1,"€ 1,28,927.93",1,1,1,"€ 2,850.01",100.00%
705,Germany,Female,31,9,"€ 1,10,941.93",2,1,0,"€ 1,63,484.80",0.00%
590,Spain,Female,29,10,"€ 99,250.08",1,1,1,"€ 1,29,629.41",10.00%
631,France,Male,36,1, € -   ,2,0,0,"€ 1,33,141.34",0.00%
604,France,Male,34,7, € -   ,2,1,1,"€ 1,88,078.55",28.57%
643,Spain,Male,48,8, € -   ,2,1,0,"€ 1,74,729.30",0.00%
690,Spain,Female,30,5, € -   ,2,0,1,"€ 78,700.03",40.00%
558,France,Male,31,7, € -   ,1,1,0,"€ 1,98,269.08",0.00%
637,Germany,Male,51,1,"€ 1,04,682.83",1,1,0,"€ 55,266.96",0.00%
648,Germany,Female,45,5,"€ 1,18,886.55",1,0,0,"€ 51,636.70",0.00%
652,Spain,Male,28,8,"€ 1,56,823.70",2,1,0,"€ 1,98,251.52",0.00%
808,Germany,Male,39,3,"€ 1,24,216.93",1,0,1,"€ 1,71,442.36",33.33%
551,France,Female,26,2,"€ 1,44,258.52",1,1,0,"€ 49,778.79",0.00%
711,Germany,Male,26,9,"€ 1,28,793.63",1,1,0,"€ 19,262.05",0.00%
467,Germany,Male,28,10,"€ 1,26,315.26",1,1,0,"€ 32,349.29",0.00%
789,Spain,Female,40,4, € -   ,2,1,0,"€ 1,37,402.27",0.00%
602,Spain,Male,33,5, € -   ,2,0,1,"€ 64,038.34",40.00%
576,France,Male,39,1, € -   ,2,1,1,"€ 68,814.23",200.00%
584,France,Male,38,1,"€ 1,15,341.55",1,0,1,"€ 1,73,632.92",100.00%
593,France,Male,32,6,"€ 99,162.29",1,1,0,"€ 1,28,384.11",0.00%
705,Germany,Female,48,1,"€ 1,56,848.13",2,1,1,"€ 99,475.95",200.00%
595,Germany,Female,64,2,"€ 1,05,736.32",1,1,1,"€ 89,935.73",50.00%
699,Germany,Female,41,1,"€ 2,00,117.76",2,1,0,"€ 94,142.35",0.00%
516,France,Female,46,6,"€ 62,212.29",1,0,1,"€ 1,71,681.86",16.67%
838,France,Male,31,2, € -   ,2,1,0,"€ 8,222.96",0.00%
587,France,Male,39,10, € -   ,2,1,1,"€ 1,70,409.45",20.00%
750,France,Male,38,5,"€ 1,51,532.40",1,1,1,"€ 46,555.15",20.00%
581,Germany,Male,39,1,"€ 1,21,523.51",1,0,0,"€ 1,61,655.55",0.00%
484,France,Male,41,5, € -   ,1,1,1,"€ 74,267.35",20.00%
576,Spain,Male,26,8, € -   ,2,0,1,"€ 34,101.06",25.00%
567,Germany,Female,46,1,"€ 68,238.51",2,1,1,"€ 1,09,572.58",200.00%
638,Spain,Male,30,9,"€ 1,36,808.53",2,1,1,"€ 1,06,642.97",22.22%
646,Germany,Male,24,0,"€ 92,398.08",1,1,1,"€ 18,897.29",100.00%
658,France,Female,40,5,"€ 1,43,566.12",1,1,1,"€ 1,89,607.71",20.00%
590,Spain,Female,38,9, € -   ,2,1,1,"€ 1,48,750.16",22.22%
546,Spain,Male,25,7,"€ 1,27,728.24",2,1,1,"€ 1,05,279.74",28.57%
603,France,Female,34,9, € -   ,2,1,0,"€ 1,67,916.35",0.00%
619,Spain,Female,38,10,"€ 1,19,658.49",1,1,1,"€ 8,646.58",10.00%
678,France,Female,34,6, € -   ,2,1,1,"€ 1,24,592.84",33.33%
459,France,Male,26,4,"€ 1,49,879.66",1,0,0,"€ 50,016.17",0.00%
671,Germany,Male,28,8,"€ 1,19,859.52",2,1,0,"€ 1,25,422.66",0.00%
501,Spain,Male,43,6,"€ 1,04,533.24",1,0,0,"€ 81,123.59",0.00%
719,Spain,Male,37,10,"€ 1,45,382.61",1,1,0,"€ 80,408.59",0.00%
681,Spain,Female,37,6,"€ 1,21,231.39",1,1,1,"€ 1,46,366.08",16.67%
706,Spain,Male,24,2,"€ 1,41,078.57",1,1,1,"€ 24,402.87",50.00%
763,Germany,Female,32,1,"€ 1,08,465.65",2,1,0,"€ 60,552.44",0.00%
716,France,Male,39,1,"€ 70,657.61",2,1,1,"€ 76,476.05",200.00%
507,Germany,Male,40,3,"€ 1,20,105.43",1,1,0,"€ 92,075.01",0.00%
678,Germany,Male,55,4,"€ 1,29,646.91",1,1,1,"€ 1,84,125.10",25.00%
775,France,Female,30,10,"€ 1,91,091.74",2,1,1,"€ 96,170.38",20.00%
544,France,Male,38,8, € -   ,1,1,1,"€ 98,208.62",12.50%
756,France,Male,27,8, € -   ,2,1,1,"€ 1,57,932.75",25.00%
757,Germany,Female,43,5,"€ 1,31,433.33",2,1,1,"€ 3,497.43",40.00%
742,Germany,Male,33,1,"€ 1,37,937.95",1,1,1,"€ 51,387.10",100.00%
591,France,Male,49,3, € -   ,2,1,0,"€ 50,123.44",0.00%
667,France,Male,24,4, € -   ,2,0,0,"€ 1,80,329.83",0.00%
787,France,Male,32,4, € -   ,2,1,1,"€ 13,238.93",50.00%
718,France,Female,43,0,"€ 93,143.39",1,1,0,"€ 1,67,554.86",0.00%
521,France,Male,38,6, € -   ,2,1,0,"€ 51,454.06",0.00%
607,Spain,Male,40,1,"€ 1,12,544.45",1,1,1,"€ 19,842.22",100.00%
633,France,Female,34,3,"€ 1,23,034.43",2,1,1,"€ 38,315.04",66.67%
588,Spain,Male,37,2, € -   ,2,0,1,"€ 1,87,816.59",100.00%
724,Germany,Female,33,9,"€ 1,19,278.44",1,1,1,"€ 1,97,148.24",11.11%
720,France,Male,44,4, € -   ,2,1,0,"€ 1,63,471.01",0.00%
521,France,Male,39,7, € -   ,2,0,1,€ 653.58,28.57%
620,Spain,Male,36,7,"€ 1,69,312.72",1,1,0,"€ 45,414.09",0.00%
505,Germany,Female,33,3,"€ 1,06,506.77",3,1,0,"€ 45,445.78",0.00%
728,Spain,Female,43,8,"€ 1,28,412.61",1,0,1,"€ 1,39,024.31",12.50%
486,Germany,Male,62,9,"€ 1,18,356.89",2,1,0,"€ 1,68,034.83",0.00%
584,Germany,Male,42,3,"€ 1,37,479.13",1,1,0,"€ 25,669.10",0.00%
687,Spain,Female,40,1, € -   ,2,1,0,"€ 8,207.36",0.00%
771,France,Male,50,3,"€ 1,05,229.72",1,1,1,"€ 16,281.68",33.33%
678,France,Male,41,2,"€ 1,48,088.11",1,1,0,"€ 14,083.12",0.00%
751,France,Female,48,4, € -   ,1,0,1,"€ 30,165.06",25.00%
670,France,Male,33,8,"€ 1,26,679.69",1,1,1,"€ 39,451.09",12.50%
675,Spain,Male,31,2,"€ 90,826.27",2,1,0,"€ 60,270.87",0.00%
684,Spain,Male,24,8,"€ 1,43,582.89",1,1,1,"€ 22,527.27",12.50%
637,France,Female,21,10,"€ 1,25,712.20",1,0,0,"€ 1,75,072.47",0.00%
760,Spain,Female,32,2, € -   ,1,1,1,"€ 1,14,565.35",50.00%
662,Spain,Male,37,4,"€ 1,55,187.30",1,1,0,"€ 48,930.80",0.00%
680,France,Male,49,10, € -   ,2,1,0,"€ 1,87,008.45",0.00%
604,Spain,Male,40,5,"€ 1,55,455.43",1,0,1,"€ 1,13,581.85",20.00%
764,France,Female,40,9,"€ 1,00,480.53",1,1,0,"€ 1,24,095.69",0.00%
521,France,Female,77,6, € -   ,2,1,1,"€ 49,054.10",33.33%
684,Germany,Female,56,3,"€ 1,27,585.98",3,1,1,"€ 80,593.49",100.00%
795,France,Female,40,2,"€ 1,01,891.10",1,1,1,"€ 1,83,044.86",50.00%
678,Spain,Female,61,8, € -   ,2,1,1,"€ 1,59,938.82",25.00%
589,France,Male,38,4, € -   ,1,1,0,"€ 95,483.48",0.00%
660,Spain,Female,28,3,"€ 1,28,929.88",1,1,1,"€ 1,98,069.71",33.33%
646,Germany,Male,39,6,"€ 1,21,681.91",2,0,1,"€ 61,793.47",33.33%
706,Germany,Female,56,3,"€ 1,39,603.22",1,1,1,"€ 86,383.61",33.33%
730,France,Female,27,7, € -   ,2,1,0,"€ 1,44,099.48",0.00%
606,France,Female,36,10, € -   ,2,0,1,"€ 1,55,641.46",20.00%
690,Spain,Female,36,10,"€ 91,760.11",1,1,1,"€ 1,35,784.94",10.00%
645,Germany,Male,41,2,"€ 93,925.30",1,1,0,"€ 1,23,982.14",0.00%
579,France,Female,38,4,"€ 1,75,739.36",1,1,1,"€ 1,93,130.55",25.00%
481,France,Female,28,10, € -   ,2,1,0,"€ 1,45,215.96",0.00%
492,Germany,Male,45,9,"€ 1,70,295.04",2,0,0,"€ 1,64,741.81",0.00%
739,France,Male,58,2,"€ 1,01,579.28",1,1,1,"€ 72,168.53",50.00%
624,France,Male,55,7,"€ 1,18,793.60",1,1,1,"€ 95,022.02",14.29%
682,France,Male,44,3,"€ 1,15,282.30",1,0,0,"€ 23,766.40",0.00%
701,Spain,Female,34,6,"€ 1,07,980.37",1,1,1,"€ 1,19,374.74",16.67%
718,France,Female,44,1,"€ 1,33,866.22",1,0,1,"€ 1,39,049.24",100.00%
496,France,Female,34,1,"€ 1,02,723.35",2,1,0,"€ 1,80,844.81",0.00%
543,Spain,Male,41,5, € -   ,2,0,1,"€ 1,43,980.29",40.00%
616,Spain,Female,44,7,"€ 1,93,213.02",2,1,1,"€ 1,37,392.77",28.57%
635,Germany,Male,53,8,"€ 1,17,005.55",1,0,1,"€ 1,23,646.57",12.50%
652,Spain,Male,31,1,"€ 1,32,862.59",1,0,0,"€ 1,58,054.49",0.00%
688,France,Male,26,0, € -   ,2,1,0,"€ 1,05,784.85",0.00%
678,France,Female,49,3,"€ 2,04,510.94",1,0,1,€ 738.88,33.33%
757,Germany,Male,36,1,"€ 65,349.71",1,0,0,"€ 64,539.64",0.00%
667,France,Male,36,8,"€ 1,39,753.35",1,1,0,"€ 79,871.16",0.00%
725,France,Female,29,6, € -   ,2,1,1,"€ 1,90,776.83",33.33%
632,Germany,Female,50,5,"€ 1,07,959.39",1,1,1,"€ 6,985.34",20.00%
694,France,Female,38,5,"€ 1,95,926.39",1,1,1,"€ 85,522.84",20.00%
803,France,Male,36,1, € -   ,2,1,1,"€ 1,49,370.93",200.00%
814,France,Female,31,6,"€ 87,772.52",1,1,0,"€ 1,88,516.45",0.00%
611,France,Male,38,4,"€ 71,018.60",2,1,0,"€ 2,444.29",0.00%
755,Germany,Male,38,4,"€ 1,11,096.91",1,1,1,"€ 19,762.88",25.00%
425,Germany,Male,40,9,"€ 1,66,776.60",2,0,1,"€ 1,72,646.88",22.22%
850,France,Female,34,6,"€ 1,01,266.51",1,1,0,"€ 33,501.98",0.00%
677,Spain,Male,18,8,"€ 1,34,796.87",2,1,1,"€ 1,14,858.90",25.00%
797,France,Female,46,8, € -   ,1,0,0,"€ 1,62,668.33",0.00%
692,Germany,Female,43,10,"€ 1,18,588.83",1,1,1,"€ 1,61,241.65",10.00%
735,Germany,Male,28,5,"€ 1,60,454.15",2,0,1,"€ 1,14,957.22",40.00%
609,France,Male,77,1, € -   ,1,0,1,"€ 18,708.76",100.00%
700,France,Female,42,8, € -   ,2,1,1,"€ 1,05,305.72",25.00%
526,Spain,Female,36,5,"€ 91,132.18",1,0,0,"€ 58,111.71",0.00%
693,Spain,Female,57,9, € -   ,2,1,1,"€ 1,35,502.77",22.22%
748,France,Female,20,7, € -   ,2,0,0,"€ 10,792.42",0.00%
657,Spain,Male,36,8, € -   ,2,0,1,"€ 1,23,866.43",25.00%
739,Germany,Female,25,5,"€ 1,13,113.12",1,1,0,"€ 1,29,181.27",0.00%
784,Spain,Male,23,2, € -   ,1,1,1,"€ 6,847.73",50.00%
744,Germany,Male,41,7,"€ 1,90,409.34",2,1,1,"€ 1,38,361.48",28.57%
645,France,Male,44,10, € -   ,2,0,1,"€ 1,66,707.22",20.00%
669,France,Female,33,9, € -   ,2,0,1,"€ 1,07,221.03",22.22%
615,France,Male,34,1,"€ 83,503.11",2,1,1,"€ 73,124.53",200.00%
724,Germany,Female,53,1,"€ 1,39,687.66",2,1,1,"€ 12,913.92",200.00%
850,France,Female,47,9,"€ 1,37,301.87",1,1,0,"€ 44,351.77",0.00%
625,Germany,Female,39,10,"€ 1,29,845.26",1,1,1,"€ 96,444.88",10.00%
635,Spain,Male,46,8, € -   ,2,1,1,"€ 60,739.16",25.00%
724,Germany,Male,37,6,"€ 1,25,489.40",1,1,0,"€ 1,18,570.53",0.00%
550,France,Male,47,2, € -   ,2,1,1,"€ 97,057.28",100.00%
645,France,Male,45,6,"€ 1,55,417.61",1,0,1,"€ 3,449.22",16.67%
714,Spain,Male,29,4, € -   ,2,1,1,"€ 37,605.90",50.00%
520,France,Female,46,10,"€ 85,216.61",1,1,0,"€ 1,17,369.52",0.00%
633,France,Male,25,1, € -   ,1,1,0,"€ 1,00,598.98",0.00%
537,France,Male,37,6, € -   ,1,1,1,"€ 17,802.42",16.67%
764,Spain,Male,38,4,"€ 1,13,607.47",1,1,0,"€ 91,094.46",0.00%
795,Germany,Female,33,9,"€ 1,04,552.72",1,1,1,"€ 1,20,853.83",11.11%
573,Spain,Male,44,9, € -   ,2,1,0,"€ 1,07,124.17",0.00%
702,Spain,Male,44,9, € -   ,1,0,0,"€ 59,207.41",0.00%
740,Germany,Male,33,2,"€ 1,26,524.11",1,1,0,"€ 1,36,869.31",0.00%
479,France,Male,34,5,"€ 1,17,593.48",2,0,0,"€ 1,13,308.29",0.00%
627,Germany,Female,33,4,"€ 83,199.05",1,0,0,"€ 1,59,334.93",0.00%
479,Spain,Male,35,4,"€ 1,25,920.98",1,1,1,"€ 20,393.44",25.00%
623,France,Male,48,5,"€ 1,18,469.38",1,1,1,"€ 1,58,590.25",20.00%
512,Germany,Female,40,8,"€ 1,53,537.57",2,0,0,"€ 23,101.13",0.00%
609,France,Male,41,6, € -   ,1,0,1,"€ 1,12,585.19",16.67%
518,France,Male,42,7,"€ 1,51,027.05",2,1,0,"€ 1,19,377.36",0.00%
833,France,Female,34,3,"€ 1,44,751.81",1,0,0,"€ 1,66,472.81",0.00%
758,France,Male,26,4,"€ 1,55,739.76",1,1,0,"€ 1,71,552.02",0.00%
611,France,Male,27,7, € -   ,2,1,1,"€ 1,57,474.10",28.57%
583,France,Male,33,7,"€ 1,22,531.86",1,1,0,"€ 13,549.24",0.00%
610,Germany,Male,50,1,"€ 1,13,957.01",2,1,0,"€ 1,96,526.55",0.00%
637,France,Female,33,7,"€ 1,03,377.81",1,1,0,"€ 84,419.78",0.00%
683,France,Female,32,9, € -   ,2,1,1,"€ 24,991.92",22.22%
774,France,Male,40,9,"€ 93,017.47",2,1,0,"€ 1,91,608.97",0.00%
677,France,Female,58,1,"€ 90,022.85",1,0,1,"€ 2,988.28",100.00%
741,Spain,Male,35,6,"€ 74,371.49",1,0,0,"€ 99,595.67",0.00%
498,Germany,Male,42,3,"€ 1,52,039.70",1,1,1,"€ 53,445.17",33.33%
655,Germany,Female,46,7,"€ 1,37,145.12",1,1,0,"€ 1,15,146.40",0.00%
613,France,Male,40,4, € -   ,1,0,0,"€ 1,51,325.24",0.00%
602,Germany,Male,35,7,"€ 90,602.42",2,1,1,"€ 51,695.41",28.57%
659,France,Male,36,6,"€ 1,23,841.49",2,1,0,"€ 96,833.00",0.00%
673,Germany,Male,47,1,"€ 1,83,579.54",2,0,1,"€ 34,047.54",200.00%
606,Spain,Male,30,8,"€ 1,80,307.73",2,1,1,"€ 1,914.41",25.00%
775,France,Male,30,4, € -   ,2,1,0,"€ 49,337.84",0.00%
841,Spain,Male,28,4, € -   ,2,1,1,"€ 1,79,436.60",50.00%
714,Germany,Male,33,3,"€ 35,016.60",1,1,0,"€ 53,667.08",0.00%
597,France,Female,53,4,"€ 88,381.21",1,1,0,"€ 69,384.71",0.00%
726,Spain,Male,36,2, € -   ,1,1,0,"€ 1,95,192.40",0.00%
644,France,Male,28,7,"€ 1,55,060.41",1,1,0,"€ 29,179.52",0.00%
800,France,Female,29,2, € -   ,2,0,0,"€ 1,67,773.55",0.00%
771,France,Male,39,5, € -   ,2,1,0,"€ 96,270.64",0.00%
516,France,Male,35,10,"€ 57,369.61",1,1,1,"€ 1,01,699.77",10.00%
709,France,Female,36,7, € -   ,1,0,1,"€ 42,085.58",14.29%
772,Germany,Male,42,3,"€ 75,075.31",2,1,0,"€ 92,888.52",0.00%
792,France,Female,28,4,"€ 1,30,142.79",1,1,0,"€ 38,190.78",0.00%
