Scaled score,France ,Spain,Male,Scaled age,Scaled tenure,Scaled balance,NumOfProducts,Product to tenure ratio,IsActiveMember,Scaled salary,Balance to salary ration,Engagement score,Age tenure,Exited
-0.33,1,0,0,0.29,-1.04,-1.23,1,0.5,1,0.02,0,0.5,0.05,1
-1.54,1,0,0,0.29,1.03,1.33,3,0.38,0,0.24,1.4,0,0.19,1
-0.06,0,1,1,0.48,1.03,0.6,2,0.25,0,0.86,0.76,0,0.18,1
-2.84,0,0,0,-0.95,-0.35,0.62,4,1,0,0.33,0.96,0,0.14,1
0.03,0,0,1,1.82,-1.39,0.9,1,1,0,-1.65,26.01,0,0.02,1
-1.45,0,1,0,-0.09,-0.35,-1.23,1,0.25,0,0.33,0,0,0.11,1
-0.62,0,1,0,0.01,-0.7,-1.23,3,1,0,0.7,0,0,0.08,1
-1.82,1,0,0,0.58,-1.73,0.93,1,1,0,-1.26,4.83,0,0,1
-1.92,1,0,0,1.15,1.03,0.74,1,0.13,0,1.41,0.68,0,0.16,1
1.9,1,0,0,0.96,-1.04,0.88,1,0.5,0,1.64,0.68,0,0.04,1
1.85,0,0,0,-1.14,1.38,0.57,1,0.11,1,0.34,0.94,0.11,0.33,1
-0.14,0,0,0,0.01,1.38,0.98,1,0.11,1,0.3,1.17,0.11,0.23,1
0.05,0,0,1,0.2,1.03,0.79,1,0.13,0,1.11,0.77,0,0.2,1
-0.51,0,0,1,0.29,-1.39,0.35,1,1,0,-1.04,2.46,0,0.02,1
-1.44,0,1,0,2.58,-0.35,-1.23,1,0.25,0,-1.71,0,0,0.06,1
0.91,0,0,1,1.82,-1.04,0.92,4,2,0,-1.25,4.71,0,0.03,1
1.31,1,0,0,-0.66,-1.04,-1.23,1,0.5,0,0.63,0,0,0.06,1
1.03,0,1,1,-1.61,-0.7,0.72,1,0.33,0,0.5,0.95,0,0.14,1
-0.05,1,0,0,0.67,-0.35,-1.23,3,0.75,0,-0.12,0,0,0.09,1
-0.04,0,1,0,0.48,0,-1.23,3,0.6,1,1.29,0,0.6,0.11,1
0.2,0,1,0,2.49,-1.39,-1.23,1,1,1,1.35,0,1,0.02,1
-0.3,0,1,0,0.67,-0.35,0.49,2,0.5,1,-1.2,3.46,0.5,0.09,1
-1.77,0,0,1,-0.37,1.38,0.26,1,0.11,0,-0.01,0.93,0,0.26,1
0.73,0,0,1,-1.04,1.38,1.25,2,0.22,1,0.02,1.52,0.22,0.32,1
-1.31,0,0,0,-0.76,1.03,0.5,1,0.13,0,1.73,0.54,0,0.26,1
-2.26,1,0,1,0.29,1.38,1.22,1,0.11,0,0.18,1.38,0,0.21,1
-1.05,1,0,0,1.25,-1.39,-1.23,1,1,1,-1.59,0,1,0.02,1
-0.26,0,0,1,1.63,-1.73,1.15,1,1,0,-0.93,3.17,0,0,1
-0.69,0,1,0,0.87,-1.04,2.19,1,0.5,0,-0.43,2.84,0,0.04,1
-0.74,0,1,0,-0.37,-1.39,0.85,2,2,1,-1.59,15.07,2,0.03,1
1.47,0,1,1,1.25,-1.04,-1.23,1,0.5,0,1.03,0,0,0.04,1
0.42,1,0,0,-0.76,0,-0.57,1,0.2,0,0.45,0.32,0,0.16,1
-1.2,1,0,0,0.87,1.38,-1.23,1,0.11,0,0.87,0,0,0.19,1
0.57,0,1,1,1.72,0.69,-1.23,1,0.14,0,-1.43,0,0,0.12,1
0.34,0,1,1,-0.95,-1.73,0.92,1,1,0,-0.77,2.41,0,0,1
0.55,0,0,0,-1.42,0.69,0.59,1,0.14,0,1.09,0.7,0,0.29,1
0.17,0,1,0,0.01,-1.04,-1.23,2,1,0,-1.03,0,0,0.05,1
-1.76,0,0,1,0.48,1.72,0.85,1,0.1,0,-1.65,23.68,0,0.23,1
1.07,0,0,0,1.53,-0.7,1.36,1,0.33,0,-1.6,20,0,0.05,1
1.59,1,0,0,1.06,-0.35,-1.23,1,0.25,1,-1.59,0,0.25,0.08,1
0.67,1,0,0,0.2,1.03,-0.32,2,0.25,0,-0.12,0.6,0,0.2,1
-1.39,0,1,1,1.06,0,-1.23,1,0.2,1,0.8,0,0.2,0.1,1
0.63,1,0,0,-0.09,-1.04,0.84,2,1,1,-1.49,8.98,1,0.05,1
-0.44,0,1,0,0.2,-0.7,0.21,1,0.33,0,1.73,0.45,0,0.07,1
-0.08,1,0,1,0.58,0,-1.23,1,0.2,0,0.74,0,0,0.11,1
0.18,0,0,1,0.77,0.69,0.49,1,0.14,1,1.01,0.68,0.14,0.15,1
1.62,1,0,1,0.39,-1.39,0.47,2,2,0,-1.13,3.03,0,0.02,1
-0.61,1,0,1,1.44,1.03,-1.23,1,0.13,1,-1.24,0,0.13,0.15,1
2.06,1,0,1,-0.56,1.72,-1.23,1,0.1,0,-1.66,0,0,0.3,1
0.21,0,0,1,0.58,0.34,0.37,1,0.17,1,0.15,0.91,0.17,0.13,1
-1.07,0,0,0,0.01,0.34,-0.03,3,0.5,1,-0.25,0.87,0.5,0.15,1
1.04,0,0,1,1.06,-1.04,0.33,1,0.5,0,-0.4,1.25,0,0.04,1
1.16,0,0,1,0.29,0.34,0.38,1,0.17,0,-1.16,2.99,0,0.14,1
-1.15,0,0,0,0.39,-0.7,0.64,3,1,0,-0.77,2.08,0,0.07,1
0.18,1,0,0,0.67,-1.04,-1.23,3,1.5,0,-0.19,0,0,0.04,1
0.09,0,0,1,2.68,0.34,0.66,1,0.17,1,-0.96,2.61,0.17,0.09,1
-0.16,1,0,0,0.1,1.72,0.75,1,0.1,0,0.55,0.94,0,0.25,1
0.92,0,0,1,1.44,1.03,0.8,1,0.13,0,0.6,0.94,0,0.15,1
-1.05,0,1,0,0.01,0.69,-1.23,1,0.14,0,-0.33,0,0,0.18,1
0.85,0,0,1,-0.47,-0.7,0.38,3,1,0,-0.9,2.07,0,0.09,1
1.09,1,0,1,2.2,-0.7,-1.23,1,0.33,1,-1.55,0,0.33,0.05,1
0.66,1,0,1,0.67,-1.39,-1.23,1,1,0,0.91,0,0,0.02,1
-1.77,0,0,1,-0.37,-0.35,1,1,0.25,1,-0.92,2.94,0.25,0.11,1
1.03,0,1,0,-0.47,1.38,0.58,1,0.11,0,0.87,0.75,0,0.26,1
0.38,0,1,0,0.48,0.69,-1.23,3,0.43,0,0.97,0,0,0.16,1
0.83,1,0,1,0.39,-1.04,-1.23,1,0.5,1,1.22,0,0.5,0.05,1
-0.38,1,0,1,1.06,-0.35,0.97,1,0.25,0,0.47,1.08,0,0.08,1
-0.95,1,0,1,0.96,-1.04,1.13,1,0.5,0,0.36,1.22,0,0.04,1
1.02,1,0,1,0.1,-1.39,1.01,1,1,0,1.44,0.76,0,0.03,1
-0.07,1,0,0,0.67,1.38,0.3,1,0.11,0,0.15,0.88,0,0.2,1
-0.69,0,0,0,-0.85,1.03,0.57,1,0.13,0,1.35,0.63,0,0.27,1
-1.71,1,0,1,-0.95,0.69,1.69,1,0.14,0,0.29,1.56,0,0.24,1
1.6,0,1,0,0.01,0,1.42,1,0.2,0,-1.5,11.71,0,0.13,1
0.68,0,0,0,0.01,1.72,0.62,1,0.1,0,-0.98,2.65,0,0.26,1
-0.09,0,0,0,0.1,0.34,0.85,2,0.33,1,-0.24,1.5,0.33,0.15,1
-1.33,0,1,1,-0.47,1.38,0.8,1,0.11,0,1.29,0.73,0,0.26,1
-0.08,0,0,0,0.58,-1.04,1.19,1,0.5,1,-1.7,65.02,0.5,0.04,1
0.98,0,0,1,0.58,1.72,0.65,3,0.3,1,0.39,0.96,0.3,0.22,1
0.38,0,1,0,0.01,-1.04,-1.23,3,1.5,0,1.53,0,0,0.05,1
-0.03,0,1,1,0.67,1.38,0.81,2,0.22,0,-0.39,1.64,0,0.2,1
-0.98,0,1,1,-0.09,1.03,-1.23,2,0.25,0,-1.73,0,0,0.21,1
-0.36,1,0,0,2.58,-1.39,0.95,1,1,0,1.46,0.74,0,0.02,1
-1.16,0,1,0,0.96,1.38,1.04,1,0.11,0,1.28,0.81,0,0.18,1
0.44,0,0,0,0.2,1.38,1.68,3,0.33,1,1.53,0.97,0.33,0.22,1
-1.69,0,0,0,2.11,0,0.54,1,0.2,0,-1.54,9.69,0,0.08,1
1.09,0,0,0,2.01,-0.7,0.63,1,0.33,0,-0.11,1.24,0,0.05,1
-1.2,0,0,1,0.1,0.69,0.57,1,0.14,0,-1.6,13.75,0,0.18,1
-0.85,0,0,1,0.1,-1.39,0.37,1,1,0,0.6,0.74,0,0.03,1
-0.33,0,0,1,1.72,-0.7,0.99,1,0.33,1,-0.48,1.9,0.33,0.05,1
-1.09,0,0,0,-0.18,1.03,0.61,1,0.13,0,0.63,0.84,0,0.22,1
-1.01,0,1,1,0.77,-0.7,0.64,1,0.33,0,0.79,0.8,0,0.06,1
0.25,1,0,0,-0.09,0.34,-0.13,1,0.17,0,0.67,0.49,0,0.16,1
-1.41,0,0,1,0.39,-1.39,0.31,1,1,1,1.72,0.48,1,0.02,1
0.12,1,0,0,-0.66,-0.35,0.92,1,0.25,1,-0.89,2.75,0.25,0.13,1
1.71,0,0,0,-0.09,0,0.87,3,0.6,0,-0.49,1.82,0,0.13,1
0.54,1,0,1,-0.18,-1.39,1.17,1,1,0,-1.38,7.26,0,0.03,1
-0.31,0,0,1,0.67,0.34,1.04,1,0.17,0,-1.14,4.08,0,0.13,1
-0.37,0,1,1,2.11,1.38,-1.23,2,0.22,0,0.87,0,0,0.15,1
-1.12,1,0,1,0.01,-0.7,0.94,1,0.33,1,-1.49,9.41,0.33,0.08,1
-1.24,1,0,0,0.77,0.34,-1.23,1,0.17,0,1.65,0,0,0.13,1
0.23,1,0,0,-0.09,-1.04,1.5,2,1,0,0.61,1.26,0,0.05,1
-0.83,1,0,0,1.82,1.03,-1.23,1,0.13,1,0.29,0,0.13,0.14,1
1.28,1,0,1,2.01,0,0.15,1,0.2,0,-0.45,1.16,0,0.08,1
-0.47,1,0,0,1.15,-0.7,0.96,1,0.33,1,-0.57,2.03,0.33,0.06,1
-1.89,1,0,0,1.63,1.72,-1.23,3,0.3,1,-0.66,0,0.3,0.18,1
0.49,1,0,1,0.87,-0.35,0.4,2,0.5,1,1.35,0.57,0.5,0.08,1
2.06,1,0,0,-0.37,-1.39,2.17,1,1,0,1.54,1.12,0,0.03,1
-0.81,0,0,0,0.87,-0.7,1.22,1,0.33,0,-1.07,3.98,0,0.06,1
-0.44,1,0,1,1.91,-1.39,-1.23,1,1,0,-0.51,0,0,0.02,1
-0.9,0,0,0,2.2,0,0.62,3,0.6,1,-1.42,6.29,0.6,0.08,1
0.98,0,0,0,-1.04,-1.39,0.55,1,1,0,-0.47,1.52,0,0.04,1
0.73,0,1,1,1.15,-1.73,1.49,1,1,0,0.16,1.55,0,0,1
-1.52,1,0,0,0.96,0.69,-1.23,3,0.43,1,-0.21,0,0.43,0.14,1
0.24,0,0,1,0.77,0.34,0.49,1,0.17,1,-1.7,51.41,0.17,0.13,1
-0.63,0,1,0,1.15,-0.7,1.26,3,1,1,1.6,0.81,1,0.06,1
-0.54,0,0,1,0.2,-0.7,0.24,1,0.33,0,1.59,0.48,0,0.07,1
-1.46,1,0,0,0.67,-1.39,-1.23,1,1,0,-0.5,0,0,0.02,1
-2.2,0,1,0,1.44,-1.04,-1.23,1,0.5,0,1.59,0,0,0.04,1
0,1,0,1,0.58,-1.39,-1.23,1,1,0,-0.56,0,0,0.02,1
-0.03,0,1,0,0.96,1.72,-1.23,2,0.2,1,1.04,0,0.2,0.2,1
-0.45,0,1,0,-0.56,-1.04,0.51,2,1,1,0.16,0.99,1,0.06,1
-0.04,0,0,0,1.15,-1.39,0.69,2,2,0,-0.78,2.18,0,0.02,1
1.13,1,0,0,1.15,-1.04,0.39,1,0.5,0,1.38,0.56,0,0.04,1
-0.31,0,1,1,1.34,1.38,1.51,1,0.11,0,-1.12,4.79,0,0.17,1
-1.36,0,1,0,0.77,0.34,1.3,2,0.33,0,0.82,1.07,0,0.13,1
0.65,0,0,0,-0.09,0.69,1.09,1,0.14,1,-0.76,2.56,0.14,0.18,1
0.34,0,0,0,1.72,0,1.38,1,0.2,0,-1.58,17.62,0,0.09,1
-0.51,1,0,0,0.39,1.03,-1.23,3,0.38,1,0.19,0,0.38,0.19,1
-0.87,1,0,1,-0.85,0,-1.23,1,0.2,0,-0.79,0,0,0.17,1
0.79,0,1,0,-0.76,-1.73,-1.23,1,1,0,0.38,0,0,0,1
-0.4,0,0,0,2.2,1.03,1.03,1,0.13,0,1.62,0.73,0,0.13,1
-0.64,1,0,0,2.11,-1.39,-1.23,1,1,0,-0.68,0,0,0.02,1
-0.7,0,0,0,1.44,0.34,0.63,1,0.17,0,-0.74,2.02,0,0.11,1
2.06,1,0,1,-0.76,0.34,-0.14,2,0.33,0,-0.87,1.36,0,0.19,1
1.05,0,1,1,0.87,0,0.63,1,0.2,0,0.98,0.74,0,0.1,1
0.1,0,0,0,0.01,0,0.94,1,0.2,0,1.28,0.78,0,0.13,1
1.74,1,0,0,0.01,1.38,0.91,1,0.11,0,-1.27,4.92,0,0.23,1
0.23,1,0,0,-0.47,1.03,-0.55,1,0.13,0,-1.38,2.05,0,0.24,1
-1.98,0,0,1,0.87,-0.35,0.92,1,0.25,1,-1.41,6.95,0.25,0.08,1
0.92,0,0,1,0.58,0.69,0.42,1,0.14,1,0.83,0.69,0.14,0.16,1
0.11,0,1,1,0.29,-1.04,1.64,1,0.5,0,-1.23,6.09,0,0.05,1
1.23,0,0,0,0.58,0,0.8,1,0.2,0,0.42,1.02,0,0.11,1
-0.26,1,0,0,1.15,0.69,0.96,1,0.14,0,-1.06,3.51,0,0.14,1
-2.13,0,1,1,2.2,-1.39,-0.2,1,1,1,-0.41,0.84,1,0.02,1
-1.11,0,0,0,1.72,-1.39,0.48,2,2,1,0.36,0.88,2,0.02,1
1.03,0,0,1,0.1,0,1.47,3,0.6,0,-1.38,8.23,0,0.13,1
-0.01,0,1,0,-1.33,-0.7,0.16,3,1,0,-1.45,5.2,0,0.12,1
0.22,0,1,0,1.63,-1.04,2.14,2,1,1,0.88,1.39,1,0.04,1
-1.98,0,1,0,0.29,0.34,0.85,2,0.33,1,1.35,0.73,0.33,0.14,1
-1.57,1,0,0,1.72,-1.39,-1.23,1,1,0,0.54,0,0,0.02,1
0.91,0,0,1,0.39,1.38,0.72,2,0.22,0,-0.62,1.89,0,0.21,1
-1.09,0,0,0,2.01,0.69,0.84,1,0.14,1,1.34,0.73,0.14,0.12,1
-0.41,1,0,0,0.96,-1.04,0.2,3,1.5,0,1.07,0.55,0,0.04,1
0.44,1,0,0,-0.37,0,0.76,1,0.2,0,-0.2,1.4,0,0.14,1
0.13,0,0,0,-0.28,0.34,0.01,1,0.17,0,-1.12,2.16,0,0.17,1
0.62,0,0,1,0.39,-1.04,1.02,3,1.5,1,1.01,0.89,1.5,0.05,1
0.72,0,0,1,2.01,1.38,0.63,2,0.22,0,1,0.74,0,0.15,1
-1.24,1,0,0,2.3,-1.39,0.61,1,1,1,-1.31,4.68,1,0.02,1
0.95,0,0,0,-0.28,-1.04,0.85,2,1,0,-0.92,2.74,0,0.06,1
-0.15,0,0,1,0.96,0.34,0.59,2,0.33,0,1.02,0.71,0,0.12,1
-0.3,0,0,0,1.82,0.69,0.65,1,0.14,0,0.35,0.97,0,0.12,1
0.43,0,1,1,-1.04,1.38,0.68,1,0.11,0,-1.46,7.4,0,0.32,1
1,0,0,1,1.82,0.69,0.64,1,0.14,1,1.58,0.61,0.14,0.12,1
1.44,0,1,0,0.67,1.38,-1.23,1,0.11,0,-1.49,0,0,0.2,1
-2.37,0,0,1,-1.04,1.03,0.74,3,0.38,1,-0.19,1.37,0.38,0.29,1
-0.73,0,0,0,0.29,-1.04,0.75,1,0.5,0,0.06,1.19,0,0.05,1
0.84,0,1,0,2.87,1.38,0.98,1,0.11,1,0.19,1.24,0.11,0.13,1
-1.01,0,1,0,0.87,-0.7,-1.23,1,0.33,1,-1.21,0,0.33,0.06,1
0.84,0,0,1,1.06,0.34,1.1,1,0.17,0,-0.14,1.58,0,0.12,1
1.27,0,1,0,0.2,0,-1.23,1,0.2,0,-1.25,0,0,0.12,1
0.17,0,0,0,0.87,-1.39,0.33,2,2,0,0.23,0.86,0,0.02,1
-0.86,0,0,0,0.96,0,0.94,1,0.2,0,-0.11,1.44,0,0.1,1
-0.54,1,0,1,2.39,-1.39,-1.23,2,2,0,1.66,0,0,0.02,1
0.17,1,0,1,0.39,1.03,1.82,1,0.13,0,-0.04,1.95,0,0.19,1
-1.06,1,0,0,-0.66,-1.04,1.54,1,0.5,0,1.53,0.92,0,0.06,1
-0.15,1,0,0,0.87,-1.39,1.51,1,1,0,0.18,1.55,0,0.02,1
-0.49,0,0,1,0.48,0.34,0.51,2,0.33,0,0.15,1,0,0.14,1
-0.22,0,0,0,0.58,0.69,0.85,3,0.43,0,-1.58,14.08,0,0.16,1
1.02,1,0,0,2.01,0.34,-1.23,1,0.17,0,-1.43,0,0,0.1,1
0.29,1,0,0,0.39,-0.35,-1.23,3,0.75,0,0.26,0,0,0.09,1
-0.08,1,0,0,0.58,-0.35,-0.5,1,0.25,0,-0.68,0.74,0,0.09,1
0.54,1,0,0,1.15,-0.7,-1.23,3,1,1,-0.4,0,1,0.06,1
0.8,0,0,0,-0.37,1.03,0.79,2,0.25,0,-0.8,2.32,0,0.23,1
-1.32,1,0,0,0.1,-1.04,0.42,1,0.5,0,0.5,0.8,0,0.05,1
0.79,0,0,1,0.1,-1.39,0.27,2,2,0,-0.49,1.29,0,0.03,1
-0.53,1,0,1,1.82,-0.35,-1.23,1,0.25,0,1.33,0,0,0.07,1
0.22,1,0,0,0.58,1.38,-1.23,1,0.11,1,-0.14,0,0.11,0.2,1
-1.39,1,0,0,0.67,-1.39,0.46,1,1,0,0.27,0.91,0,0.02,1
-1.82,1,0,1,0.01,0.34,-1.23,1,0.17,1,-0.75,0,0.17,0.15,1
-0.43,0,1,1,2.11,-1.39,-1.23,1,1,0,-1.35,0,0,0.02,1
-0.99,1,0,1,1.15,0,-1.23,3,0.6,0,1.55,0,0,0.1,1
-1.43,0,1,1,-0.28,-1.39,-1.23,1,1,1,0.62,0,1,0.03,1
1.29,1,0,1,1.25,1.03,0.54,1,0.13,1,-0.06,1.14,0.13,0.15,1
-2.84,1,0,0,0.67,0.34,-1.23,1,0.17,0,1,0,0,0.13,1
-0.53,0,1,0,0.01,-0.35,-1.23,1,0.25,0,1.64,0,0,0.1,1
0.67,1,0,0,-0.09,0,0.67,1,0.2,1,-1.64,20.86,0.2,0.13,1
0.35,1,0,0,0.87,-0.7,-0.05,1,0.33,0,-1.37,3.45,0,0.06,1
0.15,0,1,0,0.29,-1.04,1.28,2,1,1,0.99,1,1,0.05,1
-1.26,0,1,1,2.3,-0.35,0.31,3,0.75,0,0.15,0.88,0,0.06,1
0.34,0,0,0,0.39,-0.35,0.63,1,0.25,1,0.3,0.99,0.25,0.09,1
-0.67,1,0,0,0.39,1.03,0.9,1,0.13,0,-0.57,1.98,0,0.19,1
-0.38,0,0,0,-0.37,0.34,0.83,1,0.17,0,-0.53,1.84,0,0.17,1
-0.84,0,1,1,-0.47,-1.73,1.21,1,1,0,0.04,1.48,0,0,1
0.74,1,0,0,0.96,-0.7,1.47,1,0.33,0,0.71,1.19,0,0.06,1
-0.05,1,0,0,0.29,-0.7,1.58,2,0.67,0,-0.57,2.61,0,0.07,1
-1.34,0,0,1,1.25,0,0.64,3,0.6,0,-0.81,2.17,0,0.1,1
-2.14,1,0,1,0.58,0.34,-1.23,1,0.17,0,0.52,0,0,0.13,1
0.76,1,0,1,0.1,1.72,-1.23,1,0.1,0,0.48,0,0,0.25,1
0.26,1,0,0,-0.18,0,0.21,1,0.2,1,1.21,0.53,0.2,0.14,1
2.06,0,0,0,0.58,0,0.44,1,0.2,0,-0.7,1.73,0,0.11,1
-0.26,1,0,1,0.96,0.34,1.55,1,0.17,0,1.14,1.05,0,0.12,1
-0.21,0,1,0,0.01,0.69,0.95,1,0.14,0,0.71,0.96,0,0.18,1
1.62,0,1,0,0.29,-1.39,-1.23,1,1,0,-1.45,0,0,0.02,1
0.78,1,0,0,0.87,-0.35,-1.23,1,0.25,0,0.24,0,0,0.08,1
-0.2,0,0,1,0.1,-0.7,0.5,1,0.33,0,-0.83,2.06,0,0.08,1
-0.72,1,0,0,0.77,-1.39,0.74,1,1,0,1.39,0.68,0,0.02,1
-0.39,0,0,1,-0.09,1.38,-0.15,1,0.11,0,-0.37,0.85,0,0.24,1
-1.43,1,0,1,-0.28,-0.35,1.21,2,0.5,0,-1.07,3.94,0,0.11,1
0.83,1,0,0,1.25,1.72,-1.23,1,0.1,1,-1.31,0,0.1,0.19,1
-0.58,1,0,1,1.72,0.34,-1.23,1,0.17,0,-1.4,0,0,0.11,1
2,1,0,1,0.1,0.69,0.59,1,0.14,0,-1.19,3.55,0,0.18,1
0.37,0,0,0,0.77,0,1.51,1,0.2,0,1.27,0.99,0,0.11,1
0.39,0,1,1,-0.28,-1.73,0.21,1,1,0,1.34,0.51,0,0,1
1.58,1,0,1,0.29,0,-1.23,1,0.2,0,1.68,0,0,0.12,1
0.64,1,0,1,-0.28,-1.04,0.39,3,1.5,0,-0.51,1.42,0,0.06,1
0.67,1,0,1,0.2,-0.35,0.28,1,0.25,1,0.92,0.62,0.25,0.1,1
0.43,1,0,1,-0.95,-0.35,-1.23,1,0.25,0,-0.41,0,0,0.14,1
1.09,0,0,0,0.01,-0.7,0.39,3,1,1,-0.46,1.37,1,0.08,1
-2.39,0,0,0,-0.47,-1.39,0.95,1,1,0,0.86,0.91,0,0.03,1
0.65,1,0,0,1.25,-1.73,1.75,1,1,1,-0.93,4.01,1,0,1
1.89,0,0,1,1.91,-1.39,0.87,1,1,1,-1.21,4.26,1,0.02,1
0.83,0,0,0,-1.71,1.03,0.89,1,0.13,0,0.11,1.24,0,0.38,1
-0.44,1,0,0,2.2,1.03,1.1,1,0.13,0,1.32,0.82,0,0.13,1
0.83,1,0,0,0.77,-1.39,0.62,3,3,0,1.59,0.6,0,0.02,1
0.49,0,0,1,1.63,-1.39,0.58,2,2,0,-0.11,1.2,0,0.02,1
1.33,0,0,1,-0.56,-1.39,1.31,1,1,1,1.69,0.8,1,0.03,1
-0.46,0,1,1,-0.37,0.69,-1.23,1,0.14,0,0.12,0,0,0.2,1
0.19,1,0,0,-0.37,0.69,-1.23,1,0.14,1,-0.89,0,0.14,0.2,1
-0.34,1,0,0,-0.18,0,0.32,1,0.2,0,-0.02,0.98,0,0.14,1
1.18,0,0,1,0.39,-0.35,1.16,1,0.25,1,1.28,0.86,0.25,0.09,1
1.08,0,0,0,0.58,0.69,0.95,1,0.14,0,0.76,0.94,0,0.16,1
-2.24,0,0,0,1.82,1.38,0.79,2,0.22,0,-0.68,2.07,0,0.16,1
-1.42,1,0,1,-0.37,1.03,-1.23,1,0.13,0,-0.41,0,0,0.23,1
1.08,1,0,1,0.2,0.34,0.45,1,0.17,0,0.45,0.83,0,0.15,1
0.44,0,0,1,0.1,-1.73,0.71,1,1,0,-1.26,4.41,0,0,1
0.56,0,1,0,0.1,0,2.04,1,0.2,0,1.39,1.13,0,0.13,1
-1.02,1,0,1,0.96,-0.35,-1.23,1,0.25,1,1.57,0,0.25,0.08,1
0.23,1,0,0,0.39,0,1.47,1,0.2,1,0.82,1.14,0.2,0.12,1
1.18,1,0,0,1.06,1.38,0.8,1,0.11,1,-0.36,1.59,0.11,0.18,1
0.52,1,0,1,0.1,0,1.49,1,0.2,1,0.93,1.11,0.2,0.13,1
1.39,0,1,0,2.11,-0.35,0.86,2,0.5,0,1.22,0.76,0,0.07,1
-2.97,0,1,0,-1.04,0.34,1.12,3,0.5,0,0.01,1.45,0,0.21,1
-2.6,0,0,1,0.67,-1.04,0.82,1,0.5,0,0.69,0.91,0,0.04,1
0.63,1,0,1,1.15,0.69,-1.23,3,0.43,0,-1.07,0,0,0.14,1
-0.42,0,1,1,0.29,0.34,-1.23,2,0.33,0,1.01,0,0,0.14,1
-0.74,0,1,1,-0.56,0.34,-1.23,1,0.17,0,-0.09,0,0,0.18,1
0.98,0,1,0,1.44,1.03,-1.23,1,0.13,0,1.28,0,0,0.15,1
0.57,1,0,0,-1.52,0,-1.23,1,0.2,0,1.11,0,0,0.22,1
0.44,0,0,1,0.48,0,0.77,2,0.4,1,-0.92,2.65,0.4,0.11,1
-0.66,0,0,1,0.67,1.38,0.5,1,0.11,0,0.68,0.77,0,0.2,1
-0.25,1,0,0,0.48,1.72,0.08,1,0.1,0,-1.39,4.06,0,0.23,1
-0.65,0,0,0,0.1,1.72,0.79,1,0.1,0,0.37,1.03,0,0.25,1
-0.23,1,0,0,0.67,-1.39,-0.47,4,4,0,-1.2,1.5,0,0.02,1
0.55,0,0,1,-1.14,0,1.13,1,0.2,0,-0.62,2.28,0,0.19,1
-1.21,1,0,0,1.53,1.03,0.65,3,0.38,0,0.38,0.96,0,0.15,1
-1.83,1,0,1,-0.56,0,-1.23,2,0.4,0,1.42,0,0,0.15,1
-0.16,0,0,1,-0.18,0,0.59,1,0.2,0,-0.08,1.19,0,0.14,1
1.44,0,1,1,0.67,1.03,1.7,1,0.13,0,0.68,1.31,0,0.17,1
0.22,0,0,1,0.1,1.72,0.42,1,0.1,0,-1.72,80.09,0,0.25,1
-0.6,0,0,0,-0.66,1.38,0.92,2,0.22,0,-0.8,2.49,0,0.28,1
1.66,0,0,1,1.25,1.72,0.01,1,0.1,0,0.8,0.53,0,0.19,1
1.78,0,1,0,0.67,-0.7,0.08,1,0.33,1,-1.25,2.88,0.33,0.07,1
-1.12,1,0,1,-0.09,1.03,-0.17,1,0.13,1,-0.56,0.97,0.13,0.21,1
0.25,1,0,1,1.44,-1.04,-1.23,1,0.5,0,0.86,0,0,0.04,1
1.43,1,0,1,-0.18,-0.7,-1.23,1,0.33,0,0.38,0,0,0.08,1
-0.54,1,0,0,0.39,0,-1.23,3,0.6,1,0.01,0,0.6,0.12,1
-0.16,0,1,1,1.06,0.69,1.33,2,0.29,0,-0.79,2.92,0,0.14,1
-0.6,0,0,0,2.2,-0.7,0.67,1,0.33,1,-1.31,4.77,0.33,0.05,1
0.96,1,0,0,0.1,0.34,-1.23,1,0.17,0,-1.25,0,0,0.15,1
-0.85,0,1,0,0.39,1.38,-1.23,1,0.11,0,0.45,0,0,0.21,1
0.79,0,1,1,0.39,-1.04,0.34,1,0.5,1,0.13,0.91,0.5,0.05,1
1.48,1,0,0,0.2,0.69,1.61,3,0.43,0,1.16,1.06,0,0.17,1
-1.97,0,0,0,0.1,0.34,0.69,2,0.33,0,-0.15,1.31,0,0.15,1
-0.03,1,0,0,1.44,1.38,0.71,1,0.11,0,-1.64,20.36,0,0.17,1
-1.2,0,0,1,0.87,0,0.93,1,0.2,1,-0.73,2.31,0.2,0.1,1
-0.41,0,1,1,1.25,0.69,-1.23,1,0.14,1,-0.46,0,0.14,0.13,1
-0.26,1,0,1,0.39,1.03,2.01,1,0.13,0,0.57,1.52,0,0.19,1
-0.44,0,0,1,0.48,0.69,0.6,1,0.14,1,-0.39,1.47,0.14,0.16,1
0.02,0,0,1,1.06,1.03,0.78,1,0.13,1,-1.44,7.31,0.13,0.16,1
-1.27,0,0,0,0.67,1.38,0.95,1,0.11,0,0.57,1.02,0,0.2,1
-2,1,0,1,0.2,1.03,-0.04,3,0.38,1,1.49,0.4,0.38,0.2,1
2.02,1,0,0,0.2,0,-1.23,3,0.6,0,-1.68,0,0,0.12,1
-0.71,0,1,0,0.67,1.03,-0.14,1,0.13,0,-0.97,1.52,0,0.17,1
-0.21,1,0,0,0.1,-1.73,0.68,1,1,1,-0.7,1.98,1,0,1
-0.24,1,0,0,1.53,-1.04,1.33,1,0.5,0,0.01,1.58,0,0.04,1
1.29,0,0,0,-0.09,-0.35,0.78,2,0.5,1,-1.47,7.93,0.5,0.11,1
-0.15,0,1,0,-0.56,-1.73,-1.23,1,1,0,-0.14,0,0,0,1
-1.69,0,0,0,0.67,-0.35,0.94,2,0.5,1,-0.97,3.05,0.5,0.09,1
0.44,1,0,0,-0.09,-0.7,-1.23,2,0.67,0,-0.38,0,0,0.08,1
0.12,0,1,0,0.2,-0.35,0.22,1,0.25,0,-0.42,1.19,0,0.1,1
-3.02,1,0,0,0.48,0.34,0.84,1,0.17,0,0.81,0.88,0,0.14,1
-1.32,1,0,0,3.25,0.69,-1.23,2,0.29,0,0.54,0,0,0.1,1
-0.49,0,1,0,0.29,1.03,0.24,1,0.13,0,0.78,0.63,0,0.19,1
1.46,0,0,0,1.91,1.38,0.4,1,0.11,0,1.07,0.63,0,0.15,1
-1.52,0,0,1,1.63,1.38,0.44,1,0.11,0,-0.77,1.87,0,0.16,1
-0.96,0,0,1,0.01,1.72,1.09,1,0.1,0,-1.34,6.33,0,0.26,1
-0.98,1,0,0,0.39,0.34,-1.23,3,0.5,0,0.44,0,0,0.14,1
0.48,0,1,1,1.63,0,0.55,1,0.2,1,-0.87,2.21,0.2,0.09,1
-0.99,0,0,0,0.67,-0.35,0.7,1,0.25,0,1.35,0.68,0,0.09,1
-0.19,0,1,1,-0.76,-0.7,0.96,1,0.33,0,-0.31,1.66,0,0.1,1
0.38,1,0,0,-0.37,-0.7,0.37,1,0.33,1,-1.71,58.13,0.33,0.09,1
-1.34,0,1,0,-0.47,0.69,-0.09,1,0.14,1,-1.39,3.49,0.14,0.21,1
1.72,1,0,0,1.53,1.72,0.66,1,0.1,0,-0.07,1.23,0,0.18,1
-0.36,0,0,0,0.2,-1.39,0.43,1,1,0,-1.74,437.98,0,0.02,1
0.42,1,0,1,1.25,-0.7,-1.23,1,0.33,0,1.32,0,0,0.06,1
1.74,0,0,0,0.96,-1.39,0.71,4,4,0,1.15,0.73,0,0.02,1
-0.02,1,0,0,0.58,0,0.26,1,0.2,0,1.27,0.54,0,0.11,1
-1.82,1,0,0,0.67,1.72,-1.23,2,0.2,0,0.4,0,0,0.22,1
0.62,0,1,0,1.15,-0.35,0.28,1,0.25,1,0.72,0.66,0.25,0.08,1
-0.56,0,1,1,-0.85,0.34,0.72,4,0.67,0,-1.01,2.89,0,0.2,1
-1.52,0,0,0,0.39,0.69,0.41,1,0.14,0,1.65,0.53,0,0.16,1
0.87,0,1,1,1.06,1.38,-1.23,1,0.11,0,1.16,0,0,0.18,1
-0.21,1,0,1,1.06,-1.39,0.09,1,1,1,-0.63,1.29,1,0.02,1
0.62,1,0,1,0.77,0,1.32,1,0.2,0,-0.29,1.9,0,0.11,1
-0.46,0,0,1,0.87,-0.35,0.9,1,0.25,0,-1.11,3.67,0,0.08,1
-1.1,1,0,0,2.39,-0.7,0.76,1,0.33,1,0.2,1.11,0.33,0.05,1
0.75,0,0,1,1.25,0,0.88,1,0.2,1,-0.13,1.42,0.2,0.1,1
-0.8,0,0,0,0.77,-0.35,1.22,1,0.25,1,1.11,0.93,0.25,0.09,1
0.02,1,0,1,0.87,-0.35,-0.27,1,0.25,0,1.11,0.36,0,0.08,1
0.08,1,0,0,0.1,0.69,1.03,1,0.14,1,0.62,1.04,0.14,0.18,1
-1.4,0,0,1,-0.18,-1.04,0.22,1,0.5,1,1.54,0.48,0.5,0.05,1
0.45,0,0,1,-0.76,0.34,0.52,2,0.33,1,-1.4,5.61,0.33,0.19,1
0.65,1,0,1,1.34,0.34,0.62,1,0.17,0,1.59,0.6,0,0.11,1
0,0,0,0,0.29,-1.39,0.64,1,1,0,-0.96,2.61,0,0.02,1
0.69,0,1,0,0.96,-1.39,0.55,2,2,1,0.43,0.89,2,0.02,1
0.68,1,0,0,0.48,-0.7,0.53,1,0.33,0,-1.27,4.01,0,0.07,1
0.6,1,0,0,0.39,1.03,-1.23,2,0.25,0,1.18,0,0,0.19,1
-0.51,0,0,0,0.87,1.03,0.71,1,0.13,0,-0.63,1.89,0,0.17,1
-0.82,1,0,0,0.29,-0.35,0.52,3,0.75,0,-0.77,1.96,0,0.1,1
1.13,0,0,0,0.96,1.38,0.24,1,0.11,0,0.3,0.78,0,0.18,1
0.15,1,0,1,1.25,-0.7,-1.23,1,0.33,0,0.28,0,0,0.06,1
0.4,0,1,1,-0.09,0,-0.02,1,0.2,1,-1.59,8.68,0.2,0.13,1
-0.35,1,0,0,-1.04,-1.73,-1.23,2,2,1,-1.61,0,2,0,1
0.88,0,0,1,0.67,0,0.87,1,0.2,1,-0.38,1.68,0.2,0.11,1
0.07,0,0,1,1.72,1.03,0.49,1,0.13,1,0.46,0.85,0.13,0.14,1
-3.11,0,1,1,1.44,-1.39,1.22,1,1,1,1.6,0.8,1,0.02,1
-0.83,0,0,0,1.06,0,0.85,1,0.2,0,1.35,0.73,0,0.1,1
-0.17,0,1,1,-0.76,1.38,0.52,1,0.11,1,1.38,0.61,0.11,0.29,1
-1.56,1,0,1,1.63,-1.39,0.38,1,1,0,0.32,0.85,0,0.02,1
0.55,0,0,0,1.44,0.34,0.92,3,0.5,0,0.78,0.92,0,0.11,1
0.51,0,0,0,0.1,-0.35,1.16,1,0.25,0,1.56,0.78,0,0.1,1
-0.41,1,0,0,0.67,0,-1.23,1,0.2,0,-0.39,0,0,0.11,1
-0.95,0,1,1,-1.42,-0.7,0.61,1,0.33,0,-0.25,1.34,0,0.13,1
0.3,0,0,0,0.29,0.69,0.47,1,0.14,1,-0.17,1.17,0.14,0.17,1
1.67,0,1,0,0.48,1.03,-1.23,3,0.38,0,-0.58,0,0,0.18,1
-0.39,0,0,0,-1.8,-1.73,0.66,1,1,0,0.23,1.03,0,0,1
-0.57,0,1,1,-0.37,1.03,-1.23,1,0.13,0,0,0,0,0.23,1
1.46,1,0,1,1.06,1.38,-1.23,4,0.44,1,1.65,0,0.44,0.18,1
0.58,0,1,0,-0.37,-0.7,-0.32,1,0.33,0,-1.43,3.15,0,0.09,1
-0.69,0,0,0,1.44,-1.39,0.01,1,1,0,0.66,0.56,0,0.02,1
-0.69,0,1,0,1.91,-1.39,-1.23,1,1,1,0.52,0,1,0.02,1
0.24,0,0,1,-0.47,-1.04,1.22,1,0.5,0,1.31,0.87,0,0.06,1
-1.02,1,0,1,0.29,1.38,0.92,2,0.22,0,0.02,1.32,0,0.21,1
-1.22,0,1,0,1.25,0.69,-1.23,1,0.14,1,1.63,0,0.14,0.13,1
-1.32,0,0,0,0.01,-1.39,1.08,1,1,1,0.32,1.21,1,0.03,1
-1.34,1,0,1,-0.09,0,0.55,1,0.2,1,0.63,0.81,0.2,0.13,1
0.12,1,0,0,-0.28,-0.35,1.45,2,0.5,0,0.67,1.2,0,0.11,1
0.77,0,1,0,-0.28,-0.35,0.67,1,0.25,0,0.54,0.9,0,0.11,1
-1,1,0,0,-0.37,0.34,0.66,2,0.33,0,-0.08,1.24,0,0.17,1
0.63,0,1,1,-0.18,-1.04,-1.23,2,1,0,-0.28,0,0,0.05,1
0.19,1,0,1,-1.33,-1.39,1.3,1,1,0,-1.09,4.2,0,0.04,1
-0.04,0,0,1,0.48,-0.35,0.28,1,0.25,0,-1.1,2.57,0,0.09,1
0.66,1,0,0,1.15,-0.35,0.19,3,0.75,0,-1.64,15.06,0,0.08,1
1.73,1,0,0,0.96,-1.04,-1.23,1,0.5,1,1.6,0,0.5,0.04,1
1.42,0,0,0,1.72,1.03,0.28,1,0.13,1,1.39,0.52,0.13,0.14,1
1.24,0,0,1,0.58,-0.35,0.55,1,0.25,0,-1.29,4.23,0,0.09,1
-2.33,0,1,0,-1.61,0.69,1.49,2,0.29,1,0.63,1.24,0.29,0.32,1
0.77,0,0,1,0.58,1.03,0.65,1,0.13,0,1.28,0.67,0,0.18,1
0.13,0,0,1,-0.66,1.03,0.87,1,0.13,0,-0.92,2.77,0,0.25,1
-0.93,1,0,1,1.63,0.69,1.22,2,0.29,0,0.58,1.15,0,0.13,1
-3.11,0,0,1,0.01,-1.73,0.53,2,2,0,0.41,0.89,0,0,1
0.89,1,0,1,-0.28,1.38,-1.23,1,0.11,1,1.54,0,0.11,0.25,1
-0.63,0,1,0,-0.18,-1.73,-0.19,1,1,1,-0.67,1.04,1,0,1
0.93,0,0,0,-0.28,-0.35,0.52,1,0.25,0,-0.1,1.15,0,0.11,1
1.39,1,0,0,0.77,1.38,0.73,1,0.11,1,-1.15,3.61,0.11,0.19,1
-1.28,0,1,0,-0.95,-1.04,-0.78,1,0.5,0,-0.05,0.28,0,0.07,1
-1.75,1,0,1,0.48,1.38,1.58,1,0.11,0,-0.6,2.68,0,0.2,1
-0.11,0,0,1,0.01,1.38,0.88,4,0.44,1,-1.62,18.85,0.44,0.23,1
1.24,0,1,1,1.53,1.38,-0.21,2,0.22,0,1.48,0.34,0,0.16,1
2.06,0,0,0,0.58,0,0.81,1,0.2,1,1.61,0.66,0.2,0.11,1
0.38,0,0,0,-0.95,-0.35,0.04,1,0.25,0,0.38,0.65,0,0.14,1
-1.11,0,0,1,0.87,-1.39,0.39,1,1,0,-1.16,3.03,0,0.02,1
-2.3,0,0,0,0.1,-0.7,0.85,2,0.67,0,-0.47,1.77,0,0.08,1
-0.34,1,0,1,1.63,0.69,-1.23,1,0.14,1,0.74,0,0.14,0.13,1
0.08,1,0,0,-0.37,0,0.8,1,0.2,0,0.98,0.81,0,0.14,1
-0.26,1,0,1,-0.28,1.38,0.51,3,0.33,0,0.59,0.81,0,0.25,1
0.69,1,0,1,-0.28,-1.04,1.15,1,0.5,0,1.37,0.83,0,0.06,1
-1.72,0,0,1,1.44,-0.7,0.93,1,0.33,0,-0.87,2.69,0,0.06,1
-0.8,1,0,0,-1.23,-0.35,0.84,1,0.25,0,0.86,0.86,0,0.15,1
-1.24,0,0,0,-0.76,0.69,0.65,1,0.14,0,0.32,0.99,0,0.23,1
0.86,1,0,1,-1.61,0,0.86,1,0.2,0,0.38,1.07,0,0.23,1
0.3,1,0,0,-0.18,1.72,0.76,1,0.1,0,-0.32,1.51,0,0.27,1
-0.48,1,0,1,1.34,1.03,1.09,1,0.13,0,1.58,0.76,0,0.15,1
-0.88,0,0,0,1.82,-0.7,0.52,3,1,1,0.62,0.8,1,0.05,1
-0.88,1,0,1,1.53,-0.35,0.68,2,0.5,1,0.49,0.93,0.5,0.07,1
0.62,1,0,1,1.44,0.34,1.52,1,0.17,1,1.16,1.02,0.17,0.11,1
-3.03,0,1,0,1.25,1.03,1.07,3,0.38,0,0.73,1.01,0,0.15,1
1.55,1,0,0,0.1,0,0.34,1,0.2,0,-0.03,0.99,0,0.13,1
-0.4,1,0,0,-0.56,1.38,-1.23,1,0.11,0,0.74,0,0,0.27,1
0.69,0,1,1,-0.37,-1.39,-1.23,3,3,0,1.3,0,0,0.03,1
0.71,0,1,0,0.77,1.38,0.64,1,0.11,0,-0.64,1.85,0,0.19,1
0.91,1,0,1,1.44,-0.35,-1.23,1,0.25,1,-0.77,0,0.25,0.07,1
-0.91,0,1,0,0.67,1.03,0.48,1,0.13,0,1.1,0.65,0,0.17,1
1.79,0,0,1,2.01,1.03,0.93,3,0.38,0,0.92,0.88,0,0.13,1
0.56,1,0,0,0.96,0.69,-1.23,1,0.14,0,-0.64,0,0,0.14,1
-1.21,1,0,1,2.2,-1.04,-1.23,2,1,0,-1,0,0,0.03,1
1.39,0,0,0,-0.66,-0.7,0.77,2,0.67,1,-0.83,2.37,0.67,0.09,1
0.56,0,0,0,0.39,1.72,1.12,1,0.1,1,-1.57,14.55,0.1,0.23,1
0.81,0,0,1,0.67,0,0.66,1,0.2,0,0.07,1.13,0,0.11,1
-1.09,0,1,0,0.01,0.34,-1.23,1,0.17,0,-1.07,0,0,0.15,1
0.05,1,0,0,1.91,0.69,-1.23,1,0.14,0,-0.19,0,0,0.12,1
0.17,0,0,0,-0.18,0,0.25,3,0.6,0,1.36,0.52,0,0.14,1
0.18,0,1,0,-1.42,0.69,1.56,1,0.14,0,0.11,1.63,0,0.29,1
-0.31,1,0,1,0.77,-1.73,-1.23,1,1,1,0.59,0,1,0,1
0.72,1,0,0,0.58,-1.39,0.42,2,2,1,-1.12,2.89,2,0.02,1
-1.64,1,0,0,0.96,1.03,-1.23,1,0.13,1,1.44,0,0.13,0.16,1
2.06,1,0,1,2.3,1.03,1.5,1,0.13,0,1.46,0.92,0,0.13,1
-1.15,0,1,1,-0.09,0.34,-1.23,1,0.17,1,0.92,0,0.17,0.16,1
-0.65,0,0,0,-0.37,-1.39,0.43,1,1,0,1.39,0.57,0,0.03,1
0.08,0,1,0,-0.76,-1.04,-0.64,1,0.5,0,0.06,0.35,0,0.06,1
0.71,1,0,0,0.29,-0.35,-1.23,1,0.25,0,-1.25,0,0,0.1,1
0.11,0,0,1,0.48,-1.39,1.04,1,1,0,1.56,0.74,0,0.02,1
0.04,1,0,1,0.1,0.34,-1.23,1,0.17,0,1.46,0,0,0.15,1
-0.11,1,0,1,2.3,-1.04,-0.13,2,1,1,0.22,0.61,1,0.03,1
0.73,1,0,0,1.53,-0.7,-0.52,1,0.33,0,-0.6,0.67,0,0.05,1
-2.35,1,0,0,-0.28,0,0.34,1,0.2,0,0.32,0.83,0,0.14,1
0.68,1,0,0,1.25,0.69,-0.17,2,0.29,0,-1.49,4.52,0,0.13,1
0.05,0,1,1,-0.09,-0.7,2.8,3,1,1,-0.33,3.1,1,0.08,1
-0.51,1,0,0,0.39,-1.04,-1.23,1,0.5,0,-0.88,0,0,0.05,1
-0.14,0,0,0,1.53,-1.39,0.75,1,1,0,-0.32,1.52,0,0.02,1
0.74,0,0,0,0.87,1.72,0.99,1,0.1,1,-1.68,39.83,0.1,0.21,1
-2.55,0,0,0,1.44,-0.35,0.78,1,0.25,0,-0.28,1.5,0,0.07,1
-1.97,1,0,0,-1.14,0.69,-1.23,2,0.29,0,0.97,0,0,0.26,1
-0.34,0,0,0,1.44,-0.35,0.67,1,0.25,1,0.58,0.89,0.25,0.07,1
0.55,1,0,1,-0.66,0.69,0.82,4,0.57,0,1.47,0.69,0,0.22,1
-0.43,0,1,0,0.39,0.34,0.15,2,0.33,1,0.23,0.76,0.33,0.14,1
0.88,0,0,1,1.72,1.38,0.3,1,0.11,0,-1.25,3.35,0,0.16,1
-0.08,1,0,0,1.15,-1.04,0.46,1,0.5,0,-1.13,3.01,0,0.04,1
0.24,1,0,1,-1.99,0.69,-1.23,2,0.29,1,-0.77,0,0.29,0.39,1
1.92,0,1,1,1.72,-0.35,0.4,1,0.25,0,-1.09,2.73,0,0.07,1
1.06,1,0,1,1.72,0.69,-1.23,1,0.14,0,1.03,0,0,0.12,1
0.98,1,0,0,1.53,1.38,0.54,1,0.11,1,-0.84,2.14,0.11,0.16,1
0.44,1,0,1,-0.28,1.03,1.63,1,0.13,0,-0.72,3.03,0,0.22,1
-0.46,0,0,1,2.49,1.72,0.8,3,0.3,0,-1.6,16.07,0,0.15,1
0.56,0,0,0,1.63,-1.04,1.07,1,0.5,0,-0.2,1.62,0,0.04,1
-0.17,0,0,0,0.67,0,0.76,1,0.2,1,-0.88,2.49,0.2,0.11,1
-0.98,0,0,1,-0.18,1.38,1.1,2,0.22,0,-0.16,1.59,0,0.24,1
0.51,0,0,0,1.91,0,0.98,1,0.2,0,0.75,0.96,0,0.08,1
-1.3,0,1,0,0.77,0.34,0.67,1,0.17,0,-0.31,1.44,0,0.13,1
1.53,0,1,0,1.82,1.38,-1.23,2,0.22,0,0.33,0,0,0.16,1
1.27,0,0,1,0.77,-1.04,0.67,4,2,1,0.75,0.83,2,0.04,1
0.8,1,0,0,0.67,-1.04,0.53,1,0.5,0,-1.39,5.41,0,0.04,1
-1.58,0,0,0,0.2,-0.35,0.18,2,0.5,1,-1.52,6.96,0.5,0.1,1
1.21,0,0,0,-0.37,0.34,0.89,1,0.17,0,0.27,1.14,0,0.17,1
0.72,1,0,0,-0.09,1.72,-1.23,2,0.2,1,-0.76,0,0.2,0.26,1
-0.03,0,1,0,1.63,0.34,1.3,2,0.33,0,0.71,1.12,0,0.11,1
-0.19,0,0,1,0.2,-0.7,0.8,1,0.33,0,1.35,0.71,0,0.07,1
-0.3,1,0,0,-0.85,-1.04,1.32,3,1.5,0,0.73,1.11,0,0.07,1
-1.63,1,0,0,-0.76,-0.7,-1.23,1,0.33,1,1.33,0,0.33,0.1,1
0.32,0,0,1,0.29,-0.7,0.67,2,0.67,0,-1.58,12.5,0,0.07,1
1.09,0,1,1,-0.09,0.34,0.68,1,0.17,0,1.21,0.7,0,0.16,1
-0.26,1,0,0,1.82,1.72,-0.36,1,0.1,1,1.6,0.28,0.1,0.17,1
-0.81,1,0,1,0.39,-1.04,1.02,1,0.5,0,-1.28,5.31,0,0.05,1
-0.35,0,0,0,-0.18,-0.35,0.64,2,0.5,0,1.31,0.66,0,0.11,1
0.09,1,0,0,1.63,1.38,0.76,1,0.11,0,-0.01,1.24,0,0.16,1
-1.16,1,0,0,-0.09,1.03,0.2,2,0.25,0,-1.25,3.14,0,0.21,1
-1.65,0,0,0,1.72,-0.35,0.57,1,0.25,1,-1.02,2.72,0.25,0.07,1
-0.73,1,0,0,2.49,1.38,0.49,3,0.33,0,0.14,0.99,0,0.14,1
-1.12,1,0,0,1.91,-1.04,-0.12,2,1,0,-1.6,8.72,0,0.03,1
-0.21,0,0,1,1.06,-0.7,0.85,4,1.33,1,-0.91,2.71,1.33,0.06,1
-0.07,1,0,1,0.87,1.03,-1.23,2,0.25,1,-0.96,0,0.25,0.17,1
0.4,0,1,0,0.58,-1.73,-0.3,1,1,0,1.7,0.29,0,0,1
0.5,1,0,1,0.1,0.69,-1.23,1,0.14,1,0.92,0,0.14,0.18,1
1.02,0,0,1,0.77,1.38,0.54,1,0.11,1,0.62,0.81,0.11,0.19,1
-0.53,0,0,1,0.67,1.38,0.75,1,0.11,1,-1.2,3.94,0.11,0.2,1
-1.09,1,0,0,1.53,0,-1.23,1,0.2,0,-1.57,0,0,0.09,1
-0.02,0,0,0,1.06,0,1.26,1,0.2,1,-0.22,1.78,0.2,0.1,1
0.76,0,0,0,0.87,0.34,0.54,2,0.33,1,-0.34,1.37,0.33,0.13,1
-0.11,1,0,1,-0.56,0.69,1.25,1,0.14,0,-1.29,6.01,0,0.21,1
-1.32,0,0,1,0.2,-1.73,0.69,1,1,0,0.39,0.98,0,0,1
0.66,0,0,0,0.96,-0.35,0.27,1,0.25,0,-1.61,12.29,0,0.08,1
-1.37,0,0,1,0.67,-0.35,0.6,1,0.25,0,-0.13,1.23,0,0.09,1
-0.64,0,0,1,1.53,0.69,0.7,1,0.14,0,-0.61,1.84,0,0.13,1
0.71,0,0,0,0.29,0,0.97,3,0.6,0,0.85,0.92,0,0.12,1
-0.35,0,0,0,1.82,-0.7,0.68,2,0.67,0,-1.13,3.38,0,0.05,1
0,1,0,1,-0.37,0.69,-0.03,3,0.43,0,0.51,0.58,0,0.2,1
-0.14,0,1,0,0.58,-1.04,1.31,1,0.5,1,0.78,1.09,0.5,0.04,1
-0.84,0,1,0,0.29,-1.39,-1.23,1,1,1,-0.29,0,1,0.02,1
0.6,0,0,1,0.58,-0.35,0.74,1,0.25,1,-1.74,10614.66,0.25,0.09,1
-0.32,0,0,1,0.01,1.38,1.33,1,0.11,0,-0.34,1.98,0,0.23,1
-0.03,0,1,0,1.44,0.69,0.67,1,0.14,0,1.26,0.69,0,0.13,1
0.89,0,0,0,0.39,-1.39,0.79,1,1,0,0.67,0.91,0,0.02,1
-0.38,0,1,0,0.2,0.69,1.66,1,0.14,0,-1.49,12.27,0,0.17,1
1.15,0,0,1,-0.47,-0.35,0.2,2,0.5,0,-0.55,1.3,0,0.12,1
2.06,0,0,1,-1.04,-0.35,1.15,1,0.25,0,-0.68,2.44,0,0.14,1
0.22,1,0,1,1.25,1.03,1.5,1,0.13,0,-0.76,3.01,0,0.15,1
-0.2,0,0,1,-0.18,1.03,0.99,2,0.25,0,0.91,0.91,0,0.22,1
0.59,0,0,0,0.39,-1.73,0.68,1,1,0,1.42,0.66,0,0,1
-0.98,1,0,0,1.25,1.38,-1.23,1,0.11,0,1.31,0,0,0.17,1
-0.38,1,0,1,0.1,0.34,-1.23,1,0.17,1,-1.39,0,0.17,0.15,1
1.53,0,0,0,0.96,0,0.9,1,0.2,1,-1.19,4.18,0.2,0.1,1
0.95,0,0,0,0.2,-0.35,0.26,1,0.25,1,-0.46,1.26,0.25,0.1,1
-1.14,1,0,1,-1.61,-0.35,-1.23,3,0.75,1,1.5,0,0.75,0.18,1
-1.17,0,0,1,0.01,-0.7,0.94,1,0.33,0,-1.19,4.26,0,0.08,1
1.28,1,0,0,1.25,-1.04,-0.32,1,0.5,0,0.23,0.5,0,0.04,1
-0.23,0,0,0,2.11,-1.39,0.33,1,1,1,0.87,0.65,1,0.02,1
-0.87,1,0,0,0.29,0.34,-1.23,1,0.17,0,1.4,0,0,0.14,1
-1.17,0,0,0,0.67,0,0.39,1,0.2,1,0.71,0.72,0.2,0.11,1
0.28,0,0,0,1.15,-1.39,1.11,1,1,0,0.17,1.33,0,0.02,1
0.11,1,0,1,0.77,0,-1.23,1,0.2,1,0.12,0,0.2,0.11,1
-0.77,1,0,1,2.3,1.38,-0.09,1,0.11,0,-0.37,0.89,0,0.14,1
0.1,0,0,1,0.2,-1.39,0.86,1,1,0,-1.29,4.99,0,0.02,1
0.22,1,0,0,1.34,1.38,1.49,4,0.44,1,0.82,1.15,0.44,0.17,1
0.79,0,0,1,-0.28,0.34,1.02,1,0.17,1,0.23,1.24,0.17,0.17,1
-3.1,0,0,0,1.72,-0.35,1.39,1,0.25,0,1.21,0.96,0,0.07,1
0.92,1,0,0,-0.18,1.03,-1.23,2,0.25,0,1.59,0,0,0.22,1
-1.43,1,0,0,0.2,1.03,1.1,1,0.13,0,-0.61,2.24,0,0.2,1
-1.35,0,0,0,-0.76,-0.7,0.52,1,0.33,1,1.45,0.59,0.33,0.1,1
-1.91,0,0,0,1.63,-1.04,0.57,3,1.5,0,1.7,0.57,0,0.04,1
-0.38,1,0,0,-0.18,1.03,-0.02,4,0.5,1,0.55,0.57,0.5,0.22,1
0.05,1,0,0,1.06,1.72,-1.23,4,0.4,0,1.38,0,0,0.2,1
-0.9,1,0,1,0.1,-0.35,-1.23,1,0.25,0,-0.25,0,0,0.1,1
1.11,1,0,0,1.06,-1.04,0.31,3,1.5,1,-0.56,1.41,1.5,0.04,1
-1.58,0,0,1,2.11,0.69,0.42,1,0.14,0,1.52,0.55,0,0.11,1
1.36,0,1,1,1.25,-0.35,-1.23,1,0.25,1,-0.82,0,0.25,0.08,1
-0.27,1,0,0,0.58,-0.7,-0.13,1,0.33,0,1.18,0.41,0,0.07,1
0,0,0,1,0.1,-1.39,0.93,2,2,0,1.29,0.77,0,0.03,1
0.42,1,0,1,1.82,-0.7,-1.23,1,0.33,1,1.65,0,0.33,0.05,1
-0.69,0,0,0,0.67,0.34,0.17,2,0.33,0,0.35,0.73,0,0.13,1
-1.04,0,0,0,0.58,1.03,0.56,1,0.13,0,-0.04,1.14,0,0.18,1
-0.41,1,0,0,2.11,-0.7,0.88,4,1.33,1,-0.59,1.99,1.33,0.05,1
-1.05,0,0,1,0.2,1.38,0.3,3,0.33,1,0.55,0.72,0.33,0.22,1
0.1,1,0,1,1.06,-1.39,-1.23,3,3,1,1.6,0,3,0.02,1
-1.31,1,0,1,1.06,-0.35,-1.23,2,0.5,1,-1.19,0,0.5,0.08,1
-0.06,1,0,0,-0.28,1.03,-1.23,2,0.25,1,-1.53,0,0.25,0.22,1
0.79,0,1,1,3.06,1.03,-1.23,1,0.13,1,1.71,0,0.13,0.11,1
-0.01,0,1,0,-0.85,0.34,-1.23,1,0.17,0,-0.56,0,0,0.2,1
0.17,1,0,0,-0.09,0.34,1.09,1,0.17,1,-0.45,1.95,0.17,0.16,1
-0.4,0,0,0,0.77,0.34,0.86,1,0.17,1,-0.94,2.84,0.17,0.13,1
0.15,0,0,0,1.15,1.38,0.55,2,0.22,1,-1.72,99.4,0.22,0.18,1
-1.03,0,0,1,1.44,0,0.42,1,0.2,0,1.33,0.58,0,0.09,1
-2.95,0,0,1,-0.85,-1.73,0.82,1,1,0,-0.32,1.57,0,0,1
0.48,0,0,0,-0.09,0.34,0.9,1,0.17,1,-1.61,17.95,0.17,0.16,1
-1.17,0,0,0,0.77,0.34,0.43,1,0.17,0,-1.46,6.34,0,0.13,1
0.3,1,0,0,-1.42,1.72,-1.23,3,0.3,0,0.95,0,0,0.42,1
-1.08,0,0,0,1.82,-0.7,0.48,4,1.33,0,0.5,0.83,0,0.05,1
0.43,0,0,1,0.58,0.34,1.22,4,0.67,1,0.14,1.41,0.67,0.13,1
2.06,0,1,1,0.96,1.03,-1.23,1,0.13,0,-1.29,0,0,0.16,1
-0.17,0,0,1,0.87,-1.04,0.49,1,0.5,1,0.06,1.03,0.5,0.04,1
1.22,0,1,0,0.29,-0.7,-1.23,1,0.33,0,1.06,0,0,0.07,1
0.11,0,1,0,0.29,1.38,-0.02,1,0.11,0,-1.26,2.73,0,0.21,1
0.64,0,0,0,0.1,-0.7,0.53,2,0.67,0,0.35,0.91,0,0.08,1
-1.96,1,0,1,1.15,1.38,0.7,1,0.11,0,-0.75,2.11,0,0.18,1
-1.23,1,0,1,0.48,-0.7,1.16,1,0.33,0,-0.44,1.99,0,0.07,1
0.2,0,0,1,0.1,-1.04,1.42,3,1.5,0,1.34,0.93,0,0.05,1
0.81,1,0,0,2.2,-0.35,1.03,1,0.25,0,-1.2,4.54,0,0.06,1
0.95,1,0,0,-1.04,-1.04,1.85,1,0.5,0,0.15,1.77,0,0.07,1
0.19,1,0,0,0.48,1.03,0.32,1,0.13,0,0.55,0.73,0,0.18,1
-0.4,0,0,1,-0.85,1.38,1.06,1,0.11,0,0.1,1.35,0,0.3,1
-1.31,1,0,1,1.25,-1.04,0.18,1,0.5,0,1.28,0.51,0,0.04,1
-0.54,1,0,0,2.39,1.38,-1.23,1,0.11,1,-1.51,0,0.11,0.14,1
0.17,0,0,1,0.39,-1.39,0.43,1,1,0,-1.18,3.17,0,0.02,1
-2.45,1,0,1,-0.09,1.03,-1.23,1,0.13,1,-0.39,0,0.13,0.21,1
-0.55,0,0,0,0.01,1.03,1.38,3,0.38,0,-1.11,4.51,0,0.21,1
-0.67,1,0,0,-1.04,0,-1.23,3,0.6,0,1.22,0,0,0.18,1
-1.98,0,0,1,0.67,0.69,0.54,1,0.14,0,-1.65,22.21,0,0.15,1
-0.84,0,0,0,0.29,1.38,1.12,1,0.11,0,-1.17,4.49,0,0.21,1
0.78,0,1,0,1.63,1.03,0.75,3,0.38,1,0.52,0.95,0.38,0.14,1
-0.9,0,0,0,0.48,-0.7,0.57,3,1,1,0.08,1.07,1,0.07,1
-0.28,0,0,0,0.87,-1.39,0.51,1,1,0,0.33,0.91,0,0.02,1
-0.01,0,1,1,0.2,-0.7,0.84,3,1,0,0.24,1.13,0,0.07,1
0.4,1,0,1,-1.61,-0.35,0.96,1,0.25,0,-0.84,2.62,0,0.18,1
-2.58,0,0,1,0.87,1.03,0.83,1,0.13,0,1.32,0.73,0,0.17,1
-1.75,1,0,0,1.72,1.38,-1.23,3,0.33,1,1.21,0,0.33,0.16,1
0.49,0,1,0,-0.76,1.03,1.74,1,0.13,0,0.27,1.6,0,0.26,1
-2.14,1,0,0,0.58,-0.35,-1.23,2,0.5,0,1.07,0,0,0.09,1
-0.73,0,0,0,-0.09,-1.39,0.83,1,1,0,0.45,1.02,0,0.03,1
2.06,0,1,1,1.15,-0.7,0.53,2,0.67,1,-1.52,8.81,0.67,0.06,1
1.11,0,0,0,2.11,1.03,0.78,1,0.13,0,1.43,0.69,0,0.13,1
0.84,0,0,0,2.11,1.38,0.29,2,0.22,1,1,0.6,0.22,0.15,1
-0.11,1,0,1,0.39,0.69,0.9,1,0.14,0,-0.53,1.9,0,0.16,1
-1.44,0,0,0,0.1,1.38,0.77,1,0.11,0,1.72,0.63,0,0.23,1
1.6,1,0,1,0.67,0.34,0.67,3,0.5,0,1.09,0.73,0,0.13,1
0.56,0,1,1,0.48,-1.73,1.73,1,1,0,-0.54,2.68,0,0,1
-0.05,1,0,1,1.25,1.03,-0.27,1,0.13,0,1.26,0.35,0,0.15,1
1.28,1,0,1,1.34,-0.35,0.6,1,0.25,1,0.94,0.74,0.25,0.08,1
0.39,1,0,0,1.15,0,-1.23,1,0.2,0,-0.15,0,0,0.1,1
-0.61,0,1,1,-0.09,-1.73,-1.23,1,1,0,-0.59,0,0,0,1
1.11,1,0,0,1.25,0.69,0.78,1,0.14,0,1.24,0.73,0,0.13,1
-1.42,0,1,1,0.87,-1.04,-1.23,1,0.5,1,0.25,0,0.5,0.04,1
-0.53,0,0,1,0.58,1.72,0.43,1,0.1,0,0.56,0.78,0,0.22,1
-1.26,0,1,1,-0.09,0.69,0.37,2,0.29,0,-0.17,1.11,0,0.18,1
-0.49,1,0,0,0.87,0,-1.23,1,0.2,0,0.01,0,0,0.1,1
-1.69,1,0,1,1.34,-0.35,1.97,1,0.25,1,-1.32,8.25,0.25,0.08,1
-2.26,0,0,0,0.58,-0.7,0.54,1,0.33,0,-0.99,2.56,0,0.07,1
-1.09,0,1,1,-0.28,1.03,-0.05,2,0.25,0,-0.18,0.82,0,0.22,1
-2.19,0,1,1,1.25,-0.7,0.32,4,1.33,0,1.72,0.48,0,0.06,1
1.03,0,0,0,1.25,0.34,0.5,1,0.17,0,0.45,0.85,0,0.12,1
0.45,0,0,0,-0.18,1.03,0.35,2,0.25,0,1.43,0.54,0,0.22,1
0.47,1,0,1,1.25,0.34,1.01,1,0.17,0,-1.26,5.09,0,0.12,1
-0.25,0,1,0,-1.23,1.03,1.16,3,0.38,1,0.08,1.42,0.38,0.31,1
0.5,0,0,1,-0.66,-1.39,0.76,3,3,1,0.48,0.97,3,0.03,1
-1.67,0,0,0,1.25,-1.39,0.88,1,1,0,-1.09,3.53,0,0.02,1
0,1,0,1,1.63,-1.04,-1.23,1,0.5,0,0.25,0,0,0.04,1
0.49,1,0,1,1.72,0.34,0.96,2,0.33,1,-0.48,1.88,0.33,0.11,1
-0.75,0,0,0,-0.09,-0.35,0.59,2,0.5,0,1.33,0.64,0,0.11,1
0.18,0,0,0,0.01,-1.73,0.73,1,1,0,0.22,1.08,0,0,1
0.39,1,0,0,1.44,1.38,-1.23,1,0.11,0,1.58,0,0,0.17,1
-0.2,1,0,1,-0.56,0.69,-1.23,1,0.14,1,-0.73,0,0.14,0.21,1
-1.22,1,0,0,0.01,-1.04,-1.23,1,0.5,1,-0.46,0,0.5,0.05,1
1.91,0,0,1,-1.8,-0.35,0.77,1,0.25,0,1.39,0.69,0,0.2,1
1.16,0,0,1,-0.76,0.69,1.08,2,0.29,1,0.7,1.03,0.29,0.23,1
0.37,1,0,0,0.2,1.72,-1.23,1,0.1,1,0.77,0,0.1,0.24,1
-1.04,1,0,1,-0.09,1.38,1.02,3,0.33,1,1.24,0.82,0.33,0.24,1
-1.44,1,0,1,0.58,0,-0.13,1,0.2,0,1.62,0.35,0,0.11,1
-0.74,0,0,0,0.01,0,0.66,3,0.6,0,-1.64,20.21,0,0.13,1
1.7,1,0,1,0.58,0.69,-1.23,1,0.14,1,-0.82,0,0.14,0.16,1
-0.62,1,0,0,1.63,1.38,0.84,1,0.11,1,1.67,0.66,0.11,0.16,1
-1.51,0,1,0,0.58,1.38,0.88,3,0.33,0,1.66,0.67,0,0.2,1
0.26,0,0,0,-1.23,-1.39,0.51,1,1,0,-0.69,1.8,0,0.04,1
0.4,1,0,1,0.77,-1.39,0.28,3,3,0,0.99,0.6,0,0.02,1
0.54,0,1,0,0.58,-1.39,-1.23,1,1,0,1.44,0,0,0.02,1
1,1,0,0,0.58,-1.39,0.62,1,1,0,1.55,0.61,0,0.02,1
-0.5,1,0,1,-0.56,0,1.41,1,0.2,1,1.4,0.91,0.2,0.15,1
0.16,1,0,1,0.77,-1.04,-1.23,1,0.5,0,-1.13,0,0,0.04,1
-1.61,0,1,0,0.58,-0.7,0.2,3,1,0,0.61,0.66,0,0.07,1
1.72,0,0,1,0.58,1.38,0.4,1,0.11,0,-0.21,1.15,0,0.2,1
0.08,0,0,0,-0.76,-0.7,0.91,1,0.33,1,0.8,0.91,0.33,0.1,1
1.45,1,0,0,0.48,0,-1.23,2,0.4,1,0.42,0,0.4,0.11,1
0.16,1,0,1,0.39,0.69,0.98,2,0.29,1,0.33,1.16,0.29,0.16,1
-0.38,0,0,0,0.48,0.34,0.68,1,0.17,0,0.58,0.89,0,0.14,1
-1.73,1,0,0,0.48,0,0.97,1,0.2,0,1.6,0.71,0,0.11,1
-1.91,1,0,1,0.1,-0.35,0.24,1,0.25,0,0.72,0.65,0,0.1,1
0.86,1,0,0,1.44,-0.7,-1.23,1,0.33,0,0.53,0,0,0.06,1
0.86,0,1,0,0.39,-0.7,-0.33,2,0.67,1,-0.09,0.59,0.67,0.07,1
-0.39,0,0,1,1.91,1.03,0.24,1,0.13,0,-1.25,3.27,0,0.14,1
0.28,1,0,0,-1.04,-0.35,-1.23,2,0.5,1,0.77,0,0.5,0.14,1
-0.55,0,1,0,-0.85,-1.04,0.69,1,0.5,1,1.44,0.65,0.5,0.07,1
2.06,0,0,0,0.77,1.72,0.93,1,0.1,0,-1.27,5.01,0,0.21,1
-1.08,0,0,0,3.34,1.03,0.62,2,0.25,1,-0.58,1.72,0.25,0.11,1
0.49,1,0,0,0.1,0.69,0.46,3,0.43,0,0.13,0.97,0,0.18,1
-0.33,1,0,0,0.1,1.72,-1.23,1,0.1,1,0.82,0,0.1,0.25,1
0.3,0,0,0,1.15,0,1.07,1,0.2,0,-0.91,2.99,0,0.1,1
1.13,1,0,1,0.01,0.34,1.64,1,0.17,0,-0.57,2.66,0,0.15,1
1.3,0,0,1,-0.56,1.03,0.62,1,0.13,0,0.51,0.89,0,0.24,1
1.49,0,1,0,1.63,0,-1.23,1,0.2,0,-1.12,0,0,0.09,1
0.14,1,0,1,0.87,1.72,-1.23,1,0.1,0,0.7,0,0,0.21,1
1.09,1,0,1,2.01,-1.04,-1.23,1,0.5,1,1.16,0,0.5,0.03,1
0.62,0,0,0,-1.42,-1.04,0.54,2,1,0,-1.47,6.97,0,0.08,1
-1.74,0,0,0,0.87,-1.04,-0.11,1,0.5,0,0.04,0.68,0,0.04,1
-1.06,1,0,0,-1.04,1.03,0.65,2,0.25,1,1.02,0.74,0.25,0.29,1
-0.03,1,0,0,0.01,0.34,0.87,2,0.33,1,0.94,0.85,0.33,0.15,1
-0.07,1,0,0,0.1,1.38,0.97,4,0.44,0,-0.4,1.78,0,0.23,1
0.43,0,0,0,0.2,1.03,0.87,1,0.13,0,-0.71,2.2,0,0.2,1
-0.02,0,0,0,-0.18,1.03,0.61,1,0.13,1,0.11,1.08,0.13,0.22,1
-0.99,0,0,1,2.2,-0.35,0.69,1,0.25,1,-0.98,2.75,0.25,0.06,1
-0.14,1,0,0,0.87,0.69,0.87,2,0.29,1,0.55,0.99,0.29,0.15,1
0.25,1,0,0,0.96,-1.73,-1.23,1,1,1,-0.34,0,1,0,1
2.06,0,0,0,-0.37,-1.04,0.07,1,0.5,0,-1.52,6.4,0,0.06,1
1.7,1,0,0,1.63,-0.7,-1.23,3,1,1,-0.1,0,1,0.05,1
-0.67,1,0,0,-0.37,0.69,1.41,3,0.43,0,0.34,1.38,0,0.2,1
0.28,1,0,0,2.01,1.72,0.66,1,0.1,0,0.82,0.8,0,0.17,1
0.17,0,0,1,1.53,1.38,1.25,1,0.11,1,0.65,1.12,0.11,0.16,1
0.02,0,0,0,0.58,1.38,0.55,1,0.11,1,0.93,0.72,0.11,0.2,1
0.09,1,0,0,0.96,-1.39,-1.23,1,1,0,0.28,0,0,0.02,1
-1.06,1,0,0,0.67,-1.39,-1.23,1,1,1,0.08,0,1,0.02,1
-1.07,0,0,1,1.06,-0.7,0.08,3,1,1,1.35,0.46,1,0.06,1
2.06,1,0,0,0.29,1.03,-1.23,1,0.13,0,-1.4,0,0,0.19,1
-1.4,0,0,1,2.01,1.38,0.6,1,0.11,0,-1.42,6.17,0,0.15,1
-0.41,1,0,1,-0.37,1.72,-1.23,1,0.1,1,-1.33,0,0.1,0.29,1
-0.06,0,0,0,0.2,-1.04,1,1,0.5,0,0.52,1.07,0,0.05,1
-0.69,1,0,0,2.58,0,-1.23,1,0.2,0,-0.88,0,0,0.08,1
-1.28,1,0,1,0.77,-1.39,-1.23,1,1,0,-1.37,0,0,0.02,1
0.25,1,0,1,1.44,0.34,-1.23,1,0.17,0,0.18,0,0,0.11,1
-0.73,1,0,1,1.06,-1.73,0.79,1,1,0,-0.74,2.18,0,0,1
-1.41,0,0,0,0.58,-0.7,0.52,1,0.33,1,0.96,0.7,0.33,0.07,1
-0.13,1,0,1,1.72,0.34,-1.23,1,0.17,0,-1.15,0,0,0.11,1
-0.41,1,0,1,1.82,1.03,-1.23,2,0.25,1,0.13,0,0.25,0.14,1
2.06,0,0,1,0.39,-1.73,0.51,3,3,0,1.46,0.59,0,0,1
-1.02,0,0,1,1.06,-0.35,0.72,1,0.25,0,0.3,1.03,0,0.08,1
0.39,0,1,0,-0.56,-1.04,-1.23,1,0.5,0,-1.26,0,0,0.06,1
-1.44,0,0,1,0.87,0.34,1.17,1,0.17,0,-0.2,1.7,0,0.13,1
-2.11,1,0,1,0.39,-1.04,-1.23,2,1,0,-1.15,0,0,0.05,1
0.41,1,0,1,1.44,0,-1.23,1,0.2,0,-1.52,0,0,0.09,1
0.8,1,0,0,1.91,-0.35,-1.23,1,0.25,1,1.1,0,0.25,0.07,1
-0.94,0,1,0,0.39,-0.35,0.3,2,0.5,0,0.4,0.77,0,0.09,1
-0.22,1,0,0,-0.76,0.34,-1.23,1,0.17,1,-1.45,0,0.17,0.19,1
-0.7,1,0,0,1.72,-0.7,2.59,1,0.33,1,0.83,1.61,0.33,0.05,1
0.87,0,0,0,0.39,1.38,0.36,1,0.11,0,1.47,0.54,0,0.21,1
-1.27,0,0,1,0.01,-1.73,0.82,1,1,1,-1.35,5.75,1,0,1
0.27,0,0,1,-1.04,-1.73,1.08,2,2,0,-1.59,16.45,0,0,1
-0.19,1,0,0,0.48,-0.7,0.92,1,0.33,1,-1.14,3.87,0.33,0.07,1
-0.44,0,1,0,2.3,-0.7,1.01,2,0.67,1,1.31,0.79,0.67,0.05,1
0.16,1,0,1,1.34,0,-0.19,1,0.2,0,0.49,0.5,0,0.09,1
1.33,1,0,1,3.06,-0.7,-1.23,2,0.67,1,0.81,0,0.67,0.04,1
-0.14,0,0,1,1.06,-0.35,0.8,1,0.25,1,-1.44,7.29,0.25,0.08,1
-1.26,1,0,0,-0.09,-1.04,-1.23,1,0.5,0,0.81,0,0,0.05,1
-0.74,0,1,1,1.63,-0.35,0.37,1,0.25,0,-1.66,21.96,0,0.07,1
-0.53,0,1,0,-1.04,-0.35,0.81,2,0.5,0,-0.68,2.08,0,0.14,1
0.15,0,0,0,0.58,0,1.27,2,0.4,0,-0.84,3,0,0.11,1
0.56,0,0,0,-0.56,0,0.65,1,0.2,0,1.57,0.61,0,0.15,1
0.21,0,1,0,-0.47,0,0.87,4,0.8,1,-1.25,4.64,0.8,0.15,1
-0.72,0,0,1,0.1,-1.73,0.39,1,1,1,-1.6,12.74,1,0,1
0.49,0,1,0,0.77,0.34,-1.23,1,0.17,0,-0.87,0,0,0.13,1
0.95,0,0,0,0.39,0.34,0.33,1,0.17,1,-0.68,1.59,0.17,0.14,1
0.02,1,0,0,-0.18,-0.35,0.25,1,0.25,1,1.7,0.47,0.25,0.11,1
1.31,1,0,0,1.82,-0.35,-1.23,1,0.25,1,-0.65,0,0.25,0.07,1
-0.07,0,0,0,0.1,-0.35,0.01,2,0.5,1,0.27,0.67,0.5,0.1,1
0.15,0,0,0,-0.18,-0.7,0.57,1,0.33,1,0.18,1.01,0.33,0.08,1
0.87,1,0,1,0.2,0.69,-0.04,1,0.14,1,-1.54,6.29,0.14,0.17,1
-2.39,0,1,0,1.53,-0.35,0.25,1,0.25,0,0.78,0.63,0,0.07,1
-0.23,1,0,0,-0.76,0.34,1.59,1,0.17,0,0.23,1.55,0,0.19,1
-0.54,0,0,0,0.67,0.69,0.89,1,0.14,0,1.48,0.71,0,0.15,1
-0.75,0,1,1,0.1,0.34,-0.21,1,0.17,0,-0.44,0.85,0,0.15,1
0.83,0,0,0,0.39,1.38,0.04,1,0.11,0,-1.73,144.24,0,0.21,1
0.74,1,0,0,0.77,-1.04,0.18,1,0.5,1,-0.16,0.97,0.5,0.04,1
-0.55,0,1,0,0.67,-0.35,-1.23,2,0.5,0,-0.72,0,0,0.09,1
-0.05,0,0,1,-0.66,1.03,0.46,1,0.13,0,-0.38,1.35,0,0.25,1
1.1,1,0,1,1.72,-0.7,0.2,1,0.33,1,-0.82,1.68,0.33,0.05,1
0.65,1,0,1,-0.56,0.34,0.29,1,0.17,0,1.69,0.48,0,0.18,1
0.07,0,1,1,-0.28,1.03,1.79,2,0.25,0,1.44,1.03,0,0.22,1
-0.52,0,0,1,0.39,1.03,0.91,1,0.13,0,1.34,0.75,0,0.19,1
0.33,1,0,0,0.29,-1.73,-1.23,1,1,1,-0.14,0,1,0,1
0.99,0,1,1,-0.85,-1.39,0.58,1,1,0,-1.54,9.62,0,0.03,1
-0.65,0,0,0,-0.85,-1.73,0.54,1,1,0,-1.64,19.02,0,0,1
-0.48,1,0,1,-0.56,-0.7,-1.23,1,0.33,0,-1.01,0,0,0.09,1
-2.04,1,0,1,-0.95,0.34,-1.23,1,0.17,0,1.71,0,0,0.21,1
-2.01,1,0,0,2.3,-1.39,1.42,2,2,0,0.71,1.17,0,0.02,1
0.87,0,0,1,0.67,-1.04,0.48,1,0.5,0,0.25,0.93,0,0.04,1
0.11,0,1,0,0.2,0,-0.78,1,0.2,0,-0.53,0.4,0,0.12,1
-1,1,0,0,0.39,1.72,-1.23,2,0.2,0,0.86,0,0,0.23,1
-2.04,0,1,0,0.29,0,-1.23,3,0.6,0,-0.3,0,0,0.12,1
-2.51,1,0,0,4.3,1.03,0.18,1,0.13,0,1.54,0.47,0,0.1,1
1.32,0,0,0,-0.18,-1.73,0.47,2,2,1,0.58,0.79,2,0,1
0.46,1,0,0,0.29,0,-1.23,1,0.2,1,-0.49,0,0.2,0.12,1
-1,0,0,0,0.39,-1.04,0.71,1,0.5,0,-1.61,15.88,0,0.05,1
0.25,1,0,1,0.96,1.03,0.94,1,0.13,1,1.38,0.75,0.13,0.16,1
0.12,0,1,0,-0.37,0.34,-1.23,2,0.33,0,-1.7,0,0,0.17,1
0.25,1,0,0,2.11,0,-0.23,3,0.6,0,1.15,0.37,0,0.08,1
0.94,0,1,1,0.1,-0.35,0.45,1,0.25,0,0.61,0.78,0,0.1,1
-1.27,1,0,0,-0.28,-1.39,1.29,1,1,1,0.87,1.05,1,0.03,1
-0.63,1,0,0,2.01,0.34,1.14,1,0.17,0,-0.21,1.68,0,0.1,1
-0.01,1,0,0,2.39,0.69,1.05,1,0.14,0,-1.18,4.4,0,0.11,1
1.72,1,0,1,0.48,1.03,-1.23,1,0.13,0,-0.6,0,0,0.18,1
-1.61,0,0,0,-0.47,1.38,0.65,1,0.11,1,0.28,1.01,0.11,0.26,1
2.03,1,0,1,1.15,0,0.34,1,0.2,0,0.77,0.68,0,0.1,1
0.46,1,0,0,1.06,1.03,-1.23,1,0.13,0,0.46,0,0,0.16,1
0.24,1,0,1,0.67,-1.04,1.57,1,0.5,0,-0.17,1.94,0,0.04,1
0.55,0,0,0,0.01,-1.39,0.77,1,1,0,0.29,1.07,0,0.03,1
-0.76,0,1,1,0.39,1.03,0.05,1,0.13,0,0.62,0.59,0,0.19,1
0.27,0,1,1,1.63,0,0.76,1,0.2,1,-0.69,2.05,0.2,0.09,1
-1.5,1,0,0,1.72,0.34,-1.23,2,0.33,1,1.64,0,0.33,0.11,1
-0.44,1,0,1,1.06,0.34,-1.23,1,0.17,0,-0.11,0,0,0.12,1
1.03,1,0,0,0.77,0.69,0.72,2,0.29,0,-0.79,2.23,0,0.15,1
-0.73,1,0,0,1.63,-1.39,0.88,1,1,0,0.12,1.23,0,0.02,1
-2.44,1,0,1,0.67,1.38,0.94,3,0.33,0,1.36,0.76,0,0.2,1
1.53,1,0,0,2.01,0.34,0.33,1,0.17,0,-1.19,3.04,0,0.1,1
1.46,0,0,0,-0.95,-0.35,0.5,1,0.25,0,-1.41,5.69,0,0.14,1
-1.67,0,0,0,0.67,1.03,0.25,1,0.13,0,0.82,0.63,0,0.17,1
1.43,0,0,0,-0.18,0.34,0.55,1,0.17,1,-0.5,1.56,0.17,0.16,1
2.01,0,1,0,1.25,-1.73,-1.23,1,1,0,-1.19,0,0,0,1
0.3,0,0,0,0.87,1.03,0.62,1,0.13,0,0.69,0.82,0,0.17,1
1.42,1,0,1,1.53,-0.7,-1.23,1,0.33,1,-1.51,0,0.33,0.05,1
1.24,1,0,0,2.96,1.38,0.55,1,0.11,0,-1.35,4.89,0,0.13,1
-1.09,1,0,1,0.77,1.03,0.47,1,0.13,1,-0.56,1.56,0.13,0.17,1
1.03,1,0,0,-0.18,0.34,-1.23,1,0.17,1,0.31,0,0.17,0.16,1
0.5,1,0,0,0.39,-0.7,0.07,1,0.33,0,1.73,0.41,0,0.07,1
-1.21,1,0,0,0.29,1.38,1.09,1,0.11,1,-1.52,11.6,0.11,0.21,1
0.76,1,0,1,-0.76,0,-1.23,1,0.2,0,0.61,0,0,0.16,1
0.16,0,0,0,0.48,-1.04,0.73,1,0.5,0,-0.55,1.78,0,0.05,1
0.26,1,0,0,0.1,-1.04,1.14,1,0.5,0,-0.09,1.55,0,0.05,1
-0.77,1,0,0,1.25,1.38,1.5,2,0.22,0,0.84,1.15,0,0.17,1
0.95,1,0,0,2.01,-0.35,-1.23,1,0.25,1,-1.51,0,0.25,0.07,1
-0.44,1,0,0,-0.56,-0.35,-1.23,1,0.25,0,-0.36,0,0,0.12,1
0.92,0,0,1,0.1,0,1.16,3,0.6,1,-0.7,2.48,0.6,0.13,1
0.58,1,0,0,0.96,1.72,-1.23,1,0.1,0,-0.3,0,0,0.2,1
1.15,0,0,0,-0.47,1.03,0.35,1,0.13,1,1.59,0.51,0.13,0.24,1
1.72,0,0,0,0.67,-1.73,0.2,1,1,1,-0.21,1.01,1,0,1
2.06,1,0,0,2.2,-1.39,0.77,1,1,0,-0.51,1.76,0,0.02,1
1.26,0,0,0,1.15,1.38,1.08,1,0.11,1,-0.93,3.08,0.11,0.18,1
1.02,0,0,0,-0.95,0.69,0.97,3,0.43,0,0.05,1.33,0,0.24,1
1.35,1,0,0,-1.14,0.69,1.76,1,0.14,1,1.3,1.07,0.14,0.26,1
-1,0,0,0,1.15,0.69,0.47,1,0.14,1,1.39,0.59,0.14,0.14,1
0.74,1,0,1,0.67,0.34,-1.23,1,0.17,1,-0.11,0,0.17,0.13,1
0.91,0,0,0,-0.95,1.38,1,1,0.11,0,0.73,0.98,0,0.31,1
0.05,0,0,0,-0.66,0.34,0.87,1,0.17,0,-1.58,14.17,0,0.19,1
-0.04,0,0,1,-0.18,-0.7,0.64,1,0.33,1,0.86,0.78,0.33,0.08,1
0.39,0,0,1,-0.37,0,0.56,1,0.2,0,1.15,0.67,0,0.14,1
-1.41,1,0,1,-0.09,-0.35,0.57,1,0.25,0,-1.45,6.71,0,0.11,1
0.03,0,0,0,-0.18,-0.7,0.79,2,0.67,0,0.6,0.93,0,0.08,1
2.06,1,0,1,2.11,-1.39,-1.23,1,1,0,-0.82,0,0,0.02,1
-0.57,0,0,1,0.67,0,1.06,2,0.4,0,-0.9,2.94,0,0.11,1
-2.27,0,0,0,0.48,-1.04,1,1,0.5,0,-1.09,3.68,0,0.05,1
-0.04,0,1,0,-1.23,1.03,0.54,1,0.13,1,0.63,0.81,0.13,0.31,1
0.62,0,0,0,0.2,1.38,1.16,2,0.22,0,-1.01,3.54,0,0.22,1
-0.13,0,0,1,-1.14,-0.35,0.94,1,0.25,1,1.5,0.72,0.25,0.15,1
-0.56,0,1,0,1.44,-1.73,0.03,1,1,1,0.93,0.51,1,0,1
0.79,0,0,1,1.82,0,0.49,1,0.2,0,-1.29,4.13,0,0.09,1
1.95,1,0,0,1.15,-0.7,-1.23,1,0.33,1,-0.54,0,0.33,0.06,1
2.06,0,0,1,1.15,-0.35,0.77,1,0.25,0,0.32,1.05,0,0.08,1
0.33,0,0,0,-0.95,0.34,0.39,1,0.17,0,-1.17,3.1,0,0.21,1
-1.01,0,0,1,0.67,-0.7,0.09,1,0.33,0,0.22,0.73,0,0.07,1
1.48,0,0,1,1.72,-0.7,0.65,1,0.33,0,-0.12,1.25,0,0.05,1
-0.06,0,1,0,0.96,0,0.54,3,0.6,1,1.52,0.59,0.6,0.1,1
-0.23,0,0,1,1.06,-0.35,0.73,1,0.25,1,-1.49,8.6,0.25,0.08,1
-0.22,0,0,1,0.1,-1.04,0.72,2,1,1,-0.61,1.88,1,0.05,1
0.92,0,0,1,1.82,-1.39,0.55,1,1,1,1.04,0.69,1,0.02,1
0.03,1,0,0,2.01,-1.04,0.71,4,2,1,0.66,0.87,2,0.03,1
1.37,0,1,1,-0.09,-1.39,-1.23,3,3,1,-0.35,0,3,0.03,1
1.34,1,0,0,-0.18,-0.7,-1.23,2,0.67,0,1.43,0,0,0.08,1
-0.06,0,1,1,0.58,-0.35,-1.23,1,0.25,1,1.3,0,0.25,0.09,1
1.32,1,0,0,-0.56,1.38,1.21,2,0.22,0,1.39,0.84,0,0.27,1
-0.09,0,0,0,1.63,0.34,0.43,2,0.33,0,0.75,0.72,0,0.11,1
0.12,0,0,1,1.91,-1.04,0.45,1,0.5,0,-1.6,12.97,0,0.03,1
-0.62,0,1,0,0.1,-1.39,0.16,1,1,1,0.64,0.63,1,0.03,1
-0.32,1,0,0,2.96,-0.7,0.18,2,0.67,0,-1.16,2.64,0,0.04,1
-1.01,0,0,1,1.34,0,0.83,1,0.2,0,1.14,0.77,0,0.09,1
0.36,1,0,0,1.06,0.34,0.28,2,0.33,1,-0.86,1.86,0.33,0.12,1
-0.86,1,0,1,1.91,-0.7,-1.23,2,0.67,0,-1.29,0,0,0.05,1
-0.3,0,0,0,1.25,1.38,0.57,1,0.11,1,1.09,0.69,0.11,0.17,1
0.8,0,0,1,0.58,-0.7,0.52,2,0.67,0,-0.27,1.29,0,0.07,1
-1.73,0,0,1,0.2,-1.39,0.67,1,1,0,1.1,0.73,0,0.02,1
0.68,0,0,1,2.58,0,0.72,1,0.2,0,-1.57,12.06,0,0.08,1
0.04,1,0,1,-0.66,1.38,0.72,1,0.11,0,1.56,0.64,0,0.28,1
1.62,1,0,0,0.77,1.38,1.46,1,0.11,0,0.44,1.34,0,0.19,1
0.07,0,0,0,-0.09,0,0.76,1,0.2,0,-0.92,2.63,0,0.13,1
0.13,0,0,1,0.96,0.69,0.64,3,0.43,1,-0.27,1.38,0.43,0.14,1
-1.81,1,0,1,-0.18,-0.35,-1.23,1,0.25,1,-0.77,0,0.25,0.11,1
-1.03,0,1,1,-1.14,-1.04,0.6,1,0.5,1,-0.26,1.34,0.5,0.07,1
-1.2,1,0,0,0.96,-0.7,-1.23,1,0.33,0,-0.67,0,0,0.06,1
0.36,1,0,0,0.1,0.69,-1.23,1,0.14,0,-0.47,0,0,0.18,1
-0.38,1,0,1,0.67,-0.35,-1.23,1,0.25,0,-0.45,0,0,0.09,1
-0.25,1,0,0,0.48,-1.04,-1.23,1,0.5,1,1.27,0,0.5,0.05,1
-0.07,0,0,0,-0.66,1.03,1.04,1,0.13,1,1.17,0.85,0.13,0.25,1
-1.6,0,0,0,1.91,0.69,0.24,2,0.29,0,1.1,0.56,0,0.12,1
-0.12,1,0,0,2.01,0,1.37,1,0.2,1,-0.27,1.92,0.2,0.08,1
-1.09,0,0,1,1.34,0,0.61,1,0.2,0,1.4,0.63,0,0.09,1
-0.64,1,0,0,1.91,-1.04,-1.23,2,1,1,0.45,0,1,0.03,1
0.72,0,0,0,1.72,-1.39,1.37,4,4,0,-1.27,5.97,0,0.02,1
-0.1,0,0,0,1.15,-1.04,0.65,4,2,1,-1.27,4.36,2,0.04,1
1.66,1,0,1,0.67,1.38,1.66,1,0.11,0,-1.51,13.39,0,0.2,1
1.26,0,0,0,0.87,0.34,0.52,1,0.17,0,1.47,0.59,0,0.13,1
1.15,0,0,1,1.63,1.72,0.38,3,0.3,1,-0.4,1.3,0.3,0.18,1
-0.19,0,0,1,0.87,0.34,0.79,1,0.17,0,-0.62,1.96,0,0.13,1
-1.03,1,0,1,0.29,-1.04,1.01,1,0.5,0,-0.99,3.21,0,0.05,1
1.97,1,0,0,1.25,0,-1.23,1,0.2,0,1.45,0,0,0.1,1
-1.88,0,1,0,-0.76,0.34,-1.23,1,0.17,0,0.8,0,0,0.19,1
-0.5,1,0,0,1.63,-0.7,0.63,3,1,0,-1.67,27.75,0,0.05,1
-0.95,1,0,1,0.58,1.03,-0.84,1,0.13,1,1.21,0.14,0.13,0.18,1
-0.25,0,0,1,0.01,1.72,0.89,3,0.3,1,-0.85,2.57,0.3,0.26,1
0.22,1,0,0,1.06,-1.39,-1.23,1,1,0,-1.53,0,0,0.02,1
1.63,0,0,0,-0.18,-1.04,0.38,1,0.5,0,-1.13,2.86,0,0.05,1
1.32,0,0,0,-0.95,0.34,1.18,1,0.17,0,-0.65,2.41,0,0.21,1
1.17,0,1,0,0.87,-1.39,-0.01,1,1,0,1.01,0.48,0,0.02,1
2.06,1,0,1,1.53,0.34,-1.23,1,0.17,0,-1.72,0,0,0.11,1
-0.51,1,0,0,0.1,-0.7,0.25,1,0.33,1,1.12,0.56,0.33,0.08,1
-0.27,0,0,1,1.44,-0.7,0.64,1,0.33,0,0.18,1.06,0,0.06,1
0.28,1,0,1,-1.23,0,0.56,1,0.2,0,-0.68,1.82,0,0.19,1
0.64,0,1,1,1.25,1.38,-1.23,1,0.11,1,0.31,0,0.11,0.17,1
-0.34,1,0,1,0.87,0.69,-1.23,1,0.14,0,-1.5,0,0,0.15,1
0,1,0,1,0.48,-1.04,-1.23,3,1.5,0,0.04,0,0,0.05,1
-0.14,1,0,0,2.3,0,-1.23,1,0.2,0,-1.25,0,0,0.08,1
-0.24,1,0,1,0.48,0.34,1.24,1,0.17,0,-1.13,4.35,0,0.14,1
0.46,0,0,0,1.34,1.03,0.3,1,0.13,0,-0.52,1.36,0,0.15,1
2.06,0,1,0,0.58,0,1.56,4,0.8,0,-1.64,30.71,0,0.11,1
0.94,0,1,1,0.39,-1.73,-1.23,2,2,1,-1.69,0,2,0,1
-1.04,0,0,1,1.25,0,0.71,1,0.2,1,-1.01,2.9,0.2,0.1,1
-0.54,0,0,1,1.91,1.03,0.67,2,0.25,0,-0.69,1.96,0,0.14,1
-0.25,0,0,0,0.77,-1.04,0.43,1,0.5,1,1.15,0.62,0.5,0.04,1
-0.26,0,1,0,1.72,0.69,-1.23,1,0.14,0,-0.28,0,0,0.12,1
-1.4,1,0,0,1.82,-1.04,0.89,1,0.5,0,-0.32,1.62,0,0.03,1
-0.4,0,1,1,-0.37,-1.39,-1.23,1,1,1,-0.29,0,1,0.03,1
-0.48,1,0,0,0.77,1.03,-0.23,3,0.38,0,-1.58,6.67,0,0.17,1
0.33,1,0,1,1.53,1.38,-1.23,1,0.11,0,0.93,0,0,0.16,1
1.46,0,1,1,0.77,-1.73,-1.23,1,1,1,-1.64,0,1,0,1
1.43,1,0,0,1.34,-1.39,1.31,1,1,1,-1.65,31.43,1,0.02,1
-0.66,0,0,1,-0.37,0,0.73,1,0.2,1,-1.33,5.19,0.2,0.14,1
-0.64,0,0,0,-1.9,1.38,0.11,1,0.11,1,0.75,0.58,0.11,0.47,1
-0.64,0,1,0,0.58,-1.39,-1.23,1,1,0,0.45,0,0,0.02,1
2.06,1,0,1,0.1,0.34,-1.23,1,0.17,0,0.64,0,0,0.15,1
0.78,0,0,0,1.15,1.03,0.5,2,0.25,0,0.71,0.76,0,0.16,1
1.21,0,1,1,0.77,-1.04,-1.23,1,0.5,0,-0.9,0,0,0.04,1
-1.29,0,0,1,1.06,0,0.77,1,0.2,1,1.03,0.78,0.2,0.1,1
1.22,1,0,0,-1.23,0,-0.41,1,0.2,1,-0.52,0.73,0.2,0.19,1
-0.66,1,0,1,0.1,-1.04,-1.23,4,2,1,0.11,0,2,0.05,1
0.17,0,0,0,1.63,1.03,0.98,1,0.13,0,0.53,1.05,0,0.14,1
-1.19,1,0,0,-0.37,1.03,-1.23,1,0.13,0,1.25,0,0,0.23,1
1.06,1,0,1,0.67,1.03,-1.23,3,0.38,0,-0.16,0,0,0.17,1
-1.54,0,0,0,0.29,-1.73,0.89,1,1,1,-1.25,4.68,1,0,1
1.19,0,0,0,2.2,0.69,1.06,1,0.14,1,-1.64,24.22,0.14,0.11,1
0.66,0,0,1,1.34,-1.39,0.36,1,1,1,-0.48,1.37,1,0.02,1
0.57,0,1,0,0.67,-1.04,0.82,2,1,0,0.87,0.85,0,0.04,1
-1.81,0,0,0,-0.47,1.03,0.57,1,0.13,1,1.69,0.57,0.13,0.24,1
-1.16,0,1,1,2.77,1.38,-1.23,2,0.22,0,0.18,0,0,0.13,1
-1.1,0,0,1,0.48,-1.04,0.52,1,0.5,0,-0.54,1.57,0,0.05,1
-0.8,0,1,1,1.63,-0.7,1.25,1,0.33,1,0.27,1.34,0.33,0.05,1
0.43,1,0,0,-0.76,-1.04,-1.23,2,1,0,-0.14,0,0,0.06,1
0.56,1,0,0,-0.37,0,-1.23,1,0.2,0,0.59,0,0,0.14,1
0.79,0,1,0,1.25,-1.39,1.25,1,1,0,-0.34,1.93,0,0.02,1
-0.77,1,0,0,0.2,-0.35,0.58,1,0.25,0,1.58,0.59,0,0.1,1
2.06,0,1,1,0.48,0.69,0.2,1,0.14,0,0.07,0.85,0,0.16,1
-0.36,0,1,0,0.39,-0.7,0.71,1,0.33,0,-1.41,6.44,0,0.07,1
-1.49,0,0,1,-0.76,-1.04,0.93,1,0.5,1,1.15,0.81,0.5,0.06,1
0.59,0,1,0,2.39,0,-1.23,3,0.6,1,0.22,0,0.6,0.08,1
-0.73,0,0,1,-0.09,1.38,0.62,2,0.22,0,0.49,0.9,0,0.24,1
-1,0,1,1,-0.85,0.34,0.94,1,0.17,1,1.38,0.75,0.17,0.2,1
-1.05,0,0,1,1.44,0,0.26,1,0.2,0,-1.69,35.45,0,0.09,1
0.72,0,0,1,0.67,-0.7,0.33,1,0.33,1,0.58,0.73,0.33,0.07,1
0.96,0,1,1,0.2,0.69,-1.23,1,0.14,0,1.11,0,0,0.17,1
-0.37,0,0,1,-1.42,1.03,0.51,2,0.25,0,1.38,0.6,0,0.33,1
0.37,0,1,1,0.58,-0.7,-0.04,3,1,0,-0.61,1.14,0,0.07,1
1.35,0,0,0,0.87,1.38,0.1,1,0.11,0,0.43,0.66,0,0.19,1
-0.8,0,1,1,1.06,-1.73,1.33,1,1,1,0.97,1.02,1,0,1
-0.91,1,0,0,-0.37,-1.04,1.72,1,0.5,1,-0.59,2.78,0.5,0.06,1
-1.08,0,1,0,0.58,-1.04,-1.23,1,0.5,0,1.7,0,0,0.04,1
0.71,1,0,0,-0.18,1.38,0.4,1,0.11,0,-1.29,3.93,0,0.24,1
-2.2,0,0,1,1.91,0.69,0.81,1,0.14,0,-0.84,2.47,0,0.12,1
0.2,1,0,0,0.1,-0.7,-0.47,1,0.33,1,0.84,0.32,0.33,0.08,1
0.2,1,0,0,0.58,1.38,0.46,1,0.11,0,0.97,0.67,0,0.2,1
1.19,0,0,0,-0.47,0.34,0.48,1,0.17,1,0.66,0.77,0.17,0.18,1
0.62,0,0,0,0.67,1.72,0.71,1,0.1,0,1.16,0.72,0,0.22,1
-0.5,0,0,0,0.39,-1.04,0.6,4,2,0,0.26,0.99,0,0.05,1
1.09,0,0,1,0.2,0.34,1.16,1,0.17,1,-0.86,2.96,0.17,0.15,1
0.07,0,1,1,0.29,0,-0.56,1,0.2,0,0.22,0.37,0,0.12,1
-0.25,1,0,1,-0.09,0.69,1.04,1,0.14,0,-0.82,2.67,0,0.18,1
0.49,0,0,0,2.39,-1.39,1.49,1,1,0,-0.27,2,0,0.02,1
0.88,1,0,0,-1.42,-1.73,-1.23,2,2,0,0.16,0,0,0,1
0.16,0,0,0,1.06,0.69,0.52,1,0.14,1,0.7,0.78,0.14,0.14,1
1.67,0,1,0,0.96,1.03,-0.17,2,0.25,0,-0.15,0.72,0,0.16,1
-0.37,1,0,1,-0.28,0.34,-1.23,1,0.17,1,-1.27,0,0.17,0.17,1
-0.16,0,1,0,-0.66,1.03,-1.23,2,0.25,1,-1.4,0,0.25,0.25,1
2.06,0,0,0,2.96,-1.39,0.33,3,3,0,-0.66,1.56,0,0.01,1
-0.4,0,1,1,-0.56,0,-0.11,1,0.2,0,-1.58,7.74,0,0.15,1
-1.39,0,0,0,1.34,-1.39,1.29,1,1,0,0.32,1.32,0,0.02,1
1.82,0,1,0,1.63,1.03,1.57,2,0.25,1,1.07,1.08,0.25,0.14,1
-1.15,0,0,0,-0.09,1.03,0.46,1,0.13,0,-0.34,1.31,0,0.21,1
0.65,0,1,0,0.77,-1.39,-1.23,1,1,0,0.13,0,0,0.02,1
0.49,0,1,1,0.58,0,1.41,1,0.2,0,0.73,1.16,0,0.11,1
-0.17,1,0,0,0.58,-1.04,-1.23,4,2,0,0.02,0,0,0.04,1
0.16,1,0,1,1.15,-1.04,1.15,1,0.5,0,0.99,0.94,0,0.04,1
-1.59,0,0,0,-0.66,1.03,0.56,4,0.5,1,-1.58,11.74,0.5,0.25,1
0.02,0,0,1,0.67,1.72,0.71,3,0.3,0,0.89,0.8,0,0.22,1
0.14,1,0,0,0.48,1.03,1.07,1,0.13,1,0.27,1.24,0.13,0.18,1
2.06,0,1,1,0.01,0.34,2.08,2,0.33,1,-1,4.82,0.33,0.15,1
0.79,0,0,1,-0.18,1.38,0.4,1,0.11,1,-1.14,2.93,0.11,0.24,1
1.45,0,0,0,0.29,1.72,0.6,2,0.2,1,0.69,0.81,0.2,0.24,1
2.06,0,0,1,-0.18,1.38,0.74,1,0.11,1,1.73,0.61,0.11,0.24,1
-0.16,1,0,0,1.82,-1.39,-1.23,1,1,1,-0.72,0,1,0.02,1
-1.17,1,0,1,1.91,1.38,-1.23,2,0.22,0,0.06,0,0,0.15,1
0,0,1,0,0.67,-0.35,0.21,1,0.25,0,0.98,0.57,0,0.09,1
0.39,0,1,0,-0.37,0.34,-1.23,1,0.17,0,-1.3,0,0,0.17,1
-1.27,0,0,0,2.2,0.69,0.91,1,0.14,0,1.19,0.79,0,0.11,1
0.56,0,0,0,2.39,-0.7,1.23,3,1,0,0.81,1.05,0,0.05,1
-1.21,1,0,1,1.25,-1.39,-1.23,3,3,1,0.07,0,3,0.02,1
1.9,1,0,1,-0.28,1.03,1.06,1,0.13,0,-0.18,1.59,0,0.22,1
0.96,0,0,1,2.49,-1.04,0.89,1,0.5,1,-0.06,1.37,0.5,0.03,1
0.57,0,0,0,0.67,-0.35,0.46,1,0.25,0,0.15,0.97,0,0.09,1
1.52,1,0,0,1.53,1.72,-1.23,4,0.4,1,-0.88,0,0.4,0.18,1
0.03,1,0,1,1.15,-0.7,-1.23,1,0.33,0,1.22,0,0,0.06,1
2.06,0,0,1,0.29,1.03,0.69,1,0.13,1,-0.85,2.35,0.13,0.19,1
1.01,1,0,0,0.96,0.69,-0.75,1,0.14,0,1.1,0.18,0,0.14,1
0.59,1,0,0,0.77,-1.73,0.8,2,2,1,0.57,0.95,2,0,1
-0.22,1,0,1,0.67,-1.39,0.87,1,1,1,1.06,0.81,1,0.02,1
2.06,0,0,1,0.96,1.03,0.36,1,0.13,0,0.33,0.83,0,0.16,1
-0.42,0,1,0,0.58,-0.7,-1.23,1,0.33,0,-1.07,0,0,0.07,1
0.38,1,0,0,0.48,1.38,-1.23,2,0.22,0,0.05,0,0,0.2,1
-0.55,1,0,0,2.01,-1.73,0.89,1,1,0,-1.55,12.31,0,0,1
0.4,0,1,0,1.72,-0.35,-1.23,2,0.5,0,0.64,0,0,0.07,1
-1.67,1,0,0,1.15,-0.7,-1.23,2,0.67,1,1.29,0,0.67,0.06,1
-0.75,0,0,0,-0.76,0,0.41,4,0.8,0,1.53,0.54,0,0.16,1
1.02,0,0,1,1.44,-0.7,1.09,1,0.33,0,-0.12,1.55,0,0.06,1
-2.15,0,0,1,1.06,-0.7,0.65,1,0.33,0,-1,2.74,0,0.06,1
-0.36,0,0,0,0.58,0.34,0.83,3,0.5,1,0.76,0.89,0.5,0.13,1
0.57,0,0,0,0.87,1.72,0.45,3,0.3,1,1.01,0.66,0.3,0.21,1
-1.19,0,1,1,1.34,-1.04,1.08,1,0.5,0,-1.71,71.26,0,0.04,1
1.25,0,1,1,0.58,-1.73,1.02,1,1,0,1.23,0.82,0,0,1
-1.17,0,0,1,0.87,-0.35,0.89,1,0.25,0,1.15,0.79,0,0.08,1
2,0,1,1,1.63,0,0.37,1,0.2,1,0.99,0.63,0.2,0.09,1
-1.83,1,0,1,1.44,-0.7,-1.23,1,0.33,0,0.14,0,0,0.06,1
-0.87,0,0,0,-0.37,-1.39,0.75,1,1,0,-0.59,1.86,0,0.03,1
0.34,1,0,0,0.29,-0.35,1.15,1,0.25,1,-0.96,3.32,0.25,0.1,1
-0.33,0,1,0,-0.09,-1.39,-1.23,1,1,0,0.21,0,0,0.03,1
-0.13,0,0,0,1.34,-1.39,0.76,1,1,0,-1.45,7.44,0,0.02,1
-0.63,1,0,0,1.44,-0.35,-1.23,2,0.5,1,-0.11,0,0.5,0.07,1
0.53,1,0,0,0.1,-1.39,0.43,1,1,0,-1.57,10.66,0,0.03,1
0,1,0,1,0.58,-1.04,1.43,2,1,0,-1.34,7.2,0,0.04,1
1.1,1,0,0,1.15,-1.39,-1.23,1,1,1,-1.34,0,1,0.02,1
1.22,0,0,1,0.96,-1.39,0.91,1,1,0,0.04,1.3,0,0.02,1
-1.17,0,0,0,-0.18,0.69,1.31,4,0.57,1,0.31,1.35,0.57,0.19,1
0.11,0,0,0,2.39,1.03,0.84,2,0.25,0,1.55,0.68,0,0.13,1
0.59,1,0,0,1.91,-1.04,-1.23,1,0.5,0,1.38,0,0,0.03,1
1.39,1,0,0,0.01,-1.39,0.86,1,1,0,1.11,0.79,0,0.03,1
-0.53,0,1,0,-0.76,-0.7,-1.23,1,0.33,1,0.52,0,0.33,0.1,1
-0.39,0,0,1,0.1,-1.39,1.14,3,3,0,0.14,1.37,0,0.03,1
2.06,0,1,0,1.34,0.69,-0.18,2,0.29,0,1.44,0.36,0,0.13,1
0.14,0,1,0,1.34,0.69,1.78,1,0.14,0,1.5,1.01,0,0.13,1
0.42,1,0,1,0.2,-1.04,-1.23,1,0.5,1,-0.75,0,0.5,0.05,1
-1.03,1,0,1,1.25,-1.39,-1.23,1,1,0,-0.63,0,0,0.02,1
0.98,1,0,0,-0.66,-1.04,-1.23,4,2,1,1.38,0,2,0.06,1
-0.15,0,1,1,1.25,-0.35,0.56,1,0.25,1,-1.17,3.38,0.25,0.08,1
1.05,0,1,0,-0.37,-1.04,-1.23,1,0.5,0,-0.97,0,0,0.06,1
-1.24,1,0,0,1.34,0,0.82,1,0.2,0,0.72,0.9,0,0.09,1
-0.66,0,0,0,0.48,0,0.79,2,0.4,1,-1.01,3,0.4,0.11,1
0.34,0,1,1,1.63,0.69,-0.41,3,0.43,0,-0.04,0.52,0,0.13,1
-1.39,1,0,1,-1.14,1.38,-1.23,1,0.11,0,0.74,0,0,0.33,1
0.13,0,1,0,-1.61,1.38,-1.23,1,0.11,0,-1.23,0,0,0.41,1
0.89,1,0,1,1.44,1.38,-1.23,1,0.11,0,-0.29,0,0,0.17,1
0.19,1,0,1,1.06,-0.35,1.17,3,0.75,1,0.43,1.2,0.75,0.08,1
-0.03,0,0,0,0.39,-1.39,0.5,1,1,0,1.5,0.58,0,0.02,1
1.37,0,1,0,0.48,-0.7,0.09,1,0.33,0,1.12,0.5,0,0.07,1
0.28,0,0,1,0.96,-1.04,0.65,1,0.5,0,1.65,0.6,0,0.04,1
0.42,0,0,0,0.2,1.03,0.52,3,0.38,1,0.85,0.73,0.38,0.2,1
0.58,0,0,0,1.15,1.72,0.35,1,0.1,0,-0.51,1.39,0,0.2,1
1.58,1,0,0,-0.66,1.38,1.85,1,0.11,1,-0.8,3.54,0.11,0.28,1
0.23,1,0,1,1.91,-1.73,1.63,2,2,1,-1.37,8.45,2,0,1
-1.14,1,0,1,0.87,-1.04,0.53,1,0.5,0,-0.2,1.23,0,0.04,1
-2.52,0,1,1,-0.18,-1.39,-1.23,1,1,1,-0.89,0,1,0.03,1
1.01,1,0,1,2.01,-1.73,1.22,1,1,0,0.46,1.2,0,0,1
-0.92,1,0,0,1.15,-1.39,0.77,1,1,1,-0.6,1.91,1,0.02,1
0.69,1,0,0,-0.28,-1.04,0.37,2,1,0,-0.1,1.06,0,0.06,1
-1.29,0,1,0,-0.56,1.03,0.61,2,0.25,0,0.17,1.04,0,0.24,1
0.53,1,0,1,-1.23,0,-0.32,2,0.4,1,0.01,0.56,0.4,0.19,1
-0.1,1,0,0,0.1,1.38,-1.23,1,0.11,0,0.9,0,0,0.23,1
-0.73,0,0,1,-1.42,-1.39,0.92,1,1,0,-1.44,7.79,0,0.04,1
-0.36,1,0,1,-0.18,0,1.09,2,0.4,0,0.95,0.93,0,0.14,1
-0.11,0,1,1,0.39,1.38,1.54,1,0.11,0,1.58,0.9,0,0.21,1
-1.08,1,0,0,0.77,1.03,-1.23,1,0.13,1,-0.59,0,0.13,0.17,1
-1.91,1,0,0,0.2,-0.7,-0.69,2,0.67,0,1.37,0.19,0,0.07,1
-0.31,0,0,1,0.1,1.03,1.56,3,0.38,0,1.26,1.01,0,0.2,1
-0.13,0,1,0,1.53,-1.04,1.27,1,0.5,1,0.15,1.43,0.5,0.04,1
-0.23,0,0,1,-0.09,1.72,0.59,1,0.1,0,-0.94,2.47,0,0.26,1
0.17,0,1,0,-1.52,0.34,0.96,2,0.33,0,1.21,0.8,0,0.26,1
-0.46,1,0,1,0.77,-0.7,0.27,2,0.67,1,0.65,0.68,0.67,0.06,1
1.48,1,0,0,2.2,1.38,0.76,3,0.33,0,1.28,0.71,0,0.15,1
1.51,0,0,0,1.25,1.38,1.45,1,0.11,1,-0.65,2.66,0.11,0.17,1
0.74,0,1,1,0.39,-1.39,-1.23,1,1,0,-0.97,0,0,0.02,1
-0.63,1,0,1,0.39,0.69,0.07,2,0.29,1,1.44,0.44,0.29,0.16,1
-1.54,0,0,0,1.72,-0.7,0.4,1,0.33,0,-0.98,2.33,0,0.05,1
-1,0,1,0,0.67,0.69,0.18,3,0.43,1,-0.05,0.9,0.43,0.15,1
-0.78,0,0,1,0.96,0.69,0.72,4,0.57,1,1.18,0.72,0.57,0.14,1
-1.76,0,1,1,0.77,1.03,-0.02,1,0.13,0,-1.29,2.91,0,0.17,1
0.22,1,0,0,0.1,-0.7,-1.23,1,0.33,0,0.23,0,0,0.08,1
-0.98,1,0,0,1.15,1.03,-0.24,1,0.13,0,1.72,0.31,0,0.16,1
1.78,0,0,0,1.34,-0.35,0.78,1,0.25,1,0.54,0.95,0.25,0.08,1
-1.65,0,0,0,2.77,-1.39,0.3,1,1,1,0.28,0.82,1,0.01,1
0.98,0,0,0,0.48,-1.73,0.69,1,1,1,-1.14,3.49,1,0,1
0.8,1,0,1,-0.18,-0.7,0.74,2,0.67,0,0.12,1.15,0,0.08,1
-1.79,1,0,0,-0.09,-0.35,1.53,1,0.25,0,-0.84,3.32,0,0.11,1
1.23,0,0,0,-0.47,0.69,0.97,1,0.14,1,-0.5,1.92,0.14,0.21,1
-1.19,1,0,0,2.11,1.03,-0.18,1,0.13,1,-0.62,1.01,0.13,0.13,1
1.06,0,0,0,0.67,-0.7,0.56,3,1,0,1.03,0.7,0,0.07,1
-0.66,0,0,0,0.58,1.03,0.94,1,0.13,1,0.4,1.09,0.13,0.18,1
0.76,0,1,0,0.2,-0.35,1.06,3,0.75,0,1.49,0.77,0,0.1,1
-1.07,0,0,1,0.96,1.03,0.72,2,0.25,0,-0.93,2.61,0,0.16,1
0.93,0,1,1,0.39,1.38,-1.23,1,0.11,0,1.72,0,0,0.21,1
-1.11,1,0,1,0.29,-0.35,0.21,3,0.75,0,-0.25,1.04,0,0.1,1
0.39,1,0,0,0.01,-1.73,-1.23,2,2,0,-0.81,0,0,0,1
-0.01,0,0,0,1.53,-1.04,1.03,3,1.5,1,1.39,0.78,1.5,0.04,1
-0.57,0,0,0,0.58,1.38,0.47,1,0.11,0,1.59,0.55,0,0.2,1
1.37,0,0,0,1.82,-0.7,0.82,1,0.33,1,-0.06,1.32,0.33,0.05,1
0.21,0,0,1,1.15,-0.7,0.33,1,0.33,0,1.33,0.55,0,0.06,1
0.28,1,0,1,2.01,1.03,1.75,1,0.13,0,1.6,0.97,0,0.13,1
-1.22,0,0,0,0.96,-1.39,0.41,3,3,0,-0.53,1.47,0,0.02,1
-1.12,0,1,1,1.44,1.03,0.47,1,0.13,1,0.71,0.75,0.13,0.15,1
1.76,0,1,0,-0.09,1.03,-1.23,2,0.25,1,0.45,0,0.25,0.21,1
2.06,1,0,0,1.53,1.72,0.35,1,0.1,0,0.97,0.63,0,0.18,1
0.49,1,0,0,1.15,0.34,1.09,4,0.67,0,0.99,0.92,0,0.12,1
0.51,0,1,1,0.77,-0.35,-1.23,1,0.25,0,0.38,0,0,0.09,1
-0.05,0,1,1,-0.76,-1.04,-1.23,1,0.5,1,1.23,0,0.5,0.06,1
0.78,1,0,1,-0.95,0.69,-1.23,2,0.29,1,-0.14,0,0.29,0.24,1
-0.62,0,1,0,-1.14,0,0.5,1,0.2,1,1.09,0.66,0.2,0.19,1
0.2,1,0,0,-0.76,-1.04,-0.3,1,0.5,1,1.42,0.32,0.5,0.06,1
1.17,0,0,0,0.01,1.38,0.99,1,0.11,0,-0.87,2.76,0,0.23,1
0.34,1,0,0,-0.85,-1.04,-1.23,2,1,1,0.01,0,1,0.07,1
-0.55,0,0,0,-1.61,0.34,0.4,1,0.17,0,-0.51,1.44,0,0.27,1
0.95,0,0,1,1.53,0,1.26,1,0.2,1,0.37,1.28,0.2,0.09,1
0.93,0,0,0,1.72,-0.7,0.59,2,0.67,1,-0.61,1.74,0.67,0.05,1
-0.77,1,0,1,-1.42,-0.7,-1.23,1,0.33,1,-0.38,0,0.33,0.13,1
-0.82,0,0,1,-0.18,1.38,1.01,3,0.33,0,0.07,1.34,0,0.24,1
1.77,1,0,1,-0.09,0.34,0.83,3,0.5,0,-1.58,14.02,0,0.16,1
-0.95,1,0,0,0.67,0,-1.23,1,0.2,0,-1.38,0,0,0.11,1
0.83,0,0,0,0.96,-0.35,0.2,1,0.25,1,-1.15,2.63,0.25,0.08,1
0.28,1,0,0,0.2,-1.39,1.07,1,1,0,1.68,0.73,0,0.02,1
-0.06,1,0,0,2.77,1.38,-1.23,4,0.44,1,1.33,0,0.44,0.13,1
0.05,0,0,0,0.1,-1.73,0.09,1,1,1,1.72,0.41,1,0,1
1.34,0,0,0,-0.18,1.72,0.3,1,0.1,0,0.46,0.75,0,0.27,1
0.93,1,0,1,0.48,1.38,-1.23,1,0.11,1,-0.06,0,0.11,0.2,1
1.54,1,0,0,2.3,-1.39,0.54,2,2,0,-1.09,2.94,0,0.02,1
0.65,0,1,0,0.87,-1.39,1.4,1,1,0,1,1.04,0,0.02,1
-1.07,0,1,0,0.48,0,-1.23,3,0.6,0,-1.65,0,0,0.11,1
0.3,0,0,1,-0.47,0.34,1.12,1,0.17,0,-0.57,2.18,0,0.18,1
0.73,0,0,1,0.1,0.34,0.38,1,0.17,0,0.67,0.72,0,0.15,1
2.06,1,0,1,0.77,0.34,-1.23,1,0.17,0,1.52,0,0,0.13,1
-1.45,0,0,1,-0.76,-1.73,0.6,1,1,0,-1.16,3.43,0,0,1
-0.84,0,0,0,-1.04,-0.7,0.38,1,0.33,0,-1.65,19.39,0,0.11,1
-2.74,0,1,0,1.34,-1.39,0.89,1,1,1,-0.65,2.11,1,0.02,1
1.49,0,0,0,1.63,1.38,0.29,1,0.11,0,-1.23,3.23,0,0.16,1
-0.33,0,1,0,0.48,0.34,-0.38,1,0.17,1,0.22,0.47,0.17,0.14,1
-0.81,0,0,1,1.15,1.03,0.34,3,0.38,1,1.62,0.51,0.38,0.16,1
-0.47,1,0,0,1.15,1.38,0.45,1,0.11,1,1.14,0.63,0.11,0.18,1
-1.21,1,0,0,0.96,0.69,-1.23,1,0.14,0,-1.5,0,0,0.14,1
-0.3,0,0,1,0.29,1.38,0.63,1,0.11,0,-0.49,1.6,0,0.21,1
0.96,0,0,1,0.58,1.72,1.09,3,0.3,0,-1.35,6.43,0,0.22,1
-1.26,1,0,0,0.39,-1.73,0.76,1,1,1,-0.38,1.58,1,0,1
0.72,0,1,0,1.91,0.34,-1.23,2,0.33,1,1.06,0,0.33,0.1,1
-0.14,0,0,0,0.67,-1.04,1.07,1,0.5,0,1.16,0.86,0,0.04,1
-1.25,1,0,0,1.53,-0.35,0.71,1,0.25,1,0.41,0.98,0.25,0.07,1
1.7,0,1,0,1.72,0,-1.23,3,0.6,0,-1.06,0,0,0.09,1
0.67,0,0,0,-0.47,1.38,0.41,1,0.11,0,1.35,0.58,0,0.26,1
-1.6,0,0,0,1.53,-0.35,0.78,1,0.25,1,-1.19,3.97,0.25,0.07,1
-0.02,0,1,1,-0.66,-1.39,-1.23,1,1,1,-0.16,0,1,0.03,1
-1.07,0,0,1,0.2,-0.7,1.2,1,0.33,0,1.31,0.86,0,0.07,1
-1.8,1,0,0,1.72,1.38,0.6,2,0.22,1,-0.5,1.6,0.22,0.16,1
-0.61,0,1,1,-0.37,0.34,0.06,1,0.17,0,-0.48,1.1,0,0.17,1
1.95,0,0,1,0.77,-1.04,0.97,1,0.5,1,1.18,0.81,0.5,0.04,1
0.35,0,0,1,0.29,-1.39,0.66,1,1,1,-1.34,5.09,1,0.02,1
1.25,0,1,1,1.15,0,0.95,3,0.6,1,0.91,0.89,0.6,0.1,1
-1.16,1,0,0,2.2,-0.7,-0.02,1,0.33,0,-1.43,4.24,0,0.05,1
-0.78,0,1,1,1.25,1.03,0.76,1,0.13,0,0.2,1.11,0,0.15,1
0.33,1,0,1,0.2,0.34,-1.23,2,0.33,1,0.59,0,0.33,0.15,1
0.64,1,0,1,-0.56,-0.7,1.24,1,0.33,0,-0.36,1.94,0,0.09,1
1.68,0,0,0,-0.28,0.34,0.35,1,0.17,1,-1.28,3.68,0.17,0.17,1
-0.09,1,0,1,0.87,1.38,0.67,4,0.44,0,-0.37,1.5,0,0.19,1
-0.79,0,0,1,1.44,-1.39,0.37,1,1,0,-1.66,20.38,0,0.02,1
0.87,1,0,0,-0.09,-1.39,-1.23,3,3,0,-0.14,0,0,0.03,1
0.91,0,1,1,0.48,-1.04,-1.23,2,1,0,-0.99,0,0,0.05,1
1.87,0,0,1,0.48,-0.7,0.55,1,0.33,1,-1.25,3.95,0.33,0.07,1
1.33,1,0,0,0.87,-1.04,0.62,1,0.5,0,-0.02,1.17,0,0.04,1
0.93,0,1,0,1.63,-0.35,0.36,1,0.25,1,-0.26,1.17,0.25,0.07,1
-0.73,0,0,1,0.48,1.38,1.07,1,0.11,0,0.81,0.98,0,0.2,1
0.41,0,0,1,0.39,-1.04,1.44,1,0.5,0,0.34,1.39,0,0.05,1
-0.39,0,0,0,0.39,1.72,0.71,1,0.1,0,-0.09,1.27,0,0.23,1
-0.44,0,0,0,0.48,0,0.8,1,0.2,1,0.56,0.95,0.2,0.11,1
-0.96,1,0,0,0.58,-1.39,1.24,2,2,0,-0.18,1.71,0,0.02,1
1.6,0,0,0,0.58,1.38,0.64,1,0.11,0,1.55,0.62,0,0.2,1
0.55,0,0,0,0.01,1.72,0.42,2,0.2,0,1.25,0.6,0,0.26,1
1.84,0,1,1,0.77,-1.39,0.54,2,2,0,-0.29,1.31,0,0.02,1
-0.76,0,0,0,0.48,-1.39,1.21,1,1,1,-0.96,3.4,1,0.02,1
1.01,0,0,1,0.58,-1.04,0.7,1,0.5,0,-0.46,1.62,0,0.04,1
-0.73,0,0,0,-0.28,0.34,1.1,2,0.33,1,1.22,0.86,0.33,0.17,1
-2.77,0,1,0,0.87,1.03,0.31,1,0.13,0,0.65,0.7,0,0.17,1
-0.7,0,1,0,0.1,-0.7,-0.35,1,0.33,0,0.17,0.5,0,0.08,1
-0.65,0,0,0,0.87,-1.39,1.07,2,2,0,-1.19,4.54,0,0.02,1
-0.1,1,0,1,2.49,0.34,-0.61,1,0.17,0,-1.17,1.18,0,0.09,1
0.28,1,0,1,0.39,-1.39,0.91,1,1,0,0.19,1.2,0,0.02,1
-0.03,0,0,0,-0.66,1.03,1.29,3,0.38,0,1.58,0.82,0,0.25,1
0.89,1,0,1,0.39,-1.73,0.06,1,1,0,-1.05,2.01,0,0,1
0.33,1,0,0,-0.37,-1.04,1.68,1,0.5,1,-0.63,2.84,0.5,0.06,1
0.39,1,0,1,-0.09,0.69,1.15,1,0.14,0,1.31,0.84,0,0.18,1
0.27,0,0,1,-0.47,-0.7,0.81,1,0.33,1,-1.29,4.85,0.33,0.09,1
2.06,0,0,1,-0.28,0,0.7,1,0.2,0,1.59,0.63,0,0.14,1
1.25,0,1,0,1.63,-1.04,-1.23,1,0.5,1,-1.3,0,0.5,0.04,1
-0.84,0,0,1,-0.37,-1.04,0.52,3,1.5,0,0.16,1,0,0.06,1
0.35,0,1,0,-0.09,-0.7,0.92,3,1,0,-1.67,33.83,0,0.08,1
-0.87,0,0,1,2.49,-0.35,0.7,1,0.25,0,0.13,1.12,0,0.06,1
0.67,0,0,0,-0.18,1.38,0.46,1,0.11,0,0.75,0.74,0,0.24,1
-0.35,0,1,1,1.06,0.69,-1.23,1,0.14,0,1.47,0,0,0.14,1
-0.55,0,1,1,-0.37,1.38,-1.23,3,0.33,1,-0.47,0,0.33,0.26,1
-0.74,0,0,0,1.06,0,0.66,1,0.2,1,1.6,0.61,0.2,0.1,1
-1.64,0,0,0,1.25,1.03,0.78,1,0.13,0,-1.57,12.52,0,0.15,1
-0.25,1,0,1,0.39,-0.35,0.98,1,0.25,0,0.53,1.06,0,0.09,1
-0.07,1,0,1,0.48,0,-0.05,1,0.2,0,0.99,0.47,0,0.11,1
-1.8,0,0,0,-1.42,-1.04,0.31,2,1,0,1.09,0.59,0,0.08,1
-0.36,0,1,0,-0.28,0.34,-1.23,1,0.17,1,-1.52,0,0.17,0.17,1
0.69,0,1,0,0.29,0,1.82,1,0.2,0,-0.01,1.92,0,0.12,1
-1.29,0,0,0,-0.37,1.38,0.67,1,0.11,0,-1.03,2.89,0,0.26,1
0.46,0,1,1,2.3,-1.39,1.12,1,1,1,0.46,1.15,1,0.02,1
1,0,1,1,0.2,1.38,-1.23,1,0.11,0,-1.18,0,0,0.22,1
-1.08,1,0,0,1.25,-1.04,-1.23,1,0.5,0,0.65,0,0,0.04,1
0.17,0,1,1,3.06,-0.35,0.97,1,0.25,1,-0.1,1.45,0.25,0.06,1
-0.15,0,1,1,2.01,0.69,0.77,1,0.14,1,0.72,0.88,0.14,0.12,1
0.17,1,0,1,0.29,0.69,-1.23,1,0.14,1,0.14,0,0.14,0.17,1
1.1,0,0,0,-0.85,0.34,1.36,1,0.17,0,-0.49,2.24,0,0.2,1
-0.37,1,0,0,2.11,-1.39,0.45,1,1,0,-0.65,1.66,0,0.02,1
0.56,0,1,0,0.77,-0.7,-0.21,1,0.33,1,-1.24,2.22,0.33,0.06,1
-0.07,0,1,0,0.67,0.34,-1.03,1,0.17,0,0.99,0.08,0,0.13,1
-2.11,1,0,1,0.2,-0.7,-1.23,4,1.33,1,1.69,0,1.33,0.07,1
-0.26,0,0,0,0.96,-0.35,0.83,1,0.25,0,0.46,1.01,0,0.08,1
0.84,0,0,0,0.58,0.34,0.36,1,0.17,0,-0.32,1.21,0,0.13,1
0.1,0,0,1,-0.37,1.38,0.6,1,0.11,0,1.54,0.6,0,0.26,1
0.47,0,0,1,0.96,0,0.33,2,0.4,0,0.91,0.64,0,0.1,1
-1.2,0,0,1,-0.09,1.03,0.82,1,0.13,0,-0.68,2.1,0,0.21,1
0.24,1,0,1,0.58,0.69,1.1,1,0.14,1,0.04,1.41,0.14,0.16,1
1.85,1,0,0,-1.61,0.69,1.18,1,0.14,0,0.9,0.99,0,0.32,1
1.88,1,0,1,2.11,-1.04,-1.23,1,0.5,1,0.48,0,0.5,0.03,1
1,0,0,1,-0.18,1.38,0.95,3,0.33,0,-0.25,1.59,0,0.24,1
0.32,0,0,0,0.48,-0.35,0.23,2,0.5,0,-1.32,3.76,0,0.09,1
-0.6,0,0,0,0.01,1.03,1.2,1,0.13,0,-1.27,5.55,0,0.21,1
0.35,0,1,1,0.1,-1.04,-0.1,1,0.5,1,0.27,0.61,0.5,0.05,1
-0.5,1,0,0,0.29,1.72,-1.23,2,0.2,0,1.21,0,0,0.24,1
0.4,0,0,0,1.53,-1.39,0,1,1,0,-1,1.8,0,0.02,1
1.64,0,0,0,0.29,0.34,-0.19,3,0.5,1,1.43,0.35,0.5,0.14,1
-0.26,1,0,0,0.58,-0.7,-1.23,1,0.33,1,1.47,0,0.33,0.07,1
-0.69,0,1,0,1.06,-1.39,-1.23,1,1,1,0.91,0,1,0.02,1
-0.26,0,0,0,-0.37,0,0.15,2,0.4,0,1.1,0.53,0,0.14,1
0.35,1,0,1,2.01,-1.04,0.64,1,0.5,0,0.35,0.97,0,0.03,1
0.21,0,0,0,0.77,0.69,0.61,2,0.29,0,0.92,0.75,0,0.15,1
1.04,0,0,0,1.15,0.69,1.15,1,0.14,0,0.81,1.01,0,0.14,1
-0.15,0,1,1,-0.28,-1.39,-1.23,3,3,1,-0.45,0,3,0.03,1
-0.45,0,1,0,2.2,1.03,0.51,1,0.13,1,-1.33,4.62,0.13,0.13,1
-0.16,1,0,0,-1.14,1.03,0.82,1,0.13,1,0.92,0.83,0.13,0.3,1
0.06,0,0,0,0.96,1.38,0.33,1,0.11,0,-0.44,1.3,0,0.18,1
1.47,1,0,1,-0.66,-1.04,-1.23,2,1,0,1.63,0,0,0.06,1
0.19,0,1,1,1.15,-0.7,0.2,1,0.33,0,-0.26,1.04,0,0.06,1
0.26,1,0,0,0.96,-1.39,-1.23,1,1,0,-0.36,0,0,0.02,1
-1.38,1,0,0,0.58,-0.35,-1.23,1,0.25,0,1.26,0,0,0.09,1
-0.56,0,0,1,0.1,0,-0.23,3,0.6,0,0.84,0.42,0,0.13,1
-1.58,1,0,1,0.67,-1.39,0.25,1,1,0,0.03,0.9,0,0.02,1
-0.58,1,0,0,1.63,0.69,-1.23,1,0.14,0,-1.28,0,0,0.13,1
-0.83,1,0,0,-0.85,1.72,1.6,1,0.1,0,-0.05,1.82,0,0.33,1
0.87,1,0,0,1.34,1.03,0.76,2,0.25,1,1.22,0.73,0.25,0.15,1
-1.77,1,0,0,-0.56,-1.04,2.11,1,0.5,0,-0.86,4.1,0,0.06,1
-0.54,1,0,0,0.1,1.38,-1.23,1,0.11,0,-0.55,0,0,0.23,1
0.84,1,0,1,1.53,1.38,0.96,1,0.11,1,-1.68,41.79,0.11,0.16,1
0.25,0,0,0,-0.56,-1.73,1.05,1,1,0,-0.61,2.19,0,0,1
-2.15,1,0,0,1.44,-0.7,0.99,1,0.33,1,-0.52,1.97,0.33,0.06,1
-0.83,1,0,0,-0.95,-0.35,1.23,1,0.25,1,0.54,1.17,0.25,0.14,1
0.43,0,0,1,0.58,0.34,1.05,4,0.67,0,1.53,0.75,0,0.13,1
1.02,0,1,0,0.67,1.38,-0.16,1,0.11,0,-0.37,0.85,0,0.2,1
0.29,1,0,1,0.77,1.72,1.96,2,0.2,0,1.58,1.04,0,0.21,1
-0.99,1,0,0,0.48,-0.7,0.47,3,1,0,-0.69,1.75,0,0.07,1
1.04,1,0,0,0.87,1.38,-1.23,1,0.11,0,0.65,0,0,0.19,1
-0.57,1,0,0,1.34,0.69,-1.23,2,0.29,0,-1.02,0,0,0.13,1
-0.76,0,0,0,0.39,-0.7,0.82,1,0.33,0,0.44,1.02,0,0.07,1
0.06,0,0,0,0.67,0.69,1.04,1,0.14,0,-0.86,2.8,0,0.15,1
-0.84,1,0,1,0.2,-0.35,0.7,1,0.25,0,1.1,0.74,0,0.1,1
-0.65,0,1,0,-1.61,1.38,-0.15,1,0.11,1,1.1,0.41,0.11,0.41,1
2.05,1,0,0,0.2,0.34,-1.23,2,0.33,1,1.2,0,0.33,0.15,1
-1.38,0,0,1,1.34,-1.73,0.52,1,1,0,-0.79,2,0,0,1
0.95,0,0,0,0.48,1.03,0.5,1,0.13,1,-1.44,6.21,0.13,0.18,1
1.9,0,0,0,1.72,1.03,0.57,3,0.38,0,0.7,0.8,0,0.14,1
-0.63,0,1,1,-0.95,1.72,-1.23,1,0.1,1,-0.84,0,0.1,0.34,1
1.01,1,0,0,0.01,1.38,0.9,1,0.11,1,-0.7,2.23,0.11,0.23,1
-0.54,1,0,1,0.87,0.34,0.71,1,0.17,0,-1.21,3.94,0,0.13,1
-0.74,0,0,1,0.29,-1.73,1.09,1,1,1,-1.35,6.42,1,0,1
-1.06,0,0,1,0.96,1.38,0.51,1,0.11,0,0.47,0.85,0,0.18,1
-1.17,1,0,0,-0.09,1.72,-1.23,1,0.1,0,-0.83,0,0,0.26,1
-1.28,0,1,0,-0.37,1.03,-1.23,1,0.13,0,-0.04,0,0,0.23,1
0.18,1,0,0,1.34,1.72,0.54,1,0.1,0,1.46,0.6,0,0.19,1
-0.22,1,0,0,-0.18,1.72,0.37,3,0.3,1,-1.3,3.96,0.3,0.27,1
1.29,1,0,0,-0.85,0,-1.23,1,0.2,0,1.63,0,0,0.17,1
-1.35,0,0,0,0.58,-1.39,0.75,1,1,1,-1.03,3,1,0.02,1
-1.2,0,1,1,0.87,1.38,0.53,1,0.11,0,1,0.7,0,0.19,1
0.45,0,1,0,-0.37,0.69,-1.23,1,0.14,0,0.58,0,0,0.2,1
1.4,1,0,0,-0.56,-1.73,0.1,1,1,1,0.95,0.54,1,0,1
-0.05,0,1,0,1.06,0,1.06,2,0.4,1,0.73,1,0.4,0.1,1
0.09,1,0,0,0.48,1.38,-0.85,1,0.11,1,1.21,0.14,0.11,0.2,1
-0.18,1,0,0,0.77,-1.73,-1.23,1,1,1,-1.63,0,1,0,1
0.18,0,0,1,1.63,1.38,0.55,1,0.11,0,0.6,0.83,0,0.16,1
1.07,0,1,1,0.01,0.69,1.3,2,0.29,0,0.58,1.18,0,0.18,1
-1.1,0,0,1,0.77,0,0.46,1,0.2,0,0,1.05,0,0.11,1
0.42,0,0,0,-0.18,0.69,0.75,1,0.14,1,-0.03,1.25,0.14,0.19,1
0.09,0,1,0,0.29,-1.04,-1.23,1,0.5,0,1.09,0,0,0.05,1
-1.29,1,0,1,1.25,1.03,0.27,1,0.13,1,-1.37,4.41,0.13,0.15,1
-1.36,0,0,1,-0.09,-1.39,0.6,1,1,1,-0.68,1.87,1,0.03,1
-1.74,0,0,1,0.58,0.69,1.28,1,0.14,0,-0.48,2.15,0,0.16,1
-0.93,1,0,0,-1.14,1.38,0.95,1,0.11,0,0.92,0.89,0,0.33,1
-0.78,0,0,1,0.77,1.38,0.5,2,0.22,1,-0.64,1.7,0.22,0.19,1
-1.23,0,0,1,1.25,1.38,0.98,1,0.11,0,1.1,0.84,0,0.17,1
1.89,0,1,1,-0.66,0.34,-1.23,1,0.17,1,-0.97,0,0.17,0.19,1
0.88,0,0,1,1.06,1.38,0.64,1,0.11,0,1.48,0.63,0,0.18,1
-0.72,0,0,0,-1.23,-0.7,0.46,1,0.33,1,1.47,0.57,0.33,0.12,1
-0.24,1,0,0,0.48,0,-1.23,2,0.4,0,-0.3,0,0,0.11,1
-0.33,1,0,1,0.48,-0.7,0.65,1,0.33,0,-1.65,23.05,0,0.07,1
0.37,1,0,1,2.01,1.38,-1.23,3,0.33,1,-0.43,0,0.33,0.15,1
0.02,1,0,0,1.15,-0.7,-1.23,1,0.33,0,1.29,0,0,0.06,1
-1.8,1,0,1,0.77,1.38,1.1,1,0.11,0,-0.67,2.36,0,0.19,1
-0.19,0,0,1,0.2,1.03,0.81,4,0.5,0,-0.11,1.36,0,0.2,1
1.09,0,0,0,-1.23,0,1.26,1,0.2,1,0.61,1.15,0.2,0.19,1
-0.33,0,1,0,0.2,1.03,-1.23,3,0.38,1,-0.35,0,0.38,0.2,1
-0.85,0,0,1,0.39,0,0.18,4,0.8,1,0.12,0.82,0.8,0.12,1
0.83,0,0,1,-0.18,-0.7,0.65,1,0.33,0,1.26,0.68,0,0.08,1
1.29,0,1,1,0.87,-0.35,1.63,2,0.5,0,-0.87,3.55,0,0.08,1
-0.34,1,0,1,-0.18,0,-1.23,1,0.2,1,1.37,0,0.2,0.14,1
1.91,0,0,0,0.77,0,0.51,2,0.4,1,-0.94,2.36,0.4,0.11,1
-0.72,0,0,0,1.44,-1.04,1.22,1,0.5,0,1.52,0.81,0,0.04,1
-1.59,1,0,0,-0.95,-0.35,0.15,1,0.25,0,-0.64,1.35,0,0.14,1
0.41,1,0,0,0.1,1.38,0.02,1,0.11,0,1.55,0.41,0,0.23,1
-1.42,1,0,0,0.58,-1.73,1.41,3,3,0,-0.87,3.3,0,0,1
1.15,0,0,1,0.67,0.34,0.75,3,0.5,1,-0.75,2.17,0.5,0.13,1
-0.2,0,0,1,0.87,-1.39,0.48,1,1,1,0.88,0.71,1,0.02,1
0.77,0,0,0,0.77,-1.39,0.46,1,1,0,-0.23,1.21,0,0.02,1
-0.18,1,0,1,0.1,-0.35,1.19,1,0.25,1,-1.14,4.34,0.25,0.1,1
-2.64,0,0,0,-0.47,0,0.47,1,0.2,1,-1.44,6.1,0.2,0.15,1
-1.07,0,0,1,1.53,-0.35,0.56,3,0.75,0,-1.45,6.58,0,0.07,1
-0.43,1,0,1,-0.18,-1.39,-0.6,1,1,1,1.36,0.22,1,0.03,1
-1.42,1,0,1,0.48,-1.39,-0.21,2,2,1,-0.83,1.21,2,0.02,1
0.56,0,0,1,0.87,1.38,0.6,1,0.11,0,1.27,0.66,0,0.19,1
1,1,0,1,0.96,0.34,2.03,1,0.17,1,-1.44,11.73,0.17,0.12,1
-1.44,1,0,0,0.67,-1.39,-1.23,1,1,1,0.27,0,1,0.02,1
0.96,0,1,1,0.39,-1.04,1.37,2,1,1,-0.12,1.74,1,0.05,1
-1.23,0,0,1,1.25,-0.7,0.55,1,0.33,0,0.85,0.75,0,0.06,1
-1,0,0,0,1.44,0.34,0.52,1,0.17,0,-1.03,2.66,0,0.11,1
1.1,0,1,0,1.53,1.38,0.65,4,0.44,0,-0.1,1.25,0,0.16,1
-0.56,1,0,1,-0.56,1.03,-1.23,1,0.13,0,0.37,0,0,0.24,1
-0.18,0,1,1,2.3,-0.35,0.61,1,0.25,0,-0.46,1.55,0,0.06,1
-1.2,0,1,0,1.06,-1.39,1.02,3,3,0,-0.53,2.02,0,0.02,1
0.66,1,0,0,1.25,-1.04,-1.23,1,0.5,1,0.76,0,0.5,0.04,1
1.42,0,0,0,0.96,-0.35,0.98,1,0.25,0,1.46,0.75,0,0.08,1
-0.88,0,0,1,1.25,0,0.34,2,0.4,0,1.3,0.56,0,0.1,1
2,1,0,0,0.2,1.72,0,1,0.1,1,0.71,0.54,0.1,0.24,1
-0.95,0,1,1,2.68,1.38,0.79,1,0.11,0,1.32,0.72,0,0.13,1
0.91,0,0,0,1.72,1.38,1.15,1,0.11,0,0.96,0.96,0,0.16,1
0.81,0,1,0,-1.04,-1.73,-1.23,2,2,1,-1.2,0,2,0,1
0.96,0,0,1,1.91,0,0.51,1,0.2,1,1.6,0.57,0.2,0.08,1
-0.24,0,1,0,1.53,0.34,-1.23,1,0.17,0,-0.14,0,0,0.11,1
-1.03,0,0,1,1.06,-1.39,0.72,1,1,1,-0.27,1.44,1,0.02,1
0.1,0,1,0,0.29,0,-1.23,3,0.6,1,1.55,0,0.6,0.12,1
-0.01,0,0,0,0.58,1.38,1.22,3,0.33,0,0.88,1.01,0,0.2,1
0.96,0,1,0,0.87,0,0.67,2,0.4,0,1.5,0.63,0,0.1,1
0.13,0,1,1,1.25,-1.73,0.96,1,1,0,0.77,0.94,0,0,1
-1.31,0,1,0,2.39,0,-1.23,1,0.2,0,0.63,0,0,0.08,1
0.51,1,0,1,0.67,0,0.31,1,0.2,0,-0.03,0.98,0,0.11,1
0.43,1,0,1,-0.56,1.38,-1.23,1,0.11,0,0.23,0,0,0.27,1
-0.92,1,0,1,-0.18,-1.04,-1.23,1,0.5,1,-0.83,0,0.5,0.05,1
-0.49,0,0,1,-0.37,-1.39,0.75,1,1,0,0.91,0.81,0,0.03,1
-0.31,0,1,0,0.1,0.69,-1.23,2,0.29,1,0.54,0,0.29,0.18,1
1.06,0,0,1,0.48,-0.7,0.99,1,0.33,0,-1.47,8.89,0,0.07,1
-0.51,0,0,1,0.87,1.38,1.4,1,0.11,1,-1.01,3.91,0.11,0.19,1
2.06,0,0,1,1.53,-1.73,0.36,1,1,1,-0.29,1.18,1,0,1
-0.02,0,1,0,0.96,-1.04,-1.23,1,0.5,0,-0.26,0,0,0.04,1
1.61,0,0,1,-0.85,1.03,1.47,1,0.13,0,-0.26,1.98,0,0.27,1
-0.5,0,0,0,1.34,0,0.35,1,0.2,1,-0.96,2.18,0.2,0.09,1
0.96,1,0,1,0.39,0,-1.23,2,0.4,0,0.23,0,0,0.12,1
-0.24,0,0,0,0.01,0,0.77,1,0.2,0,-0.12,1.34,0,0.13,1
-0.19,0,1,1,-0.18,-1.39,0.99,1,1,0,-0.68,2.27,0,0.03,1
1.44,1,0,0,0.77,1.72,1.16,1,0.1,1,-1.46,9.22,0.1,0.21,1
0.44,0,0,1,0.58,-1.04,0.64,2,1,0,-1.34,5.04,0,0.04,1
-0.9,0,0,0,-0.56,-1.04,0.63,1,0.5,1,0.21,1.03,0.5,0.06,1
0.28,0,0,1,-0.66,-0.35,1.01,1,0.25,1,0.32,1.18,0.25,0.13,1
-1.14,1,0,0,-0.76,0.69,-1.23,1,0.14,1,1.44,0,0.14,0.23,1
0,0,0,0,-0.47,1.72,1.16,1,0.1,0,-0.59,2.24,0,0.29,1
-1.59,0,0,1,0.2,0,0.07,1,0.2,0,-0.2,0.91,0,0.12,1
-0.03,0,1,1,0.96,0,-1.23,1,0.2,0,0.87,0,0,0.1,1
-0.35,0,0,0,0.01,0,0.11,3,0.6,0,-1.6,10.48,0,0.13,1
-0.57,0,0,0,0.48,-0.35,0.32,2,0.5,0,0.76,0.67,0,0.09,1
0.19,1,0,1,1.06,1.38,2,1,0.11,0,1.01,1.27,0,0.18,1
-0.56,0,0,1,0.87,-1.04,0.88,1,0.5,0,-1.72,115.2,0,0.04,1
-0.68,0,1,0,1.63,-1.39,0.83,1,1,0,1.5,0.69,0,0.02,1
2.06,0,0,1,0.29,0.34,0.13,3,0.5,1,-0.7,1.41,0.5,0.14,1
-0.33,0,1,1,0.67,1.03,-0.23,1,0.13,1,0.56,0.47,0.13,0.17,1
-0.23,1,0,0,1.06,-0.35,1.07,1,0.25,1,0.17,1.31,0.25,0.08,1
-1.34,0,1,0,0.96,-0.35,0.1,2,0.5,0,-0.66,1.33,0,0.08,1
0.19,0,0,0,1.06,-0.35,0.58,1,0.25,0,1.15,0.68,0,0.08,1
0,0,0,0,-0.37,-1.39,1.4,3,3,1,-1.23,5.53,3,0.03,1
-1.08,1,0,1,-0.47,-0.35,1.42,2,0.5,1,-1.29,6.42,0.5,0.12,1
0.48,1,0,0,0.58,-1.39,-1.23,2,2,0,-0.93,0,0,0.02,1
-0.14,0,0,0,0.01,-0.7,0.53,1,0.33,1,-0.2,1.24,0.33,0.08,1
-0.13,0,0,1,1.06,-1.39,0.42,1,1,0,1.19,0.61,0,0.02,1
1.96,0,0,0,1.15,-1.39,0.18,1,1,1,-1.1,2.39,1,0.02,1
-2.13,0,0,0,0.87,0.69,1.47,1,0.14,0,-1.45,10.11,0,0.15,1
0.72,1,0,1,0.48,-0.7,0.15,1,0.33,0,1.39,0.48,0,0.07,1
0.02,0,0,0,0.77,-1.73,0.8,2,2,1,-1.07,3.26,2,0,1
0.12,0,1,0,1.44,-1.39,1.79,1,1,0,0.2,1.69,0,0.02,1
-0.72,0,0,1,-0.09,-1.39,0.91,1,1,0,0.1,1.26,0,0.03,1
-0.57,1,0,1,0.67,1.72,-1.23,1,0.1,0,-0.46,0,0,0.22,1
1.48,0,0,0,1.53,0.34,0.63,1,0.17,0,1.05,0.72,0,0.11,1
-0.77,0,0,0,3.06,0.34,1.02,1,0.17,1,1.62,0.73,0.17,0.08,1
1,1,0,0,0.1,-0.7,-1.23,1,0.33,0,-0.74,0,0,0.08,1
-1.8,1,0,1,-1.61,0,0.1,2,0.4,0,1.1,0.51,0,0.23,1
2.06,1,0,1,0.96,0.34,0.84,1,0.17,0,-0.6,1.96,0,0.12,1
-1.51,1,0,0,-0.28,-1.04,0.06,1,0.5,1,1.29,0.46,0.5,0.06,1
-0.62,0,0,0,1.15,1.03,0.9,1,0.13,1,1.06,0.82,0.13,0.16,1
-0.05,1,0,1,1.06,-1.73,0.44,2,2,0,1.42,0.57,0,0,1
-0.96,1,0,0,0.2,0.34,-1.23,1,0.17,1,0.76,0,0.17,0.15,1
0.81,0,1,0,0.29,0.69,-1.23,2,0.29,0,-0.73,0,0,0.17,1
-0.23,1,0,0,-0.76,0,-1.23,1,0.2,0,0.83,0,0,0.16,1
-1.38,1,0,1,1.63,1.38,1.05,1,0.11,0,-1.05,3.6,0,0.16,1
-0.92,1,0,0,1.72,-0.7,-1.23,3,1,0,-1.63,0,0,0.05,1
0.11,0,0,1,-0.18,0.69,0.54,2,0.29,0,0.26,0.96,0,0.19,1
0.32,0,0,1,0.96,1.03,1.07,1,0.13,0,1.52,0.76,0,0.16,1
-2.22,0,0,1,0.58,-0.7,0.45,2,0.67,1,1.45,0.57,0.67,0.07,1
-0.45,0,0,0,0.01,1.03,0.46,1,0.13,0,0.08,1,0,0.21,1
2.06,0,0,0,2.58,-1.73,0.81,1,1,1,0.33,1.07,1,0,1
-0.67,1,0,0,0.67,-1.73,-1.23,3,3,1,0.55,0,3,0,1
0.13,0,1,0,1.82,0,2.24,1,0.2,1,-0.45,2.91,0.2,0.09,1
1.05,1,0,0,0.2,1.03,-1.23,2,0.25,0,0.69,0,0,0.2,1
-0.23,0,1,1,1.06,1.03,-1.23,1,0.13,0,0.77,0,0,0.16,1
0.98,1,0,0,-0.28,1.38,-1.23,1,0.11,0,-1.4,0,0,0.25,1
-2.03,0,0,0,1.06,1.72,0.26,1,0.1,0,0.94,0.6,0,0.2,1
-0.33,1,0,0,1.53,-1.73,-1.23,3,3,0,-0.68,0,0,0,1
1.98,1,0,0,-0.18,-0.35,0.9,2,0.5,0,-0.23,1.52,0,0.11,1
0.58,1,0,0,1.72,-1.39,0.25,1,1,1,1.11,0.56,1,0.02,1
-0.99,0,0,0,1.15,1.38,0.99,1,0.11,0,1.71,0.7,0,0.18,1
-0.34,1,0,0,0.29,-1.04,-1.23,4,2,0,0.19,0,0,0.05,1
-0.48,1,0,0,1.34,-1.04,0.72,1,0.5,1,-0.9,2.52,0.5,0.04,1
-1.84,1,0,0,0.01,1.38,0.65,2,0.22,1,-0.25,1.36,0.22,0.23,1
-0.13,0,0,0,-0.56,0,0.85,1,0.2,1,-0.76,2.29,0.2,0.15,1
0.06,1,0,0,0.87,1.38,-1.23,2,0.22,1,-0.26,0,0.22,0.19,1
-1.88,1,0,0,0.87,0,-1.23,1,0.2,0,1.05,0,0,0.1,1
-1.2,1,0,1,-0.09,-1.04,0.69,1,0.5,0,1.67,0.61,0,0.05,1
-0.68,1,0,1,1.53,1.72,0.48,3,0.3,1,0.4,0.87,0.3,0.18,1
-0.28,0,0,1,1.06,0.69,0.8,1,0.14,1,-1.73,196.11,0.14,0.14,1
1.13,1,0,1,-0.09,0.34,1.38,1,0.17,0,-0.16,1.79,0,0.16,1
-0.14,0,1,1,0.39,1.03,-1.23,1,0.13,0,-1.53,0,0,0.19,1
-0.85,1,0,0,0.48,0.69,-1.23,2,0.29,0,-0.66,0,0,0.16,1
-0.77,0,0,1,2.3,-0.7,1.16,1,0.33,0,-0.53,2.14,0,0.05,1
-0.95,1,0,1,1.06,0,1.38,1,0.2,0,0.88,1.08,0,0.1,1
-0.44,1,0,0,1.63,1.72,0.85,2,0.2,0,0.74,0.91,0,0.18,1
1.57,1,0,0,0.01,0.69,0.7,2,0.29,1,-0.71,2.02,0.29,0.18,1
-0.72,0,1,0,-1.42,1.72,1.33,1,0.1,1,0.04,1.55,0.1,0.42,1
0.7,1,0,0,0.96,1.72,-1.23,1,0.1,0,1.47,0,0,0.2,1
-1.88,0,0,0,1.25,1.03,1.01,3,0.38,0,0.87,0.93,0,0.15,1
-0.52,1,0,0,-0.18,-0.35,-1.23,3,0.75,0,-1.61,0,0,0.11,1
-0.3,1,0,1,0.2,-1.04,0.81,1,0.5,0,0.04,1.24,0,0.05,1
-1.08,0,0,0,1.25,-1.39,0.47,1,1,1,-1.33,4.5,1,0.02,1
0.79,0,0,1,0.58,0.34,0.61,2,0.33,1,0.08,1.09,0.33,0.13,1
-0.6,0,0,0,0.87,-0.7,0.92,2,0.67,1,-0.25,1.56,0.67,0.06,1
0.36,0,1,0,-0.85,-1.04,-1.23,3,1.5,1,1.26,0,1.5,0.07,1
-0.15,0,0,0,0.87,-0.7,0.71,1,0.33,0,1.57,0.63,0,0.06,1
-0.42,1,0,0,1.72,0.69,-0.07,4,0.57,1,0.23,0.64,0.57,0.12,1
0,1,0,1,-0.37,-1.73,1.69,2,2,1,-1.1,4.92,2,0,1
-1.66,1,0,1,0.01,-1.39,-1.23,3,3,0,1.23,0,0,0.03,1
1.07,0,0,0,0.87,0.69,1.05,1,0.14,0,-0.11,1.52,0,0.15,1
-0.02,1,0,0,1.63,1.03,1.29,1,0.13,0,-0.19,1.76,0,0.14,1
-0.42,0,0,1,0.96,0.34,0.6,1,0.17,0,1.66,0.58,0,0.12,1
-1.64,1,0,0,0.87,0.34,0.81,1,0.17,1,-0.14,1.38,0.17,0.13,1
-0.84,1,0,1,2.58,-1.04,-1.23,1,0.5,0,0.53,0,0,0.03,1
0.56,0,0,0,1.44,-0.7,0.79,3,1,0,-0.07,1.31,0,0.06,1
-1.1,1,0,1,0.87,1.72,0.03,3,0.3,1,0.06,0.76,0.3,0.21,1
-0.9,1,0,0,-0.28,0.69,2.08,1,0.14,1,-0.93,4.42,0.14,0.19,1
1.35,1,0,0,0.87,-1.73,-0.31,1,1,0,-0.25,0.67,0,0,1
-0.23,0,0,1,0.01,-1.39,0.62,1,1,1,0.13,1.07,1,0.03,1
1.03,0,1,0,-0.56,-0.7,1.37,1,0.33,1,0.93,1.06,0.33,0.09,1
0.08,1,0,1,0.29,1.03,0.42,1,0.13,1,0.06,0.99,0.13,0.19,1
-0.77,1,0,0,1.53,0.34,-0.51,3,0.5,1,-0.57,0.66,0.5,0.11,1
-0.57,1,0,1,1.25,1.38,-1.23,1,0.11,1,0.11,0,0.11,0.17,1
-0.81,0,0,1,0.01,-0.35,0.57,1,0.25,0,-0.88,2.27,0,0.1,1
-0.65,1,0,1,0.48,1.03,1.25,1,0.13,0,-0.88,3.13,0,0.18,1
-1.37,0,0,1,-0.95,1.38,0.79,2,0.22,0,1.05,0.79,0,0.31,1
-0.97,1,0,0,0.01,0.69,-0.43,1,0.14,0,0.26,0.43,0,0.18,1
0.16,0,1,0,0.77,0,-1.23,1,0.2,0,1.16,0,0,0.11,1
-1.34,1,0,1,-1.14,-0.35,0.72,1,0.25,1,1.12,0.74,0.25,0.15,1
-0.05,0,0,0,0.48,-1.04,0.59,1,0.5,0,-0.82,2.13,0,0.05,1
-0.16,0,0,0,2.49,0,0.65,1,0.2,0,0.97,0.75,0,0.08,1
-0.05,0,1,1,-1.33,0,1.71,2,0.4,1,-1,4.3,0.4,0.2,1
1.6,0,0,1,1.06,1.38,0.86,1,0.11,0,-0.65,2.06,0,0.18,1
-1.63,1,0,1,1.44,-0.7,1.46,2,0.67,0,0.87,1.12,0,0.06,1
-0.84,0,1,0,1.15,-0.7,-1.23,3,1,0,-0.43,0,0,0.06,1
-0.58,1,0,0,1.34,-0.35,-1.23,1,0.25,0,-1.65,0,0,0.08,1
-1.79,0,1,1,0.87,-1.73,0.11,2,2,1,-0.97,1.89,2,0,1
-1.92,0,0,1,1.34,-1.39,0.66,1,1,0,-0.44,1.57,0,0.02,1
-0.85,0,0,1,0.67,1.03,1.19,1,0.13,0,-0.62,2.34,0,0.17,1
-0.5,1,0,0,0.01,0.34,1.24,2,0.33,0,1.33,0.87,0,0.15,1
1.08,0,0,1,0.39,0.34,1.42,3,0.5,0,-1.45,9.75,0,0.14,1
-0.27,1,0,0,3.06,-0.35,1.5,3,0.75,1,-0.46,2.31,0.75,0.06,1
0.5,0,0,0,1.44,-0.7,0.55,1,0.33,1,0.97,0.71,0.33,0.06,1
-0.23,0,0,0,1.15,1.72,0.62,2,0.2,0,-1.52,9.13,0,0.2,1
1.6,0,0,1,1.63,0.34,1.21,1,0.17,0,-0.93,3.24,0,0.11,1
-0.98,1,0,0,1.44,-0.35,1.18,1,0.25,0,0.99,0.96,0,0.07,1
-0.52,0,0,1,1.34,0.69,0.48,1,0.14,0,-0.11,1.13,0,0.13,1
-0.46,0,0,0,0.2,-0.35,0.9,1,0.25,0,0.98,0.85,0,0.1,1
1.06,0,0,0,-0.09,-1.39,0.65,1,1,0,0.38,0.96,0,0.03,1
-0.95,0,1,1,-0.09,-0.7,1.11,1,0.33,0,-0.76,2.59,0,0.08,1
-0.31,0,0,1,1.15,-0.35,0.54,1,0.25,0,1.35,0.62,0,0.08,1
-1.02,0,0,0,0.29,1.03,0.43,1,0.13,1,1.51,0.55,0.13,0.19,1
-0.65,0,0,1,0.96,0.34,0.9,3,0.5,0,-1.11,3.65,0,0.12,1
-0.9,0,1,1,-0.76,0,0.72,1,0.2,1,-1.39,5.94,0.2,0.16,1
0.58,0,1,1,0.87,1.03,0.19,1,0.13,1,0.34,0.74,0.13,0.17,1
1.82,1,0,0,0.96,-1.73,-1.23,1,1,0,1.37,0,0,0,1
-2.28,0,0,0,2.58,0.34,0.94,2,0.33,1,1.27,0.78,0.33,0.09,1
-0.4,0,1,0,2.3,-1.04,0.88,2,1,0,0.38,1.08,0,0.03,1
-1,0,0,0,1.53,-1.73,0.51,1,1,1,0.69,0.77,1,0,1
-1.26,1,0,1,0.67,1.03,-1.23,1,0.13,0,0.46,0,0,0.17,1
-1.4,0,0,1,0.58,0.69,0.71,3,0.43,1,-1.06,3.08,0.43,0.16,1
-2.24,0,0,1,1.53,1.03,0.53,2,0.25,0,-0.06,1.13,0,0.15,1
-1.3,1,0,0,1.91,0.34,-0.34,1,0.17,0,-0.29,0.66,0,0.1,1
-0.36,0,0,0,-1.04,1.72,0.46,1,0.1,1,-1.22,3.53,0.1,0.36,1
0.88,1,0,0,0.29,0.69,0.65,3,0.43,0,-1.01,2.8,0,0.17,1
0.4,0,0,0,-0.85,0,0.96,1,0.2,1,-1.01,3.26,0.2,0.17,1
0.03,1,0,1,0.77,0.34,-1.23,1,0.17,0,-0.86,0,0,0.13,1
0.63,1,0,0,-1.33,0,1.82,1,0.2,0,-0.85,3.7,0,0.2,1
-1.72,0,0,0,1.53,1.03,1.17,3,0.38,0,0.65,1.09,0,0.15,1
0.29,1,0,1,0.2,1.03,1.14,3,0.38,0,1.26,0.86,0,0.2,1
-0.72,1,0,1,1.44,-0.35,0.21,1,0.25,0,-1.64,16.07,0,0.07,1
1.54,0,0,1,-0.76,1.38,1.25,1,0.11,1,-0.2,1.74,0.11,0.29,1
0.55,0,1,0,-1.42,-1.04,-1.23,1,0.5,0,-1.12,0,0,0.08,1
-1.15,1,0,0,0.77,-1.04,0.81,2,1,1,1.16,0.76,1,0.04,1
0.48,0,1,1,2.2,0.69,-1.23,1,0.14,0,0.51,0,0,0.11,1
-0.73,0,0,1,0.58,1.03,0.44,1,0.13,0,-0.92,2.19,0,0.18,1
0.14,0,1,1,0.48,0.69,0.02,3,0.43,0,-0.74,1.35,0,0.16,1
-0.71,0,0,0,0.1,-0.7,0.54,1,0.33,1,1.59,0.57,0.33,0.08,1
-0.47,0,1,0,1.72,-1.04,-1.23,3,1.5,0,-0.58,0,0,0.04,1
1.33,0,1,0,1.53,-1.73,0.91,1,1,0,-1.34,5.84,0,0,1
-0.91,1,0,0,-0.66,-1.73,1.15,1,1,0,1.59,0.77,0,0,1
1,1,0,0,0.77,0,1.02,4,0.8,1,0.52,1.08,0.8,0.11,1
-0.52,0,0,0,1.82,1.03,0.68,1,0.13,0,-1.63,19.12,0,0.14,1
1.15,0,1,0,2.01,1.72,1.48,1,0.1,0,-1.19,5.37,0,0.17,1
0.05,0,0,1,-0.47,0.69,0.67,1,0.14,0,-0.85,2.3,0,0.21,1
-0.22,1,0,1,1.91,1.38,0.6,1,0.11,1,0.29,0.97,0.11,0.15,1
-0.72,0,1,0,0.48,0.69,1.81,2,0.29,0,-0.96,4.2,0,0.16,1
-0.53,0,1,1,-0.56,-0.35,-0.4,1,0.25,0,0.2,0.46,0,0.12,1
0.13,0,1,0,1.34,0.34,1.18,1,0.17,1,0.89,0.99,0.17,0.11,1
-0.24,1,0,0,0.2,0.34,-1.23,3,0.5,1,0.67,0,0.5,0.15,1
-0.65,1,0,0,-0.28,-1.04,-1.23,2,1,0,-0.13,0,0,0.06,1
1.47,0,0,1,1.44,-1.04,0.84,1,0.5,0,-1.42,6.92,0,0.04,1
0.79,0,0,1,1.91,0,1.22,1,0.2,0,-0.49,2.12,0,0.08,1
0.65,1,0,0,-0.66,-1.39,0.65,1,1,0,0.86,0.78,0,0.03,1
-0.45,1,0,0,0.01,1.72,-1.23,3,0.3,0,0.57,0,0,0.26,1
-0.01,0,1,1,0.29,-0.35,1.89,1,0.25,0,1.23,1.14,0,0.1,1
2.06,0,0,1,1.63,-1.39,1.49,1,1,0,0.97,1.09,0,0.02,1
0.26,1,0,0,-0.47,1.03,0.1,1,0.13,0,-0.14,0.9,0,0.24,1
0.59,0,0,0,1.44,1.03,1.1,1,0.13,1,0.44,1.16,0.13,0.15,1
-1.57,0,1,0,0.29,-1.73,1.13,1,1,1,-1.48,9.9,1,0,1
2.06,0,1,1,1.44,0.69,0.51,2,0.29,0,-1.32,4.49,0,0.13,1
-0.56,1,0,1,-1.71,-0.35,2.15,2,0.5,1,1.69,1.07,0.5,0.19,1
-0.52,1,0,0,0.96,0.34,-1.23,1,0.17,1,0.83,0,0.17,0.12,1
0.43,1,0,0,-0.28,-0.35,-1.23,1,0.25,0,1.49,0,0,0.11,1
-0.85,0,1,0,-0.28,1.72,1.24,1,0.1,1,-0.8,2.84,0.1,0.28,1
0.33,0,0,0,-0.09,-1.39,0.64,1,1,1,-0.87,2.34,1,0.03,1
-0.32,0,0,0,-1.33,1.03,1.05,1,0.13,1,-0.46,1.92,0.13,0.32,1
0.89,0,1,0,0.01,0.69,0.86,2,0.29,0,-0.78,2.35,0,0.18,1
0.73,0,0,0,0.58,0.69,0.99,1,0.14,0,-0.7,2.32,0,0.16,1
-0.49,0,1,0,1.63,0,0.23,2,0.4,0,1.08,0.56,0,0.09,1
-0.81,0,0,1,0.77,-0.35,0.37,1,0.25,0,1.68,0.51,0,0.09,1
-2.04,0,0,0,0.1,-1.39,0.56,1,1,1,0.35,0.93,1,0.03,1
1.15,0,0,1,-0.37,-1.39,0.66,1,1,1,1.36,0.66,1,0.03,1
1.51,0,1,1,1.63,0.34,0.28,1,0.17,0,0.37,0.78,0,0.11,1
-0.83,0,0,1,-0.09,-1.39,0.81,1,1,0,0.82,0.86,0,0.03,1
-1.02,0,0,1,-0.56,-0.7,1.1,1,0.33,0,-0.72,2.46,0,0.09,1
-0.33,1,0,0,0.87,-0.35,-1.23,1,0.25,0,-1.43,0,0,0.08,1
1.33,0,0,0,-0.18,-1.04,0.83,1,0.5,1,-1.63,19.48,0.5,0.05,1
-0.42,0,1,0,1.06,0,0.87,3,0.6,0,1.47,0.71,0,0.1,1
-0.05,0,0,0,1.72,0.34,0.22,1,0.17,0,-1.5,6.48,0,0.11,1
-1.39,1,0,0,0.58,-0.35,-1.23,1,0.25,0,-0.08,0,0,0.09,1
0.42,0,1,1,-0.28,0.69,0.86,1,0.14,0,-0.42,1.72,0,0.19,1
1.32,0,0,0,-0.37,-1.39,1.21,3,3,1,0.54,1.16,3,0.03,1
-1.04,0,0,1,-0.56,-0.35,0.67,1,0.25,1,-1.5,8.46,0.25,0.12,1
0.15,0,0,0,0.39,-1.04,0.64,4,2,0,-1.12,3.26,0,0.05,1
1.22,0,0,1,-0.18,1.38,0.51,1,0.11,0,-1.01,2.59,0,0.24,1
0.55,1,0,1,1.06,-0.35,1.43,1,0.25,0,0.36,1.37,0,0.08,1
0.27,1,0,0,1.63,-1.73,0.7,1,1,0,1.01,0.76,0,0,1
-0.36,1,0,1,0.48,0,0.41,1,0.2,1,1.36,0.57,0.2,0.11,1
0,1,0,0,1.63,-0.35,-1.23,1,0.25,0,-0.27,0,0,0.07,1
0.33,1,0,1,-1.04,1.72,1.99,1,0.1,1,-0.3,2.42,0.1,0.36,1
-0.43,0,0,0,3.06,0.34,0.59,1,0.17,0,0.14,1.05,0,0.08,1
0.73,0,1,0,-0.66,1.72,-1.23,1,0.1,0,0.63,0,0,0.31,1
0.04,0,1,0,-0.66,-1.04,-1.23,1,0.5,1,-0.84,0,0.5,0.06,1
0.24,0,0,0,0.48,-0.35,0.88,1,0.25,1,1.24,0.77,0.25,0.09,1
-0.77,0,0,1,0.48,1.38,0.69,1,0.11,0,0.33,1,0,0.2,1
0.5,1,0,1,2.39,1.38,0.59,1,0.11,0,-1.25,4.04,0,0.14,1
-0.67,1,0,1,1.82,0.69,1.21,1,0.14,0,1.09,0.93,0,0.12,1
-0.42,1,0,1,0.2,0.34,-1.23,3,0.5,0,-0.76,0,0,0.15,1
-0.21,0,0,0,1.15,-1.73,0.51,3,3,0,-0.2,1.23,0,0,1
0.48,1,0,0,0.29,-1.39,-1.23,1,1,0,-1.72,0,0,0.02,1
0.56,0,0,0,0.48,1.72,0.48,1,0.1,0,0.65,0.78,0,0.23,1
0.57,0,1,1,-0.85,0.34,0.18,2,0.33,0,0.65,0.64,0,0.2,1
0.91,0,1,1,0.96,-0.7,-1.23,3,1,1,-0.61,0,1,0.06,1
-0.3,0,1,0,-0.28,-1.73,0.52,2,2,0,0.19,0.98,0,0,1
-0.54,0,0,1,-0.09,-1.39,0.4,1,1,1,-0.42,1.34,1,0.03,1
0.59,1,0,1,1.25,1.72,0.46,1,0.1,0,-1.74,856.06,0,0.19,1
-0.79,0,1,1,-0.28,-0.35,0.02,1,0.25,0,1.16,0.47,0,0.11,1
-0.22,1,0,1,0.48,0,-1.23,4,0.8,0,0.3,0,0,0.11,1
0.48,1,0,1,-0.66,0.69,1.59,3,0.43,0,0.28,1.51,0,0.22,1
0.7,1,0,1,1.25,1.03,0.05,3,0.38,1,-1.18,2.45,0.38,0.15,1
0.59,1,0,1,-0.47,-0.7,-1.23,1,0.33,1,0.37,0,0.33,0.09,1
-1.66,1,0,0,0.1,-1.39,-1.23,1,1,1,-0.88,0,1,0.03,1
-0.33,0,0,0,0.29,1.03,0.9,3,0.38,1,1.6,0.69,0.38,0.19,1
-2.28,1,0,0,2.01,0.69,-0.04,1,0.14,0,1.08,0.46,0,0.12,1
-1.17,1,0,0,0.58,0.69,1.32,1,0.14,0,0.36,1.31,0,0.16,1
-0.44,0,1,0,-1.04,-0.35,-1.23,2,0.5,0,-1.55,0,0,0.14,1
0.42,1,0,0,2.01,0.34,0.39,1,0.17,0,1.34,0.57,0,0.1,1
0.75,0,0,0,2.77,-0.7,0.54,1,0.33,0,0.73,0.78,0,0.04,1
0.11,0,0,0,0.77,-1.73,0.53,1,1,0,1.53,0.58,0,0,1
-1.38,0,0,0,1.91,1.03,1.24,2,0.25,0,0.02,1.52,0,0.14,1
-1.2,0,1,0,-0.85,0,0.74,1,0.2,0,-0.66,1.97,0,0.17,1
0.57,0,1,0,1.34,-0.7,-1.23,3,1,0,-0.2,0,0,0.06,1
-0.4,0,0,1,0.48,-1.04,0.62,1,0.5,1,-0.04,1.18,0.5,0.05,1
1.64,0,0,1,1.06,1.72,0.67,1,0.1,1,0.01,1.17,0.1,0.2,1
-2.54,1,0,1,0.01,1.72,-1.23,1,0.1,0,1.06,0,0,0.26,1
-0.06,1,0,1,-0.76,0.69,1.36,2,0.29,0,-1.52,12.79,0,0.23,1
-0.1,1,0,1,-0.56,-1.04,1.12,2,1,1,-0.77,2.62,1,0.06,1
1.07,1,0,1,2.11,0,1.12,1,0.2,1,-1.01,3.51,0.2,0.08,1
0.65,0,0,1,0.58,-0.35,0.87,1,0.25,0,-0.45,1.77,0,0.09,1
0.75,0,0,0,0.77,1.72,0.22,2,0.2,0,0.06,0.87,0,0.21,1
-0.38,0,0,0,0.01,1.03,0.79,1,0.13,1,0.49,0.98,0.13,0.21,1
-0.61,1,0,1,2.01,1.38,-1.23,4,0.44,1,-1.5,0,0.44,0.15,1
0.27,1,0,0,-0.95,-0.7,0.16,1,0.33,0,-0.14,0.94,0,0.1,1
1.31,1,0,0,-0.95,1.38,0.88,1,0.11,1,1.11,0.8,0.11,0.31,1
-0.4,0,0,1,0.67,1.38,1.36,1,0.11,1,-0.05,1.67,0.11,0.2,1
-1.38,1,0,1,2.2,-1.39,-0.52,3,3,0,1.52,0.23,0,0.02,1
0.93,1,0,0,2.01,0,0.51,2,0.4,0,-1.29,4.16,0,0.08,1
1.98,1,0,1,0.48,-0.7,1.04,4,1.33,1,0.49,1.1,1.33,0.07,1
2.06,1,0,0,-0.37,-1.04,0.83,4,2,0,-0.43,1.7,0,0.06,1
-0.13,0,0,1,0.29,1.03,1.1,1,0.13,0,1.62,0.75,0,0.19,1
0.45,0,0,0,1.82,-1.39,1.07,1,1,0,0.04,1.4,0,0.02,1
-1.11,0,0,1,0.2,0.34,1.07,1,0.17,1,1.6,0.75,0.17,0.15,1
1.31,1,0,0,-0.85,-0.35,0.98,1,0.25,0,-1.65,27.52,0,0.13,1
0.15,0,1,0,1.15,1.03,-1.23,1,0.13,1,-1.06,0,0.13,0.16,1
1.98,0,0,0,-0.37,1.38,0.7,1,0.11,0,-0.9,2.49,0,0.26,1
1.39,1,0,0,-0.09,-1.39,-1.23,1,1,0,0.61,0,0,0.03,1
-0.91,0,1,0,0.29,0.34,0.36,2,0.33,0,0.94,0.64,0,0.14,1
-1.05,0,0,0,1.53,-1.39,0.98,2,2,1,0.29,1.18,2,0.02,1
1.17,0,0,1,-0.47,0.34,0.52,2,0.33,0,1.15,0.65,0,0.18,1
0.36,0,0,0,0.48,-1.04,0.69,1,0.5,0,0.79,0.82,0,0.05,1
-0.93,0,0,0,0.96,-1.39,0.41,1,1,0,0.57,0.77,0,0.02,1
1.46,0,0,0,1.06,-0.35,1.13,1,0.25,0,-1.45,8.88,0,0.08,1
-0.15,0,0,1,2.68,0.69,0.97,1,0.14,1,-0.58,2.05,0.14,0.1,1
-2.21,1,0,0,0.39,0.34,-1.23,1,0.17,0,0.84,0,0,0.14,1
0.49,0,0,0,1.25,-1.39,0.5,1,1,0,1.2,0.64,0,0.02,1
0.28,1,0,1,1.44,0.69,0.84,1,0.14,0,1.59,0.67,0,0.13,1
-0.49,0,0,0,1.53,0.69,0.82,2,0.29,0,0.68,0.92,0,0.13,1
-0.74,0,1,1,0.39,-1.04,1.11,1,0.5,1,1.71,0.74,0.5,0.05,1
0.35,0,0,0,2.3,-0.7,0.08,1,0.33,0,-0.53,1.17,0,0.05,1
-0.72,0,0,1,1.06,-1.04,1.08,2,1,0,1.41,0.79,0,0.04,1
-0.58,0,0,0,-1.52,-0.35,0.45,2,0.5,0,-0.75,1.85,0,0.17,1
-0.03,0,0,0,1.15,-1.04,0.64,1,0.5,0,-1.67,28.29,0,0.04,1
-0.8,0,1,1,0.67,-0.7,-0.18,1,0.33,1,1.56,0.34,0.33,0.07,1
0.54,1,0,1,1.63,1.38,-1.23,1,0.11,0,-0.25,0,0,0.16,1
2.06,0,1,1,0.87,-1.04,-1.23,1,0.5,0,1.21,0,0,0.04,1
0.57,0,0,0,0.67,0.69,0.56,1,0.14,1,0.85,0.75,0.14,0.15,1
-0.67,0,0,0,-0.28,0,0.44,1,0.2,0,1.63,0.53,0,0.14,1
1.11,0,0,1,2.77,0.34,0.58,1,0.17,0,-1.12,3.14,0,0.09,1
0.82,1,0,0,0.77,0.69,-1.23,1,0.14,0,-1.16,0,0,0.15,1
0,0,1,0,0.58,1.03,0.31,1,0.13,0,-0.27,1.13,0,0.18,1
-0.28,1,0,1,0.58,-1.73,-1.23,1,1,0,1.68,0,0,0,1
-1.62,0,1,0,0.2,-1.04,-0.1,2,1,0,1.54,0.37,0,0.05,1
0.83,1,0,0,-0.09,1.72,0.76,2,0.2,0,1.24,0.72,0,0.26,1
2.06,0,0,0,0.58,-1.39,0.73,1,1,0,-1.62,17.75,0,0.02,1
-0.13,1,0,1,-0.28,0.34,1.79,1,0.17,0,-0.92,4.01,0,0.17,1
-0.44,0,1,0,0.2,-1.39,0.12,1,1,1,0.22,0.74,1,0.02,0
0.5,1,0,0,0.01,-1.39,-1.23,2,2,0,-0.11,0,0,0.03,0
2.06,0,1,0,0.39,-1.04,0.79,1,0.5,1,-0.37,1.59,0.5,0.05,0
1.77,1,0,1,1.06,0.69,-1.23,2,0.29,1,-1.57,0,0.29,0.14,0
-1.55,1,0,1,0.48,-0.35,1.05,2,0.5,1,-0.44,1.9,0.5,0.09,0
0.35,1,0,1,-1.14,-1.04,0.93,1,0.5,1,-0.49,1.88,0.5,0.07,0
-1.27,1,0,1,-0.76,0.34,0.41,2,0.33,0,-0.35,1.27,0,0.19,0
-1.59,0,1,1,-1.42,-0.7,-1.23,2,0.67,0,-0.41,0,0,0.13,0
-1.81,1,0,0,-0.47,1.72,-1.23,2,0.2,0,-1.28,0,0,0.29,0
-1.05,1,0,0,-1.33,0,-1.23,2,0.4,0,1.58,0,0,0.2,0
-0.16,0,1,0,-0.37,0.69,-1.23,2,0.29,1,-0.59,0,0.29,0.2,0
-0.36,0,0,1,0.58,-0.7,1.07,2,0.67,1,-0.62,2.23,0.67,0.07,0
-1.05,0,1,0,-1.42,1.38,-1.23,2,0.22,1,-1.49,0,0.22,0.38,0
-0.66,0,1,1,0.58,0.34,-1.23,1,0.17,0,1.02,0,0,0.13,0
0.78,1,0,0,-1.42,0.34,-1.23,2,0.33,1,-0.79,0,0.33,0.25,0
0.84,1,0,1,0.2,1.03,-1.23,2,0.25,1,1.23,0,0.25,0.2,0
-0.15,0,1,0,-0.66,1.03,-1.23,2,0.25,0,0.67,0,0,0.25,0
0.19,1,0,1,0.67,-0.7,-1.23,2,0.67,1,-1.59,0,0.67,0.07,0
2.02,1,0,0,-0.09,0,-1.23,1,0.2,1,1.52,0,0.2,0.13,0
-0.76,1,0,1,-1.33,-0.7,-1.23,2,0.67,1,0.42,0,0.67,0.12,0
1.09,0,0,1,-0.28,-1.04,0.97,1,0.5,1,1.22,0.8,0.5,0.06,0
-0.82,1,0,1,0.48,1.38,-1.23,2,0.22,0,-1.07,0,0,0.2,0
-0.79,0,0,0,0.39,-0.7,1.04,1,0.33,1,0,1.41,0.33,0.07,0
-2.48,1,0,1,-0.95,-1.73,-0.27,2,2,1,-0.81,1.12,2,0,0
-1.22,1,0,1,-0.28,0.69,0.14,1,0.14,1,0.98,0.54,0.14,0.19,0
-1.01,0,0,1,0.2,1.38,0.54,2,0.22,0,-0.32,1.34,0,0.22,0
-1.35,0,1,0,0.29,0.34,-1.23,2,0.33,1,-1.14,0,0.33,0.14,0
0.74,0,1,0,-0.95,1.38,-1.23,2,0.22,1,0.73,0,0.22,0.31,0
-1.66,0,1,1,-0.76,-0.7,1.1,1,0.33,1,0.24,1.27,0.33,0.1,0
1.59,0,1,1,-0.56,0.69,0,1,0.14,1,-0.03,0.78,0.14,0.21,0
2.06,1,0,1,-0.28,0.69,-1.23,1,0.14,1,-1.03,0,0.14,0.19,0
-0.71,0,0,1,0.2,0.34,-0.1,2,0.33,1,1.36,0.4,0.33,0.15,0
-1.85,0,1,1,0.1,-0.35,-1.23,1,0.25,0,-0.52,0,0,0.1,0
-0.98,1,0,0,2.11,-1.04,0.66,1,0.5,1,-0.1,1.25,0.5,0.03,0
0.1,0,1,0,2.11,0,1.27,1,0.2,1,1.01,0.98,0.2,0.08,0
1.3,0,0,0,-0.66,-0.35,0.53,2,0.5,1,0.46,0.86,0.5,0.13,0
-1.04,0,0,1,-0.09,-1.04,0.43,1,0.5,1,-0.16,1.14,0.5,0.05,0
1.3,0,0,0,-0.18,-1.04,0.44,2,1,0,1.63,0.53,0,0.05,0
0.49,0,0,1,0.48,1.72,0.64,2,0.2,0,1.7,0.59,0,0.23,0
-0.68,0,0,1,-0.28,0,1.11,2,0.4,0,-0.24,1.69,0,0.14,0
1.42,1,0,0,-0.56,0,-1.23,2,0.4,0,0.29,0,0,0.15,0
-0.33,1,0,1,0.39,-1.39,0.78,1,1,1,0.23,1.1,1,0.02,0
0.06,1,0,1,0.58,0,0.82,1,0.2,0,-0.23,1.47,0,0.11,0
0.77,0,0,1,-1.9,-1.73,-0.01,1,1,0,-0.95,1.66,0,0,0
-0.38,1,0,1,1.15,-0.35,-0.57,1,0.25,1,-0.93,0.87,0.25,0.08,0
0.95,0,0,1,-0.37,0,0.97,1,0.2,0,-0.27,1.62,0,0.14,0
0.38,0,0,0,-1.14,1.38,1.22,2,0.22,0,0.46,1.2,0,0.33,0
-0.99,0,1,1,-0.56,-1.39,-0.33,2,2,0,1.37,0.31,0,0.03,0
0.35,0,1,1,1.63,1.03,0.04,1,0.13,1,-0.01,0.79,0.13,0.14,0
-0.49,0,0,1,-1.23,-0.35,0.52,1,0.25,1,-0.13,1.18,0.25,0.15,0
1.04,0,0,0,-0.28,0.34,1.5,2,0.33,1,-1.26,6.12,0.33,0.17,0
-0.72,0,0,0,-0.47,-1.39,0.4,1,1,0,0.18,0.92,0,0.03,0
0.87,0,0,1,0.39,1.72,0.75,2,0.2,1,1.68,0.63,0.2,0.23,0
0.11,0,0,0,-0.37,0,1.19,2,0.4,1,0.24,1.33,0.4,0.14,0
0.25,1,0,0,-1.71,1.03,0.35,1,0.13,0,-1.42,5.4,0,0.38,0
1.68,1,0,1,-0.95,0.34,-1.23,1,0.17,0,-1.15,0,0,0.21,0
0.07,0,1,0,-0.18,-1.73,1.4,1,1,1,-0.97,3.7,1,0,0
-0.48,0,0,0,-1.33,0,1.3,2,0.4,1,-0.72,2.7,0.4,0.2,0
-1.36,1,0,1,-0.28,1.38,-1.23,2,0.22,1,0.79,0,0.22,0.25,0
0.87,1,0,0,-1.71,-1.39,1.64,2,2,0,-1.35,7.98,0,0.05,0
0.14,1,0,1,1.53,1.03,-1.23,2,0.25,1,0.68,0,0.25,0.15,0
0.28,1,0,0,-0.66,1.38,-1.23,1,0.11,1,0.84,0,0.11,0.28,0
1.1,0,1,1,-0.56,0,0.01,1,0.2,1,1.64,0.4,0.2,0.15,0
-2.43,0,0,0,0.2,1.72,0.73,2,0.2,0,-0.03,1.24,0,0.24,0
0.15,1,0,0,-0.47,-1.39,0.32,2,2,0,1.24,0.56,0,0.03,0
-1.11,1,0,0,-0.28,-0.7,-1.23,2,0.67,0,-1.29,0,0,0.08,0
-1.5,1,0,0,-0.47,-0.35,0.22,1,0.25,1,1.03,0.57,0.25,0.12,0
-1.63,1,0,0,0.67,-0.35,-1.23,2,0.5,0,-1.71,0,0,0.09,0
0.02,0,1,0,3.44,1.72,-1.23,2,0.2,1,0.25,0,0.2,0.13,0
0.81,1,0,1,-0.85,1.38,-1.23,2,0.22,0,0.9,0,0,0.3,0
-0.16,0,0,0,-1.04,-0.7,0.08,2,0.67,1,0.99,0.52,0.67,0.11,0
1.63,1,0,1,0.58,0.69,0.68,2,0.29,0,0.82,0.81,0,0.16,0
-1.31,1,0,0,-0.28,1.72,-1.23,2,0.2,0,0.17,0,0,0.28,0
1.23,1,0,1,-0.95,1.03,-1.23,2,0.25,1,1.26,0,0.25,0.28,0
0.82,0,1,1,0.29,-0.35,-1.23,2,0.5,1,-0.25,0,0.5,0.1,0
-1.4,0,1,1,-0.37,1.72,1.6,1,0.1,1,0.37,1.45,0.1,0.29,0
1.27,0,1,1,0.2,1.38,0.42,1,0.11,1,-0.62,1.59,0.11,0.22,0
1.69,0,0,1,-0.95,1.03,0.33,2,0.25,1,1.69,0.49,0.25,0.28,0
0.62,0,1,1,-1.61,1.03,-1.23,2,0.25,0,-0.01,0,0,0.36,0
-2.46,1,0,1,-0.47,1.38,-1.23,2,0.22,0,-1.63,0,0,0.26,0
0.15,1,0,0,0.1,0.34,-1.23,1,0.17,1,1.07,0,0.17,0.15,0
-0.28,1,0,0,0.48,0.34,-1.23,2,0.33,0,1.17,0,0,0.14,0
0.91,1,0,1,-0.76,1.38,0.1,1,0.11,0,-1.01,1.97,0,0.29,0
-1.27,0,1,1,-0.28,0.69,-1.23,2,0.29,0,-0.69,0,0,0.19,0
-0.71,0,0,1,-0.66,-1.39,0.2,1,1,1,-1.57,8.85,1,0.03,0
1.39,0,0,0,-0.28,-1.04,0.37,1,0.5,1,-1.1,2.7,0.5,0.06,0
-0.47,0,1,1,-0.56,0,1.18,1,0.2,0,-0.49,2.09,0,0.15,0
0.36,0,0,1,-0.85,-0.7,0.23,1,0.33,1,-0.64,1.44,0.33,0.1,0
-1.16,0,0,1,0.01,0.69,0.51,2,0.29,0,-1.27,3.97,0,0.18,0
-0.92,1,0,1,0.29,-1.04,0.38,1,0.5,0,-0.23,1.15,0,0.05,0
0.25,0,1,1,-0.28,1.38,0.48,1,0.11,1,-1.34,4.62,0.11,0.25,0
-0.23,0,0,0,-0.85,1.38,0.9,2,0.22,1,-0.45,1.78,0.22,0.3,0
0.18,0,0,0,-0.18,0.34,1.46,1,0.17,0,0.27,1.45,0,0.16,0
-1.5,1,0,0,0.2,-1.39,-1.23,2,2,0,-1.19,0,0,0.02,0
0.5,0,0,1,-0.47,-0.35,1.74,2,0.5,0,0.36,1.53,0,0.12,0
1.84,1,0,1,-0.47,1.03,0.85,2,0.25,0,-1.08,3.39,0,0.24,0
0.24,0,1,1,0.01,0.34,0.7,1,0.17,0,0,1.2,0,0.15,0
0.06,1,0,0,0.01,0.34,-1.23,2,0.33,0,0.71,0,0,0.15,0
0.35,0,0,0,0.87,1.72,0.8,1,0.1,1,1.7,0.64,0.1,0.21,0
-0.26,1,0,0,-1.04,-0.7,-1.23,1,0.33,0,1.45,0,0,0.11,0
1.84,1,0,0,0.2,0.69,-1.23,2,0.29,0,1.24,0,0,0.17,0
1.24,1,0,1,-1.42,1.38,0.41,1,0.11,0,1.17,0.61,0,0.38,0
1.11,1,0,0,-0.47,-0.7,-1.23,2,0.67,1,0.42,0,0.67,0.09,0
1.49,0,0,0,-0.56,1.38,0.87,1,0.11,1,0.26,1.14,0.11,0.27,0
0.38,1,0,1,-0.09,1.38,0.74,1,0.11,1,-1.12,3.44,0.11,0.24,0
0.37,1,0,1,-1.33,-1.39,-1.23,2,2,1,-1.45,0,2,0.04,0
1.43,0,0,1,0.01,0.69,0.77,2,0.29,1,0.42,1,0.29,0.18,0
-0.64,0,0,0,1.06,0,1.1,2,0.4,1,-1.13,4.15,0.4,0.1,0
-1.96,0,0,0,-0.47,0,-0.21,1,0.2,1,1.18,0.38,0.2,0.15,0
-0.14,1,0,1,0.1,-1.04,0.91,1,0.5,1,-0.12,1.43,0.5,0.05,0
1.09,0,0,1,0.48,1.72,0.98,1,0.1,0,1.56,0.73,0,0.23,0
0.13,1,0,1,-0.47,0.69,-1.23,2,0.29,1,1.4,0,0.29,0.21,0
0.33,1,0,0,0.39,0,0.79,1,0.2,1,1.62,0.65,0.2,0.12,0
-1.71,0,1,0,-1.71,0,0.59,1,0.2,1,-0.8,2.09,0.2,0.24,0
-0.16,0,1,0,-0.95,1.03,0.99,2,0.25,0,0.71,0.98,0,0.28,0
-0.01,1,0,1,-0.18,0,0.49,1,0.2,0,-1.31,4.37,0,0.14,0
0.87,1,0,1,0.48,1.38,0.71,1,0.11,0,-0.44,1.61,0,0.2,0
-2.43,1,0,1,-0.66,-1.73,-1.23,2,2,1,-1.73,0,2,0,0
1.07,0,1,0,-0.66,0.69,-1.23,2,0.29,0,-0.18,0,0,0.22,0
0.68,0,1,1,0.29,1.03,-1.23,2,0.25,0,1.4,0,0,0.19,0
-1.15,1,0,1,-0.18,-1.04,0.82,1,0.5,0,-0.03,1.29,0,0.05,0
-0.38,1,0,0,0.39,0.34,-1.23,2,0.33,1,0.16,0,0.33,0.14,0
1.11,1,0,0,-0.56,0.69,-1.23,2,0.29,0,-0.3,0,0,0.21,0
-0.67,0,1,0,-1.04,-1.04,-1.23,2,1,1,-0.14,0,1,0.07,0
-0.05,1,0,0,3.25,0.34,0.33,1,0.17,1,0.08,0.93,0.17,0.08,0
-0.2,0,0,0,-0.56,-0.35,0.75,1,0.25,0,0.22,1.09,0,0.12,0
0.69,0,1,0,-1.61,0.34,0.39,1,0.17,1,-0.27,1.19,0.17,0.27,0
0.35,1,0,1,-0.85,-1.04,-1.23,2,1,0,-0.29,0,0,0.07,0
1.55,1,0,0,0.96,0.69,0.51,1,0.14,0,-0.92,2.29,0,0.14,0
0.73,0,1,0,-0.28,-1.04,-1.23,2,1,1,0.12,0,1,0.06,0
0.1,0,0,1,-0.76,1.38,0.78,2,0.22,1,0.69,0.9,0.22,0.29,0
-0.37,0,1,0,0.2,1.38,0.52,1,0.11,0,1.68,0.55,0,0.22,0
0.33,0,0,1,-1.42,1.38,-0.3,2,0.22,0,-0.82,1.09,0,0.38,0
-1.72,1,0,0,-0.95,-0.35,0.86,1,0.25,0,1.11,0.79,0,0.14,0
-0.23,0,0,1,-1.14,0,0.31,2,0.4,0,0.97,0.61,0,0.19,0
-0.75,1,0,1,-0.85,-0.35,1.49,1,0.25,0,0.21,1.51,0,0.13,0
-1.43,1,0,1,0.1,0,-1.23,2,0.4,1,0.81,0,0.4,0.13,0
-1.72,0,1,0,-0.37,0.69,0.92,1,0.14,1,-1.27,4.91,0.14,0.2,0
-1.45,1,0,0,-0.85,-1.73,-1.23,2,2,1,0.53,0,2,0,0
-0.46,0,0,1,-0.28,0,1.83,2,0.4,0,1.38,1.06,0,0.14,0
-0.55,0,1,0,0.1,1.03,0.41,1,0.13,1,-0.09,1.08,0.13,0.2,0
2.06,0,1,0,0.58,-1.04,0.73,1,0.5,1,-1.4,6.28,0.5,0.04,0
-1.45,1,0,1,2.49,-1.04,-1.23,2,1,1,-0.9,0,1,0.03,0
1.32,0,0,0,0.58,-1.39,1.37,2,2,0,1.29,0.93,0,0.02,0
-0.15,1,0,1,0.29,-1.04,-1.23,2,1,1,-0.78,0,1,0.05,0
-1.41,1,0,1,-0.66,1.03,-1.23,2,0.25,0,-0.07,0,0,0.25,0
0.82,1,0,0,0.01,-1.39,0.36,1,1,0,1.65,0.51,0,0.03,0
-1.3,0,1,0,-0.18,-1.73,-1.23,1,1,1,0.55,0,1,0,0
-0.36,0,1,1,-0.85,0,-1.23,2,0.4,1,1.67,0,0.4,0.17,0
0.38,0,0,0,-0.47,0.69,0.56,2,0.29,0,0.84,0.75,0,0.21,0
-1.43,1,0,0,-0.28,-0.7,0.13,2,0.67,0,-1.43,4.77,0,0.08,0
-1.77,1,0,1,0.1,-1.39,-1.23,2,2,0,0.26,0,0,0.03,0
-0.51,1,0,1,-0.66,1.03,0.26,1,0.13,0,-0.23,1.07,0,0.25,0
-0.73,0,1,1,-0.95,1.38,-0.24,2,0.22,0,0.49,0.48,0,0.31,0
1.62,1,0,1,-0.37,-0.7,1.58,1,0.33,1,-1.73,291.14,0.33,0.09,0
-0.36,0,1,0,-0.66,0.34,-1.23,2,0.33,1,-0.99,0,0.33,0.19,0
0.73,0,0,1,-0.18,-0.7,0.5,1,0.33,1,1.02,0.68,0.33,0.08,0
-1.55,1,0,1,1.72,1.72,-1.23,2,0.2,1,-0.91,0,0.2,0.18,0
-1.34,1,0,1,-0.37,0.34,0.32,1,0.17,0,-1.56,9.19,0,0.17,0
2.06,0,1,1,-0.85,-1.04,1.03,1,0.5,1,-1.64,23.59,0.5,0.07,0
1.12,1,0,1,0.29,-0.35,0.46,1,0.25,1,0.37,0.87,0.25,0.1,0
-1.43,0,1,1,-0.56,-0.7,1.61,1,0.33,0,-0.09,1.87,0,0.09,0
-1.04,1,0,1,-0.18,-0.7,-1.23,1,0.33,1,1.38,0,0.33,0.08,0
-0.34,1,0,1,-0.47,0,0.94,1,0.2,1,0.9,0.89,0.2,0.15,0
0.21,1,0,1,0.58,-1.04,0.48,1,0.5,1,1.01,0.67,0.5,0.04,0
0.4,0,0,1,-0.56,-1.04,1.37,2,1,0,1.2,0.96,0,0.06,0
-0.49,1,0,1,-0.76,1.03,-1.23,2,0.25,1,1.21,0,0.25,0.26,0
-0.32,1,0,0,0.2,1.38,-1.23,2,0.22,0,-0.2,0,0,0.22,0
0.26,1,0,0,-0.47,-1.39,-0.21,1,1,1,-1.03,1.55,1,0.03,0
-0.81,0,0,1,-1.23,-0.35,0.67,2,0.5,0,-0.69,1.96,0,0.15,0
0.46,1,0,1,0.67,0.69,-0.43,1,0.14,0,0.57,0.37,0,0.15,0
0.82,0,1,0,-0.56,1.38,-1.23,2,0.22,0,1.33,0,0,0.27,0
0.78,1,0,0,-0.76,1.38,0.61,2,0.22,1,-0.03,1.17,0.22,0.29,0
-1.41,0,1,1,-0.85,0.69,-1.23,1,0.14,1,0.43,0,0.14,0.23,0
-0.86,1,0,1,0.29,-1.04,-1.23,2,1,1,1.18,0,1,0.05,0
0.2,1,0,1,-0.18,-0.35,1.51,2,0.5,0,1.71,0.86,0,0.11,0
0.45,1,0,0,-0.85,1.38,-1.23,2,0.22,1,-1.27,0,0.22,0.3,0
-0.58,0,0,0,-0.95,-0.7,0.87,1,0.33,0,-0.68,2.14,0,0.1,0
0.23,1,0,1,3.15,-1.39,-1.23,2,2,1,0.21,0,2,0.01,0
-0.42,1,0,1,0.1,-1.73,-1.23,2,2,0,-0.66,0,0,0,0
-1.43,1,0,0,-0.18,-1.39,-1.23,2,2,1,0.97,0,2,0.03,0
1.21,0,0,1,-1.8,-0.7,0.69,2,0.67,1,0.87,0.8,0.67,0.15,0
-0.68,1,0,0,2.68,0,0.6,2,0.4,1,-0.12,1.22,0.4,0.07,0
0.64,1,0,0,-0.95,-1.04,-1.23,1,0.5,1,0.77,0,0.5,0.07,0
0.54,1,0,1,-1.04,-1.04,0.08,2,1,1,1.09,0.5,1,0.07,0
0.12,0,1,1,-0.09,-0.35,-1.23,2,0.5,0,0.63,0,0,0.11,0
0.77,0,0,0,0.01,0,0.65,1,0.2,0,0.42,0.94,0,0.13,0
0.54,1,0,1,-0.18,1.03,0.47,2,0.25,1,-0.45,1.43,0.25,0.22,0
-1.32,0,1,1,-0.47,0.69,-1.23,2,0.29,0,-0.66,0,0,0.21,0
1.26,0,0,1,-1.23,0.69,1.22,2,0.29,0,-0.36,1.92,0,0.27,0
-1.09,1,0,0,-1.23,-1.39,-1.23,2,2,1,1.73,0,2,0.04,0
-0.17,0,0,1,-1.42,1.03,0.43,1,0.13,1,1,0.65,0.13,0.33,0
1.25,0,0,0,-0.28,0,0.02,1,0.2,0,0,0.78,0,0.14,0
-0.66,0,1,0,-0.47,-1.39,-1.23,2,2,1,-0.04,0,2,0.03,0
0.32,1,0,0,3.82,-1.73,-1.23,2,2,1,1.23,0,2,0,0
-1.1,0,0,1,-0.18,-1.04,0.05,1,0.5,1,-0.74,1.39,0.5,0.05,0
0.47,0,1,1,-1.04,1.03,-1.23,1,0.13,0,1.33,0,0,0.29,0
1.19,0,1,1,0.2,-1.73,-1.23,2,2,1,-1.14,0,2,0,0
0.79,1,0,1,-0.47,1.72,-1.23,2,0.2,1,1.71,0,0.2,0.29,0
0.21,0,0,0,-0.47,0.34,-0.63,2,0.33,0,0.99,0.24,0,0.18,0
0.44,1,0,0,-0.85,0.34,0.83,1,0.17,1,-0.86,2.54,0.17,0.2,0
2.06,0,0,1,-0.09,-0.7,-0.35,1,0.33,1,0.7,0.39,0.33,0.08,0
0.84,0,0,1,0.29,1.38,0.52,2,0.22,1,-0.6,1.66,0.22,0.21,0
0.78,0,1,0,0.87,0.34,0.38,1,0.17,0,-0.62,1.55,0,0.13,0
-0.97,1,0,0,-0.66,0.34,1.73,2,0.33,0,-1.48,12.35,0,0.19,0
0.33,1,0,0,-1.23,-1.73,0.55,1,1,1,0.2,0.99,1,0,0
0.91,0,1,1,-0.76,1.38,0.04,1,0.11,1,-1.42,4.25,0.11,0.29,0
-1.24,0,1,0,-0.28,1.38,0.36,1,0.11,0,0.4,0.81,0,0.25,0
-1.58,1,0,1,-0.47,-1.04,-1.23,2,1,1,0.84,0,1,0.06,0
0,1,0,1,-0.28,0.69,-1.23,2,0.29,0,-1.5,0,0,0.19,0
1.45,0,0,0,-0.37,0.69,-0.39,1,0.14,0,1.06,0.33,0,0.2,0
-0.01,0,1,1,0.2,1.38,-1.23,2,0.22,1,1.59,0,0.22,0.22,0
1.66,0,0,0,-0.47,-1.39,1.17,2,2,1,1.5,0.8,2,0.03,0
0.58,1,0,1,-0.85,1.03,-1.23,2,0.25,0,-1.16,0,0,0.27,0
0.64,0,0,1,-1.04,-0.35,1.11,1,0.25,1,-0.11,1.55,0.25,0.14,0
0.57,0,1,0,-0.18,0.69,-1.23,2,0.29,1,0.19,0,0.29,0.19,0
1.31,1,0,0,1.34,1.72,-1.23,2,0.2,0,1.56,0,0,0.19,0
-0.05,1,0,1,-0.37,0.34,0.12,1,0.17,1,1.12,0.51,0.17,0.17,0
1.36,1,0,1,0.01,1.03,-1.23,2,0.25,1,-1.15,0,0.25,0.21,0
1.29,0,1,1,-0.95,1.72,-1.23,2,0.2,1,-0.56,0,0.2,0.34,0
1.62,1,0,1,0.29,0.69,0.67,1,0.14,1,-1.29,4.57,0.14,0.17,0
1.54,1,0,0,-1.61,1.03,1.57,2,0.25,1,1.61,0.9,0.25,0.36,0
0.25,1,0,1,0.1,0.69,0.59,2,0.29,0,-1.14,3.27,0,0.18,0
-0.5,0,1,1,-0.95,0,0.44,1,0.2,0,1.06,0.64,0,0.17,0
-1.82,1,0,0,-0.66,1.03,0.68,1,0.13,0,0.01,1.18,0,0.25,0
0.97,0,1,0,-1.23,0,1.44,1,0.2,1,1.42,0.92,0.2,0.19,0
-0.65,0,1,1,-0.47,1.72,-1.23,2,0.2,0,-0.37,0,0,0.29,0
0.54,0,0,1,0.29,1.38,-0.21,1,0.11,1,0.65,0.46,0.11,0.21,0
1,0,1,0,0.2,0,0.29,2,0.4,0,1.65,0.48,0,0.12,0
-0.7,1,0,1,-1.14,0.69,-1.23,2,0.29,0,-0.85,0,0,0.26,0
0.32,1,0,1,-0.09,-0.7,-1.23,2,0.67,1,0.22,0,0.67,0.08,0
1.27,1,0,1,-1.33,-1.04,0.95,1,0.5,0,-0.46,1.85,0,0.08,0
0.66,1,0,0,-0.76,-0.35,0.78,1,0.25,1,0.11,1.17,0.25,0.13,0
-1.44,1,0,1,1.82,-1.73,1.16,1,1,1,1.09,0.92,1,0,0
-0.24,1,0,1,-0.56,0,-1.23,2,0.4,1,0.06,0,0.4,0.15,0
0.45,1,0,0,-0.76,1.72,-1.23,2,0.2,0,1.06,0,0,0.32,0
-0.36,0,1,0,-0.28,0.34,0.89,1,0.17,0,-1.47,8.56,0,0.17,0
0.38,1,0,1,-0.37,1.03,-1.23,2,0.25,0,-1.56,0,0,0.23,0
0.64,1,0,0,-0.56,0.34,-1.23,2,0.33,1,1.58,0,0.33,0.18,0
-1.01,1,0,1,-0.56,-0.35,0.67,1,0.25,0,-0.1,1.25,0,0.12,0
0.17,1,0,1,-0.76,-1.39,0.69,1,1,1,-1.25,4.22,1,0.03,0
-0.22,0,0,1,-0.37,0.69,1.29,2,0.29,0,-1.19,4.93,0,0.2,0
-2.2,0,0,1,-0.76,1.03,0.03,1,0.13,0,-0.96,1.74,0,0.26,0
0.02,1,0,0,3.92,-0.35,-1.23,2,0.5,1,1.54,0,0.5,0.05,0
0.81,0,0,1,-0.85,0.34,-0.21,1,0.17,0,0.78,0.44,0,0.2,0
-0.09,1,0,1,-0.09,-0.7,-1.23,2,0.67,0,1.24,0,0,0.08,0
1.61,0,0,0,1.91,-1.73,0.94,1,1,0,1.44,0.74,0,0,0
0.97,0,1,1,-0.28,-1.04,1.24,1,0.5,1,-0.22,1.76,0.5,0.06,0
-1.83,0,1,1,-0.18,-0.7,-1.23,2,0.67,0,-0.75,0,0,0.08,0
0.57,0,1,1,0.29,1.38,-1.23,2,0.22,1,-1.24,0,0.22,0.21,0
-0.23,0,1,0,-1.61,-0.7,-1.23,1,0.33,0,-0.25,0,0,0.14,0
-2.29,1,0,1,-1.42,-0.35,0.31,1,0.25,0,-0.94,2.07,0,0.17,0
-1.3,0,1,0,1.72,-1.04,1.11,1,0.5,1,-0.62,2.26,0.5,0.04,0
0.3,1,0,0,-0.85,1.03,1.04,1,0.13,1,-1.46,8.69,0.13,0.27,0
1.16,1,0,0,-0.76,-0.35,-1.23,2,0.5,0,-0.86,0,0,0.13,0
0.86,1,0,1,-0.85,-0.7,-1.23,2,0.67,0,0.13,0,0,0.1,0
0.68,1,0,1,-0.37,-0.35,1.09,1,0.25,0,0.59,1.08,0,0.11,0
-0.58,1,0,1,-0.37,-1.04,-1.23,2,1,0,0.06,0,0,0.06,0
0.21,0,0,1,-0.37,-1.39,1.1,1,1,1,1.37,0.81,1,0.03,0
0.14,0,0,1,-1.23,0.69,0.64,2,0.29,1,-0.09,1.22,0.29,0.27,0
0.06,1,0,1,1.06,0.69,-1.23,2,0.29,1,-0.49,0,0.29,0.14,0
0.17,0,1,0,0.1,-1.39,1.12,1,1,0,-1.41,7.65,0,0.03,0
0.13,0,0,1,0.48,-1.04,0.65,2,1,1,0.78,0.81,1,0.05,0
-0.25,0,1,0,-0.18,0.34,0.51,1,0.17,0,-1.64,19.34,0,0.16,0
0.09,0,0,0,-0.66,-0.7,1.19,2,0.67,1,1.3,0.86,0.67,0.09,0
-0.02,1,0,1,-0.56,-1.04,-1.23,2,1,0,-1.71,0,0,0.06,0
0.09,1,0,1,-0.76,-0.35,0.67,1,0.25,0,1.07,0.73,0,0.13,0
-1.09,0,1,0,0.77,0,-1.23,2,0.4,1,-1.06,0,0.4,0.11,0
-1.11,1,0,1,-1.61,1.03,-1.23,2,0.25,0,0.48,0,0,0.36,0
0.7,1,0,0,-1.33,0.69,-1.23,2,0.29,0,-1.21,0,0,0.28,0
1.96,1,0,0,0.39,0.69,-1.23,2,0.29,0,-0.16,0,0,0.16,0
-0.21,0,0,0,-0.47,1.38,0.49,2,0.22,0,0.66,0.77,0,0.26,0
-0.08,0,0,1,1.91,-0.7,1.5,1,0.33,1,-1.18,5.29,0.33,0.05,0
0.04,0,0,0,-0.66,-1.39,0.61,1,1,1,0.45,0.91,1,0.03,0
-0.71,1,0,1,0.01,0,-1.23,2,0.4,1,0.52,0,0.4,0.13,0
0.09,0,1,1,-0.66,-0.7,0.5,2,0.67,1,0.04,1.05,0.67,0.09,0
1.15,0,1,1,0.01,-1.04,0.08,1,0.5,1,-1.41,4.34,0.5,0.05,0
-0.85,0,1,0,-0.66,0.69,1.49,1,0.14,0,-0.66,2.74,0,0.22,0
0.2,0,1,1,-1.33,0.34,-1.23,2,0.33,1,-0.38,0,0.33,0.24,0
-0.39,1,0,0,0.58,-1.39,1.78,2,2,1,0.82,1.28,2,0.02,0
-1.15,1,0,1,-0.85,-1.73,-1.23,2,2,0,1.06,0,0,0,0
2.06,0,1,0,1.72,1.03,0.81,2,0.25,1,0.56,0.96,0.25,0.14,0
0.89,1,0,1,0.2,-1.39,0.41,1,1,1,0.41,0.83,1,0.02,0
-1.35,1,0,1,1.82,-0.7,-1.23,2,0.67,1,-1.17,0,0.67,0.05,0
0.57,0,1,1,-1.04,-0.7,-1.23,2,0.67,1,1.42,0,0.67,0.11,0
-0.03,1,0,0,1.06,1.38,0.42,1,0.11,1,1.56,0.54,0.11,0.18,0
-2.15,0,0,0,-0.95,1.38,0.36,2,0.22,0,-1.55,9.05,0,0.31,0
-0.11,1,0,1,2.77,1.38,-1.23,2,0.22,1,1.73,0,0.22,0.13,0
-0.23,0,1,0,-0.56,-0.7,-1.23,1,0.33,1,1.53,0,0.33,0.09,0
-1.14,0,0,0,0.29,1.38,0.17,2,0.22,0,1.26,0.51,0,0.21,0
-1.97,0,0,0,-0.37,1.03,0.42,2,0.25,1,1.55,0.54,0.25,0.23,0
-0.15,0,0,1,-0.47,-1.04,-0.58,2,1,1,-0.81,0.75,1,0.06,0
-0.6,1,0,0,-0.95,-1.04,1.21,1,0.5,0,-1.15,4.48,0,0.07,0
1.56,0,1,1,0.29,-0.35,1.05,1,0.25,1,-1.56,13.39,0.25,0.1,0
-0.11,0,0,0,3.44,-1.39,0.48,2,2,1,0.23,0.94,2,0.01,0
-0.41,0,0,1,-0.76,-1.73,0.5,2,2,1,1.45,0.59,2,0,0
1.57,0,0,1,-0.76,-1.39,0.78,1,1,1,1.52,0.67,1,0.03,0
0.69,0,0,1,-0.37,0.69,-0.29,2,0.29,1,1.26,0.34,0.29,0.2,0
1.23,1,0,0,0.01,1.03,-1.23,1,0.13,1,-1.38,0,0.13,0.21,0
-0.81,0,1,1,-0.37,-0.35,1.22,1,0.25,0,0.49,1.19,0,0.11,0
-0.22,0,1,0,-0.85,-1.04,-0.68,1,0.5,0,-1.4,1.74,0,0.07,0
-1.73,1,0,0,1.06,1.38,-1.23,2,0.22,1,0.19,0,0.22,0.18,0
0.41,1,0,1,-0.28,0.69,0.4,2,0.29,0,0.41,0.82,0,0.19,0
-1.64,0,0,0,-0.85,1.72,0.01,2,0.2,1,0.81,0.53,0.2,0.33,0
0.6,0,0,1,-1.04,1.03,0.77,2,0.25,0,0.79,0.86,0,0.29,0
0.56,0,0,1,0.48,-0.7,0.47,1,0.33,0,-0.31,1.28,0,0.07,0
-0.94,1,0,0,2.58,1.38,-1.23,1,0.11,1,-1.46,0,0.11,0.14,0
-0.41,0,1,1,0.67,0.34,-1.23,2,0.33,0,-0.94,0,0,0.13,0
0.82,0,1,1,2.2,-1.04,-1.23,2,1,1,1.5,0,1,0.03,0
0.6,0,1,0,0.58,-1.04,-1.23,2,1,1,1.09,0,1,0.04,0
-1.1,1,0,0,-1.71,1.72,1.36,2,0.2,0,-1.58,17.44,0,0.48,0
0.64,0,0,0,-0.95,0.69,1.13,1,0.14,1,-0.26,1.73,0.14,0.24,0
1.05,0,0,1,-0.09,-0.7,1.71,1,0.33,1,-0.5,2.56,0.33,0.08,0
-0.58,0,1,0,-1.42,-1.73,0.33,1,1,1,-0.5,1.36,1,0,0
-0.06,0,0,0,-0.18,-1.04,0.97,2,1,1,0.93,0.89,1,0.05,0
-0.97,1,0,1,-0.56,-0.7,-0.35,1,0.33,1,-1.73,146.89,0.33,0.09,0
-1.07,0,0,1,-0.66,1.03,1.27,1,0.13,0,-0.56,2.3,0,0.25,0
0.52,1,0,0,0.01,1.38,-1.23,2,0.22,1,0.8,0,0.22,0.23,0
-0.47,1,0,1,1.25,-1.39,-0.21,1,1,0,0.15,0.58,0,0.02,0
-0.6,0,0,0,-0.09,-0.35,0.85,1,0.25,1,0.94,0.84,0.25,0.11,0
1.04,0,1,1,1.25,1.03,-1.23,2,0.25,1,1.38,0,0.25,0.15,0
-2.15,0,1,1,-0.28,0.34,-0.1,2,0.33,1,-0.75,1.24,0.33,0.17,0
0.36,1,0,1,-1.52,1.03,-1.23,2,0.25,1,0.21,0,0.25,0.35,0
0.7,1,0,1,-0.28,1.38,-1.23,1,0.11,0,-0.94,0,0,0.25,0
-0.41,0,1,0,-0.18,-0.35,-1.23,2,0.5,0,0.45,0,0,0.11,0
0.18,0,0,1,-0.18,1.72,1.23,2,0.2,1,1.03,0.96,0.2,0.27,0
-1.17,0,0,0,0.2,-0.7,0.99,1,0.33,0,0.12,1.3,0,0.07,0
0.6,0,1,1,-1.52,1.72,-1.23,2,0.2,0,0.51,0,0,0.43,0
2.06,1,0,1,-0.09,-1.39,-1.23,2,2,1,-0.35,0,2,0.03,0
0.98,0,1,0,-0.76,-0.7,0.77,1,0.33,1,0.7,0.89,0.33,0.1,0
1.49,0,1,1,-0.37,1.03,-1.23,2,0.25,0,1.17,0,0,0.23,0
-0.25,0,1,1,-1.23,1.03,-1.23,2,0.25,0,1.59,0,0,0.31,0
-0.98,1,0,0,0.01,1.38,0.21,1,0.11,1,-0.09,0.94,0.11,0.23,0
-0.08,1,0,0,0.67,0.34,-1.23,2,0.33,0,0.12,0,0,0.13,0
-0.47,1,0,0,-1.04,0.34,-1.23,2,0.33,0,1.03,0,0,0.21,0
-0.67,1,0,0,-0.09,-1.04,-1.23,2,1,0,-0.22,0,0,0.05,0
0.28,1,0,0,-0.37,-0.35,-1.23,1,0.25,0,0.44,0,0,0.11,0
-0.56,1,0,1,0.01,1.38,-1.23,1,0.11,0,-0.89,0,0,0.23,0
-0.03,1,0,1,-1.23,1.38,1.39,1,0.11,0,-0.03,1.66,0,0.35,0
-1.64,0,0,1,0.01,1.72,0.77,2,0.2,0,0.84,0.84,0,0.26,0
0.53,1,0,1,0.58,-1.73,0.07,1,1,1,-1.26,2.94,1,0,0
-1.7,0,0,0,0.1,1.38,-0.08,1,0.11,0,-0.42,0.94,0,0.23,0
0.76,0,0,1,0.2,-1.04,0.82,2,1,1,1.73,0.64,1,0.05,0
-1.06,0,0,0,-0.56,-1.73,0.39,1,1,0,-1,2.36,0,0,0
0.34,1,0,1,-0.56,1.03,-1.23,1,0.13,0,-0.46,0,0,0.24,0
1.15,1,0,0,1.15,-0.7,0.37,1,0.33,1,-0.25,1.16,0.33,0.06,0
-0.24,0,0,0,-0.85,-0.35,0.05,2,0.5,0,0.52,0.62,0,0.13,0
-1.39,1,0,1,-0.37,1.72,0.44,2,0.2,0,0.34,0.87,0,0.29,0
1.55,1,0,0,-0.09,-1.04,1.47,2,1,0,-0.56,2.47,0,0.05,0
-1.93,0,0,0,0.29,-0.7,0.15,1,0.33,1,1.11,0.52,0.33,0.07,0
-0.25,1,0,0,-0.37,-0.7,-1.23,1,0.33,0,-0.35,0,0,0.09,0
1.44,1,0,0,-0.76,1.38,-1.23,2,0.22,0,-0.28,0,0,0.29,0
-1.21,1,0,0,-0.47,0.69,0.72,2,0.29,1,-0.52,1.73,0.29,0.21,0
0.98,1,0,1,0.67,-1.04,0.73,1,0.5,1,0.31,1.04,0.5,0.04,0
1.01,1,0,0,-1.23,-1.39,0.02,1,1,1,1.44,0.42,1,0.04,0
0.74,1,0,1,-0.18,-1.04,-1.23,1,0.5,0,0.36,0,0,0.05,0
-1.55,1,0,1,0.1,-0.35,0.79,1,0.25,1,0.01,1.25,0.25,0.1,0
1.32,0,1,0,0.77,0.34,0.81,2,0.33,0,0.43,1.02,0,0.13,0
-1.62,0,0,0,-0.09,0.69,1.58,1,0.14,0,-1.04,4.36,0,0.18,0
2.06,1,0,1,0.1,1.38,-1.23,2,0.22,1,0.33,0,0.22,0.23,0
-0.61,0,1,1,-0.76,0.69,0.54,1,0.14,0,-0.98,2.51,0,0.23,0
-0.63,0,1,0,0.48,-0.7,1.01,1,0.33,0,-0.66,2.24,0,0.07,0
1.11,1,0,0,0.01,0.34,0.82,1,0.17,1,-0.76,2.25,0.17,0.15,0
-1.5,1,0,1,-0.28,0,-1.23,2,0.4,0,1.12,0,0,0.14,0
0.85,1,0,1,-0.56,-0.7,-1.23,1,0.33,1,-1.61,0,0.33,0.09,0
0.63,1,0,1,-0.09,-0.7,-1.23,2,0.67,0,-0.55,0,0,0.08,0
-0.14,0,1,1,-0.18,1.03,-1.23,1,0.13,1,1.49,0,0.13,0.22,0
-1.89,0,0,1,-0.95,-1.39,0.56,2,2,1,1.66,0.57,2,0.03,0
-1.15,1,0,1,0.01,-0.7,-1.23,2,0.67,0,-1.1,0,0,0.08,0
-1.46,0,1,0,-1.33,-0.7,0.52,2,0.67,0,0.12,1.02,0,0.12,0
1.73,0,1,1,-1.23,-0.35,-1.23,2,0.5,1,1.16,0,0.5,0.15,0
-0.44,1,0,1,-0.56,1.38,0.22,1,0.11,0,-0.54,1.31,0,0.27,0
2.06,0,1,0,-0.66,1.38,-1.23,2,0.22,1,-1.41,0,0.22,0.28,0
-1.19,1,0,1,-0.37,1.03,-1.23,2,0.25,0,-0.61,0,0,0.23,0
1.06,1,0,1,-0.37,-0.7,-1.23,2,0.67,1,1.47,0,0.67,0.09,0
-0.2,0,1,1,-1.14,1.72,0.92,1,0.1,1,1.33,0.76,0.1,0.37,0
1.28,1,0,1,-1.23,-1.04,0.28,1,0.5,0,-1.25,3.3,0,0.08,0
1.39,1,0,1,-1.04,1.03,-1.23,2,0.25,0,-0.4,0,0,0.29,0
-0.82,1,0,0,-0.56,-1.39,-1.23,2,2,0,0.05,0,0,0.03,0
-0.47,0,0,0,-0.76,-1.39,0.67,1,1,1,1.45,0.64,1,0.03,0
-0.41,1,0,0,0.1,1.03,0.39,2,0.25,0,0.82,0.68,0,0.2,0
-0.84,1,0,1,-0.09,0.69,-1.23,1,0.14,1,0.15,0,0.14,0.18,0
0.08,1,0,1,-0.95,-0.35,0.06,1,0.25,1,-1.38,3.89,0.25,0.14,0
1.42,0,1,1,-0.47,0.34,1.28,1,0.17,1,1.41,0.86,0.17,0.18,0
-1.3,1,0,0,-1.52,0,-1.23,2,0.4,0,1.05,0,0,0.22,0
1.53,1,0,1,-0.18,1.03,-1.23,3,0.38,0,0.19,0,0,0.22,0
-1.7,0,0,1,-0.18,1.38,0.62,2,0.22,0,0.78,0.79,0,0.24,0
0.82,1,0,0,-0.37,-1.73,1.27,1,1,1,-0.81,2.89,1,0,0
-0.1,1,0,1,-0.18,0.69,-1.23,2,0.29,0,-0.43,0,0,0.19,0
0.43,1,0,1,-0.85,-1.04,-1.23,2,1,1,0.53,0,1,0.07,0
0.66,0,0,0,1.53,1.38,1.66,1,0.11,1,0,1.8,0.11,0.16,0
-0.62,0,1,1,-0.95,-1.39,0.34,1,1,1,1.67,0.5,1,0.03,0
0.62,1,0,0,0.2,-1.04,1.28,1,0.5,1,-1.57,15.63,0.5,0.05,0
-0.12,1,0,0,-0.09,-0.35,0.08,2,0.5,1,0.33,0.69,0.5,0.11,0
1.18,0,0,1,-0.28,1.03,0.25,2,0.25,1,-0.47,1.27,0.25,0.22,0
-0.3,1,0,0,-0.66,0.34,1.48,2,0.33,0,0.02,1.67,0,0.19,0
1.61,1,0,1,0.1,0,0.07,1,0.2,1,0.74,0.56,0.2,0.13,0
1.1,0,0,1,-1.23,1.03,0.72,2,0.25,1,0.47,0.96,0.25,0.31,0
-0.99,0,1,1,-0.66,-0.35,-1.23,2,0.5,1,-0.79,0,0.5,0.13,0
0.43,1,0,1,1.44,0,-1.23,2,0.4,1,-0.2,0,0.4,0.09,0
-0.13,0,1,1,0.48,1.38,0.02,2,0.22,1,0.2,0.7,0.22,0.2,0
-1.11,0,1,0,0.2,-0.35,-1.23,1,0.25,0,1.65,0,0,0.1,0
-0.69,1,0,1,-0.76,0,-1.23,2,0.4,0,-1.19,0,0,0.16,0
0.42,0,0,1,-0.85,0.69,0.65,1,0.14,0,-1.37,5.52,0,0.23,0
0.35,0,0,0,0.1,0.34,0.98,1,0.17,0,1.51,0.73,0,0.15,0
0.85,1,0,1,-1.61,0,-1.23,2,0.4,1,0.3,0,0.4,0.23,0
-0.53,0,1,0,-0.18,-1.04,-1.23,2,1,1,0.76,0,1,0.05,0
-1.31,0,0,0,-0.76,1.72,-0.15,2,0.2,1,1.07,0.42,0.2,0.32,0
-0.19,0,0,0,-0.09,0.34,0.16,2,0.33,0,-0.03,0.88,0,0.16,0
0.87,0,1,1,-0.47,0,-1.23,2,0.4,0,-0.5,0,0,0.15,0
0.86,1,0,1,-0.47,0.34,0.92,1,0.17,1,-1.51,10.19,0.17,0.18,0
1.47,0,1,1,-0.09,1.38,-1.23,2,0.22,0,-0.21,0,0,0.24,0
1.33,0,0,1,-0.18,0.69,0.7,2,0.29,0,0.62,0.88,0,0.19,0
0.58,1,0,1,1.82,0.34,0.21,1,0.17,1,0.46,0.71,0.17,0.1,0
2.06,1,0,1,1.63,0.69,0.88,1,0.14,1,0.33,1.1,0.14,0.13,0
-1.28,0,1,1,-0.18,0,0.28,2,0.4,1,0.68,0.67,0.4,0.14,0
0.47,0,0,1,-0.66,1.03,0.4,1,0.13,1,0.28,0.87,0.13,0.25,0
0.11,1,0,1,0.87,-0.7,0.7,1,0.33,0,-0.06,1.25,0,0.06,0
1.3,1,0,0,-0.76,-1.04,-1.23,2,1,1,0.21,0,1,0.06,0
0.52,1,0,1,0.39,-1.04,-1.23,2,1,1,1.13,0,1,0.05,0
-0.42,1,0,1,-1.23,1.03,-1.23,2,0.25,0,1.15,0,0,0.31,0
0.23,1,0,1,-0.85,-1.39,-0.2,1,1,1,-0.39,0.82,1,0.03,0
-1.36,0,1,0,1.72,-1.04,0.68,2,1,1,-1.22,3.98,1,0.04,0
0.53,0,1,0,-1.23,-0.35,0.94,1,0.25,1,-0.7,2.26,0.25,0.15,0
0.81,1,0,1,-0.66,0.34,0.28,1,0.17,1,-0.35,1.17,0.17,0.19,0
-1.11,0,1,1,-0.37,1.72,-0.27,1,0.1,0,-0.41,0.77,0,0.29,0
-1.04,1,0,0,0.1,0.69,0.61,1,0.14,0,-0.8,2.12,0,0.18,0
-0.12,0,0,1,-0.37,1.72,0.83,2,0.2,0,-0.71,2.17,0,0.29,0
0.37,0,1,1,-0.47,1.38,-1.23,2,0.22,0,0.48,0,0,0.26,0
1.89,1,0,1,-0.18,1.03,1.2,2,0.25,1,0.63,1.11,0.25,0.22,0
-0.3,1,0,1,-1.23,1.38,-1.23,2,0.22,1,0.92,0,0.22,0.35,0
-0.55,1,0,0,0.29,-0.35,-0.19,1,0.25,1,0.12,0.61,0.25,0.1,0
1.98,0,1,0,0.48,-1.04,0.58,2,1,0,0.46,0.89,0,0.05,0
-0.66,1,0,1,-0.09,-1.73,-1.23,2,2,0,-0.92,0,0,0,0
-1.77,0,0,0,-0.85,0.69,1.08,2,0.29,0,-1.01,3.44,0,0.23,0
-1.47,1,0,1,0.96,0.69,0.74,2,0.29,1,-0.42,1.62,0.29,0.14,0
1.02,1,0,1,-1.42,-1.39,-1.23,3,3,1,-0.91,0,3,0.04,0
0.73,0,0,0,-0.28,-0.7,-0.18,2,0.67,0,-1.24,2.27,0,0.08,0
0.36,0,1,0,-1.33,1.72,0.83,1,0.1,0,0.37,1.06,0,0.4,0
-2.42,1,0,1,-0.47,0.69,-1.23,2,0.29,0,-0.78,0,0,0.21,0
-0.79,0,0,1,-0.56,-0.7,0.86,1,0.33,0,1.62,0.67,0,0.09,0
-0.66,0,0,1,0.1,0,0.99,2,0.4,0,1.03,0.87,0,0.13,0
0.94,0,1,1,1.34,-0.7,-1.23,2,0.67,1,-1.06,0,0.67,0.06,0
2.06,0,1,0,2.96,0,-1.23,1,0.2,1,-1.73,0,0.2,0.07,0
-0.69,0,0,0,-0.95,0.69,0.46,1,0.14,1,0.67,0.76,0.14,0.24,0
-0.01,0,1,1,2.11,-1.39,1.23,1,1,1,-0.3,1.84,1,0.02,0
-0.45,0,1,1,-0.28,1.03,1.31,1,0.13,1,-0.41,2.06,0.13,0.22,0
0.4,0,1,0,-0.09,0.34,0.71,1,0.17,1,-1.53,9.93,0.17,0.16,0
-1.11,1,0,1,-0.28,-0.35,-1.23,2,0.5,1,0.72,0,0.5,0.11,0
0.38,0,1,0,2.3,-1.39,0.98,1,1,1,-1.08,3.63,1,0.02,0
0.89,0,0,1,-0.76,0,0.72,2,0.4,1,-0.44,1.62,0.4,0.16,0
1.14,1,0,1,-0.76,0.69,-1.23,3,0.43,1,1.16,0,0.43,0.23,0
-0.51,1,0,1,0.48,-1.39,0.38,2,2,1,-0.65,1.6,2,0.02,0
0.98,1,0,1,-0.37,1.38,0.26,2,0.22,0,1.07,0.57,0,0.26,0
2.04,0,1,1,0.1,-0.7,0.55,1,0.33,1,-1.2,3.59,0.33,0.08,0
-1.08,1,0,0,-1.14,1.03,-1.23,2,0.25,1,-1.48,0,0.25,0.3,0
-2.19,0,1,0,-0.66,-0.7,1,1,0.33,0,-0.42,1.84,0,0.09,0
1.08,1,0,1,-0.85,-0.35,0.75,2,0.5,1,0.77,0.85,0.5,0.13,0
-0.6,1,0,0,0.2,0.34,-1.23,1,0.17,0,-0.61,0,0,0.15,0
0.52,1,0,1,0.01,-1.04,-1.23,2,1,1,-0.31,0,1,0.05,0
0.52,0,1,1,-0.28,1.03,-1.23,2,0.25,0,1.2,0,0,0.22,0
-0.67,0,1,0,1.72,-0.7,-1.23,2,0.67,1,-1.64,0,0.67,0.05,0
-1.07,0,0,0,-0.85,1.38,-0.07,1,0.11,0,-0.4,0.94,0,0.3,0
0.77,1,0,1,0.48,0,-1.23,1,0.2,1,0.3,0,0.2,0.11,0
-1.29,1,0,1,-0.28,-1.39,-1.23,1,1,0,1.05,0,0,0.03,0
0.51,1,0,1,-0.09,1.03,0.93,1,0.13,0,-1.72,103.72,0,0.21,0
0.16,1,0,0,-0.47,1.38,0.63,1,0.11,1,-1.3,4.62,0.11,0.26,0
-0.21,0,1,1,-0.66,-0.35,0.09,1,0.25,0,0.8,0.56,0,0.13,0
1.33,0,1,0,-1.23,-0.35,1.57,2,0.5,1,-1.07,4.55,0.5,0.15,0
-0.41,0,0,0,0.2,-1.04,0.6,1,0.5,0,1.11,0.7,0,0.05,0
0.36,0,1,1,0.39,1.38,-1.23,2,0.22,0,0.13,0,0,0.21,0
-0.05,0,0,1,0.01,1.38,0.56,1,0.11,1,-1.2,3.62,0.11,0.23,0
-1.72,0,0,0,-0.47,-0.35,1.15,1,0.25,1,-1.15,4.39,0.25,0.12,0
1.15,0,1,0,-1.23,0.69,0.76,2,0.29,1,1.21,0.73,0.29,0.27,0
0.38,1,0,0,3.15,1.38,-1.23,1,0.11,1,-0.53,0,0.11,0.13,0
0.53,1,0,1,-0.18,1.72,1.19,1,0.1,1,-0.09,1.59,0.1,0.27,0
-0.51,1,0,1,-0.95,1.38,-1.23,1,0.11,1,-0.34,0,0.11,0.31,0
0.5,1,0,1,1.34,-0.35,-1.23,2,0.5,1,0.2,0,0.5,0.08,0
-0.69,1,0,1,-1.04,1.72,-1.23,2,0.2,0,-1.4,0,0,0.36,0
0.5,1,0,1,-0.37,0,-1.23,2,0.4,1,-0.38,0,0.4,0.14,0
0.49,0,0,0,1.15,-1.04,0.55,1,0.5,0,-0.24,1.28,0,0.04,0
-1.61,1,0,1,-0.85,1.72,0.85,1,0.1,0,1.26,0.75,0,0.33,0
-0.01,1,0,0,-1.14,0.34,-1.23,2,0.33,0,-1.72,0,0,0.22,0
-0.47,1,0,0,2.39,-1.04,0.85,1,0.5,1,-1.5,9.52,0.5,0.03,0
0.17,0,1,1,-0.09,-1.39,0.17,1,1,1,-0.39,1.12,1,0.03,0
0.39,0,0,1,-1.23,1.03,1.12,1,0.13,1,1.31,0.83,0.13,0.31,0
1.07,0,1,1,0.01,0.34,1.5,2,0.33,0,-0.18,1.9,0,0.15,0
-1.08,0,1,1,0.29,0.69,1,1,0.14,1,-0.23,1.6,0.14,0.17,0
0.23,0,1,0,-0.18,1.03,-1.23,2,0.25,1,1.45,0,0.25,0.22,0
-0.6,1,0,1,-0.37,1.38,0.6,1,0.11,0,-0.5,1.6,0,0.26,0
0.06,0,1,0,0.1,1.72,1.46,1,0.1,1,0.9,1.11,0.1,0.25,0
-1.2,0,0,0,1.34,0,1.04,2,0.4,1,-0.42,1.87,0.4,0.09,0
0.28,0,0,1,-0.28,-0.7,1.11,2,0.67,1,-0.18,1.63,0.67,0.08,0
-1.8,0,1,0,0.87,-1.04,0.84,1,0.5,1,-1.28,4.88,0.5,0.04,0
2.06,0,1,1,-0.37,0.69,0.54,1,0.14,0,0.46,0.87,0,0.2,0
-2.31,1,0,1,-0.95,-1.39,1.04,1,1,1,-0.11,1.51,1,0.03,0
1.05,1,0,1,0.96,-1.04,0.03,1,0.5,0,-1.61,10.22,0,0.04,0
-0.02,1,0,1,0.77,-1.39,-1.23,2,2,1,0.79,0,2,0.02,0
1.54,0,1,0,-1.04,-0.7,1.05,1,0.33,0,-0.96,3.16,0,0.11,0
1.95,0,1,0,-0.56,1.72,-0.01,1,0.1,0,-0.65,1.21,0,0.3,0
-1.14,0,0,1,0.48,-0.7,1.4,2,0.67,1,-1.53,13.54,0.67,0.07,0
0.47,0,1,0,1.15,0,-1.23,2,0.4,0,-0.78,0,0,0.1,0
0.1,0,1,0,-0.56,-1.39,-1.23,2,2,0,0.31,0,0,0.03,0
0.33,1,0,1,0.87,-1.39,1,1,1,1,1.2,0.82,1,0.02,0
0.97,1,0,0,0.39,1.72,1.14,1,0.1,1,-1.32,6.1,0.1,0.23,0
1.39,1,0,0,-0.28,-0.35,0.94,1,0.25,0,1.57,0.71,0,0.11,0
0.57,1,0,0,-0.95,0,0.58,1,0.2,0,-1,2.66,0,0.17,0
-0.7,1,0,0,-1.14,-1.39,0.78,1,1,1,0.19,1.13,1,0.04,0
1.05,1,0,0,-0.85,-0.7,-1.23,2,0.67,1,0.09,0,0.67,0.1,0
-0.75,1,0,1,-0.09,0.69,0.09,1,0.14,0,-1.58,9.14,0,0.18,0
-2.2,1,0,0,-0.28,-0.35,-1.23,2,0.5,0,-0.62,0,0,0.11,0
0.02,1,0,1,-0.09,0.34,-1.23,2,0.33,1,0.79,0,0.33,0.16,0
-0.22,1,0,0,0.96,-0.35,-1.23,2,0.5,1,1.67,0,0.5,0.08,0
0.72,1,0,1,1.25,0.69,-1.23,1,0.14,1,-1.48,0,0.14,0.13,0
0.18,1,0,1,0.29,-0.7,1.19,1,0.33,0,0.14,1.39,0,0.07,0
0.81,0,1,1,-0.76,1.03,1.42,2,0.25,1,-1.57,17.23,0.25,0.26,0
-1.58,0,0,1,-1.33,1.03,0.72,1,0.13,1,0.56,0.92,0.13,0.32,0
-1.05,0,1,1,-1.33,0.34,1.88,1,0.17,1,-1.36,8.97,0.17,0.24,0
-0.51,0,0,0,1.44,-1.39,0.87,2,2,1,1.73,0.66,2,0.02,0
-1.1,1,0,1,2.39,1.38,0.6,1,0.11,1,0.42,0.92,0.11,0.14,0
1.04,1,0,0,-0.85,0.34,-1.23,2,0.33,0,-1.47,0,0,0.2,0
-0.19,0,0,0,0.2,-0.7,0.09,1,0.33,1,-1.16,2.43,0.33,0.07,0
0.45,0,1,1,1.72,1.03,0.64,1,0.13,1,0.31,0.99,0.13,0.14,0
0.28,1,0,1,-0.76,-1.04,-1.23,2,1,1,-0.72,0,1,0.06,0
0.46,1,0,1,0.67,-0.35,-1.23,2,0.5,1,0.65,0,0.5,0.09,0
0.11,1,0,0,0.2,-1.39,-1.23,2,2,1,0.54,0,2,0.02,0
0.11,1,0,1,-0.56,1.38,-1.23,2,0.22,1,-0.28,0,0.22,0.27,0
-0.95,1,0,0,-0.76,-0.7,0.81,1,0.33,1,1.06,0.79,0.33,0.1,0
-1.53,1,0,1,-0.95,-0.7,-1.23,2,0.67,1,0.76,0,0.67,0.1,0
0.46,0,1,1,0.67,-0.7,0.74,1,0.33,1,-0.76,2.18,0.33,0.07,0
-0.11,1,0,0,0.29,0,1.6,1,0.2,1,-1.59,20.95,0.2,0.12,0
-0.27,0,0,0,0.87,-0.7,0.74,2,0.67,0,-1.22,4.08,0,0.06,0
0.17,1,0,1,0.29,1.38,-1.23,2,0.22,1,-0.73,0,0.22,0.21,0
-0.09,1,0,1,-1.23,-1.73,-1.23,1,1,0,-0.91,0,0,0,0
-0.11,0,1,0,-0.66,0.34,0.68,2,0.33,1,-1.41,6.21,0.33,0.19,0
-1.26,0,1,1,-0.37,0,-1.23,2,0.4,1,1.52,0,0.4,0.14,0
-0.91,1,0,0,0.01,0,-1.23,2,0.4,1,-1.43,0,0.4,0.13,0
-0.6,0,1,0,-0.09,-0.35,0.2,2,0.5,0,-0.58,1.32,0,0.11,0
1.42,0,1,0,2.96,-1.39,-1.23,2,2,1,-1.02,0,2,0.01,0
0.35,0,1,0,-0.09,-0.7,-1.23,2,0.67,0,-0.97,0,0,0.08,0
-1.74,1,0,1,1.53,0,0.33,1,0.2,1,-0.38,1.24,0.2,0.09,0
-0.62,0,1,1,1.82,0,0.83,1,0.2,1,0.65,0.94,0.2,0.09,0
0,0,0,0,0.2,-0.35,0.91,1,0.25,1,0.89,0.88,0.25,0.1,0
1.02,0,0,0,0.1,1.03,1.05,2,0.25,0,-0.24,1.64,0,0.2,0
-0.7,1,0,1,-1.42,1.38,0.94,1,0.11,0,-0.18,1.5,0,0.38,0
0.67,1,0,0,-0.76,-1.04,0.57,2,1,1,1.42,0.62,1,0.06,0
-0.1,1,0,0,-0.28,0,-0.16,1,0.2,0,-1.2,2.13,0,0.14,0
0.68,0,0,1,-1.14,-1.39,0.74,2,2,0,-0.56,1.81,0,0.04,0
1.21,1,0,1,0.39,-1.39,0,2,2,0,-0.39,0.98,0,0.02,0
0.98,0,0,1,-0.28,1.03,1.1,1,0.13,0,-1.63,23.87,0,0.22,0
-0.64,1,0,1,-0.47,0.34,-1.23,2,0.33,1,1.35,0,0.33,0.18,0
1.51,1,0,0,0.58,-1.04,0.53,1,0.5,1,0.41,0.89,0.5,0.04,0
0.14,1,0,1,1.72,0.34,-1.23,2,0.33,1,-1.47,0,0.33,0.11,0
0.99,0,1,1,-0.28,-1.04,-1.23,2,1,1,-1.45,0,1,0.06,0
0.95,0,0,1,-0.56,-1.73,1.69,1,1,1,0.13,1.69,1,0,0
1.03,1,0,0,-0.66,0,-1.23,2,0.4,0,-0.08,0,0,0.16,0
0.19,1,0,1,-0.85,0.69,0.3,1,0.14,0,-1.4,4.8,0,0.23,0
-0.58,0,1,0,0.96,-1.04,0.8,2,1,1,0.4,1.03,1,0.04,0
-0.79,0,1,1,-0.28,-1.39,-1.23,2,2,1,-0.49,0,2,0.03,0
0.09,0,0,1,-0.28,-1.04,0,2,1,1,0.85,0.51,1,0.06,0
-0.25,0,0,1,-0.37,-0.35,0.19,1,0.25,1,-1.17,2.68,0.25,0.11,0
-0.32,1,0,1,0.29,-0.35,-1.23,2,0.5,0,-1.63,0,0,0.1,0
-0.73,1,0,0,-0.37,1.03,-1.23,2,0.25,1,-1.56,0,0.25,0.23,0
0.37,1,0,0,-0.47,-0.7,0.76,2,0.67,0,0.83,0.84,0,0.09,0
-1.14,1,0,1,0.87,-1.73,1.15,1,1,0,0.29,1.27,0,0,0
-0.17,0,0,1,-0.37,0.34,0.64,1,0.17,0,0.52,0.89,0,0.17,0
-0.19,0,1,1,-0.09,-1.39,0.71,1,1,0,-0.13,1.3,0,0.03,0
-1.55,1,0,0,0.2,-0.7,1.09,1,0.33,0,1.25,0.84,0,0.07,0
1.4,1,0,1,-0.47,1.38,-1.23,2,0.22,0,0.77,0,0,0.26,0
-1,0,0,0,-0.18,-0.35,-0.29,1,0.25,0,1.43,0.32,0,0.11,0
0.52,0,1,0,0.29,0,-1.23,2,0.4,0,-1.32,0,0,0.12,0
-1.83,1,0,1,0.58,1.72,-1.23,2,0.2,0,1.25,0,0,0.22,0
-0.31,1,0,0,0.39,0,-1.23,1,0.2,1,-0.91,0,0.2,0.12,0
0.19,1,0,1,-1.52,-1.39,-1.23,2,2,0,-0.59,0,0,0.04,0
1.3,1,0,0,-0.09,-1.04,1.5,1,0.5,0,1.2,1,0,0.05,0
0.45,1,0,1,-0.28,-0.7,0.34,1,0.33,1,0.3,0.83,0.33,0.08,0
1.41,1,0,0,0.29,1.72,1.11,2,0.2,1,-0.36,1.84,0.2,0.24,0
-0.73,1,0,1,-0.18,1.38,-1.23,2,0.22,1,-0.4,0,0.22,0.24,0
0.63,1,0,0,-1.33,0.69,-1.23,3,0.43,1,-1.57,0,0.43,0.28,0
0.23,1,0,0,0.1,0,0.98,1,0.2,0,-0.32,1.68,0,0.13,0
-0.62,1,0,1,-1.42,0.34,1.14,1,0.17,1,-1.3,5.82,0.17,0.25,0
1.23,1,0,0,-1.33,1.72,-1.23,2,0.2,0,1.53,0,0,0.4,0
0.07,0,1,1,-0.76,-0.7,0.78,1,0.33,0,-0.02,1.27,0,0.1,0
-1.59,1,0,1,0.77,0.34,-1.23,1,0.17,1,-0.17,0,0.17,0.13,0
1.71,0,1,1,2.68,0.34,1.21,1,0.17,1,-0.47,2.09,0.17,0.09,0
-1.3,1,0,1,-0.28,-1.04,0.61,1,0.5,1,1.19,0.68,0.5,0.06,0
0.77,1,0,1,0.67,0.34,-1.23,2,0.33,0,1.07,0,0,0.13,0
0.43,1,0,0,-1.04,1.03,0.3,2,0.25,0,-0.97,2.14,0,0.29,0
-0.34,1,0,0,-1.42,0.69,0.84,1,0.14,1,-1.09,3.47,0.14,0.29,0
-1.08,1,0,1,-1.42,1.03,1.28,1,0.13,1,0.44,1.25,0.13,0.33,0
-0.16,1,0,1,-0.95,0.69,0.46,1,0.14,1,0.87,0.7,0.14,0.24,0
-0.01,1,0,1,2.01,1.03,-1.23,2,0.25,1,0.05,0,0.25,0.13,0
-0.46,1,0,1,0.1,0,-1.23,2,0.4,1,-0.51,0,0.4,0.13,0
2,1,0,1,-1.99,-1.04,1.35,1,0.5,0,0.8,1.1,0,0.11,0
-2.07,0,1,0,0.67,0,1.62,1,0.2,0,-0.8,3.28,0,0.11,0
0.79,0,1,1,-0.09,-1.04,-0.23,1,0.5,1,-0.71,1.05,0.5,0.05,0
-1.97,0,0,1,0.67,-0.35,0.82,2,0.5,1,0.47,1,0.5,0.09,0
-0.02,1,0,1,0.2,-1.73,-1.23,2,2,1,0.53,0,2,0,0
1.11,0,0,0,0.77,1.38,0.31,1,0.11,0,-0.47,1.3,0,0.19,0
-1.66,1,0,0,-0.37,0.69,0.5,1,0.14,1,-1.67,27.37,0.14,0.2,0
1.7,0,0,1,-0.18,-1.04,0.55,2,1,0,-1.7,46.47,0,0.05,0
1.94,0,1,0,0.01,0,1.45,2,0.4,0,-1.49,11.68,0,0.13,0
1.58,1,0,1,-0.76,1.38,1.29,2,0.22,0,0.72,1.11,0,0.29,0
0.14,0,0,0,-0.28,-1.04,0.81,2,1,0,-0.38,1.63,0,0.06,0
0.88,0,1,0,-1.04,-1.04,-1.23,2,1,1,0.3,0,1,0.07,0
-0.18,1,0,0,-0.18,1.38,1.28,1,0.11,0,-0.49,2.17,0,0.24,0
0.14,1,0,1,1.82,0,0.36,1,0.2,1,-0.68,1.62,0.2,0.09,0
-0.52,1,0,0,0.39,0,0.92,1,0.2,0,1.65,0.69,0,0.12,0
0.95,0,0,0,-1.71,-1.39,0.61,1,1,0,-1.19,3.63,0,0.05,0
0.62,0,1,0,-1.14,-1.04,0.94,1,0.5,0,0.73,0.95,0,0.07,0
0.51,1,0,0,4.11,-1.04,-1.23,2,1,1,1.43,0,1,0.02,0
0.35,0,1,1,0.2,-1.04,0.69,2,1,0,0.35,1,0,0.05,0
0.69,1,0,1,-0.76,-0.35,0.85,1,0.25,0,-1.02,3.15,0,0.13,0
-0.64,1,0,1,-0.66,-1.04,-1.23,2,1,1,-1.58,0,1,0.06,0
1.21,1,0,1,-0.28,-0.7,1,1,0.33,0,0.41,1.12,0,0.08,0
-0.03,1,0,1,-0.56,0.69,0.94,1,0.14,1,0.29,1.15,0.14,0.21,0
1.07,1,0,1,-1.04,1.03,-1.23,2,0.25,1,-0.83,0,0.25,0.29,0
0.29,0,1,0,-0.37,1.03,0.68,1,0.13,0,0.37,0.98,0,0.23,0
-0.12,1,0,1,-1.14,1.03,-1.23,2,0.25,0,1.6,0,0,0.3,0
1.28,1,0,0,-1.04,-1.39,-0.08,2,2,1,-0.54,1.04,2,0.04,0
-1.38,1,0,1,0.2,-1.04,-1.23,2,1,1,-0.42,0,1,0.05,0
-0.82,1,0,0,-0.37,1.03,-1.23,2,0.25,0,-0.27,0,0,0.23,0
1.46,0,1,1,-0.28,0,0.25,1,0.2,1,-0.57,1.37,0.2,0.14,0
0.39,1,0,1,-1.23,-1.39,-1.23,2,2,1,0.08,0,2,0.04,0
0.66,0,0,1,0.29,-1.04,1.62,1,0.5,1,-0.92,3.77,0.5,0.05,0
-0.92,0,1,0,-0.37,-1.73,-1.23,2,2,0,0.34,0,0,0,0
0.55,0,1,1,0.87,1.03,1.47,1,0.13,1,1.28,0.97,0.13,0.17,0
0.49,1,0,1,-0.28,-1.04,0.09,2,1,1,-0.12,0.88,1,0.06,0
-0.41,1,0,1,0.96,-0.7,-1.23,2,0.67,1,0.74,0,0.67,0.06,0
2.06,0,0,0,0.87,0.34,0.57,1,0.17,0,0.2,1,0,0.13,0
0.96,0,0,0,-0.47,-1.39,0.89,1,1,1,0.15,1.21,1,0.03,0
0.04,1,0,1,-0.95,-1.39,-1.23,1,1,0,1.4,0,0,0.03,0
1.14,0,0,1,-0.28,1.03,0.51,2,0.25,0,-0.01,1.09,0,0.22,0
0.53,1,0,0,0.67,1.38,0.35,1,0.11,1,0.16,0.9,0.11,0.2,0
-1.68,0,0,1,-0.66,-0.7,0.61,1,0.33,0,-0.13,1.24,0,0.09,0
0.34,1,0,0,-0.37,0.34,1.78,2,0.33,1,-1.08,4.94,0.33,0.17,0
-0.51,0,0,0,0.29,1.38,0.92,1,0.11,1,0.06,1.29,0.11,0.21,0
-0.47,1,0,1,1.25,0.69,-1.23,2,0.29,1,1.28,0,0.29,0.13,0
0.21,0,0,0,0.48,-1.73,0.13,2,2,1,-1.14,2.44,2,0,0
-0.38,0,0,0,-0.76,0.69,0.71,2,0.29,1,-0.94,2.61,0.29,0.23,0
-1.44,0,1,0,-0.95,1.38,-1.23,2,0.22,1,0.71,0,0.22,0.31,0
2.06,1,0,1,0.01,-0.35,0.82,2,0.5,1,0.9,0.84,0.5,0.1,0
1.47,1,0,0,-0.56,-1.73,-1.23,1,1,0,1.31,0,0,0,0
-0.23,1,0,1,2.87,0,-1.23,2,0.4,1,1.42,0,0.4,0.07,0
-0.54,0,0,1,1.34,1.72,1.46,1,0.1,1,0.64,1.23,0.1,0.19,0
0.07,1,0,0,-0.18,0.34,0.31,1,0.17,0,0.38,0.78,0,0.16,0
-0.34,1,0,0,-0.37,1.72,-1.23,2,0.2,0,1.4,0,0,0.29,0
0.32,0,1,1,2.49,0.69,0.93,2,0.29,1,1.57,0.71,0.29,0.11,0
-1.39,0,1,0,-0.56,-0.7,-1.23,2,0.67,1,-0.72,0,0.67,0.09,0
0.51,1,0,0,-1.23,-1.04,-1.23,2,1,0,-0.87,0,0,0.08,0
0.98,1,0,1,-1.33,0,1.31,2,0.4,0,0.8,1.08,0,0.2,0
0.47,1,0,1,-0.95,1.03,-1.23,2,0.25,0,1.58,0,0,0.28,0
-1.59,0,1,1,-1.14,1.38,-0.02,1,0.11,1,1.13,0.46,0.11,0.33,0
0.72,1,0,0,0.39,0.34,0.98,2,0.33,0,1.26,0.8,0,0.14,0
0.09,0,0,1,-0.28,-0.35,0.9,2,0.5,0,-0.27,1.57,0,0.11,0
1.97,1,0,0,-0.28,0,1.27,1,0.2,0,0.39,1.27,0,0.14,0
-0.09,0,1,1,-0.47,1.03,-1.23,1,0.13,0,-0.49,0,0,0.24,0
-0.52,0,1,1,-0.28,-0.35,-1.23,2,0.5,0,0.76,0,0,0.11,0
-1.93,0,0,1,-0.56,1.03,1.41,2,0.25,1,-1.68,44.28,0.25,0.24,0
0.3,1,0,0,0.77,0,-1.23,2,0.4,1,1.39,0,0.4,0.11,0
1.11,0,1,1,1.63,-1.39,-1.23,2,2,1,-1.56,0,2,0.02,0
-0.21,0,0,0,-0.76,-1.04,0.58,2,1,1,0.54,0.86,1,0.06,0
-0.76,1,0,0,0.01,1.72,-1.23,2,0.2,0,-1.56,0,0,0.26,0
0.35,1,0,0,-0.47,0.34,-1.23,2,0.33,1,0.54,0,0.33,0.18,0
0.59,0,1,0,0.2,0,-1.23,1,0.2,1,0.99,0,0.2,0.12,0
0.84,0,0,0,-0.95,-1.39,1.25,1,1,1,0.67,1.11,1,0.03,0
-0.17,0,0,1,-0.18,-0.7,0.56,2,0.67,1,1.16,0.67,0.67,0.08,0
-0.18,1,0,0,-0.85,0.34,-1.23,2,0.33,0,-1.02,0,0,0.2,0
-0.95,1,0,1,-0.47,-1.04,0.98,2,1,0,-1.57,14.2,0,0.06,0
0.45,0,1,0,-0.18,-0.7,-1.23,2,0.67,1,0.82,0,0.67,0.08,0
0.37,0,0,0,1.63,0,0.56,1,0.2,1,-0.34,1.39,0.2,0.09,0
-1.49,1,0,1,-0.28,-0.35,0.11,1,0.25,0,0.7,0.6,0,0.11,0
1.73,1,0,0,-0.76,-1.39,1.77,1,1,0,1.36,1.05,0,0.03,0
0.1,0,0,1,-0.37,1.03,-0.29,1,0.13,1,1.71,0.3,0.13,0.23,0
-0.11,1,0,1,0.48,-0.7,0.97,1,0.33,0,-0.13,1.48,0,0.07,0
-1.51,1,0,1,0.96,0.69,0.06,1,0.14,0,0.61,0.59,0,0.14,0
0.66,0,0,1,-1.71,0.34,0.16,2,0.33,0,-1.27,3.16,0,0.29,0
-1.89,1,0,0,0.29,0,-1.23,2,0.4,0,0.44,0,0,0.12,0
-0.41,0,1,1,1.15,-1.39,0.74,1,1,1,0.86,0.82,1,0.02,0
0.56,1,0,1,-1.33,-1.73,0.34,1,1,1,-0.7,1.63,1,0,0
-0.05,0,0,1,0.67,-1.39,1.51,2,2,0,-0.96,3.79,0,0.02,0
-1.44,0,0,0,0.2,1.03,1.24,1,0.13,1,-1.06,3.94,0.13,0.2,0
0.03,1,0,0,0.39,0.34,-1.23,2,0.33,1,-1.61,0,0.33,0.14,0
0.25,1,0,0,1.72,1.03,-1.23,2,0.25,1,-0.08,0,0.25,0.14,0
-1.32,0,1,1,-0.66,-0.35,-1.23,2,0.5,0,1.18,0,0,0.13,0
0.94,0,1,1,0.01,0.69,1.08,2,0.29,1,1.29,0.82,0.29,0.18,0
-2.01,0,1,1,-0.66,1.38,1.14,1,0.11,1,0.61,1.09,0.11,0.28,0
0.77,1,0,1,0.2,0.69,0.6,1,0.14,1,0.29,0.98,0.14,0.17,0
0.69,1,0,1,1.34,0.34,-1.23,2,0.33,1,-0.04,0,0.33,0.11,0
-0.58,1,0,1,-0.09,-0.35,-1.23,2,0.5,0,1.51,0,0,0.11,0
0.28,0,0,0,-1.33,1.72,0.01,2,0.2,1,0.55,0.59,0.2,0.4,0
-1.09,1,0,1,-0.09,-1.39,0.19,2,2,1,-1.32,3.63,2,0.03,0
-2.23,1,0,1,-0.28,-0.35,-1.23,1,0.25,1,1.69,0,0.25,0.11,0
-1.2,1,0,0,0.1,1.03,-1.23,1,0.13,1,-1.26,0,0.13,0.2,0
0.74,1,0,0,-0.37,-1.04,1.4,2,1,1,-1.48,10.88,1,0.06,0
-0.93,1,0,1,-1.04,0.69,-1.23,2,0.29,0,-1.6,0,0,0.25,0
-0.06,1,0,0,-0.09,0,0.4,2,0.4,1,-1.66,23.05,0.4,0.13,0
-1.55,1,0,0,0.01,1.38,0.65,1,0.11,0,1.42,0.64,0,0.23,0
-1.54,0,0,0,-0.66,-1.39,1.55,1,1,1,0.39,1.41,1,0.03,0
0.02,0,1,0,0.29,-0.35,-1.23,2,0.5,1,-1.08,0,0.5,0.1,0
-0.79,1,0,0,-0.56,-0.7,0.93,1,0.33,0,-0.64,2.13,0,0.09,0
-1.37,1,0,0,0.58,1.38,0.47,2,0.22,1,-0.46,1.44,0.22,0.2,0
-0.88,1,0,1,-0.28,0.34,0.48,1,0.17,0,0.86,0.71,0,0.17,0
-1.4,1,0,1,2.49,0.69,0.25,1,0.14,1,0.74,0.65,0.14,0.11,0
-1.34,1,0,1,-1.33,0.69,-1.23,2,0.29,1,1,0,0.29,0.28,0
0.92,0,1,1,-0.09,-1.73,0.83,1,1,0,-1.52,10.03,0,0,0
-0.68,1,0,1,0.29,-1.04,-1.23,2,1,1,-1.42,0,1,0.05,0
0.85,0,0,1,3.34,-0.7,0.48,1,0.33,1,0.6,0.79,0.33,0.04,0
-1.12,1,0,0,0.39,1.03,1.11,1,0.13,1,-1.56,14.07,0.13,0.19,0
1.42,0,1,1,-0.18,1.03,1.04,1,0.13,0,-0.59,2.14,0,0.22,0
-2.23,0,0,1,-0.66,-1.04,-0.31,2,1,1,-1.64,9.65,1,0.06,0
-0.76,1,0,1,0.29,1.38,-1.23,1,0.11,0,-0.45,0,0,0.21,0
0.8,0,0,1,-0.66,0,-0.23,1,0.2,1,0.97,0.4,0.2,0.16,0
0.7,1,0,1,-0.37,1.03,-1.23,2,0.25,0,-0.09,0,0,0.23,0
-0.31,1,0,0,0.1,0.34,-1.23,1,0.17,0,0.96,0,0,0.15,0
0.07,0,0,1,-1.33,-1.04,1.53,1,0.5,0,-1.34,7.55,0,0.08,0
-0.08,1,0,1,-0.28,0.69,1.36,2,0.29,1,-0.27,1.91,0.29,0.19,0
-0.06,1,0,0,0.87,0.69,0.23,1,0.14,1,0.85,0.61,0.14,0.15,0
-0.85,1,0,1,-1.04,0,1.1,2,0.4,0,1.49,0.78,0,0.18,0
0.36,1,0,1,-0.56,0.34,1.58,1,0.17,1,-0.98,3.98,0.17,0.18,0
0.36,0,1,1,-0.76,1.72,0.94,1,0.1,1,0.45,1.08,0.1,0.32,0
1.61,0,1,1,-1.33,0.69,-1.23,2,0.29,0,-1.42,0,0,0.28,0
-0.48,1,0,1,-0.28,0.34,0.64,2,0.33,1,-0.36,1.46,0.33,0.17,0
-0.03,0,1,0,1.34,0.34,0.56,1,0.17,1,0.37,0.91,0.17,0.11,0
-1.09,0,1,0,-0.66,-0.35,-1.23,1,0.25,0,-0.09,0,0,0.13,0
1.09,0,0,1,-1.14,-1.39,0.89,1,1,0,-0.12,1.41,0,0.04,0
-0.84,1,0,1,-0.37,1.72,0.77,1,0.1,1,1.63,0.64,0.1,0.29,0
-0.56,1,0,1,0.77,0.34,-1.23,1,0.17,0,-0.44,0,0,0.13,0
-0.05,1,0,0,0.58,-0.7,-0.47,1,0.33,1,-0.75,0.82,0.33,0.07,0
1.38,0,1,1,-0.37,-0.7,-1.23,2,0.67,0,-0.32,0,0,0.09,0
-1.02,0,1,1,0.58,1.38,-1.23,2,0.22,0,-1.28,0,0,0.2,0
0.81,1,0,1,0.48,0,-1.23,2,0.4,1,-1.58,0,0.4,0.11,0
-0.81,0,0,0,-1.9,-1.39,1,1,1,1,-1.46,8.58,1,0.05,0
1.39,1,0,0,-0.47,1.38,-0.1,1,0.11,1,-0.55,1.02,0.11,0.26,0
0.66,0,0,0,-0.28,-1.39,0.4,2,2,1,-1.73,226.94,2,0.03,0
0.91,0,1,1,-0.37,-0.7,-1.23,1,0.33,1,-1.47,0,0.33,0.09,0
-0.12,0,0,1,-0.09,0,0.86,1,0.2,1,0.86,0.87,0.2,0.13,0
-1.35,0,0,1,2.11,1.03,0.92,2,0.25,1,-0.17,1.48,0.25,0.13,0
1.17,1,0,0,-1.42,0.69,0.48,1,0.14,0,0.27,0.92,0,0.29,0
0.11,0,1,1,0.01,0.34,0.9,1,0.17,0,-1.07,3.42,0,0.15,0
-0.9,0,0,1,0.2,1.38,0.43,2,0.22,1,-1.14,3.01,0.22,0.22,0
0.59,0,0,0,0.29,1.03,1.86,2,0.25,0,-1.73,233.67,0,0.19,0
-0.61,0,1,1,-0.18,1.38,-1.23,3,0.33,1,-1.56,0,0.33,0.24,0
-0.33,1,0,0,-0.09,-0.7,-1.23,2,0.67,1,0.28,0,0.67,0.08,0
2.06,0,0,0,0.48,0,0.84,1,0.2,1,1.23,0.75,0.2,0.11,0
-0.76,1,0,0,-0.18,-0.35,-1.23,1,0.25,1,-0.35,0,0.25,0.11,0
0.76,1,0,0,-0.18,1.72,-0.13,1,0.1,0,1,0.43,0,0.27,0
0.62,0,1,1,-0.37,-1.39,0.48,1,1,1,0.48,0.83,1,0.03,0
0.47,1,0,0,-0.76,1.03,-1.23,2,0.25,0,1.58,0,0,0.26,0
0.25,0,0,0,-0.95,1.03,0.72,1,0.13,0,0.58,0.91,0,0.28,0
0.98,1,0,1,-0.28,1.03,-0.15,1,0.13,0,0.53,0.51,0,0.22,0
0.48,0,1,0,-1.33,0,0.1,2,0.4,1,0.49,0.65,0.4,0.2,0
0.09,1,0,1,2.68,-0.35,1.11,1,0.25,1,0.54,1.11,0.25,0.06,0
-0.16,1,0,0,0.87,1.03,0.87,2,0.25,1,-0.99,3.02,0.25,0.17,0
1.43,0,0,1,-0.56,1.03,1.2,1,0.13,0,-1.66,34.54,0,0.24,0
-0.82,0,0,0,2.58,1.38,0.56,1,0.11,1,1.55,0.59,0.11,0.14,0
0.45,0,1,1,0.01,-1.73,0.49,1,1,1,0.04,1.05,1,0,0
0.57,1,0,0,0.48,-0.35,0.85,1,0.25,0,-0.53,1.86,0,0.09,0
1.62,0,1,0,0.39,-1.73,-1.23,2,2,1,-0.25,0,2,0,0
1.25,0,1,0,2.68,1.03,-1.23,2,0.25,1,-0.85,0,0.25,0.12,0
-1.24,0,1,1,-1.14,1.03,0.9,1,0.13,0,-1.61,18.35,0,0.3,0
-0.22,1,0,0,-0.18,0.34,0.84,1,0.17,1,-1.32,5.39,0.17,0.16,0
2.06,0,0,0,-0.76,-1.39,0.52,1,1,1,0.56,0.82,1,0.03,0
0.36,0,1,1,-0.37,-0.35,0.99,1,0.25,0,0.24,1.21,0,0.11,0
-0.09,0,1,1,-0.66,0.69,0.38,1,0.14,1,-1.05,2.53,0.14,0.22,0
0.13,1,0,0,0.29,0,0.77,1,0.2,1,-0.38,1.6,0.2,0.12,0
-0.91,1,0,0,-0.47,0.34,1.01,1,0.17,1,0.91,0.92,0.17,0.18,0
-0.14,0,1,0,-0.47,1.38,-1.23,2,0.22,0,-1.29,0,0,0.26,0
-1.1,1,0,1,-0.18,-0.7,0.13,1,0.33,0,-0.35,1.06,0,0.08,0
-0.02,0,0,1,2.96,1.38,0.65,2,0.22,1,0.12,1.09,0.22,0.13,0
-0.13,1,0,0,0.87,1.72,0.99,1,0.1,1,-0.91,2.9,0.1,0.21,0
0.75,1,0,1,-1.33,-0.7,-1.23,2,0.67,1,0.6,0,0.67,0.12,0
-0.16,0,0,1,0.39,0,0.04,2,0.4,0,0.92,0.52,0,0.12,0
1.03,0,1,0,-0.09,0.69,0.33,2,0.29,1,1.39,0.54,0.29,0.18,0
0.82,1,0,1,-0.47,0,0.74,2,0.4,0,0.67,0.88,0,0.15,0
1.03,0,1,0,-0.28,1.03,0.58,1,0.13,1,-1.57,11.46,0.13,0.22,0
-1.35,1,0,0,-0.09,-0.35,-1.23,2,0.5,0,-0.76,0,0,0.11,0
0.02,1,0,0,0.87,1.03,0.91,1,0.13,0,-0.39,1.71,0,0.17,0
-1.04,1,0,0,0.67,0.69,-1.23,2,0.29,0,0.53,0,0,0.15,0
-0.58,1,0,1,-1.14,-1.73,1.93,1,1,0,0.9,1.3,0,0,0
1.02,0,0,0,0.48,-1.73,-0.08,2,2,0,0.89,0.47,0,0,0
0.18,1,0,1,-0.66,0.69,-1.23,2,0.29,1,-1.73,0,0.29,0.22,0
1.27,1,0,1,-1.33,-1.39,0.77,2,2,1,-1.54,10.62,2,0.04,0
-1.03,0,0,1,-0.76,1.38,0.09,2,0.22,1,-0.15,0.9,0.22,0.29,0
-0.87,1,0,1,-0.28,-1.39,1.05,1,1,0,-0.36,1.79,0,0.03,0
0.09,0,1,1,-0.76,0.69,1.17,2,0.29,1,0.08,1.43,0.29,0.23,0
0.05,1,0,1,-0.18,0,0.27,2,0.4,0,-0.59,1.41,0,0.14,0
-0.37,1,0,0,-0.37,-1.04,0.34,2,1,1,0.69,0.7,1,0.06,0
1.05,0,0,0,0.29,-0.7,-0.18,2,0.67,1,0.7,0.46,0.67,0.07,0
0.11,0,1,0,-1.04,0.69,0.3,1,0.14,0,0.04,0.93,0,0.25,0
1.94,0,1,1,0.39,1.38,0.75,2,0.22,0,0.79,0.84,0,0.21,0
-0.42,0,1,1,-0.95,1.38,-1.23,3,0.33,1,-0.28,0,0.33,0.31,0
1.66,0,1,1,0.48,-0.7,-1.23,2,0.67,1,-0.38,0,0.67,0.07,0
-0.66,0,1,1,2.2,0.69,0.72,1,0.14,1,-1.62,17.9,0.14,0.11,0
1.66,0,0,0,-1.04,-0.35,1.46,2,0.5,1,-1.57,16.94,0.5,0.14,0
1.12,1,0,0,-0.09,-1.39,0.44,1,1,0,-0.15,1.14,0,0.03,0
-0.03,0,0,0,0.29,1.03,0.73,2,0.25,0,-1.67,30.29,0,0.19,0
1.42,1,0,0,0.39,1.72,-1.23,2,0.2,1,0.28,0,0.2,0.23,0
0.77,0,0,1,0.01,-1.39,-0.41,2,2,1,1.46,0.28,2,0.03,0
-0.51,0,0,0,-1.23,0.69,0.47,2,0.29,0,-0.87,2.11,0,0.27,0
-0.93,0,1,0,-0.56,0.34,-1.23,2,0.33,0,-0.95,0,0,0.18,0
-0.9,1,0,1,0.29,0.69,0.37,1,0.14,1,-1.1,2.72,0.14,0.17,0
-0.01,0,1,1,3.06,-1.73,-1.23,1,1,1,1.31,0,1,0,0
0.71,0,1,1,-0.37,-0.7,0.74,1,0.33,1,0.66,0.89,0.33,0.09,0
-1.06,1,0,0,-0.95,-0.35,-1.23,2,0.5,1,-0.89,0,0.5,0.14,0
-0.16,0,1,1,-1.42,-0.35,-1.23,2,0.5,1,-0.51,0,0.5,0.17,0
-1.6,0,1,0,0.39,-0.7,-1.23,2,0.67,1,1.73,0,0.67,0.07,0
-1.13,0,0,1,0.1,0.69,0.31,2,0.29,0,-0.89,1.95,0,0.18,0
1.32,0,0,1,0.2,0.69,1.01,1,0.14,0,-0.64,2.21,0,0.17,0
-0.18,1,0,1,-0.76,-1.39,-1.23,1,1,0,-0.9,0,0,0.03,0
-1.71,0,1,1,-0.66,0.34,0.41,2,0.33,1,1.63,0.53,0.33,0.19,0
-1.07,1,0,0,0.87,-1.39,1.65,2,2,1,-0.54,2.59,2,0.02,0
-0.09,1,0,1,-0.66,-0.7,-1.23,2,0.67,1,-0.2,0,0.67,0.09,0
0.7,1,0,0,-1.33,-0.35,0.52,1,0.25,0,-0.64,1.72,0,0.16,0
-0.71,1,0,0,-0.66,-0.35,-1.23,2,0.5,0,-0.7,0,0,0.13,0
-0.23,1,0,1,-0.56,0.34,-1.23,2,0.33,0,1.46,0,0,0.18,0
0.89,0,0,1,-0.37,-1.73,0.91,1,1,1,-0.63,2.08,1,0,0
1.84,0,1,1,-0.47,1.38,-1.23,2,0.22,1,-0.32,0,0.22,0.26,0
-0.43,0,1,1,1.34,1.72,-1.23,1,0.1,1,0.95,0,0.1,0.19,0
0.82,1,0,1,0.01,-1.39,0.64,1,1,0,0.79,0.8,0,0.03,0
-0.2,1,0,0,-1.61,-0.7,-1.23,2,0.67,0,-1.21,0,0,0.14,0
1.86,0,1,1,0.1,-0.35,-1.23,2,0.5,1,-0.32,0,0.5,0.1,0
-0.06,1,0,1,-0.95,-1.39,0.86,2,2,1,1.68,0.66,2,0.03,0
0.13,1,0,1,0.67,-0.7,-1.23,2,0.67,1,1.32,0,0.67,0.07,0
0.28,0,1,1,-0.85,-1.73,-1.23,1,1,0,-1.13,0,0,0,0
-1.34,1,0,1,-0.85,-1.04,0.49,1,0.5,0,-0.62,1.67,0,0.07,0
-0.26,1,0,0,-1.42,-1.39,-1.23,2,2,1,1.41,0,2,0.04,0
-1.32,1,0,1,-0.85,-1.39,0.11,1,1,1,0.66,0.6,1,0.03,0
0.66,1,0,0,3.15,-0.7,-1.23,1,0.33,1,-0.23,0,0.33,0.04,0
-0.73,0,1,1,2.68,-0.7,1.24,1,0.33,1,-1.61,20.75,0.33,0.04,0
0.74,1,0,1,-0.85,0,-1.23,2,0.4,0,1.15,0,0,0.17,0
-0.74,1,0,1,-0.37,-1.39,-1.23,2,2,0,-1.66,0,0,0.03,0
0.2,1,0,0,-0.09,-0.35,0.69,2,0.5,1,0.18,1.08,0.5,0.11,0
-0.65,0,1,1,-0.47,0.34,0.72,2,0.33,0,-0.24,1.4,0,0.18,0
1.67,0,0,1,-1.33,0,-0.35,1,0.2,0,0.55,0.42,0,0.2,0
0.33,1,0,1,-0.85,-0.35,-1.23,1,0.25,1,1.07,0,0.25,0.13,0
-0.26,0,1,0,0.96,-1.04,0.07,1,0.5,1,-1.39,4.04,0.5,0.04,0
-0.45,0,0,1,-0.09,-0.7,0.35,1,0.33,0,1.33,0.56,0,0.08,0
-0.52,0,1,0,1.06,0.34,0.29,1,0.17,1,-0.86,1.88,0.17,0.12,0
-0.5,0,1,0,-1.61,0.69,1.04,1,0.14,0,-1.21,4.66,0,0.32,0
-1.09,0,1,0,3.34,-0.7,-1.23,2,0.67,1,1.06,0,0.67,0.04,0
0.25,0,1,1,-0.56,-0.7,-1.23,2,0.67,0,-0.95,0,0,0.09,0
-0.11,0,0,1,-0.56,1.03,0.08,2,0.25,0,-1.13,2.34,0,0.24,0
2.06,1,0,1,-0.09,0.69,0.06,1,0.14,0,0.46,0.63,0,0.18,0
-1.66,0,1,0,0.87,1.03,1.26,1,0.13,0,1.53,0.83,0,0.17,0
0.62,0,1,0,-0.09,-0.35,-1.23,2,0.5,1,0.63,0,0.5,0.11,0
1.67,1,0,1,-0.47,0,0.44,1,0.2,1,1.15,0.63,0.2,0.15,0
0.75,1,0,0,-1.8,-0.35,-1.23,2,0.5,1,0.7,0,0.5,0.2,0
-0.01,0,0,1,-1.23,-0.35,2.21,2,0.5,0,0.5,1.66,0,0.15,0
0.46,0,0,1,1.25,1.03,0.43,1,0.13,1,-1.35,4.58,0.13,0.15,0
-0.27,0,1,0,-1.52,0.34,-1.23,2,0.33,1,1.68,0,0.33,0.26,0
-1.53,0,1,1,-0.18,0.34,-1.23,2,0.33,0,0.63,0,0,0.16,0
-1.2,1,0,0,-0.76,0.69,0.57,2,0.29,1,-1.11,3.08,0.29,0.23,0
0.96,0,0,0,-0.66,0.34,1.02,2,0.33,1,1.1,0.86,0.33,0.19,0
0.53,0,1,1,0.01,1.03,-1.23,2,0.25,0,-0.01,0,0,0.21,0
0.08,1,0,1,-0.95,-0.7,1.11,1,0.33,0,-1.39,7.2,0,0.1,0
0.27,0,0,0,0.2,1.03,1.13,2,0.25,1,-1.67,34.97,0.25,0.2,0
0.14,1,0,1,-0.66,1.72,0.49,1,0.1,1,0.21,0.95,0.1,0.31,0
1.19,0,0,0,-0.09,0.69,0.87,1,0.14,1,-1.71,64.31,0.14,0.18,0
-1.96,0,1,0,-0.37,1.03,-1.23,1,0.13,0,0.56,0,0,0.23,0
0.28,1,0,0,-0.66,0,-1.23,2,0.4,0,-0.17,0,0,0.16,0
1.51,1,0,1,-1.42,1.03,-1.23,2,0.25,0,-0.67,0,0,0.33,0
-1.58,1,0,0,-0.76,1.72,-1.23,2,0.2,0,-1.5,0,0,0.32,0
2.06,0,1,1,-1.61,-1.04,-1.23,2,1,1,-1.57,0,1,0.09,0
-0.23,1,0,0,1.15,-0.7,0.76,2,0.67,1,-1.04,3.06,0.67,0.06,0
-1.15,0,0,0,-0.47,-0.35,0.24,1,0.25,1,0.63,0.67,0.25,0.12,0
0.84,1,0,1,-0.28,0.69,0.8,1,0.14,1,0.58,0.95,0.14,0.19,0
0,1,0,1,0.1,-0.35,-1.23,2,0.5,1,0.83,0,0.5,0.1,0
1.68,1,0,1,-0.47,-1.73,-1.23,2,2,0,-0.99,0,0,0,0
-1.11,1,0,1,-0.28,0.34,-1.23,2,0.33,0,1.33,0,0,0.17,0
1.44,1,0,0,-1.23,-0.35,1.04,2,0.5,0,-0.03,1.44,0,0.15,0
-1.62,0,1,1,-0.09,0.69,-1.23,2,0.29,1,-1.63,0,0.29,0.18,0
2.06,1,0,0,0.01,-1.04,1.16,1,0.5,1,1.33,0.84,0.5,0.05,0
0.54,0,1,1,-0.95,1.38,-1.23,2,0.22,0,-0.86,0,0,0.31,0
-2.26,0,1,1,-0.09,0.69,-1.23,2,0.29,0,0.88,0,0,0.18,0
-1.43,0,0,0,-0.66,-1.04,0.75,2,1,0,-0.35,1.54,0,0.06,0
-0.64,1,0,1,-1.04,0.69,-1.23,2,0.29,0,0.9,0,0,0.25,0
-1.41,1,0,0,0.67,-0.7,0.48,1,0.33,0,-0.78,1.93,0,0.07,0
0.28,1,0,0,-0.09,-1.04,-1.23,2,1,0,0.26,0,0,0.05,0
0.29,0,0,1,-0.09,0.69,0.55,2,0.29,0,-0.93,2.38,0,0.18,0
-0.57,1,0,1,-0.76,-0.35,-1.23,2,0.5,0,1.56,0,0,0.13,0
0.41,1,0,0,0.29,-0.7,0.26,2,0.67,0,-0.51,1.31,0,0.07,0
-1.77,0,1,1,0.87,0,0.17,1,0.2,1,-0.25,1.02,0.2,0.1,0
-1.36,1,0,1,0.29,1.03,-1.23,2,0.25,1,0.02,0,0.25,0.19,0
-0.35,0,1,1,2.11,0.69,0.23,1,0.14,1,0.03,0.89,0.14,0.11,0
1.09,0,1,1,-0.95,-1.04,0.66,2,1,0,-1.66,24.02,0,0.07,0
2.04,0,0,1,-0.76,-0.35,0.22,2,0.5,0,1.62,0.47,0,0.13,0
1.64,1,0,0,-1.42,-0.35,-1.23,2,0.5,0,1.62,0,0,0.17,0
-0.4,0,0,0,1.82,-1.39,1.17,1,1,1,0.26,1.3,1,0.02,0
0.13,0,1,0,-0.56,1.03,0.74,1,0.13,0,1.67,0.62,0,0.24,0
-1.05,0,0,0,0.58,-0.7,1.08,2,0.67,1,-0.06,1.49,0.67,0.07,0
0.25,1,0,0,-0.66,-1.04,1.27,1,0.5,0,-0.04,1.59,0,0.06,0
-0.82,0,0,0,-0.47,-1.39,0.4,1,1,1,1.66,0.52,1,0.03,0
-1.56,0,1,1,-0.18,1.38,0.79,1,0.11,0,0.2,1.13,0,0.24,0
-0.23,1,0,1,-0.18,-1.73,-1.23,2,2,1,1.25,0,2,0,0
-0.95,1,0,1,-0.47,-0.35,-1.23,2,0.5,1,-0.58,0,0.5,0.12,0
1.23,1,0,0,-1.14,-1.04,-1.23,1,0.5,1,-0.73,0,0.5,0.07,0
0.85,0,0,1,-0.76,0.34,1.3,2,0.33,0,1.35,0.89,0,0.19,0
1.03,1,0,1,-1.61,0,-1.23,2,0.4,1,0.09,0,0.4,0.23,0
-0.7,1,0,0,0.29,-0.35,-1.23,2,0.5,0,-1.44,0,0,0.1,0
-1.89,0,0,1,0.29,1.38,1.69,2,0.22,0,1.26,1.05,0,0.21,0
0.79,0,1,0,1.72,-1.39,0.53,1,1,1,-1.73,145.59,1,0.02,0
-0.35,1,0,1,0.1,0,1.82,2,0.4,1,0.12,1.77,0.4,0.13,0
1.47,0,1,1,0.2,1.38,-1.23,2,0.22,0,0.91,0,0,0.22,0
-0.21,1,0,1,0.39,1.38,-1.23,2,0.22,1,-1.14,0,0.22,0.21,0
-1.08,1,0,1,-1.04,1.03,-1.23,1,0.13,0,1.03,0,0,0.29,0
-0.38,0,0,0,-0.85,-0.7,0.88,2,0.67,0,-0.79,2.4,0,0.1,0
-0.6,0,0,0,-0.95,0,0.4,3,0.6,0,0.6,0.76,0,0.17,0
-0.39,0,1,1,-0.47,-0.7,-1.23,1,0.33,1,-1.01,0,0.33,0.09,0
0.05,1,0,1,-0.09,-0.35,-1.23,2,0.5,0,0.18,0,0,0.11,0
0.51,1,0,0,-1.14,0.34,0.99,1,0.17,0,-1.58,15.33,0,0.22,0
1.82,0,1,0,-0.95,-0.35,0.86,1,0.25,1,1.57,0.68,0.25,0.14,0
0.02,0,0,1,0.58,-1.04,1.2,1,0.5,1,0.27,1.31,0.5,0.04,0
-1.16,0,1,1,0.01,-1.04,0.74,2,1,1,-0.72,2.1,1,0.05,0
0.81,1,0,1,-0.47,-0.7,1.22,1,0.33,0,-1.53,12.56,0,0.09,0
-0.37,1,0,1,0.96,-0.7,-1.23,2,0.67,1,-0.87,0,0.67,0.06,0
0.51,0,1,1,1.44,-1.39,0.05,1,1,1,0.69,0.57,1,0.02,0
0.81,0,1,1,-0.18,1.72,-1.23,2,0.2,0,0.01,0,0,0.27,0
-0.37,1,0,0,-0.85,1.38,-1.23,1,0.11,0,-0.22,0,0,0.3,0
1,0,0,0,-0.66,0,-0.14,2,0.4,1,-0.4,0.87,0.4,0.16,0
2.06,1,0,0,-0.28,-1.73,1.42,1,1,1,-0.65,2.63,1,0,0
0.64,0,0,0,0.96,0,1.25,2,0.4,0,1.67,0.79,0,0.1,0
-0.3,0,0,0,-1.04,-1.39,1.07,2,2,0,-0.32,1.75,0,0.04,0
-1.06,1,0,0,-0.37,1.72,-1.23,1,0.1,1,-1.2,0,0.1,0.29,0
-0.45,1,0,0,-1.14,-1.04,-1.23,2,1,0,-0.64,0,0,0.07,0
0.03,1,0,0,-0.09,1.03,0.41,1,0.13,1,1.16,0.61,0.13,0.21,0
0.5,0,1,1,-1.23,0.34,0.06,1,0.17,0,0.87,0.53,0,0.23,0
-0.04,0,0,0,0.39,-0.7,0.74,2,0.67,1,-0.23,1.41,0.67,0.07,0
-1.79,0,1,0,-0.28,-0.7,0.25,2,0.67,0,-0.96,2.06,0,0.08,0
0.71,0,1,1,0.01,0,-1.23,2,0.4,0,0.79,0,0,0.13,0
0.78,1,0,1,-0.47,1.38,-1.23,2,0.22,0,-1.49,0,0,0.26,0
-0.25,1,0,1,-1.71,-1.39,-1.23,2,2,0,-0.59,0,0,0.05,0
1.62,0,0,0,-0.76,-1.39,0.27,2,2,0,1.26,0.54,0,0.03,0
-0.31,1,0,1,-0.47,0.34,-1.23,2,0.33,1,-0.02,0,0.33,0.18,0
0,0,0,0,-1.42,0.69,-0.58,1,0.14,1,1.36,0.23,0.14,0.29,0
0.02,1,0,1,-0.28,-1.39,-1.23,2,2,1,0.89,0,2,0.03,0
-0.69,0,0,1,0.77,0.69,0.87,1,0.14,0,-0.12,1.4,0,0.15,0
1.09,1,0,1,-0.18,-0.7,0.9,1,0.33,1,-0.71,2.25,0.33,0.08,0
0.2,1,0,0,-0.37,-0.7,0.43,2,0.67,1,1.3,0.59,0.67,0.09,0
-1.27,1,0,1,-0.85,-1.04,0.83,2,1,0,-0.86,2.53,0,0.07,0
1.52,1,0,0,-0.95,-1.39,-1.23,2,2,1,0.57,0,2,0.03,0
-0.12,0,0,1,-1.14,-0.7,1.19,1,0.33,1,-0.26,1.77,0.33,0.11,0
1.17,1,0,0,-1.42,0.69,-1.23,2,0.29,0,1.5,0,0,0.29,0
0.26,1,0,0,0.39,-1.04,-1.23,1,0.5,1,-0.78,0,0.5,0.05,0
0.7,0,0,1,-1.04,-0.35,-0.17,1,0.25,0,-1.24,2.28,0,0.14,0
-0.63,0,1,0,-0.47,0.34,-1.23,2,0.33,0,1.23,0,0,0.18,0
-0.69,1,0,1,-0.09,1.38,0.45,1,0.11,0,1.33,0.59,0,0.24,0
-0.06,1,0,1,0.2,0.69,-1.23,1,0.14,1,-1.24,0,0.14,0.17,0
1.26,0,0,1,-0.85,0.34,0.37,2,0.33,0,1.69,0.51,0,0.2,0
-1.26,1,0,1,-1.61,0,-1.23,1,0.2,0,0.89,0,0,0.23,0
-1.94,1,0,1,-0.37,-1.04,0.4,1,0.5,1,0.31,0.86,0.5,0.06,0
-0.21,1,0,0,0.1,0.69,-1.23,2,0.29,1,-1.14,0,0.29,0.18,0
1.34,1,0,1,3.54,1.72,0.72,1,0.1,1,-0.61,1.87,0.1,0.13,0
-0.69,0,1,1,-0.66,0,-1.23,2,0.4,0,-1.55,0,0,0.16,0
1.05,0,0,1,-0.85,-0.35,0.08,1,0.25,1,-1.1,2.21,0.25,0.13,0
0.48,1,0,0,0.77,0.34,0.83,1,0.17,1,1.18,0.76,0.17,0.13,0
2.06,1,0,0,-0.66,0.69,-1.23,2,0.29,0,0.96,0,0,0.22,0
-2.05,1,0,0,-0.66,0,-1.23,2,0.4,1,-0.43,0,0.4,0.16,0
0.45,1,0,0,-1.61,-0.35,-1.23,2,0.5,1,-1.54,0,0.5,0.18,0
-0.81,1,0,1,-0.56,0,-1.23,1,0.2,1,-1.03,0,0.2,0.15,0
-1.51,0,0,1,-0.95,-0.7,1.11,2,0.67,1,-0.73,2.51,0.67,0.1,0
0.77,0,0,0,-0.56,0.69,0.62,2,0.29,1,1.34,0.65,0.29,0.21,0
1.45,1,0,1,-0.18,-1.04,1.4,2,1,0,-0.42,2.16,0,0.05,0
-1.19,1,0,1,0.67,-1.39,-0.17,1,1,0,-0.68,1.08,0,0.02,0
0.5,0,1,1,0.77,-1.39,-1.23,2,2,1,-1.22,0,2,0.02,0
-1.56,0,1,0,0.77,1.03,0.83,1,0.13,0,1.38,0.72,0,0.17,0
0.58,0,1,0,1.34,0.34,0.53,1,0.17,1,-0.83,2.1,0.17,0.11,0
-1.24,0,0,0,0.29,0.34,0.19,2,0.33,0,-0.43,1.17,0,0.14,0
-0.97,1,0,0,-1.04,0.69,1.12,2,0.29,0,1.46,0.79,0,0.25,0
0.09,1,0,0,-0.09,-0.7,-1.23,2,0.67,0,1.02,0,0,0.08,0
-0.78,0,1,0,-0.76,0.34,-1.23,2,0.33,1,-0.08,0,0.33,0.19,0
1.29,0,0,1,-0.28,-1.04,0.54,2,1,1,-0.49,1.53,1,0.06,0
1.26,0,1,1,-0.85,-0.35,0.03,1,0.25,0,-1.71,43.93,0,0.13,0
0.17,0,0,0,0.01,-0.35,0.12,2,0.5,0,0.32,0.71,0,0.1,0
1.25,1,0,0,2.58,0.69,1.08,1,0.14,1,0.53,1.1,0.14,0.11,0
-1.32,0,0,1,2.3,0.34,0.64,1,0.17,1,0.34,0.97,0.17,0.1,0
0.12,0,0,1,-0.56,-1.73,0.43,1,1,1,1.09,0.64,1,0,0
0.69,1,0,1,0.29,0,-1.23,2,0.4,0,1.26,0,0,0.12,0
0.99,1,0,1,-1.42,-0.7,0.98,2,0.67,1,1.22,0.81,0.67,0.13,0
-0.84,1,0,1,-1.04,0.69,-1.23,2,0.29,0,-0.45,0,0,0.25,0
-0.74,1,0,1,-0.28,1.38,0.85,1,0.11,1,-0.68,2.13,0.11,0.25,0
-1.36,1,0,0,-1.71,-1.39,1.12,2,2,1,1.65,0.75,2,0.05,0
0.47,0,0,1,-0.85,-0.35,0.6,1,0.25,1,1.63,0.59,0.25,0.13,0
0.44,0,0,1,-1.33,0.34,1.12,1,0.17,1,-1.49,10.02,0.17,0.24,0
-0.66,0,0,0,-0.09,-1.73,0.89,2,2,0,-1.19,4.16,0,0,0
0.16,1,0,0,2.58,0.69,-1.23,2,0.29,1,-0.01,0,0.29,0.11,0
-1.43,1,0,1,-1.42,0.34,-1.23,2,0.33,0,-1.09,0,0,0.25,0
0.4,0,1,0,-1.04,-0.7,-1.23,2,0.67,1,1.61,0,0.67,0.11,0
1.58,1,0,0,-1.23,-0.35,-1.23,2,0.5,1,1.41,0,0.5,0.15,0
-1.06,0,0,1,-0.66,0,1.58,1,0.2,1,0.96,1.13,0.2,0.16,0
0.44,1,0,1,2.77,-0.35,0.34,1,0.25,1,-0.67,1.59,0.25,0.06,0
-1.57,0,0,0,1.53,-0.35,0.81,2,0.5,0,0.4,1.03,0,0.07,0
-0.27,0,1,1,0.67,-0.7,-1.23,2,0.67,1,-0.65,0,0.67,0.07,0
0.85,1,0,1,0.29,1.38,0.7,1,0.11,0,1.46,0.65,0,0.21,0
-0.23,1,0,0,-0.09,-0.7,-1.23,2,0.67,1,-0.89,0,0.67,0.08,0
-0.18,1,0,0,-0.56,-0.7,-1.23,2,0.67,0,1.58,0,0,0.09,0
-0.95,0,0,0,-0.28,-1.39,0.45,2,2,1,-0.8,1.93,2,0.03,0
0.97,0,0,1,-0.09,0.34,-0.06,2,0.33,0,-0.37,0.93,0,0.16,0
0.15,0,1,0,0.1,-1.39,1.55,1,1,1,0.29,1.49,1,0.03,0
-0.13,1,0,0,0.29,0.69,1.43,1,0.14,0,-1.17,5.03,0,0.17,0
1.93,0,1,1,-0.76,1.38,0.45,1,0.11,1,-0.85,2.05,0.11,0.29,0
-1.06,1,0,0,-0.28,-0.7,-1.23,1,0.33,0,-0.59,0,0,0.08,0
1.93,0,0,1,-0.09,-1.04,0.81,1,0.5,1,-0.36,1.59,0.5,0.05,0
0.08,1,0,0,0.48,0.34,1.15,1,0.17,0,0.53,1.14,0,0.14,0
-1,1,0,0,-0.09,-0.35,0.98,2,0.5,1,1.26,0.8,0.5,0.11,0
0.76,0,0,1,-0.85,0.69,0.62,1,0.14,0,-1.48,7.58,0,0.23,0
0.75,1,0,1,0.29,-1.04,0.36,1,0.5,1,-1.44,5.66,0.5,0.05,0
-0.68,0,0,0,0.01,0.69,1.43,2,0.29,0,0.55,1.26,0,0.18,0
-0.92,0,1,1,-0.66,0.34,1.36,1,0.17,0,-0.15,1.77,0,0.19,0
0.71,1,0,1,-0.66,1.38,1.12,1,0.11,1,-0.4,1.9,0.11,0.28,0
0.96,1,0,1,0.29,0.69,0.01,2,0.29,1,-0.34,0.96,0.29,0.17,0
0.32,0,1,1,2.68,0.69,-1.23,2,0.29,1,1.11,0,0.29,0.1,0
-1.34,1,0,0,0.01,0.34,-1.23,2,0.33,1,-1.26,0,0.33,0.15,0
0.94,0,1,1,-1.33,-0.35,-1.23,2,0.5,1,-0.46,0,0.5,0.16,0
-0.3,1,0,1,-0.37,1.03,-1.23,2,0.25,1,0.55,0,0.25,0.23,0
0.19,1,0,1,0.58,0.69,1.17,1,0.14,1,1.28,0.86,0.14,0.16,0
-0.7,1,0,1,1.91,0.69,0.82,1,0.14,1,-0.57,1.89,0.14,0.12,0
-1.35,0,1,0,2.3,0,1.38,1,0.2,1,-1.14,4.67,0.2,0.08,0
-0.74,0,1,1,-0.18,0,1.21,2,0.4,0,0.35,1.27,0,0.14,0
0.49,0,1,0,0.01,1.38,1.37,1,0.11,0,-0.17,1.8,0,0.23,0
-1.06,0,1,1,0.01,0.69,0.88,1,0.14,0,1.13,0.8,0,0.18,0
0.03,0,0,1,-0.76,1.38,1.07,1,0.11,0,-0.29,1.71,0,0.29,0
0.86,0,1,0,-0.18,-1.04,0.86,1,0.5,0,-1.14,3.77,0,0.05,0
1.48,1,0,0,0.2,0.69,-1.23,2,0.29,1,-0.45,0,0.29,0.17,0
-0.1,1,0,1,-0.85,-1.04,0.18,2,1,1,-1.61,12.02,1,0.07,0
1.79,1,0,1,-0.85,-1.73,0.92,1,1,1,1.08,0.82,1,0,0
-1.21,0,1,0,-0.56,-0.7,1.2,1,0.33,0,1.73,0.76,0,0.09,0
0.03,0,1,1,1.53,-1.04,-0.1,1,0.5,1,-0.66,1.13,0.5,0.04,0
-1.58,1,0,1,-0.47,0,-1.23,2,0.4,1,-0.15,0,0.4,0.15,0
0.34,1,0,1,-0.85,1.72,-0.3,1,0.1,0,-0.36,0.73,0,0.33,0
-0.34,0,0,1,0.29,1.03,1.24,2,0.25,1,-0.41,2,0.25,0.19,0
-1.16,1,0,1,-0.18,-1.39,0.93,1,1,0,1.09,0.83,0,0.03,0
-0.08,0,1,1,-0.47,-0.7,0.11,1,0.33,1,-1.37,3.89,0.33,0.09,0
-2.3,1,0,0,-0.76,-1.04,-1.23,2,1,0,-0.79,0,0,0.06,0
0.7,1,0,0,-0.76,-1.73,0.67,2,2,0,0.05,1.14,0,0,0
-0.06,0,1,1,0.96,-1.04,-1.23,2,1,0,-1.57,0,0,0.04,0
0.62,1,0,1,-0.56,1.72,0.67,2,0.2,1,1.61,0.61,0.2,0.3,0
-0.62,0,1,1,-0.85,1.03,0.78,2,0.25,0,-0.86,2.47,0,0.27,0
1.01,0,0,0,-1.14,-1.04,0.23,1,0.5,1,0.55,0.69,0.5,0.07,0
2.06,1,0,0,-0.18,0.69,1.23,1,0.14,1,0.91,1.01,0.14,0.19,0
1.64,1,0,1,-0.09,-0.7,-1.23,2,0.67,1,-0.35,0,0.67,0.08,0
-0.45,0,1,0,-1.14,0,0.39,1,0.2,0,-1.61,13.22,0,0.19,0
2.06,1,0,0,-0.76,-0.35,-1.23,2,0.5,1,-1.17,0,0.5,0.13,0
1.09,0,0,1,0.2,-1.04,0.77,2,1,1,-0.92,2.64,1,0.05,0
0.38,1,0,0,0.77,0.69,-1.23,2,0.29,1,1.35,0,0.29,0.15,0
0.76,1,0,1,0.1,0.34,-1.23,2,0.33,0,0.11,0,0,0.15,0
0.51,1,0,0,0.48,-1.04,-0.28,1,0.5,0,-1.45,3.48,0,0.05,0
0.38,0,0,1,-1.23,-1.04,1.06,1,0.5,1,0.93,0.93,0.5,0.08,0
-0.39,1,0,0,0.67,1.03,1.46,1,0.13,1,-0.97,3.78,0.13,0.17,0
1.35,1,0,0,-0.09,-0.7,0.83,2,0.67,0,-0.64,2.03,0,0.08,0
0.54,0,1,1,-1.8,-0.7,1.42,1,0.33,1,-1.02,3.97,0.33,0.15,0
-0.11,0,1,0,0.67,1.03,-1.23,2,0.25,0,-0.19,0,0,0.17,0
2.05,0,0,1,-0.18,0.69,1.07,2,0.29,1,-1.44,8.29,0.29,0.19,0
1.32,1,0,1,-0.09,-0.7,1.1,2,0.67,1,0.46,1.14,0.67,0.08,0
-1.15,0,0,0,-0.09,1.03,0.09,1,0.13,0,-1.51,6.28,0,0.21,0
-1.67,0,0,1,-1.04,-1.39,0.05,2,2,1,1.18,0.47,2,0.04,0
-0.34,0,1,1,-0.09,0,0.8,1,0.2,0,-0.14,1.38,0,0.13,0
0.62,0,0,0,-0.85,1.72,0.91,2,0.2,0,0.97,0.86,0,0.33,0
-0.26,1,0,1,1.25,0,1.42,1,0.2,1,-0.56,2.43,0.2,0.1,0
0.33,0,1,1,0.67,0.69,0.83,1,0.14,1,-0.65,2.04,0.14,0.15,0
0.02,0,1,1,3.06,-0.35,-1.23,1,0.25,1,0.35,0,0.25,0.06,0
0.2,0,1,1,0.29,-0.7,0.08,1,0.33,0,1.53,0.43,0,0.07,0
-0.85,0,1,0,-1.23,0.34,-1.23,2,0.33,0,1.15,0,0,0.23,0
-0.08,1,0,1,-0.85,0,0.29,1,0.2,1,1.14,0.57,0.2,0.17,0
-1.34,1,0,1,-0.18,-1.04,-1.23,2,1,1,-0.24,0,1,0.05,0
-0.37,1,0,1,-0.66,0.69,0.25,1,0.14,1,-1.69,33.46,0.14,0.22,0
-0.78,0,1,1,0.39,-0.7,-1.23,1,0.33,0,-0.29,0,0,0.07,0
0.69,1,0,0,0.2,-0.7,0.95,1,0.33,1,0.06,1.31,0.33,0.07,0
-0.25,0,1,1,-0.95,0.69,-1.23,2,0.29,0,-0.88,0,0,0.24,0
0.86,0,1,1,0.01,0.34,-1.23,1,0.17,1,-0.09,0,0.17,0.15,0
0.6,1,0,1,0.96,-0.35,1.25,2,0.5,1,-1.07,3.98,0.5,0.08,0
-0.62,1,0,1,0.39,-0.7,-1.23,2,0.67,1,1.72,0,0.67,0.07,0
0.14,1,0,1,0.39,1.38,1.8,2,0.22,1,-0.76,3.37,0.22,0.21,0
-2.27,1,0,1,-0.18,-1.73,0.71,1,1,1,0.29,1.03,1,0,0
-0.04,0,0,0,-1.61,-0.7,0.34,2,0.67,1,-0.66,1.58,0.67,0.14,0
-0.75,1,0,1,-0.66,-0.35,-1.23,2,0.5,1,0.73,0,0.5,0.13,0
-0.99,0,0,1,0.2,1.72,0.59,2,0.2,1,1.48,0.61,0.2,0.24,0
1.29,0,1,1,-0.85,-0.35,-1.23,2,0.5,1,-0.74,0,0.5,0.13,0
2.06,0,0,1,0.01,-0.7,0.77,2,0.67,1,0.35,1.03,0.67,0.08,0
-0.06,0,1,0,-0.18,0.69,-1.23,2,0.29,0,-1.5,0,0,0.19,0
0.4,0,1,0,-0.76,-0.35,-1.23,2,0.5,1,0.64,0,0.5,0.13,0
1.23,1,0,0,-1.23,0.69,-1.23,2,0.29,0,1.33,0,0,0.27,0
-0.41,1,0,0,0.39,1.03,-0.19,1,0.13,0,0.26,0.56,0,0.19,0
-1.67,1,0,1,-0.09,1.03,-1.23,2,0.25,1,1.69,0,0.25,0.21,0
-0.19,1,0,1,0.48,-0.7,0.5,1,0.33,0,1.49,0.58,0,0.07,0
-2.29,1,0,0,-1.14,0.34,0.65,2,0.33,1,-1.32,4.88,0.33,0.22,0
1.22,0,1,0,0.48,0.34,-0.25,1,0.17,1,1.36,0.34,0.17,0.14,0
0.67,0,1,0,-0.37,-0.35,-0.58,2,0.5,1,1.73,0.2,0.5,0.11,0
0.18,0,0,0,-0.66,1.72,0.25,1,0.1,1,-0.98,2.11,0.1,0.31,0
-0.26,0,0,1,-1.23,-0.7,0.87,1,0.33,0,0.4,1.06,0,0.12,0
0.11,0,1,0,0.29,-0.7,-1.23,2,0.67,0,-1.11,0,0,0.07,0
-0.82,1,0,0,-1.52,1.72,1.2,1,0.1,1,-1.44,8.8,0.1,0.43,0
0.68,1,0,0,-0.37,1.03,0.58,1,0.13,1,-1.43,6.32,0.13,0.23,0
1.11,1,0,0,0.29,0.69,-1.23,2,0.29,1,-0.42,0,0.29,0.17,0
0.77,1,0,1,2.58,-0.35,0.16,1,0.25,1,0.72,0.61,0.25,0.06,0
0.03,1,0,0,-1.14,1.38,-1.23,2,0.22,0,-0.06,0,0,0.33,0
1.48,0,1,1,0.58,1.03,0.2,2,0.25,0,0.29,0.76,0,0.18,0
1.87,1,0,0,-0.66,-1.04,1.11,1,0.5,0,1.59,0.76,0,0.06,0
-0.93,1,0,1,-0.95,1.38,0.7,1,0.11,1,1.28,0.69,0.11,0.31,0
0.56,0,1,1,0.67,0.69,-1.23,2,0.29,0,0.3,0,0,0.15,0
-1.38,0,1,0,-0.95,0,-1.23,2,0.4,0,0.06,0,0,0.17,0
0.35,1,0,0,-1.14,1.38,0.74,2,0.22,1,0.66,0.89,0.22,0.33,0
-0.32,0,1,0,0.39,-1.04,-1.23,2,1,0,-1.38,0,0,0.05,0
1.1,1,0,1,-0.95,1.03,0.86,1,0.13,0,-0.39,1.68,0,0.28,0
0.92,1,0,0,-1.14,0.34,-1.23,1,0.17,1,-0.74,0,0.17,0.22,0
-0.81,0,1,1,-1.52,-1.04,0.81,1,0.5,1,-0.57,1.89,0.5,0.09,0
0.73,1,0,1,2.87,-1.04,0.51,1,0.5,1,1.36,0.61,0.5,0.03,0
0.58,1,0,1,-0.66,1.38,-1.23,2,0.22,0,-1.2,0,0,0.28,0
-2.14,1,0,0,0.1,0,0.13,1,0.2,0,0.76,0.59,0,0.13,0
0.36,0,0,0,-0.85,-0.35,0.14,2,0.5,1,1.64,0.44,0.5,0.13,0
0.23,0,0,0,-0.95,-0.35,0.36,1,0.25,1,-1.57,10.12,0.25,0.14,0
-1.53,0,0,1,-0.85,1.72,0.96,2,0.2,0,-0.92,2.89,0,0.33,0
-1.71,0,0,0,-0.85,0,1.29,1,0.2,1,0.71,1.11,0.2,0.17,0
1.54,0,0,1,-1.04,0.69,1.46,2,0.29,1,0.19,1.51,0.29,0.25,0
-0.68,0,1,0,-0.56,1.03,-1.23,2,0.25,0,0.25,0,0,0.24,0
-0.45,0,0,0,-1.42,-1.04,0.53,2,1,1,0.48,0.86,1,0.08,0
-1.34,0,0,0,0.1,1.38,0.93,1,0.11,0,-1.43,7.44,0,0.23,0
-1.2,1,0,0,0.48,-1.04,0.61,1,0.5,1,0.63,0.84,0.5,0.05,0
0.76,0,1,1,0.58,0,0.12,1,0.2,1,-1.15,2.46,0.2,0.11,0
-1.35,0,0,1,-0.66,0,0.54,1,0.2,0,-0.76,1.96,0,0.16,0
0.47,0,1,1,0.2,1.38,0.82,1,0.11,1,1.59,0.67,0.11,0.22,0
0.07,0,0,1,-0.85,-1.39,1.01,2,2,1,-1.33,5.99,2,0.03,0
0.78,1,0,0,0.29,-1.04,0.53,1,0.5,1,1.31,0.62,0.5,0.05,0
-0.62,1,0,0,0.01,-0.35,1.19,1,0.25,0,-1.48,10.08,0,0.1,0
-1.04,1,0,1,1.72,0,-1.23,1,0.2,1,0.58,0,0.2,0.09,0
-0.51,1,0,0,-1.23,1.03,0.04,1,0.13,1,-1.33,3.33,0.13,0.31,0
1.75,1,0,0,-0.95,-0.7,0.09,1,0.33,1,0.28,0.71,0.33,0.1,0
0.17,1,0,1,0.87,-1.04,-1.23,1,0.5,0,-0.99,0,0,0.04,0
-0.8,0,1,0,0.48,-0.35,-1.23,1,0.25,1,-0.09,0,0.25,0.09,0
1.08,1,0,1,2.2,-1.39,0.82,2,2,1,0.74,0.9,2,0.02,0
-1.02,1,0,0,0.2,1.38,0.77,1,0.11,0,0.62,0.92,0,0.22,0
-0.54,0,1,1,0.48,1.03,-1.23,2,0.25,0,0.84,0,0,0.18,0
-0.77,0,0,1,-1.04,-1.39,0.69,2,2,1,-0.71,2.02,2,0.04,0
0.2,1,0,0,-0.76,1.38,-1.23,1,0.11,1,-0.41,0,0.11,0.29,0
1.32,1,0,0,2.49,0.69,-1.23,1,0.14,1,-0.39,0,0.14,0.11,0
-0.24,0,1,1,0.48,0.34,-1.23,1,0.17,1,0.25,0,0.17,0.14,0
0.34,1,0,1,0.39,1.03,-1.23,1,0.13,0,-0.06,0,0,0.19,0
-0.7,1,0,0,-0.09,1.72,-1.23,2,0.2,1,0.23,0,0.2,0.26,0
0.56,1,0,0,-1.42,0.69,0.38,1,0.14,0,0.37,0.83,0,0.29,0
-0.14,1,0,1,-0.56,-1.04,1.11,1,0.5,1,0.16,1.33,0.5,0.06,0
-0.58,0,0,0,-1.23,0.34,0.94,2,0.33,0,0.54,1.03,0,0.23,0
-1.03,1,0,0,-0.09,1.72,-1.23,2,0.2,1,-1.74,0,0.2,0.26,0
0.22,1,0,0,1.34,0.69,-1.23,1,0.14,1,0.64,0,0.14,0.13,0
0.37,0,0,1,-0.37,-1.04,0.53,2,1,1,-0.24,1.27,1,0.06,0
-0.12,0,1,1,-1.04,1.03,-1.23,2,0.25,0,0.46,0,0,0.29,0
2.06,1,0,1,2.58,-0.35,-1.23,2,0.5,1,-0.62,0,0.5,0.06,0
-1.92,1,0,1,-1.33,-1.04,0.03,2,1,1,-1.56,7.47,1,0.08,0
-0.75,1,0,1,-1.52,1.72,0.2,1,0.1,1,0.44,0.71,0.1,0.43,0
-0.41,0,1,1,-0.47,-0.35,-1.23,2,0.5,0,1.23,0,0,0.12,0
-1.38,1,0,1,-0.18,0,0.59,1,0.2,1,-1.19,3.6,0.2,0.14,0
-0.14,0,1,0,0.1,0.34,-1.23,2,0.33,1,1.42,0,0.33,0.15,0
1.61,1,0,0,-0.66,-0.7,-0.2,1,0.33,0,0.98,0.41,0,0.09,0
-0.18,1,0,0,-0.95,0.69,1.5,1,0.14,0,-1.67,39.79,0,0.24,0
-0.27,0,0,0,-0.37,-1.73,1.66,2,2,0,1.1,1.1,0,0,0
-0.85,0,0,0,-0.76,-1.39,-0.24,2,2,1,-0.67,1,2,0.03,0
1.61,1,0,1,0.87,-0.35,1.41,1,0.25,1,-1.37,7.68,0.25,0.08,0
0.78,0,1,0,-1.23,-1.39,0.07,1,1,1,-1.41,4.2,1,0.04,0
-1.02,1,0,1,-0.28,1.03,-1.23,2,0.25,0,0.56,0,0,0.22,0
1.08,0,0,0,-0.85,0.34,1.25,2,0.33,1,-0.65,2.46,0.33,0.2,0
-0.17,1,0,1,-1.23,1.03,-1.23,1,0.13,0,-1.36,0,0,0.31,0
1.09,1,0,0,-1.23,0,0.4,2,0.4,1,0.95,0.66,0.4,0.19,0
1.3,1,0,1,-0.18,-1.04,-1.23,1,0.5,1,-1.6,0,0.5,0.05,0
-0.57,0,0,1,-0.66,1.03,0.88,2,0.25,1,-0.53,1.89,0.25,0.25,0
-0.05,1,0,1,-0.85,0,0.35,1,0.2,1,-1.52,7.68,0.2,0.17,0
-0.61,0,1,1,-0.09,1.03,-1.23,2,0.25,0,1.4,0,0,0.21,0
-0.79,1,0,1,-1.23,1.03,0.34,1,0.13,1,-0.99,2.26,0.13,0.31,0
2.06,1,0,1,-0.28,-1.39,0.44,2,2,1,-0.55,1.52,2,0.03,0
2.06,0,1,0,-0.95,-1.39,-1.23,2,2,1,1.7,0,2,0.03,0
-0.09,1,0,0,0.01,-0.35,-1.23,1,0.25,1,-0.4,0,0.25,0.1,0
-0.43,1,0,0,0.01,1.03,1.04,1,0.13,1,1.31,0.81,0.13,0.21,0
1.52,0,1,0,-0.76,1.03,-1.23,2,0.25,0,0.31,0,0,0.26,0
0.3,0,1,0,-0.85,-0.7,-1.23,1,0.33,0,1.04,0,0,0.1,0
-2.09,1,0,1,1.25,0.34,-1.23,2,0.33,1,0.41,0,0.33,0.12,0
0.36,0,0,1,1.72,0.69,0.41,1,0.14,1,0.23,0.9,0.14,0.12,0
-0.84,0,1,1,-0.09,1.03,-1.23,2,0.25,0,-0.36,0,0,0.21,0
-0.2,1,0,1,-0.37,1.38,0.58,2,0.22,0,-1.31,4.59,0,0.26,0
-0.57,0,0,0,-1.33,0.69,0.48,2,0.29,1,1.34,0.6,0.29,0.28,0
-1.96,1,0,0,-1.04,1.03,-1.23,1,0.13,1,0.06,0,0.13,0.29,0
0.11,1,0,0,-0.76,0.69,1.08,2,0.29,1,-1.49,9.95,0.29,0.23,0
1.51,0,0,1,0.01,0,0.16,2,0.4,0,0.09,0.82,0,0.13,0
0.94,1,0,1,-0.66,1.03,-1.23,2,0.25,0,0.76,0,0,0.25,0
1,1,0,1,-1.14,1.72,-1.23,2,0.2,0,-1.51,0,0,0.37,0
-1.05,0,0,0,0.39,-0.7,0.94,1,0.33,0,-1.63,22.12,0,0.07,0
-0.77,1,0,1,-0.28,0.34,-1.23,2,0.33,1,-0.9,0,0.33,0.17,0
-1.27,1,0,1,-0.18,0.34,0.44,1,0.17,0,1.69,0.53,0,0.16,0
-1.2,1,0,1,-0.56,-1.04,0.91,1,0.5,1,0.18,1.21,0.5,0.06,0
-0.78,0,1,0,-0.18,-1.73,-1.23,2,2,0,-1.22,0,0,0,0
0.06,1,0,1,0.01,1.72,-1.23,2,0.2,1,-0.02,0,0.2,0.26,0
-2.18,1,0,1,0.29,-1.04,-1.23,2,1,0,-0.87,0,0,0.05,0
-1.15,0,1,1,-0.09,1.03,-0.08,2,0.25,1,-1.57,7.09,0.25,0.21,0
2.06,0,1,1,0.01,0.34,0.91,1,0.17,1,-1.38,6.41,0.17,0.15,0
-0.05,1,0,0,-0.18,0.69,0.32,1,0.14,0,1.1,0.59,0,0.19,0
0.97,1,0,1,1.44,0.34,0.28,2,0.33,1,0.7,0.67,0.33,0.11,0
0.62,0,1,0,-0.28,1.03,-1.23,2,0.25,0,-0.29,0,0,0.22,0
-1.49,0,1,0,-0.95,0.34,-1.23,2,0.33,1,-0.09,0,0.33,0.21,0
1.41,1,0,0,-0.37,-1.39,0.48,1,1,1,-1.45,6.4,1,0.03,0
-0.54,0,1,1,0.2,1.03,-1.23,2,0.25,1,1.08,0,0.25,0.2,0
1.51,1,0,1,1.15,0.34,-1.23,2,0.33,1,1.65,0,0.33,0.12,0
-0.84,0,1,0,0.2,-0.35,1.02,1,0.25,1,1.1,0.86,0.25,0.1,0
0.63,1,0,1,-0.47,1.03,-1.23,2,0.25,0,-0.9,0,0,0.24,0
0.11,0,0,1,-0.37,1.03,0.76,1,0.13,0,-0.23,1.43,0,0.23,0
-2.44,1,0,1,-0.66,0,1.11,1,0.2,1,-1.69,47.58,0.2,0.16,0
-0.75,0,1,1,-1.52,1.03,-1.23,2,0.25,0,0.21,0,0,0.35,0
-0.41,1,0,0,-1.23,-1.04,0.5,2,1,1,0.36,0.89,1,0.08,0
-0.52,1,0,0,-1.04,0.34,-1.23,2,0.33,1,-0.83,0,0.33,0.21,0
0.11,0,0,0,-0.66,-1.39,1.11,1,1,1,-0.76,2.58,1,0.03,0
2.06,1,0,0,-0.18,-0.7,2.18,1,0.33,1,-0.53,3.07,0.33,0.08,0
1.17,0,1,0,-0.56,1.38,1.48,1,0.11,1,0.33,1.42,0.11,0.27,0
1.94,1,0,0,-0.47,1.03,-1.23,2,0.25,0,-1.26,0,0,0.24,0
1.76,1,0,0,-1.04,1.03,-1.23,1,0.13,1,-1.1,0,0.13,0.29,0
-0.45,0,1,0,-0.28,-0.35,0.35,1,0.25,1,-0.93,2.12,0.25,0.11,0
-0.96,1,0,1,-0.09,1.03,0.59,1,0.13,1,0.92,0.74,0.13,0.21,0
-1.25,0,0,1,-1.52,-1.39,0.97,2,2,1,1.13,0.83,2,0.04,0
0.04,0,0,1,-0.18,0,0.57,1,0.2,0,-0.42,1.48,0,0.14,0
-1.25,1,0,0,-0.56,-0.35,0.85,1,0.25,1,1.27,0.75,0.25,0.12,0
0.06,0,1,1,2.87,0.34,1.4,1,0.17,1,-1.11,4.54,0.17,0.09,0
-1.35,0,1,1,0.39,0.69,-1.23,2,0.29,1,-1.11,0,0.29,0.16,0
-0.5,0,0,0,0.29,0.34,1.31,1,0.17,1,0.55,1.2,0.17,0.14,0
0.52,0,0,0,0.87,-1.39,0.25,1,1,1,0.59,0.69,1,0.02,0
0.03,0,1,0,-0.85,-1.04,0.19,2,1,1,-0.06,0.91,1,0.07,0
0.18,0,1,1,-1.33,1.03,-1.23,2,0.25,1,0.61,0,0.25,0.32,0
-0.12,0,1,0,1.44,-1.04,-1.23,2,1,1,-0.8,0,1,0.04,0
0.82,0,1,0,1.25,0.69,-1.23,2,0.29,1,0.39,0,0.29,0.13,0
1.34,1,0,1,-0.47,-1.39,-1.23,1,1,1,-0.61,0,1,0.03,0
-0.61,1,0,0,-0.09,1.03,0.69,2,0.25,1,-1.4,6.16,0.25,0.21,0
-0.23,1,0,1,-0.47,-0.35,1.32,2,0.5,1,0.45,1.26,0.5,0.12,0
2.06,0,1,0,-0.95,1.72,-1.23,2,0.2,1,-0.09,0,0.2,0.34,0
-0.82,1,0,0,-0.37,-1.39,0.45,2,2,1,1.36,0.59,2,0.03,0
1.13,0,0,1,0.29,-1.73,0.02,2,2,1,-0.04,0.8,2,0,0
0.72,0,0,0,0.39,1.72,0.55,1,0.1,0,-0.47,1.52,0,0.23,0
-0.19,0,0,1,0.29,-0.35,0.69,2,0.5,1,1.67,0.61,0.5,0.1,0
-0.95,0,1,0,0.1,0,1,1,0.2,1,-1.17,4.26,0.2,0.13,0
1.27,0,0,0,0.29,1.03,1.22,2,0.25,0,1.25,0.89,0,0.19,0
-0.72,1,0,1,-0.09,-1.39,-1.23,2,2,0,-0.94,0,0,0.03,0
-1.31,0,0,0,-0.18,1.38,0.82,2,0.22,0,1.38,0.71,0,0.24,0
0.26,1,0,1,0.1,1.03,0.6,1,0.13,1,-0.56,1.68,0.13,0.2,0
-0.58,1,0,1,-1.52,0,1.28,1,0.2,0,1.06,0.97,0,0.22,0
0.18,1,0,0,-0.37,0.34,0.42,1,0.17,1,-0.8,1.9,0.17,0.17,0
0.28,0,0,1,-1.52,1.72,0.63,1,0.1,1,-0.15,1.26,0.1,0.43,0
-1.09,1,0,1,-1.52,-1.04,-1.23,2,1,0,1.56,0,0,0.09,0
-0.39,1,0,0,0.1,1.38,0.31,2,0.22,1,-0.68,1.58,0.22,0.23,0
0.38,0,1,0,-1.71,1.03,-1.23,2,0.25,1,0.95,0,0.25,0.38,0
0.67,1,0,1,-1.04,0.69,1.34,1,0.14,0,1.68,0.81,0,0.25,0
-0.34,0,0,1,0.2,1.03,-0.62,1,0.13,1,1.66,0.19,0.13,0.2,0
0.73,1,0,0,-0.37,0.34,0.67,1,0.17,1,-1.69,38.31,0.17,0.17,0
-2.13,0,0,0,-0.47,0.69,0.88,2,0.29,1,-0.51,1.86,0.29,0.21,0
0.41,1,0,1,-0.09,-1.39,0.29,2,2,1,-0.78,1.72,2,0.03,0
0.21,0,1,0,0.29,-0.7,-1.23,2,0.67,1,0.49,0,0.67,0.07,0
-1.16,1,0,1,-0.56,0.34,0.28,1,0.17,1,1.72,0.47,0.17,0.18,0
0.87,1,0,0,-0.56,-0.35,-1.23,2,0.5,0,0.86,0,0,0.12,0
-0.61,1,0,0,-0.18,0.69,-1.23,2,0.29,1,0.46,0,0.29,0.19,0
1,1,0,1,2.11,0.69,1.27,1,0.14,1,0.83,1.06,0.14,0.11,0
0.25,0,0,1,-0.28,0.69,0.21,1,0.14,1,0.86,0.6,0.14,0.19,0
-0.19,0,1,0,0.01,0,0.34,2,0.4,0,-0.11,1.05,0,0.13,0
-0.31,1,0,1,0.01,0.34,-1.23,2,0.33,1,-0.72,0,0.33,0.15,0
-1.34,0,1,1,-0.95,-0.7,-0.26,1,0.33,0,0.94,0.39,0,0.1,0
-0.62,0,1,1,-0.28,0.69,0.94,1,0.14,1,0.38,1.11,0.14,0.19,0
0.57,0,0,0,-1.04,0.34,0.78,2,0.33,1,-0.87,2.48,0.33,0.21,0
0.27,1,0,1,-0.09,-0.35,-1.23,2,0.5,0,1.53,0,0,0.11,0
1.23,0,0,1,-1.14,0.69,1.8,1,0.14,0,1.24,1.1,0,0.26,0
1.25,1,0,1,-0.66,0,-0.23,1,0.2,1,-1.03,1.52,0.2,0.16,0
0.2,1,0,0,0.29,-1.39,0.63,2,2,1,-1.23,3.93,2,0.02,0
-1.38,1,0,1,-1.04,-1.04,0.62,1,0.5,0,1.37,0.64,0,0.07,0
1.9,1,0,0,0.96,1.03,1.35,2,0.25,0,0.51,1.24,0,0.16,0
-0.77,0,0,0,-0.28,1.03,1.44,1,0.13,1,-1.34,7.14,0.13,0.22,0
0.7,1,0,0,-0.76,-1.39,1.22,1,1,1,-1.44,8.91,1,0.03,0
-0.15,0,0,0,-0.76,1.38,0.07,2,0.22,1,-0.44,1.08,0.22,0.29,0
-0.87,0,0,0,0.1,-1.04,0.33,2,1,0,0.95,0.63,0,0.05,0
0.63,1,0,1,2.39,-0.35,-1.23,2,0.5,1,-1.69,0,0.5,0.06,0
-0.79,1,0,0,0.01,-1.04,0.74,2,1,0,-0.2,1.39,0,0.05,0
-0.33,1,0,0,-0.37,1.03,0.89,1,0.13,0,-0.6,2.01,0,0.23,0
-0.65,1,0,0,-1.42,-1.73,-1.23,2,2,1,0.7,0,2,0,0
0.92,0,0,1,-0.95,-0.7,-0.27,2,0.67,1,0.09,0.56,0.67,0.1,0
-0.1,1,0,1,3.63,1.38,-1.23,3,0.33,1,-0.32,0,0.33,0.12,0
0.36,0,0,0,-1.71,0.34,0.34,1,0.17,1,1.13,0.59,0.17,0.29,0
-0.58,1,0,0,0.96,-0.35,-1.23,2,0.5,1,-1.33,0,0.5,0.08,0
-0.97,0,1,0,0.1,-0.35,-1.23,2,0.5,1,0.09,0,0.5,0.1,0
0.48,1,0,1,-1.14,1.03,1.04,2,0.25,0,-0.17,1.56,0,0.3,0
0.06,1,0,1,-1.99,1.72,1.21,1,0.1,1,0.47,1.19,0.1,0.56,0
0.64,0,0,1,0.39,-1.39,1.05,2,2,1,-0.16,1.56,2,0.02,0
0.48,1,0,0,-1.33,-0.35,1.43,2,0.5,0,-1.47,10.71,0,0.16,0
-0.64,1,0,1,-0.09,-1.04,-1.23,1,0.5,0,-0.35,0,0,0.05,0
-1.3,0,1,0,-1.33,1.72,-1.23,2,0.2,0,-0.53,0,0,0.4,0
0.3,1,0,1,0.48,-0.7,-1.23,2,0.67,0,-0.23,0,0,0.07,0
0.3,1,0,1,-0.66,0,0.26,1,0.2,0,0.29,0.79,0,0.16,0
0.12,0,1,0,-0.85,1.38,-1.23,2,0.22,1,1,0,0.22,0.3,0
-0.35,1,0,1,-0.85,-0.7,0.89,1,0.33,0,0.75,0.92,0,0.1,0
-0.92,1,0,1,-0.37,0.69,-1.23,1,0.14,0,-0.89,0,0,0.2,0
0.56,0,1,0,-1.52,0,-1.23,2,0.4,1,-0.47,0,0.4,0.22,0
-1.39,1,0,0,-0.56,0.69,0.81,1,0.14,1,0.35,1.06,0.14,0.21,0
-0.8,1,0,0,-0.18,0.34,-1.23,2,0.33,0,1.63,0,0,0.16,0
-1.16,0,1,0,-0.76,-1.73,-1.23,2,2,0,1.38,0,0,0,0
0.5,1,0,1,0.01,1.38,-1.23,1,0.11,0,-0.33,0,0,0.23,0
-1.52,0,0,1,-0.66,1.03,1.5,2,0.25,1,-1.47,10.87,0.25,0.25,0
-0.7,0,1,1,0.77,0,0.42,1,0.2,0,-0.13,1.11,0,0.11,0
0.64,0,1,1,1.34,-1.04,0.55,2,1,0,-1.28,4.18,0,0.04,0
-0.25,0,1,1,2.2,-0.7,-1.23,1,0.33,1,-0.61,0,0.33,0.05,0
-0.2,1,0,0,-0.47,-0.35,0.77,1,0.25,0,0.12,1.16,0,0.12,0
0.13,1,0,0,-0.18,0.69,-1.23,1,0.14,1,1.48,0,0.14,0.19,0
-1.5,0,0,0,0.2,-0.7,-0.3,1,0.33,0,-1.67,14.31,0,0.07,0
0.54,1,0,0,0.58,0.69,-1.23,2,0.29,1,-0.54,0,0.29,0.16,0
0.49,0,0,0,0.1,1.03,1.19,1,0.13,0,0.25,1.31,0,0.2,0
0.83,0,1,1,0.2,-0.35,-1.23,2,0.5,0,-1.35,0,0,0.1,0
-0.26,1,0,1,-0.47,0.34,-1.23,2,0.33,0,1.69,0,0,0.18,0
-0.36,1,0,1,1.91,0,1.24,1,0.2,1,-1.43,8.69,0.2,0.08,0
-2.12,1,0,1,-0.66,1.03,-1.23,2,0.25,0,0.58,0,0,0.25,0
0.19,1,0,0,0.77,1.38,-0.25,1,0.11,0,-0.73,1.05,0,0.19,0
-0.72,0,0,1,-0.76,0.34,0.65,1,0.17,0,0.12,1.09,0,0.19,0
1.01,1,0,1,0.48,-1.04,0.26,1,0.5,1,-0.25,1.09,0.5,0.05,0
0.3,0,1,0,-0.76,1.38,0.69,2,0.22,1,0.02,1.18,0.22,0.29,0
0.05,1,0,0,-0.18,0.69,0.57,2,0.29,0,-1.56,10.64,0,0.19,0
0.41,0,0,1,-0.66,-1.73,0.48,2,2,1,0.66,0.77,2,0,0
0.46,0,0,1,0.1,0.69,1,1,0.14,1,1.62,0.72,0.14,0.18,0
1.27,1,0,1,1.25,-0.35,-1.23,1,0.25,1,0.77,0,0.25,0.08,0
1.02,1,0,1,0.29,-1.39,0.85,2,2,1,0.76,0.9,2,0.02,0
-0.46,0,1,0,0.67,1.03,-1.23,2,0.25,1,1.45,0,0.25,0.17,0
-1,1,0,1,-1.42,1.72,-1.23,1,0.1,0,-0.14,0,0,0.42,0
-0.86,1,0,0,-0.18,0.69,-1.23,2,0.29,1,-1.24,0,0.29,0.19,0
-0.58,0,0,1,0.2,-1.04,0.74,2,1,1,-1.01,2.91,1,0.05,0
-1.42,1,0,0,-0.18,0.34,-1.23,2,0.33,0,0.17,0,0,0.16,0
0.02,0,0,0,-1.23,-1.39,0.89,1,1,1,1.38,0.74,1,0.04,0
1.38,0,1,1,-0.56,1.72,-1.23,2,0.2,0,1.08,0,0,0.3,0
1.38,0,1,0,0.1,1.03,-1.23,2,0.25,0,0.15,0,0,0.2,0
-0.83,1,0,0,-1.99,-0.35,0.1,1,0.25,0,-0.49,1.15,0,0.22,0
0.64,1,0,0,0.29,-1.39,0.18,1,1,0,-0.14,0.95,0,0.02,0
0.56,0,1,1,0.01,0.34,0.91,1,0.17,1,-0.38,1.71,0.17,0.15,0
0.32,0,1,0,-0.66,-0.7,-1.23,2,0.67,1,-0.7,0,0.67,0.09,0
-0.32,1,0,1,0.2,-1.73,0.34,1,1,0,-0.26,1.15,0,0,0
0.63,1,0,1,1.25,0,-1.23,1,0.2,1,1.04,0,0.2,0.1,0
-0.39,1,0,0,-1.42,0.69,1.03,1,0.14,0,0.5,1.09,0,0.29,0
0.33,0,1,1,-0.28,0,-1.23,2,0.4,1,0.83,0,0.4,0.14,0
2.06,0,1,1,-0.18,-0.35,0.97,1,0.25,1,-1.24,4.75,0.25,0.11,0
-0.51,1,0,0,0.2,-1.39,-1.23,2,2,1,1.05,0,2,0.02,0
0.25,0,1,1,-0.28,-0.7,-0.36,2,0.67,1,-0.79,0.99,0.67,0.08,0
-0.62,0,1,1,-0.76,1.03,-1.23,1,0.13,1,0.72,0,0.13,0.26,0
-0.5,1,0,1,-1.52,0.69,0.6,2,0.29,0,-0.28,1.35,0,0.3,0
-1,0,1,0,-0.47,1.03,-1.23,1,0.13,1,0.12,0,0.13,0.24,0
-1.13,1,0,1,-0.18,1.38,0.68,1,0.11,1,-0.46,1.61,0.11,0.24,0
-1.5,1,0,1,-0.47,0.69,-1.23,2,0.29,0,0.27,0,0,0.21,0
1.69,0,0,1,0.48,1.03,0.3,2,0.25,0,0.12,0.89,0,0.18,0
0.34,1,0,1,-0.85,1.03,0.55,2,0.25,0,-1.31,4.44,0,0.27,0
-1.71,0,0,1,1.15,0.69,1.09,2,0.29,0,-0.85,2.82,0,0.14,0
0.47,0,0,0,-0.76,1.03,0.73,2,0.25,0,-1.15,3.61,0,0.26,0
-0.44,1,0,0,-0.85,1.03,-1.23,2,0.25,0,0.5,0,0,0.27,0
0.37,0,1,1,-1.61,0,-1.23,2,0.4,0,1.02,0,0,0.23,0
1.44,0,0,1,0.29,-1.39,0.15,1,1,0,1.71,0.43,0,0.02,0
0.04,1,0,0,-0.95,-0.35,0.33,1,0.25,1,0.72,0.69,0.25,0.14,0
-2.05,1,0,1,-0.37,-0.35,1.15,1,0.25,1,-1.67,35.48,0.25,0.11,0
0.71,0,1,1,-0.09,-1.73,-1.23,1,1,0,0.47,0,0,0,0
0.58,1,0,0,0.1,0,-1.23,2,0.4,0,-1.03,0,0,0.13,0
0.5,1,0,0,0.96,-1.04,-1.23,1,0.5,0,0.1,0,0,0.04,0
2.06,0,1,1,-0.85,-1.04,-1.23,2,1,1,-1.25,0,1,0.07,0
1.84,0,1,1,-1.04,1.03,0.93,1,0.13,0,-0.36,1.7,0,0.29,0
2.06,0,0,1,-0.85,0,0.75,2,0.4,1,0.04,1.21,0.4,0.17,0
0.64,0,1,1,0.77,-1.39,1.02,1,1,1,-0.08,1.46,1,0.02,0
-0.17,1,0,1,0.48,1.38,1.18,1,0.11,0,-0.75,2.63,0,0.2,0
0.82,0,0,1,0.58,0.34,1.22,1,0.17,0,1.08,0.94,0,0.13,0
0.36,0,0,1,0.39,1.38,0.51,2,0.22,1,1.65,0.56,0.22,0.21,0
1.64,0,1,1,-0.56,1.38,-1.23,1,0.11,1,0.42,0,0.11,0.27,0
-0.03,0,1,1,-0.66,1.03,-1.23,1,0.13,0,0.58,0,0,0.25,0
1.13,0,1,0,1.72,-1.39,-1.23,2,2,1,-1.3,0,2,0.02,0
1.6,0,0,0,-0.56,-0.7,0.47,2,0.67,1,-1.16,3.17,0.67,0.09,0
-0.68,1,0,0,0.01,0.69,-1.23,2,0.29,0,-1.7,0,0,0.18,0
-0.57,0,1,0,-0.85,0,0.39,1,0.2,1,1.36,0.56,0.2,0.17,0
-0.21,1,0,1,0.29,0.34,-1.23,2,0.33,0,1.09,0,0,0.14,0
-0.24,0,0,1,-0.95,0,1.01,2,0.4,0,-0.34,1.73,0,0.17,0
-0.2,0,0,0,-0.18,-1.04,0.73,2,1,1,-1.34,5.26,1,0.05,0
1.3,0,0,1,-0.09,0,0.57,1,0.2,1,-0.18,1.25,0.2,0.13,0
0.26,0,1,0,-0.28,-0.35,-1.23,2,0.5,1,-1.69,0,0.5,0.11,0
1.11,0,1,0,0.1,0,0.27,2,0.4,0,0.4,0.76,0,0.13,0
-0.14,1,0,1,-0.56,-1.73,0.89,2,2,1,-0.44,1.77,2,0,0
2.06,1,0,1,-1.8,0.69,-1.23,2,0.29,0,-1.2,0,0,0.35,0
-0.51,0,1,0,0.48,-0.35,-1.23,2,0.5,0,-0.72,0,0,0.09,0
0.87,1,0,1,0.96,0,0.73,1,0.2,0,0.85,0.82,0,0.1,0
-0.38,0,0,1,-0.66,0.69,0.37,2,0.29,1,-0.85,1.95,0.29,0.22,0
0.22,0,0,0,-1.71,-0.7,1.43,2,0.67,1,1.12,1.01,0.67,0.14,0
-0.09,1,0,1,-0.85,1.03,0.66,1,0.13,0,-0.66,1.9,0,0.27,0
-0.18,0,0,0,-0.95,-1.73,1,1,1,0,1.62,0.72,0,0,0
1.23,0,1,1,0.01,1.38,-1.23,1,0.11,1,-0.91,0,0.11,0.23,0
1.51,0,1,1,0.2,1.03,0.5,1,0.13,0,-1.42,5.81,0,0.2,0
0.67,1,0,1,-1.52,0.69,1.01,2,0.29,0,-0.61,2.14,0,0.3,0
0.46,1,0,0,0.29,0.69,0.72,1,0.14,0,-0.93,2.62,0,0.17,0
1,1,0,0,-1.33,-0.35,-1.23,2,0.5,1,-1.01,0,0.5,0.16,0
-1.81,1,0,1,0.1,0.34,-1.23,1,0.17,1,-1.35,0,0.17,0.15,0
2.06,1,0,0,0.01,0.69,0.04,1,0.14,1,1.51,0.42,0.14,0.18,0
-1.26,1,0,1,-0.85,-1.04,0.64,1,0.5,0,-0.43,1.54,0,0.07,0
-0.67,0,0,1,-0.47,1.38,-0.03,1,0.11,0,-1.48,4.94,0,0.26,0
-0.51,0,0,0,-0.56,0.69,0.61,2,0.29,1,0.92,0.75,0.29,0.21,0
-1.13,1,0,1,-0.95,0.69,0.82,1,0.14,0,-0.24,1.48,0,0.24,0
0.97,0,0,0,0.2,-1.04,0.12,1,0.5,0,1.69,0.43,0,0.05,0
-0.57,0,1,0,-1.52,1.72,0.39,2,0.2,0,-1.1,2.73,0,0.43,0
0.76,0,0,1,-0.56,0,0.43,2,0.4,0,0.37,0.86,0,0.15,0
-0.34,1,0,1,-0.18,-1.04,1.47,2,1,1,0.02,1.66,1,0.05,0
-0.09,0,0,0,-0.85,0,0.85,1,0.2,0,-1.73,222.74,0,0.17,0
-0.69,1,0,1,-0.37,1.38,-1.23,2,0.22,0,1.6,0,0,0.26,0
1.11,1,0,0,-0.47,-1.39,1.24,1,1,1,-0.68,2.54,1,0.03,0
0.69,1,0,1,-0.09,0.69,0.34,1,0.14,0,1.55,0.52,0,0.18,0
-0.41,1,0,1,0.1,-1.39,-1.23,2,2,1,0.04,0,2,0.03,0
1.19,0,0,1,0.39,0.34,0.57,2,0.33,1,-1.1,3.05,0.33,0.14,0
-0.15,1,0,0,-0.47,-0.7,-1.23,2,0.67,1,-0.96,0,0.67,0.09,0
1.69,1,0,0,0.87,0.69,-1.23,2,0.29,1,0.57,0,0.29,0.15,0
1.13,0,1,1,-1.04,-1.39,1.03,2,2,0,-1.46,8.66,0,0.04,0
-0.45,0,0,1,0.01,-1.04,0.13,2,1,1,0.38,0.69,1,0.05,0
-0.52,1,0,1,-0.18,-1.39,1.06,1,1,1,-0.2,1.61,1,0.03,0
0.06,0,0,1,-1.14,-0.35,0.68,2,0.5,1,1.06,0.74,0.5,0.15,0
-0.11,0,1,1,-0.47,-1.39,0.98,1,1,0,-1.31,5.55,0,0.03,0
-2.19,1,0,1,-1.04,0.69,0.55,2,0.29,0,0.67,0.8,0,0.25,0
-1.05,1,0,0,-0.09,1.03,0.49,1,0.13,0,1,0.68,0,0.21,0
-0.3,1,0,1,-0.09,0,-1.23,2,0.4,0,0.09,0,0,0.13,0
0.67,1,0,1,-0.47,-0.35,0.77,1,0.25,0,-0.04,1.27,0,0.12,0
0.07,1,0,0,0.2,0,0.31,1,0.2,1,-0.55,1.4,0.2,0.12,0
0.54,1,0,1,-0.28,-1.04,-1.23,2,1,0,0.15,0,0,0.06,0
1.57,1,0,1,-0.56,1.03,-1.23,2,0.25,0,0.76,0,0,0.24,0
1.47,0,1,0,-0.28,-1.73,-1.23,1,1,0,0.85,0,0,0,0
-1.22,0,1,1,-0.09,-1.39,0.94,2,2,1,0.92,0.88,2,0.03,0
0.08,1,0,1,-0.28,1.03,1.56,1,0.13,1,-0.09,1.83,0.13,0.22,0
0.65,0,0,1,0.1,-0.7,0.61,2,0.67,1,-0.22,1.31,0.67,0.08,0
-2.19,1,0,0,0.39,1.03,-1.23,1,0.13,1,0.08,0,0.13,0.19,0
1.16,0,1,0,-0.18,0.34,-1.23,2,0.33,1,0.86,0,0.33,0.16,0
0.48,0,0,0,3.34,-0.7,0.51,2,0.67,1,-1.45,6.57,0.67,0.04,0
0.53,0,1,0,-0.37,1.03,-1,2,0.25,0,-0.79,0.26,0,0.23,0
0.37,0,1,1,0.2,0.69,0.42,1,0.14,1,1.65,0.53,0.14,0.17,0
-0.22,0,1,1,-0.28,-1.39,1.37,2,2,1,0.8,1.11,2,0.03,0
1.78,1,0,1,-0.09,-1.39,-1.23,2,2,0,0.98,0,0,0.03,0
0.34,0,0,0,-0.37,0,0.31,1,0.2,1,1.43,0.52,0.2,0.14,0
-0.99,1,0,1,-0.18,1.38,0.78,1,0.11,0,-0.69,2.08,0,0.24,0
2.06,0,1,0,0.01,1.72,-1.23,2,0.2,1,0.75,0,0.2,0.26,0
0.65,1,0,0,1.91,-0.7,-1.23,2,0.67,1,-0.65,0,0.67,0.05,0
-2.05,1,0,1,-0.85,0.69,0.58,1,0.14,1,-0.02,1.14,0.14,0.23,0
0.34,0,1,0,-1.42,1.03,0.35,1,0.13,0,1.53,0.52,0,0.33,0
-0.76,1,0,0,-1.23,-1.39,1.67,1,1,0,0.41,1.46,0,0.04,0
-1.02,1,0,1,-0.56,0,1.03,1,0.2,1,-1.55,12.9,0.2,0.15,0
1.23,0,0,0,-0.76,0.69,1.16,2,0.29,0,-0.8,2.77,0,0.23,0
0.42,1,0,1,-0.09,0.69,-1.23,2,0.29,0,-0.32,0,0,0.18,0
0.92,1,0,1,0.2,0,-1.23,2,0.4,0,0.76,0,0,0.12,0
-0.12,1,0,0,1.06,0.34,0.62,2,0.33,1,-0.82,2.17,0.33,0.12,0
0,1,0,0,2.49,-1.73,-1.23,2,2,1,1.57,0,2,0,0
1.33,1,0,0,-1.23,-1.73,-1.23,2,2,1,0.21,0,2,0,0
2.06,0,0,0,-0.56,0.69,0.93,1,0.14,0,0.23,1.19,0,0.21,0
1.85,1,0,1,-0.09,1.38,-1.23,2,0.22,0,-1.21,0,0,0.24,0
-0.74,0,0,1,-0.76,-1.04,0.23,2,1,1,-1.41,4.82,1,0.06,0
-1.45,1,0,1,-0.66,1.38,0.43,1,0.11,1,-0.94,2.24,0.11,0.28,0
-1.24,1,0,1,-0.95,-0.7,0.61,1,0.33,0,-0.43,1.52,0,0.1,0
-0.23,0,0,0,-0.28,-0.7,0.24,1,0.33,0,-0.64,1.45,0,0.08,0
-0.18,0,1,1,-0.66,0,1.39,2,0.4,1,-0.45,2.19,0.4,0.16,0
0.66,0,1,1,0.58,1.03,1.19,2,0.25,1,0.69,1.08,0.25,0.18,0
-0.48,0,1,1,-1.52,1.38,0.77,1,0.11,1,-1.61,17.14,0.11,0.39,0
-0.21,0,1,1,-0.37,-1.39,-1.23,2,2,0,1.51,0,0,0.03,0
2.06,0,1,0,-0.76,-0.35,0.24,1,0.25,1,1.08,0.56,0.25,0.13,0
1.53,1,0,0,-0.18,-0.35,0.56,1,0.25,1,-0.29,1.34,0.25,0.11,0
-0.84,0,0,1,-1.33,1.38,1.55,2,0.22,1,-0.97,3.91,0.22,0.36,0
-1.07,0,1,0,-0.76,1.38,-1.23,2,0.22,0,-0.01,0,0,0.29,0
-1.5,1,0,1,-0.18,0,-1.23,2,0.4,1,0.48,0,0.4,0.14,0
-0.19,1,0,0,-0.28,0.69,-1.23,2,0.29,1,-0.83,0,0.29,0.19,0
-0.32,1,0,1,-1.61,-1.73,-1.23,1,1,0,-1.17,0,0,0,0
0.51,0,1,0,0.67,0,-0.32,2,0.4,1,-0.95,1.25,0.4,0.11,0
0.47,0,0,1,-0.09,0.34,1.06,1,0.17,1,-1.6,17.75,0.17,0.16,0
1.21,0,1,1,-0.76,0.34,-1.23,2,0.33,1,1.66,0,0.33,0.19,0
0.57,1,0,1,1.44,1.38,0.66,1,0.11,1,1.5,0.63,0.11,0.17,0
-1.93,0,1,0,-0.47,0,-0.01,1,0.2,1,1.02,0.48,0.2,0.15,0
-1.55,1,0,0,-0.47,-0.7,0.5,1,0.33,0,-1.58,11.65,0,0.09,0
0.98,0,1,0,-0.37,1.03,-1.23,2,0.25,1,0.29,0,0.25,0.23,0
-0.66,1,0,0,-0.28,-1.39,0.94,2,2,0,-0.96,3.02,0,0.03,0
0.17,1,0,0,0.87,-1.04,-1.23,2,1,1,0.84,0,1,0.04,0
-1.71,0,1,0,-0.85,0.69,-1.23,1,0.14,0,0.12,0,0,0.23,0
-1.37,0,0,0,-0.37,1.03,1.04,1,0.13,1,1.61,0.73,0.13,0.23,0
-0.72,0,1,0,-0.95,1.03,-1.23,2,0.25,0,-0.93,0,0,0.28,0
1.39,0,0,0,-0.56,0,0.96,2,0.4,1,1.2,0.81,0.4,0.15,0
1.54,1,0,0,1.25,-0.35,1.36,1,0.25,1,-0.19,1.81,0.25,0.08,0
0.49,0,1,1,-0.09,1.72,0.3,1,0.1,1,0.09,0.9,0.1,0.26,0
0.82,1,0,0,0.2,-0.35,1.46,1,0.25,0,0.49,1.31,0,0.1,0
-1.1,1,0,0,-0.95,-1.39,0.67,1,1,1,1.11,0.72,1,0.03,0
0.56,1,0,1,2.11,-0.35,-1.23,2,0.5,1,1.59,0,0.5,0.07,0
0.35,1,0,1,-0.47,1.38,-1.23,2,0.22,1,-0.61,0,0.22,0.26,0
-0.12,0,1,0,-1.04,1.03,0.34,1,0.13,1,1.36,0.55,0.13,0.29,0
-0.88,0,0,0,-0.09,-1.04,1.32,2,1,1,1.38,0.88,1,0.05,0
0.83,0,1,1,-1.33,1.03,0.33,1,0.13,0,-0.04,0.99,0,0.32,0
-0.45,1,0,1,0.58,0.69,0.76,1,0.14,1,0.23,1.1,0.14,0.16,0
1.13,1,0,0,-0.66,0.69,-1.23,2,0.29,1,0.1,0,0.29,0.22,0
-0.95,1,0,0,2.96,1.38,-1.23,1,0.11,1,0.4,0,0.11,0.13,0
0.67,1,0,0,-0.56,-0.7,0.14,1,0.33,1,-0.56,1.25,0.33,0.09,0
0.06,1,0,1,-0.28,1.03,0.34,2,0.25,1,-1.37,4.55,0.25,0.22,0
0.02,0,0,1,-0.56,0.69,0.83,1,0.14,0,1.01,0.81,0,0.21,0
-0.27,0,1,1,-0.56,0.34,-1.23,2,0.33,0,-0.41,0,0,0.18,0
-0.17,0,1,1,-0.28,-1.04,0.15,1,0.5,0,-1.46,5.41,0,0.06,0
2.06,0,1,0,1.06,1.72,-1.23,2,0.2,1,-1.15,0,0.2,0.2,0
0.09,0,0,0,0.01,-1.39,0.45,1,1,0,-1.38,5.06,0,0.03,0
-1.26,0,1,1,-0.37,0,0.31,1,0.2,1,0.22,0.85,0.2,0.14,0
-0.81,0,1,1,-0.76,0,0.35,1,0.2,1,0.35,0.82,0.2,0.16,0
-0.03,0,1,1,-0.37,0.69,-1.23,2,0.29,1,-0.38,0,0.29,0.2,0
-0.74,1,0,1,-0.76,1.38,-1.23,1,0.11,1,0.68,0,0.11,0.29,0
-0.64,0,0,0,-0.28,1.38,1.02,2,0.22,0,0.63,1.03,0,0.25,0
-1.25,0,1,0,-0.28,-1.04,-1.23,2,1,1,-1.48,0,1,0.06,0
1.87,1,0,1,-0.85,-1.04,-1.23,2,1,1,-1.68,0,1,0.07,0
1.44,0,0,1,-1.42,0.69,0.5,1,0.14,1,1.05,0.67,0.14,0.29,0
0.06,1,0,1,-0.37,0.34,-1.23,2,0.33,0,-1.71,0,0,0.17,0
-0.91,0,1,1,-0.66,0.34,-1.23,2,0.33,1,-1.4,0,0.33,0.19,0
0.17,0,1,1,0.01,0.69,1.46,1,0.14,1,-1.02,4.07,0.14,0.18,0
-0.39,0,1,1,-0.47,1.03,0.65,1,0.13,0,0.68,0.84,0,0.24,0
-2.29,1,0,1,2.01,0.69,-1.23,2,0.29,1,1.11,0,0.29,0.12,0
0.15,1,0,0,-1.52,1.38,1.08,1,0.11,1,0.26,1.25,0.11,0.39,0
0.83,1,0,1,-0.56,-0.35,-1.23,2,0.5,1,-0.44,0,0.5,0.12,0
-0.69,1,0,0,-0.18,-1.39,-1.23,2,2,1,1.4,0,2,0.03,0
-0.17,0,0,0,-0.76,1.03,0.01,1,0.13,0,1.67,0.39,0,0.26,0
-1.68,1,0,1,-0.47,-0.7,-1.23,2,0.67,1,0.45,0,0.67,0.09,0
-1.2,0,1,0,0.96,0.69,0.62,1,0.14,0,0.2,1.03,0,0.14,0
1.3,1,0,0,-0.95,0.69,1.63,2,0.29,1,0.27,1.54,0.29,0.24,0
2.06,0,1,0,-0.09,-0.7,-1.23,2,0.67,1,1.38,0,0.67,0.08,0
0.23,0,1,0,-0.18,-1.73,-1.23,2,2,0,-0.31,0,0,0,0
-0.24,0,1,0,-0.85,0.34,-1.23,1,0.17,1,0.23,0,0.17,0.2,0
-0.83,1,0,0,-0.56,1.03,-1.23,1,0.13,1,0.43,0,0.13,0.24,0
1.51,0,1,1,2.68,0,-1.23,2,0.4,1,-0.79,0,0.4,0.07,0
1.27,0,1,0,-0.56,1.72,-1.23,1,0.1,1,-0.02,0,0.1,0.3,0
1.05,0,1,1,-0.28,-1.04,-1.23,2,1,1,-0.95,0,1,0.06,0
-0.26,0,1,0,2.87,-1.39,0.5,1,1,1,1.43,0.59,1,0.01,0
-1.2,0,0,1,-1.8,1.38,0.94,1,0.11,1,0.33,1.14,0.11,0.45,0
1.4,1,0,0,-0.95,-0.35,-1.23,2,0.5,0,0.06,0,0,0.14,0
-0.32,1,0,0,2.68,-0.7,-1.23,2,0.67,1,-0.98,0,0.67,0.04,0
-0.47,0,1,0,0.87,0.34,-1.23,2,0.33,1,-1.04,0,0.33,0.13,0
0.2,0,1,0,-0.66,-0.7,-1.23,2,0.67,0,-0.94,0,0,0.09,0
-0.35,0,1,1,0.29,-1.73,-0.1,1,1,1,0.36,0.58,1,0,0
-0.57,1,0,1,0.2,1.38,-1.23,2,0.22,0,-1.64,0,0,0.22,0
1.1,0,0,1,-0.85,0.34,0.46,2,0.33,1,-0.65,1.67,0.33,0.2,0
0.99,0,1,1,-0.76,-1.04,0.6,1,0.5,1,1.3,0.65,0.5,0.06,0
-1.53,0,1,1,-1.33,0.69,-1.23,1,0.14,1,1.61,0,0.14,0.28,0
1.22,1,0,0,-1.04,-0.7,0.52,2,0.67,1,-0.86,2.14,0.67,0.11,0
-0.62,1,0,0,-0.76,0.69,-1.23,2,0.29,1,-0.89,0,0.29,0.23,0
0.17,1,0,1,0.48,1.03,0.73,1,0.13,1,-0.14,1.33,0.13,0.18,0
1.59,1,0,1,-1.42,-0.7,-1.23,2,0.67,0,1.27,0,0,0.13,0
0.44,1,0,1,-0.76,-1.39,-1.23,2,2,1,1.43,0,2,0.03,0
0.81,0,0,1,-0.28,1.03,1.22,2,0.25,0,1.34,0.86,0,0.22,0
-0.19,0,1,0,0.1,-0.7,0.53,1,0.33,0,0.73,0.77,0,0.08,0
-1.19,0,0,1,-1.52,0.34,0.25,2,0.33,0,0.36,0.77,0,0.26,0
0.05,0,1,0,1.63,0,-1.23,2,0.4,1,-1.01,0,0.4,0.09,0
0.16,0,0,1,3.34,0.69,0.46,1,0.14,1,-0.94,2.28,0.14,0.09,0
0.78,0,0,1,-0.85,0,0.56,2,0.4,0,-1.69,41.19,0,0.17,0
-1.32,1,0,1,0.01,-0.7,-1.23,2,0.67,0,-1.62,0,0,0.08,0
0.8,0,0,0,-0.56,1.38,1.18,2,0.22,0,1.23,0.88,0,0.27,0
0.52,1,0,1,-0.85,-0.7,1.28,2,0.67,0,-0.95,3.42,0,0.1,0
-1.37,1,0,1,-0.09,-0.7,0.23,1,0.33,1,1.08,0.56,0.33,0.08,0
0.92,1,0,1,-0.18,0.69,0.46,1,0.14,1,-0.33,1.3,0.14,0.19,0
-2.05,0,1,1,0.48,-0.7,0.2,1,0.33,0,-0.53,1.28,0,0.07,0
0.35,1,0,1,0.58,0.34,1.15,1,0.17,0,1.45,0.81,0,0.13,0
0.8,0,0,1,0.01,0.34,1.21,1,0.17,0,1.06,0.94,0,0.15,0
1.37,0,1,1,0.01,1.38,-1.23,2,0.22,0,0.76,0,0,0.23,0
-0.03,0,0,1,-0.47,-0.7,0.3,2,0.67,1,0.82,0.65,0.67,0.09,0
0.39,1,0,1,1.25,-1.39,-1.23,2,2,1,1.25,0,2,0.02,0
0.3,0,1,1,-0.37,1.38,-1.23,2,0.22,0,0.76,0,0,0.26,0
-1.39,1,0,0,0.39,-1.04,0.58,2,1,1,0.68,0.81,1,0.05,0
-0.27,0,0,1,-1.14,1.38,0.29,2,0.22,1,-1.66,21.18,0.22,0.33,0
-0.28,1,0,1,-1.71,1.72,-1.23,2,0.2,1,0.62,0,0.2,0.48,0
-0.27,0,1,1,1.15,0,1.57,2,0.4,1,1.26,1.01,0.4,0.1,0
-0.06,1,0,1,0.29,0.34,-1.23,1,0.17,0,0.86,0,0,0.14,0
0.58,1,0,1,-0.56,1.03,0.96,1,0.13,0,-0.8,2.52,0,0.24,0
0.05,0,1,0,-0.28,-1.39,0.95,1,1,0,-0.24,1.58,0,0.03,0
0.56,0,1,0,-1.42,0,1.62,2,0.4,0,-0.35,2.23,0,0.21,0
-0.75,0,0,1,-0.47,1.03,1.14,2,0.25,0,-0.58,2.21,0,0.24,0
0.32,0,0,0,0.87,1.03,1.01,1,0.13,1,1.1,0.85,0.13,0.17,0
-0.95,0,1,1,-1.33,0,-1.23,2,0.4,1,1.1,0,0.4,0.2,0
-1.68,0,1,0,0.01,1.38,1.03,1,0.11,0,-1.52,11.3,0,0.23,0
0.69,1,0,0,-0.28,0,-1.23,2,0.4,1,0.79,0,0.4,0.14,0
0.16,1,0,0,0.2,1.72,1.04,1,0.1,0,-0.86,2.77,0,0.24,0
-0.71,0,1,1,-1.23,-0.35,-0.17,2,0.5,0,-1.22,2.18,0,0.15,0
0.85,0,1,0,-0.85,-1.73,0.11,1,1,0,-0.74,1.44,0,0,0
0.44,1,0,1,0.2,-0.35,-1.23,2,0.5,0,0.98,0,0,0.1,0
0.45,1,0,0,-0.56,-0.35,0.85,2,0.5,0,1.36,0.73,0,0.12,0
-0.3,1,0,0,-0.37,0,-1.23,2,0.4,0,-0.85,0,0,0.14,0
-0.54,0,1,0,-0.09,0.34,-1.23,2,0.33,0,1.28,0,0,0.16,0
-1.62,0,0,1,-0.18,0,0.49,2,0.4,0,1.25,0.62,0,0.14,0
-0.07,1,0,1,-0.56,1.03,-1.23,2,0.25,1,0.96,0,0.25,0.24,0
-1,1,0,0,-0.85,1.38,-1.23,2,0.22,1,-1.04,0,0.22,0.3,0
-1.81,0,1,0,2.87,-1.39,0.46,1,1,1,0.59,0.78,1,0.01,0
0.17,1,0,1,-1.04,0.34,1.43,1,0.17,0,0.82,1.13,0,0.21,0
1.01,0,1,0,0.1,-0.35,-1.23,2,0.5,0,0.56,0,0,0.1,0
-1.24,0,1,0,0.58,-1.39,0.8,2,2,1,1.12,0.77,2,0.02,0
2.01,0,0,0,0.2,-1.04,0.08,2,1,0,1.73,0.41,0,0.05,0
0.46,0,1,1,-1.04,-1.73,0.31,1,1,1,-0.73,1.66,1,0,0
1.97,0,1,1,0.2,-1.39,-1.23,2,2,1,1.62,0,2,0.02,0
-0.25,0,0,1,-0.28,-1.04,1.69,2,1,1,-0.74,3.16,1,0.06,0
-0.39,1,0,0,-0.95,0.34,1.75,2,0.33,1,-0.4,2.4,0.33,0.21,0
-0.69,1,0,0,0.48,0,0.31,2,0.4,1,0.11,0.9,0.4,0.11,0
0.22,1,0,0,-0.47,-1.39,1.05,2,2,1,1.19,0.84,2,0.03,0
-0.49,1,0,1,0.39,0,0.82,1,0.2,1,-1.4,6.56,0.2,0.12,0
-0.18,0,0,1,0.39,-0.7,1.08,1,0.33,1,1.02,0.91,0.33,0.07,0
1.98,1,0,1,1.82,-1.39,-0.21,1,1,1,-0.29,0.76,1,0.02,0
0.11,1,0,0,-1.14,-0.7,-1.23,2,0.67,1,-0.4,0,0.67,0.11,0
-0.51,1,0,1,3.34,-1.04,-1.23,2,1,1,-0.84,0,1,0.03,0
-0.19,1,0,1,0.2,-1.73,0.48,1,1,1,0.1,1.01,1,0,0
0.35,0,0,1,-0.95,1.03,0.81,1,0.13,1,-0.36,1.6,0.13,0.28,0
0.38,1,0,1,0.01,0.69,-1.23,2,0.29,0,-1.27,0,0,0.18,0
-0.12,1,0,1,0.39,0.34,0.37,2,0.33,0,1.52,0.53,0,0.14,0
-0.98,0,1,0,0.87,1.03,1.48,1,0.13,1,0.89,1.11,0.13,0.17,0
-0.83,1,0,1,-0.66,1.38,0.65,2,0.22,1,-0.65,1.87,0.22,0.28,0
1.97,1,0,1,3.34,1.38,0.51,1,0.11,1,-0.68,1.78,0.11,0.12,0
0.56,0,0,1,-0.37,-0.35,0.96,2,0.5,0,0.29,1.17,0,0.11,0
-1.01,1,0,1,-0.66,-0.7,0.64,1,0.33,0,-0.4,1.5,0,0.09,0
1.33,0,0,0,0.1,-1.04,-0.02,1,0.5,1,-0.82,1.43,0.5,0.05,0
0.47,1,0,1,-1.04,-0.35,1.54,1,0.25,1,0.28,1.48,0.25,0.14,0
0.8,0,1,0,-0.18,-0.35,-1.23,1,0.25,0,-1.66,0,0,0.11,0
0.42,0,0,1,-1.14,-0.7,1.34,2,0.67,0,0.74,1.13,0,0.11,0
0.57,1,0,1,-0.85,-0.7,0.35,1,0.33,1,0.18,0.89,0.33,0.1,0
-0.24,0,0,0,-0.85,0.34,-0.3,1,0.17,0,1.53,0.31,0,0.2,0
0.68,0,0,0,-1.99,-0.7,0.84,1,0.33,0,1.69,0.65,0,0.17,0
-1.55,0,0,1,-1.42,-0.35,0.87,2,0.5,0,-0.35,1.63,0,0.17,0
-0.51,1,0,1,0.2,-1.39,0.76,1,1,1,1.26,0.72,1,0.02,0
-0.17,1,0,1,0.58,1.38,-1.23,2,0.22,0,-1.43,0,0,0.2,0
-2.06,0,1,0,-1.52,1.38,-1.23,2,0.22,1,-0.91,0,0.22,0.39,0
-1.99,1,0,0,0.01,1.38,-1.23,2,0.22,0,0.28,0,0,0.23,0
-1.35,1,0,1,-0.56,-0.35,1.28,2,0.5,1,1.15,0.94,0.5,0.12,0
-0.27,0,1,0,-1.04,-1.04,-1.23,2,1,1,0.07,0,1,0.07,0
1.18,1,0,1,1.15,-0.7,0.75,1,0.33,1,0.27,1.07,0.33,0.06,0
0.15,0,1,1,0.2,1.03,-1.23,2,0.25,0,0.56,0,0,0.2,0
0.6,0,0,1,-0.47,-0.35,1.15,2,0.5,1,-1.37,6.89,0.5,0.12,0
-0.7,1,0,0,0.48,1.03,-1.23,2,0.25,1,-1.26,0,0.25,0.18,0
1.36,0,1,1,-0.47,0.34,1.14,1,0.17,1,-1.01,3.5,0.17,0.18,0
-0.74,0,0,0,2.39,0.34,1.1,1,0.17,1,1.11,0.89,0.17,0.09,0
-1.07,1,0,0,-0.09,0,1.46,1,0.2,1,1.03,1.05,0.2,0.13,0
1.96,1,0,0,0.01,-1.39,0.3,1,1,0,-0.27,1.12,0,0.03,0
0.17,0,0,0,-1.14,-0.7,0.47,2,0.67,0,-1.68,28.88,0,0.11,0
0.75,1,0,1,-0.47,0,-1.23,2,0.4,1,-1.53,0,0.4,0.15,0
-1.69,1,0,1,0.58,-1.04,-1.23,2,1,0,-0.39,0,0,0.04,0
0.18,1,0,0,-0.76,1.38,-1.23,2,0.22,0,-1.02,0,0,0.29,0
-1.35,0,0,1,-0.47,1.03,0.7,2,0.25,1,-1.73,349.52,0.25,0.24,0
-1.05,1,0,1,-0.18,-1.04,0.58,2,1,0,-0.92,2.37,0,0.05,0
-0.86,1,0,0,-0.37,0,1.44,2,0.4,0,0.48,1.3,0,0.14,0
0.64,1,0,0,-0.18,-1.39,0.49,2,2,0,1.2,0.63,0,0.03,0
0.4,0,0,1,-1.23,-0.35,0.71,1,0.25,1,0.85,0.81,0.25,0.15,0
1,1,0,1,0.2,0,-1.23,2,0.4,1,-1.34,0,0.4,0.12,0
-1.88,0,0,1,-0.09,1.38,0.59,1,0.11,0,-1.53,9.51,0,0.24,0
0.96,1,0,1,-0.66,1.38,-1.23,2,0.22,0,1.31,0,0,0.28,0
0.58,1,0,1,0.77,-0.7,-1.23,2,0.67,0,1.29,0,0,0.06,0
-0.72,0,1,0,1.06,-0.35,-1.23,2,0.5,1,-0.34,0,0.5,0.08,0
0.89,0,1,1,-0.09,0.34,1.12,2,0.33,0,1.71,0.74,0,0.16,0
-2.13,0,0,0,-0.09,0.34,0.69,2,0.33,0,1.32,0.68,0,0.16,0
0.54,0,0,0,-0.95,-0.7,0.73,1,0.33,1,-0.3,1.47,0.33,0.1,0
1.18,1,0,1,0.48,0.34,-1.23,2,0.33,1,1.04,0,0.33,0.14,0
-0.25,1,0,1,-0.56,1.03,-1.23,2,0.25,0,0.67,0,0,0.24,0
-1.09,0,0,1,-0.18,1.38,0.54,1,0.11,1,0.47,0.87,0.11,0.24,0
0.97,1,0,1,-0.76,1.38,0.71,1,0.11,1,-0.72,2.05,0.11,0.29,0
-0.22,0,0,1,-1.04,1.03,0.51,1,0.13,1,0.34,0.91,0.13,0.29,0
0.37,0,1,0,-0.28,0,-1.23,2,0.4,1,0.92,0,0.4,0.14,0
0.96,1,0,1,-0.28,-0.35,-1.23,2,0.5,1,1.58,0,0.5,0.11,0
-0.25,0,1,0,0.87,-1.04,-1.23,2,1,1,-0.07,0,1,0.04,0
0.62,0,0,1,0.58,1.38,0.51,1,0.11,1,1.54,0.57,0.11,0.2,0
-0.84,0,1,0,-0.47,0.34,1.1,1,0.17,0,1.68,0.74,0,0.18,0
-0.92,1,0,1,0.58,0.34,0.97,1,0.17,0,-0.93,2.92,0,0.13,0
-2.01,0,0,1,-0.66,1.38,0.91,1,0.11,1,0.44,1.06,0.11,0.28,0
1.66,0,1,1,0.01,0.69,-1.23,2,0.29,1,1.35,0,0.29,0.18,0
-1.21,1,0,1,-1.42,-1.39,-1.23,1,1,1,1.21,0,1,0.04,0
-0.58,0,0,1,-1.04,0,1.74,1,0.2,0,-1.45,11.23,0,0.18,0
0.77,0,1,0,-0.66,-1.73,-1.23,2,2,1,0.67,0,2,0,0
-0.57,0,0,0,0.2,1.38,1.19,2,0.22,1,-0.32,1.85,0.22,0.22,0
0.29,1,0,0,-0.56,-1.39,-1.23,2,2,0,-0.53,0,0,0.03,0
0.17,0,1,1,0.01,1.38,-1.23,2,0.22,0,-0.54,0,0,0.23,0
0.11,1,0,0,-0.18,0,0.96,1,0.2,0,-0.33,1.68,0,0.14,0
-0.99,1,0,1,1.53,-0.35,1.13,1,0.25,1,-0.45,1.98,0.25,0.07,0
-1.24,0,1,1,2.96,-1.39,-1.23,2,2,0,-0.01,0,0,0.01,0
-0.41,0,0,0,0.1,0.69,0.83,2,0.29,0,-1.56,12.71,0,0.18,0
-0.52,1,0,0,-0.09,1.38,-1.23,2,0.22,1,-0.72,0,0.22,0.24,0
-1.24,0,1,1,-0.18,-1.39,1.07,2,2,1,-0.27,1.7,2,0.03,0
-1.06,1,0,1,1.72,0.34,-0.01,1,0.17,1,0.58,0.57,0.17,0.11,0
1.12,1,0,1,0.1,-0.35,-1.23,2,0.5,0,0.43,0,0,0.1,0
0.28,0,1,0,0.96,1.03,-1.23,2,0.25,1,-0.03,0,0.25,0.16,0
1.08,0,0,0,-0.56,0.34,0.23,2,0.33,1,-1,2.13,0.33,0.18,0
-0.58,1,0,1,2.11,-0.7,-0.23,1,0.33,1,1.61,0.32,0.33,0.05,0
1.22,1,0,1,0.29,0,-1.23,3,0.6,0,-0.69,0,0,0.12,0
-1.64,1,0,0,-0.76,0.69,-1.23,2,0.29,1,-0.88,0,0.29,0.23,0
-0.05,0,1,0,0.29,-0.7,0.37,1,0.33,1,-1.34,4.36,0.33,0.07,0
-0.6,0,0,1,3.34,0,1.36,2,0.4,1,-0.6,2.46,0.4,0.07,0
-0.56,0,1,1,0.2,0,-1.23,2,0.4,1,0.71,0,0.4,0.12,0
-0.09,1,0,1,-1.33,0.69,-1.23,2,0.29,0,0.03,0,0,0.28,0
-1.85,0,1,0,-1.04,-0.35,-1.23,2,0.5,0,-1.71,0,0,0.14,0
0.91,0,0,1,-0.37,0.34,0.4,1,0.17,0,-0.26,1.19,0,0.17,0
0.84,0,1,1,-0.56,1.03,-1.23,1,0.13,0,0.34,0,0,0.24,0
0.52,1,0,1,0.48,0.69,-1.23,2,0.29,0,-1.33,0,0,0.16,0
0.34,1,0,1,-0.76,-1.04,-1.23,2,1,1,-0.4,0,1,0.06,0
0.41,1,0,1,-0.95,0,-1.23,2,0.4,0,0.15,0,0,0.17,0
0.21,1,0,1,-0.85,-1.04,-1.23,1,0.5,1,0.03,0,0.5,0.07,0
1.18,0,1,0,-0.66,1.38,1.63,1,0.11,0,-0.92,3.77,0,0.28,0
0,0,0,0,-1.33,-1.04,0.52,2,1,0,0.25,0.95,0,0.08,0
-1.1,1,0,0,0.58,0.34,-1.23,2,0.33,1,0.89,0,0.33,0.13,0
1.44,1,0,0,0.1,1.38,-1.23,2,0.22,1,-0.51,0,0.22,0.23,0
0.62,0,0,1,-0.47,1.38,0.93,2,0.22,0,0.82,0.91,0,0.26,0
0.96,1,0,1,-0.18,1.03,-0.12,2,0.25,1,0.1,0.65,0.25,0.22,0
0.53,1,0,1,-0.47,-0.35,0.38,1,0.25,0,0.16,0.91,0,0.12,0
0.55,1,0,0,0.58,0.34,-1.23,1,0.17,1,0.65,0,0.17,0.13,0
-0.38,1,0,1,-0.09,-1.04,0.64,1,0.5,0,0.09,1.11,0,0.05,0
0.39,1,0,0,-0.66,0.34,0.75,1,0.17,0,1.26,0.71,0,0.19,0
0.65,1,0,1,0.48,-1.39,-0.21,1,1,0,-0.62,0.99,0,0.02,0
0.79,1,0,1,-1.99,-0.35,0.91,1,0.25,1,-0.92,2.85,0.25,0.22,0
2.06,1,0,0,-0.09,-1.39,0.49,2,2,0,-1.23,3.64,0,0.03,0
0.7,0,1,1,0.58,-0.7,0.46,2,0.67,1,1.63,0.54,0.67,0.07,0
0.03,1,0,1,0.2,1.03,0.42,1,0.13,0,-0.77,1.85,0,0.2,0
0.41,1,0,1,-0.37,0.34,0.58,1,0.17,0,1.34,0.64,0,0.17,0
1.74,1,0,1,-0.09,1.38,0.73,2,0.22,1,1.42,0.67,0.22,0.24,0
-0.17,0,1,1,-0.47,-1.39,-1.23,2,2,0,-0.66,0,0,0.03,0
-0.18,0,1,1,-0.56,-0.35,0.98,2,0.5,0,-0.03,1.4,0,0.12,0
2.06,1,0,1,0.96,0,0.74,1,0.2,1,-0.7,2.05,0.2,0.1,0
0.15,1,0,1,-0.56,-1.04,0.4,1,0.5,1,1.04,0.63,0.5,0.06,0
-0.21,0,1,1,-1.23,0.69,-1.23,2,0.29,1,-1.62,0,0.29,0.27,0
0.18,1,0,1,-0.09,1.72,0.17,1,0.1,1,-1.1,2.34,0.1,0.26,0
0.1,1,0,0,-0.37,0.34,0.39,1,0.17,0,-1.41,5.25,0,0.17,0
-0.44,1,0,1,0.29,0,-1.23,2,0.4,0,1.36,0,0,0.12,0
0.97,1,0,0,0.48,-0.7,-1.23,2,0.67,1,1.55,0,0.67,0.07,0
0.83,1,0,0,0.1,0.69,0.68,1,0.14,1,0.97,0.76,0.14,0.18,0
0.34,1,0,1,3.15,-0.7,1.03,1,0.33,1,-0.82,2.67,0.33,0.04,0
0.79,1,0,1,-1.04,0,-1.23,2,0.4,1,-1.4,0,0.4,0.18,0
-0.93,0,0,1,-0.66,0.34,1.45,1,0.17,0,0.68,1.2,0,0.19,0
0.51,1,0,0,-0.47,-1.04,0,1,0.5,0,0.49,0.6,0,0.06,0
-0.47,1,0,1,-0.37,0.34,-1.23,2,0.33,1,-0.95,0,0.33,0.17,0
1.21,0,1,1,3.63,1.03,1.16,1,0.13,1,1.57,0.78,0.13,0.1,0
-1.44,1,0,1,-0.56,0.69,-1.23,2,0.29,1,1.01,0,0.29,0.21,0
0.17,1,0,1,0.1,1.38,-1.23,1,0.11,1,-0.06,0,0.11,0.23,0
1.41,1,0,1,-0.56,-1.39,0.8,2,2,1,-0.66,2.04,2,0.03,0
1.27,0,0,1,0.39,1.03,0.09,2,0.25,1,-1.12,2.28,0.25,0.19,0
-1,1,0,1,0.1,-0.35,-1.23,1,0.25,1,1.19,0,0.25,0.1,0
-1.29,0,0,1,1.82,1.38,1.82,2,0.22,1,1.59,0.99,0.22,0.16,0
0.11,0,0,1,-0.37,-1.04,0.65,1,0.5,1,-0.3,1.41,0.5,0.06,0
0.49,1,0,0,0.67,-1.73,-1.23,2,2,1,0.45,0,2,0,0
-0.05,1,0,1,-1.23,-0.35,1.02,1,0.25,0,1.12,0.85,0,0.15,0
1.1,0,0,0,-0.47,1.38,0.41,2,0.22,0,1.51,0.54,0,0.26,0
0.5,0,1,1,-0.37,-1.04,1.46,2,1,1,-0.78,3.03,1,0.06,0
0.17,1,0,0,-1.42,-0.35,-1.23,2,0.5,1,-1.14,0,0.5,0.17,0
1.28,0,1,0,0.39,-1.39,0.64,1,1,0,-1.44,6.84,0,0.02,0
0.98,0,1,1,0.1,-0.7,0.19,1,0.33,0,0.28,0.76,0,0.08,0
-0.02,1,0,0,0.29,0.69,-1.23,2,0.29,1,-1.34,0,0.29,0.17,0
0.15,0,1,1,-0.09,1.38,-1.23,1,0.11,1,-0.22,0,0.11,0.24,0
0.65,1,0,1,-0.09,1.38,-0.07,2,0.22,1,-1.29,2.77,0.22,0.24,0
0.02,1,0,0,0.1,-1.39,-1.23,2,2,0,0.46,0,0,0.03,0
0.92,0,1,1,0.1,-1.39,0.53,1,1,1,1.62,0.57,1,0.03,0
0.5,0,1,1,-0.47,1.03,-1.23,1,0.13,1,-0.41,0,0.13,0.24,0
0.59,0,1,0,-0.66,1.03,1.78,1,0.13,1,0.35,1.56,0.13,0.25,0
-1.76,1,0,1,-0.37,-1.04,1.43,1,0.5,1,1.7,0.84,0.5,0.06,0
2.01,1,0,1,-0.56,1.03,1.41,1,0.13,0,0.88,1.09,0,0.24,0
-0.39,1,0,1,-0.18,1.38,0.51,1,0.11,1,0.24,0.95,0.11,0.24,0
2.06,1,0,0,-0.47,-1.04,-1.23,2,1,1,1.25,0,1,0.06,0
-0.38,0,1,1,-0.37,-1.04,0.81,1,0.5,1,-1.2,4.07,0.5,0.06,0
-1.84,0,1,1,0.87,1.03,-1.23,2,0.25,0,-0.5,0,0,0.17,0
1.15,1,0,1,-0.95,0.34,1.04,1,0.17,0,-0.8,2.61,0,0.21,0
0.52,1,0,1,-0.18,1.03,0.86,1,0.13,1,0.35,1.08,0.13,0.22,0
-0.52,1,0,1,-0.37,-0.35,1.08,2,0.5,0,0.07,1.38,0,0.11,0
2.06,0,1,1,-1.04,1.38,0.34,1,0.11,1,1.32,0.55,0.11,0.32,0
-0.39,0,1,1,-0.85,1.38,0.57,1,0.11,1,1.32,0.64,0.11,0.3,0
-1.46,1,0,1,-0.76,-0.7,-1.23,2,0.67,0,-1.47,0,0,0.1,0
-1.46,0,1,1,-0.09,-1.04,-1.23,1,0.5,0,1.19,0,0,0.05,0
-0.43,1,0,1,-0.47,-1.39,-1.23,1,1,1,1.41,0,1,0.03,0
-2.01,1,0,0,-0.56,-1.39,1.79,1,1,0,-0.73,3.23,0,0.03,0
0.13,0,1,1,-0.56,1.38,-1.23,2,0.22,0,-0.15,0,0,0.27,0
0.23,0,0,0,-0.47,-1.39,0.81,3,3,1,-0.41,1.66,3,0.03,0
0.69,1,0,1,0.1,-1.73,0.35,1,1,0,0.19,0.89,0,0,0
0.94,0,0,0,-0.18,1.03,1.51,2,0.25,0,0.17,1.56,0,0.22,0
2.06,1,0,0,-1.23,-0.35,-0.22,2,0.5,1,1.38,0.35,0.5,0.15,0
-1.63,1,0,1,-0.28,1.38,-1.23,2,0.22,1,-0.6,0,0.22,0.25,0
0.37,1,0,0,0.77,0,0.59,1,0.2,0,0.42,0.91,0,0.11,0
0.16,0,1,1,-0.37,-1.04,0.45,1,0.5,0,1.3,0.6,0,0.06,0
0.85,0,1,0,-0.76,1.38,0.41,1,0.11,1,0.27,0.89,0.11,0.29,0
-0.2,0,0,0,-0.47,0.34,0.78,2,0.33,1,0.49,0.98,0.33,0.18,0
0.66,0,0,0,0.96,0,1.03,1,0.2,0,0.73,0.99,0,0.1,0
0.63,0,0,1,0.39,-1.04,-0.6,2,1,1,1.31,0.22,1,0.05,0
0.74,1,0,1,-0.47,1.03,-1.23,2,0.25,1,0.58,0,0.25,0.24,0
-0.2,0,1,1,1.53,1.38,0.37,1,0.11,0,0.25,0.87,0,0.16,0
0.52,0,0,1,-0.09,-0.7,0.78,2,0.67,1,-0.84,2.41,0.67,0.08,0
1.44,0,1,1,0.67,-1.04,0.88,2,1,1,1.39,0.73,1,0.04,0
-0.18,0,1,1,1.82,0.34,0.35,1,0.17,1,0.56,0.74,0.17,0.1,0
-0.07,1,0,0,-0.18,1.03,-1.23,2,0.25,0,-1.38,0,0,0.22,0
1.1,0,1,1,0.48,0,1.03,2,0.4,0,1.02,0.89,0,0.11,0
0.47,1,0,0,-0.85,1.03,-1.23,2,0.25,1,1.67,0,0.25,0.27,0
0.99,1,0,1,-0.37,-1.04,1.54,1,0.5,0,-1.35,7.7,0,0.06,0
-0.02,0,1,1,-0.28,1.03,-1.23,2,0.25,0,1.07,0,0,0.22,0
-0.88,0,1,1,-0.09,-1.73,0.74,1,1,0,-0.57,1.82,0,0,0
1.91,1,0,1,-1.04,-1.04,1.4,2,1,1,0.95,1.06,1,0.07,0
1.39,0,0,0,-0.56,0.34,0.81,1,0.17,0,1.6,0.66,0,0.18,0
-0.31,0,0,0,-0.85,-1.04,0.39,2,1,1,1.13,0.61,1,0.07,0
-1.4,1,0,0,2.58,0.34,-1.23,2,0.33,1,1.05,0,0.33,0.09,0
0.69,0,1,0,0.01,0.34,-1.23,2,0.33,0,-0.12,0,0,0.15,0
-0.57,0,0,0,0.2,-1.04,1,1,0.5,1,0.21,1.24,0.5,0.05,0
-1.15,0,1,0,-0.18,-1.39,0.87,2,2,0,-1.7,59.87,0,0.03,0
1.15,1,0,1,-0.37,1.38,-1.23,2,0.22,1,-0.99,0,0.22,0.26,0
0.57,0,1,1,-1.8,1.03,-1.23,2,0.25,1,-1.53,0,0.25,0.4,0
0.27,0,1,0,-1.33,1.03,0.87,1,0.13,0,-1,3.09,0,0.32,0
0.85,0,0,0,-0.56,0.69,1.78,1,0.14,1,1.57,0.98,0.14,0.21,0
0.35,0,1,0,0.2,0.69,-1.23,1,0.14,1,0.67,0,0.14,0.17,0
0.29,1,0,1,-0.28,0.34,1.14,1,0.17,1,1.26,0.86,0.17,0.17,0
-1.79,0,1,1,0.39,-1.39,-1.23,2,2,1,1.7,0,2,0.02,0
0.47,1,0,1,-0.56,-1.04,1.39,1,0.5,1,-1.62,23.19,0.5,0.06,0
0.37,0,1,0,-0.37,-0.35,-1.23,2,0.5,1,1.04,0,0.5,0.11,0
-1.91,1,0,0,-0.28,0,0.69,1,0.2,1,-0.34,1.48,0.2,0.14,0
0.37,1,0,0,0.2,-0.35,0.85,2,0.5,0,1.52,0.69,0,0.1,0
-0.77,1,0,1,1.53,1.38,-1.23,2,0.22,1,-0.1,0,0.22,0.16,0
1.16,0,0,0,2.11,-1.39,-0.17,1,1,1,0.76,0.46,1,0.02,0
1.1,1,0,0,0.96,-1.04,-1.23,2,1,0,1.12,0,0,0.04,0
-0.71,1,0,0,-0.95,-1.73,-1.23,1,1,1,-0.28,0,1,0,0
-0.28,1,0,0,-0.37,0,-1.23,2,0.4,0,0.02,0,0,0.14,0
-2.33,1,0,1,0.01,-0.35,-1.23,2,0.5,0,1.69,0,0,0.1,0
-0.47,1,0,0,-0.56,-0.35,-1.23,2,0.5,1,-0.28,0,0.5,0.12,0
0.15,0,0,1,-1.33,0,1.24,2,0.4,0,-1.13,4.35,0,0.2,0
0.78,0,1,0,-1.14,0.69,0.76,1,0.14,1,-0.37,1.57,0.14,0.26,0
-1.04,1,0,0,0.87,0.34,-1.23,2,0.33,1,1.6,0,0.33,0.13,0
0.84,1,0,0,0.39,0.34,-1.23,2,0.33,0,-0.6,0,0,0.14,0
-1.84,1,0,0,-0.56,0,0.79,1,0.2,1,0.79,0.86,0.2,0.15,0
0.98,0,1,1,-0.47,1.38,-1.23,2,0.22,0,-0.87,0,0,0.26,0
0.84,1,0,1,-0.28,0.69,-1.23,2,0.29,1,-0.68,0,0.29,0.19,0
2.04,0,0,0,0.1,0,1.15,1,0.2,0,1.02,0.93,0,0.13,0
-0.81,1,0,1,-0.18,-1.39,0.91,1,1,0,0.19,1.2,0,0.03,0
0.53,1,0,1,0.58,1.38,-0.02,1,0.11,1,1.23,0.44,0.11,0.2,0
0.14,0,0,1,0.01,0.69,-0.26,1,0.14,0,1.23,0.35,0,0.18,0
-0.34,0,0,1,0.48,0,1.31,2,0.4,0,0.68,1.13,0,0.11,0
-0.98,1,0,1,-1.23,-0.35,-1.23,1,0.25,0,1.65,0,0,0.15,0
-0.33,1,0,0,-0.85,0.69,-0.09,1,0.14,1,1.06,0.44,0.14,0.23,0
0.08,0,1,1,1.06,-1.04,-1.23,2,1,0,-0.83,0,0,0.04,0
-0.54,0,1,1,-1.14,1.03,0.23,2,0.25,0,0.16,0.83,0,0.3,0
0.27,1,0,1,-1.14,-1.04,-1.23,2,1,1,-1.39,0,1,0.07,0
-0.62,1,0,1,-0.56,1.38,0.89,1,0.11,0,0.33,1.11,0,0.27,0
0.6,1,0,0,0.1,1.38,0.88,1,0.11,1,0.07,1.27,0.11,0.23,0
-0.45,0,0,1,2.11,-1.04,1.41,2,1,1,-1.12,4.6,1,0.03,0
-0.01,0,0,0,-1.33,-1.04,0.61,1,0.5,1,-1.3,4.51,0.5,0.08,0
0,0,1,0,0.58,1.72,0.95,1,0.1,0,-1.41,7.26,0,0.22,0
0.26,1,0,0,2.11,1.03,-1.23,2,0.25,1,0.32,0,0.25,0.13,0
0.75,1,0,0,0.96,-0.35,-1.23,2,0.5,1,-0.18,0,0.5,0.08,0
0.66,0,1,1,0.58,-1.73,0.77,1,1,1,1.51,0.67,1,0,0
1.12,0,1,0,-0.37,0.69,1.15,1,0.14,1,0.12,1.39,0.14,0.2,0
-0.71,1,0,1,-0.95,-1.73,-1.23,1,1,0,0.74,0,0,0,0
0.48,1,0,0,-0.47,-1.04,0.8,1,0.5,0,-0.47,1.73,0,0.06,0
-0.42,0,0,1,1.72,0.34,0.49,2,0.33,1,1.5,0.57,0.33,0.11,0
-1.68,0,0,0,-0.56,-0.35,1.02,1,0.25,0,0.41,1.13,0,0.12,0
1.35,1,0,1,-0.66,0.34,1.13,1,0.17,1,-1.04,3.67,0.17,0.19,0
-0.06,1,0,1,-1.9,1.38,0.83,1,0.11,0,1.32,0.73,0,0.47,0
-0.55,0,0,0,0.1,1.38,0.49,2,0.22,0,0.89,0.71,0,0.23,0
-0.93,0,1,0,-1.04,-0.7,-1.23,2,0.67,0,1.59,0,0,0.11,0
0.12,1,0,0,-0.18,0.34,-1.23,2,0.33,0,-0.85,0,0,0.16,0
-0.21,1,0,0,-0.28,-1.04,0.54,1,0.5,1,-0.89,2.25,0.5,0.06,0
0.22,0,1,1,-0.56,-1.04,-1.23,2,1,1,1.44,0,1,0.06,0
-0.15,0,0,0,-0.18,1.38,1.29,1,0.11,1,0.93,1.02,0.11,0.24,0
-0.6,0,0,0,-0.09,0,0.15,1,0.2,1,0.43,0.68,0.2,0.13,0
-1.09,0,0,1,0.58,0.34,0.28,2,0.33,1,1.08,0.58,0.33,0.13,0
-0.86,0,1,0,0.2,-1.39,-1.23,2,2,0,-1.68,0,0,0.02,0
-0.7,1,0,1,1.15,0.34,0.78,2,0.33,0,1.13,0.76,0,0.12,0
0.32,1,0,0,-0.95,-1.04,1.15,1,0.5,1,-0.84,2.85,0.5,0.07,0
1.15,0,1,1,-0.95,1.72,0.63,2,0.2,0,0.84,0.78,0,0.34,0
-0.03,0,1,1,-0.37,0.69,-1.23,2,0.29,0,0.4,0,0,0.2,0
-0.07,1,0,1,-0.85,0,-0.51,1,0.2,1,-1.55,4.17,0.2,0.17,0
0.57,0,1,1,-0.95,-1.04,-1.23,2,1,1,-1.42,0,1,0.07,0
2.06,1,0,1,-0.37,-0.7,1.38,1,0.33,0,1.45,0.88,0,0.09,0
-1.72,0,1,0,0.01,0,-1.23,2,0.4,1,1.31,0,0.4,0.13,0
-1.47,0,0,1,-1.04,-1.73,0.32,2,2,0,0.83,0.65,0,0,0
-2.19,1,0,0,-0.95,0.34,1.28,1,0.17,0,1.4,0.87,0,0.21,0
-1.72,0,1,1,-0.28,1.03,-1.23,2,0.25,0,1.5,0,0,0.22,0
1.58,0,1,0,-0.18,-1.39,-1.23,2,2,0,-1.61,0,0,0.03,0
0.52,0,1,0,-0.37,1.38,-1.23,2,0.22,0,1.23,0,0,0.26,0
-1.17,1,0,1,-0.18,-0.7,-1.23,2,0.67,1,-1.38,0,0.67,0.08,0
0,0,0,1,-1.23,0,1.13,1,0.2,0,0.72,1.04,0,0.19,0
0.69,1,0,0,-1.33,0.69,0.52,2,0.29,0,1.56,0.57,0,0.28,0
-0.6,0,1,1,0.48,0,-1.23,1,0.2,0,0.49,0,0,0.11,0
0.57,0,0,1,-0.09,0,1.39,2,0.4,1,0.62,1.2,0.4,0.13,0
1.48,0,1,1,-0.09,1.38,1.65,1,0.11,0,-1.33,7.61,0,0.24,0
1.79,1,0,1,0.58,-0.7,0.85,1,0.33,0,-0.69,2.15,0,0.07,0
-1,1,0,0,-1.23,0.69,0.26,2,0.29,0,1.61,0.48,0,0.27,0
0.83,0,0,1,-0.37,-1.04,0.82,2,1,0,0.68,0.92,0,0.06,0
-0.26,0,0,0,-0.18,-0.35,1.06,1,0.25,0,-1.12,4.01,0,0.11,0
-0.61,1,0,0,-0.09,-0.35,-1.23,2,0.5,0,-1.13,0,0,0.11,0
0.19,1,0,1,0.39,-1.39,1.39,1,1,1,-1.47,10.46,1,0.02,0
0.13,0,0,1,-0.66,-0.7,0.51,1,0.33,1,1.43,0.6,0.33,0.09,0
-1.37,0,0,0,0.2,0,0.55,1,0.2,0,-0.19,1.24,0,0.12,0
0.37,0,0,0,0.39,0,1.26,2,0.4,1,0.9,1.02,0.4,0.12,0
-0.82,1,0,0,-0.56,1.38,-1.23,2,0.22,1,-0.39,0,0.22,0.27,0
0.58,1,0,0,-0.76,-1.04,0.1,2,1,0,-0.15,0.91,0,0.06,0
0.52,0,0,1,-0.66,0,0.42,1,0.2,0,0.11,0.96,0,0.16,0
0.22,1,0,1,-0.47,1.38,-1.23,2,0.22,0,1.07,0,0,0.26,0
-0.97,0,1,1,0.87,1.72,-1.23,2,0.2,1,1.48,0,0.2,0.21,0
-1.77,1,0,0,-0.37,-1.04,0.59,1,0.5,0,1.66,0.58,0,0.06,0
0.82,1,0,0,-1.61,1.38,-0.17,1,0.11,1,0.79,0.45,0.11,0.41,0
-0.36,1,0,1,-0.76,-0.7,0.28,2,0.67,0,1.2,0.56,0,0.1,0
-0.12,0,1,1,-0.95,-0.35,0.91,2,0.5,0,-0.04,1.36,0,0.14,0
1.7,0,1,0,0.01,0.34,-1.23,1,0.17,1,-0.26,0,0.17,0.15,0
1.4,0,1,1,-0.76,1.38,-1.23,2,0.22,1,-1.42,0,0.22,0.29,0
-1.05,1,0,1,1.06,1.38,0.29,2,0.22,1,-1.5,6.96,0.22,0.18,0
-0.3,1,0,0,-0.09,-0.35,0.36,1,0.25,1,0.18,0.89,0.25,0.11,0
-0.27,1,0,1,-1.23,1.38,-0.03,2,0.22,0,-1.2,2.39,0,0.35,0
1.97,1,0,1,-0.47,-0.35,-1.23,2,0.5,0,0.72,0,0,0.12,0
0.26,1,0,1,-0.85,-1.39,0.83,1,1,1,-0.78,2.31,1,0.03,0
0.48,1,0,1,0.29,1.38,0.9,2,0.22,0,1.3,0.76,0,0.21,0
0.84,1,0,0,0.1,1.72,-1.23,2,0.2,0,0.94,0,0,0.25,0
-0.28,1,0,1,-1.14,-0.35,0.71,1,0.25,0,0.73,0.85,0,0.15,0
-1.13,1,0,1,0.67,-0.35,0.77,2,0.5,0,-0.1,1.32,0,0.09,0
1.27,0,1,0,0.01,-0.35,-1.23,2,0.5,1,1.43,0,0.5,0.1,0
0.05,0,1,0,-0.37,-1.39,0.09,2,2,0,-0.2,0.93,0,0.03,0
-0.5,0,0,1,-0.66,0.69,1.73,2,0.29,0,0.24,1.62,0,0.22,0
2.06,1,0,1,-0.76,-0.7,-1.23,2,0.67,0,0.38,0,0,0.1,0
-0.02,0,1,1,1.15,-0.35,-1.23,1,0.25,1,0.87,0,0.25,0.08,0
-1.11,1,0,1,0.39,1.38,-1.23,2,0.22,1,-0.37,0,0.22,0.21,0
-0.52,1,0,0,-1.14,-0.7,-1.23,2,0.67,1,0.45,0,0.67,0.11,0
0.21,0,1,0,-0.47,1.72,-1.23,1,0.1,0,-1.34,0,0,0.29,0
0.57,0,1,0,0.29,1.03,0.3,1,0.13,1,-0.42,1.26,0.13,0.19,0
-1.13,0,0,1,1.15,0.69,0.22,2,0.29,0,1.39,0.5,0,0.14,0
0.63,0,0,1,-0.47,-0.35,0.91,2,0.5,1,-0.99,3.11,0.5,0.12,0
-0.21,0,1,1,-0.85,-0.7,-1.23,2,0.67,1,-1.56,0,0.67,0.1,0
-1.24,1,0,1,-0.76,-0.7,0.32,1,0.33,0,-0.75,1.7,0,0.1,0
-0.1,1,0,0,-1.23,-0.35,0.24,2,0.5,1,-1.25,3.25,0.5,0.15,0
0.36,1,0,1,-0.37,1.38,-1.23,1,0.11,0,1.16,0,0,0.26,0
0.53,0,1,1,-0.66,1.03,-0.08,1,0.13,1,0.45,0.57,0.13,0.25,0
0.03,0,1,1,1.53,0.69,-1.23,2,0.29,1,-1.01,0,0.29,0.13,0
0.04,0,0,1,-0.18,-1.04,1.11,2,1,0,1.5,0.78,0,0.05,0
-0.56,1,0,0,-0.56,-1.39,0.99,1,1,0,-0.26,1.62,0,0.03,0
-1.05,0,0,0,-0.76,1.38,0.94,2,0.22,1,-1.33,5.78,0.22,0.29,0
1.07,1,0,1,-0.09,-1.04,-1.23,2,1,0,1.4,0,0,0.05,0
1.7,0,0,0,-1.33,1.03,0.94,1,0.13,1,0.63,0.99,0.13,0.32,0
0.57,1,0,1,-0.66,0.34,0.29,1,0.17,1,0.81,0.64,0.17,0.19,0
2.06,1,0,1,0.67,1.38,0.66,1,0.11,0,-0.19,1.32,0,0.2,0
0.84,0,1,0,-0.56,1.03,0.56,1,0.13,1,-0.96,2.47,0.13,0.24,0
-0.73,0,1,0,1.72,-1.73,0.97,1,1,1,0.15,1.26,1,0,0
-0.6,1,0,0,0.67,0.69,0.36,1,0.14,0,0.79,0.68,0,0.15,0
0.03,0,0,0,-1.33,-1.04,1.31,3,1.5,1,1.73,0.79,1.5,0.08,0
0.99,1,0,0,-0.95,-0.35,0.47,1,0.25,1,-0.99,2.45,0.25,0.14,0
0.12,1,0,0,-0.95,1.72,-1.23,2,0.2,0,0.65,0,0,0.34,0
-0.8,1,0,1,-0.76,-1.04,-1.23,2,1,1,-0.14,0,1,0.06,0
0.35,0,1,0,0.01,-0.35,1.01,1,0.25,1,0.36,1.16,0.25,0.1,0
1.47,1,0,0,0.2,-0.7,1.05,1,0.33,0,0.05,1.38,0,0.07,0
-1.31,1,0,1,0.1,-1.04,1.67,1,0.5,0,1.39,1,0,0.05,0
1.71,1,0,1,-0.76,1.03,-1.23,2,0.25,1,-1.25,0,0.25,0.26,0
1.12,0,1,0,3.34,0.34,0.84,1,0.17,1,-0.9,2.67,0.17,0.08,0
-0.44,0,0,1,0.29,1.03,0.88,2,0.25,0,-0.5,1.85,0,0.19,0
0.55,0,1,1,-0.18,-0.35,-1.23,2,0.5,0,-1.29,0,0,0.11,0
-0.72,1,0,1,0.2,1.03,-1.23,2,0.25,0,-1.22,0,0,0.2,0
0.52,0,1,1,1.91,0.69,-1.23,2,0.29,1,-1.26,0,0.29,0.12,0
0.87,0,1,1,-0.95,1.72,-1.23,2,0.2,1,-0.09,0,0.2,0.34,0
0.3,1,0,0,-0.47,-1.39,-1.23,2,2,0,1.16,0,0,0.03,0
-0.94,1,0,1,1.72,-1.73,-1.23,2,2,1,0.29,0,2,0,0
0.13,0,0,0,-0.95,-0.35,0.42,2,0.5,0,-1.37,4.85,0,0.14,0
0.15,1,0,0,-0.47,0,-0.14,1,0.2,1,-1.23,2.29,0.2,0.15,0
1.11,1,0,1,1.15,1.03,0.08,1,0.13,1,0.29,0.7,0.13,0.16,0
-0.31,1,0,1,-1.23,-1.04,-0.02,1,0.5,1,-0.97,1.7,0.5,0.08,0
1.17,0,0,1,-1.04,1.72,0.76,1,0.1,0,1.15,0.75,0,0.36,0
-0.64,1,0,0,0.67,1.72,0.49,2,0.2,0,-1.1,2.9,0,0.22,0
-0.99,1,0,1,-1.42,0,-1.23,2,0.4,0,-1.26,0,0,0.21,0
0.86,1,0,0,-0.95,-1.73,1.02,1,1,0,-1.43,7.89,0,0,0
1.37,0,1,0,1.91,1.38,0.8,1,0.11,1,-1.66,28.53,0.11,0.15,0
-0.45,0,1,0,-1.33,-0.35,0.72,1,0.25,1,0.26,1.05,0.25,0.16,0
-1.17,0,1,0,-0.09,-1.39,-1.23,2,2,1,-1.02,0,2,0.03,0
-1.42,0,1,1,4.68,1.72,-1.23,2,0.2,1,-0.82,0,0.2,0.11,0
-0.14,1,0,1,0.1,1.03,0.79,1,0.13,1,1.29,0.72,0.13,0.2,0
-0.22,1,0,1,-0.66,-1.04,-1.23,2,1,1,-0.38,0,1,0.06,0
-0.7,0,0,1,0.1,-0.35,0.49,1,0.25,1,-1.64,18.99,0.25,0.1,0
1.16,0,1,0,-0.66,1.72,0.3,1,0.1,1,-0.33,1.17,0.1,0.31,0
-1.39,0,0,1,-0.66,-0.7,1.1,2,0.67,0,0.2,1.3,0,0.09,0
-0.35,1,0,0,-1.14,-0.35,-1.23,2,0.5,0,1.57,0,0,0.15,0
0.51,1,0,1,-0.09,1.38,-0.17,1,0.11,1,0.01,0.65,0.11,0.24,0
0.4,0,1,0,-0.76,-0.7,1.01,1,0.33,1,0.36,1.16,0.33,0.1,0
-0.25,0,0,1,0.96,1.38,1.53,2,0.22,0,1.51,0.92,0,0.18,0
0.37,1,0,1,-0.09,0.34,1.17,1,0.17,1,-0.04,1.53,0.17,0.16,0
-0.24,1,0,1,-0.66,1.72,-1.23,2,0.2,0,0.06,0,0,0.31,0
-2.06,0,0,0,-0.09,1.38,-0.24,1,0.11,1,1.17,0.37,0.11,0.24,0
1.28,1,0,0,0.2,0,0.8,1,0.2,0,0.04,1.24,0,0.12,0
0.02,1,0,0,0.1,1.03,0.13,2,0.25,1,0.14,0.78,0.25,0.2,0
-0.13,0,0,1,-0.18,-1.04,0.21,2,1,1,-1.09,2.41,1,0.05,0
-1.82,1,0,0,1.72,-1.39,-1.23,2,2,0,-0.19,0,0,0.02,0
-0.86,0,1,1,0.1,-0.35,0.68,1,0.25,0,-0.14,1.29,0,0.1,0
1.03,1,0,1,-0.18,-0.7,-1.23,2,0.67,0,-1.45,0,0,0.08,0
2.06,1,0,1,0.01,0.34,0.33,1,0.17,1,0.38,0.8,0.17,0.15,0
1.06,1,0,0,-0.09,0.34,1.05,1,0.17,1,-1.15,4.22,0.17,0.16,0
0.34,0,1,0,-0.28,0.69,-1.23,2,0.29,0,0.08,0,0,0.19,0
0.62,1,0,0,-0.66,-0.7,-1.23,1,0.33,0,-0.09,0,0,0.09,0
-0.06,0,1,0,-1.71,-1.39,-1.23,2,2,0,-1.24,0,0,0.05,0
0.66,1,0,1,-1.04,0.34,0.74,1,0.17,1,-0.57,1.83,0.17,0.21,0
0.47,0,0,0,-0.37,-0.35,1.58,1,0.25,0,-0.54,2.53,0,0.11,0
-0.4,0,1,0,-1.23,-0.35,-1.23,2,0.5,1,1.39,0,0.5,0.15,0
1.36,0,1,1,-1.52,1.72,0.35,1,0.1,1,0.74,0.69,0.1,0.43,0
0.16,1,0,1,0.67,0,0.76,1,0.2,1,1.35,0.7,0.2,0.11,0
-0.86,1,0,0,0.58,-0.35,-1.23,2,0.5,1,0.36,0,0.5,0.09,0
-0.39,1,0,1,-1.8,-0.7,-1.23,2,0.67,1,0.86,0,0.67,0.15,0
0.7,1,0,1,-0.18,1.03,-1.23,2,0.25,1,-1.74,0,0.25,0.22,0
0.63,1,0,1,-0.09,1.72,-1.23,2,0.2,0,-0.81,0,0,0.26,0
0.42,0,0,0,-0.09,0,0.61,1,0.2,0,0.13,1.07,0,0.13,0
-1.28,1,0,1,-0.66,-1.73,-1.23,1,1,0,0.16,0,0,0,0
-1.81,1,0,0,-0.66,0.34,0.57,1,0.17,0,0.21,1,0,0.19,0
-0.33,0,1,0,0.58,-1.73,-1.23,2,2,0,0.24,0,0,0,0
-0.45,0,0,0,-0.18,-0.35,0.95,1,0.25,0,1.41,0.75,0,0.11,0
0.46,0,1,1,0.48,1.03,-1.23,2,0.25,1,-0.51,0,0.25,0.18,0
0.03,1,0,1,-0.56,-1.39,-1.23,2,2,0,-0.81,0,0,0.03,0
0.27,1,0,1,0.67,-1.04,-0.31,1,0.5,1,1.02,0.36,0.5,0.04,0
-0.26,1,0,0,1.25,-1.04,0.05,1,0.5,1,-0.27,0.94,0.5,0.04,0
0.29,0,0,0,-0.47,0.69,0.71,1,0.14,0,-0.75,2.12,0,0.21,0
0.86,1,0,1,1.15,-1.39,0.67,1,1,1,0.29,1.01,1,0.02,0
0.16,1,0,1,0.01,1.72,-1.23,2,0.2,0,0.05,0,0,0.26,0
-0.61,0,0,0,-1.23,-0.35,0.46,2,0.5,0,0.57,0.79,0,0.15,0
1.69,1,0,0,-0.28,0.34,-1.23,2,0.33,1,-0.02,0,0.33,0.17,0
-0.61,0,0,1,-0.28,-1.04,0.45,2,1,0,0.14,0.97,0,0.06,0
-0.4,0,1,0,2.2,-1.73,1.45,2,2,1,1.61,0.87,2,0,0
-0.13,0,0,1,-1.33,-0.35,1.15,2,0.5,1,0.25,1.29,0.5,0.16,0
-0.96,1,0,1,-0.37,-1.39,-1.23,2,2,0,0.2,0,0,0.03,0
1.09,1,0,0,-1.42,-1.39,-1.23,2,2,0,1.46,0,0,0.04,0
-1.51,1,0,1,-0.47,1.72,0.45,1,0.1,1,0.46,0.83,0.1,0.29,0
0.21,0,1,0,-0.95,0.34,-1.23,2,0.33,0,-1.53,0,0,0.21,0
1.56,1,0,1,0.29,0.34,-1.23,2,0.33,1,-0.07,0,0.33,0.14,0
-0.48,1,0,1,-1.23,1.03,1.17,2,0.25,1,1.7,0.76,0.25,0.31,0
0.68,1,0,0,-0.95,1.72,0.18,1,0.1,1,1.43,0.48,0.1,0.34,0
-0.45,0,0,1,0.77,-0.35,1.16,1,0.25,1,-0.36,1.87,0.25,0.09,0
1.83,1,0,0,2.01,-1.04,-1.23,2,1,1,-0.69,0,1,0.03,0
-0.46,1,0,1,2.11,0,0.51,2,0.4,1,-1.59,12.51,0.4,0.08,0
0.69,0,0,0,-0.37,0,0.43,1,0.2,0,1.25,0.6,0,0.14,0
-0.8,1,0,0,-0.56,-1.73,0.22,1,1,0,0.65,0.66,0,0,0
0.75,0,1,1,-0.09,0.34,-1.23,2,0.33,1,-0.1,0,0.33,0.16,0
2.06,0,1,0,-1.42,-1.39,-1.23,2,2,1,-0.54,0,2,0.04,0
0.18,0,0,1,-0.47,0,0.06,2,0.4,0,-0.75,1.41,0,0.15,0
0.37,1,0,0,0.39,-1.73,-1.23,1,1,1,1.22,0,1,0,0
0.33,0,1,0,1.91,-1.73,0.74,1,1,1,-0.27,1.45,1,0,0
2.06,1,0,1,0.29,-1.73,-1.23,2,2,0,-0.97,0,0,0,0
-1.17,1,0,0,1.34,-0.7,-1.23,1,0.33,1,-0.15,0,0.33,0.06,0
-0.53,0,1,0,0.67,0.69,0.08,2,0.29,0,-0.29,0.98,0,0.15,0
1.09,0,1,1,-0.85,-1.04,1.1,1,0.5,0,-1.61,19.21,0,0.07,0
1.08,1,0,1,-0.09,1.38,1.16,1,0.11,0,-0.34,1.85,0,0.24,0
-0.17,0,1,0,0.2,-0.35,-1.23,2,0.5,1,1.12,0,0.5,0.1,0
1.93,1,0,1,-1.23,-0.35,0.21,2,0.5,0,1.31,0.51,0,0.15,0
0.79,0,0,0,-0.85,1.03,0.68,2,0.25,1,0.66,0.86,0.25,0.27,0
-0.86,0,0,0,0.1,-1.04,0.46,2,1,0,-0.11,1.12,0,0.05,0
0.05,0,1,1,-0.47,-1.39,0.64,1,1,1,-0.88,2.35,1,0.03,0
1.16,1,0,0,1.82,1.38,1.79,1,0.11,1,-1.12,5.25,0.11,0.16,0
1.99,1,0,0,-1.14,0,-1.23,2,0.4,1,-0.57,0,0.4,0.19,0
0.56,1,0,0,1.06,-0.35,0.01,2,0.5,1,0.78,0.53,0.5,0.08,0
0.1,0,0,0,-0.95,0.34,1.67,1,0.17,1,0.41,1.46,0.17,0.21,0
-1.01,1,0,1,0.29,-1.39,-1.23,2,2,0,-1.33,0,0,0.02,0
-0.1,0,0,0,0.1,-1.04,0.54,1,0.5,0,1.04,0.69,0,0.05,0
-1.42,0,1,0,-0.76,0,1.58,1,0.2,0,-0.28,2.08,0,0.16,0
0.3,1,0,1,0.48,0.69,0.52,1,0.14,1,-0.48,1.5,0.14,0.16,0
0.63,1,0,1,1.82,1.38,0.24,2,0.22,1,-1.28,3.41,0.22,0.16,0
0.4,0,1,1,0.1,-1.04,-1.23,2,1,1,1.12,0,1,0.05,0
-0.06,0,1,1,-0.28,-0.35,-0.27,2,0.5,0,-0.98,1.36,0,0.11,0
-0.36,0,0,1,-0.95,1.03,1.17,1,0.13,0,0.71,1.06,0,0.28,0
-0.71,1,0,0,-0.66,-1.39,0.64,1,1,1,0.92,0.76,1,0.03,0
0.55,1,0,1,-0.76,-1.73,-1.23,2,2,0,1.44,0,0,0,0
0.06,1,0,0,0.67,0,0.59,2,0.4,1,0.67,0.82,0.4,0.11,0
0.64,1,0,0,-0.76,0.69,-1.23,2,0.29,0,1.22,0,0,0.23,0
1.01,1,0,1,0.1,-1.73,-1.23,1,1,0,-0.69,0,0,0,0
0.76,1,0,1,-1.04,1.38,-1.23,2,0.22,1,0,0,0.22,0.32,0
0.42,1,0,1,1.06,0.34,0.97,1,0.17,1,-1.69,50.63,0.17,0.12,0
-0.91,1,0,1,-0.56,1.03,-1.23,2,0.25,1,-0.54,0,0.25,0.24,0
0.94,1,0,1,-0.66,0,-1.23,1,0.2,1,-0.61,0,0.2,0.16,0
1.32,1,0,1,0.48,1.03,0.76,1,0.13,0,0.77,0.86,0,0.18,0
2.04,0,1,1,-1.61,0.69,0.71,1,0.14,1,1.49,0.65,0.14,0.32,0
-0.17,0,0,1,-0.09,-1.04,1.15,1,0.5,1,-0.77,2.65,0.5,0.05,0
-1.51,0,0,1,0.1,0.34,-0.46,2,0.33,1,0.96,0.31,0.33,0.15,0
0.43,0,0,1,1.34,0.69,1.19,2,0.29,0,0.34,1.26,0,0.13,0
-0.18,1,0,1,-0.95,1.72,0.86,1,0.1,0,1.47,0.71,0,0.34,0
1.89,1,0,0,-1.04,-0.35,0.96,2,0.5,0,-1.65,25.89,0,0.14,0
-0.61,0,1,0,0.1,-1.04,1.98,1,0.5,1,0.23,1.77,0.5,0.05,0
-0.66,0,1,1,0.87,-1.39,-1.23,2,2,1,-1.59,0,2,0.02,0
-1.04,0,1,1,2.2,0.69,0.07,1,0.14,1,-0.62,1.25,0.14,0.11,0
-0.3,0,1,0,0.2,1.38,-1.23,2,0.22,1,0.97,0,0.22,0.22,0
-0.58,0,0,1,-1.04,-1.73,1.06,2,2,0,0.5,1.1,0,0,0
-0.08,0,0,0,-0.47,0.69,1.35,1,0.14,1,1.54,0.85,0.14,0.21,0
-1.14,1,0,1,-1.33,0,0.64,1,0.2,0,-1.51,8.66,0,0.2,0
-0.16,0,1,0,-0.47,0,0.36,2,0.4,0,-1.47,6.27,0,0.15,0
0.07,1,0,1,-0.66,-0.7,0.68,2,0.67,1,-0.47,1.62,0.67,0.09,0
1.69,1,0,1,-0.76,-1.39,0.68,1,1,0,0.03,1.17,0,0.03,0
-0.52,1,0,1,-0.66,-1.39,-1.23,1,1,1,0.03,0,1,0.03,0
0.33,1,0,0,0.67,-1.04,-1.23,1,0.5,1,0.25,0,0.5,0.04,0
0.33,1,0,1,-0.09,-0.35,0.49,1,0.25,1,-1.47,6.84,0.25,0.11,0
-0.87,1,0,1,0.29,-0.7,0.51,1,0.33,1,1,0.69,0.33,0.07,0
-1.04,0,1,1,-0.47,-0.7,-1.23,2,0.67,0,0.54,0,0,0.09,0
-0.21,1,0,1,-1.23,0.69,0.86,2,0.29,1,1.69,0.66,0.29,0.27,0
-1.7,1,0,1,2.3,1.38,0.33,1,0.11,1,-0.26,1.14,0.11,0.14,0
1.15,0,1,1,-0.37,1.38,0.74,2,0.22,0,0.86,0.82,0,0.26,0
-1.58,1,0,0,-0.85,-1.39,-1.23,2,2,0,0.62,0,0,0.03,0
-0.49,1,0,1,-0.37,0.34,0.84,2,0.33,0,0.53,0.99,0,0.17,0
-1.03,1,0,0,-0.28,0,-1.23,1,0.2,0,1.45,0,0,0.14,0
-0.24,0,0,1,-1.14,-1.73,1.74,2,2,1,-0.4,2.41,2,0,0
-1.4,1,0,0,-1.04,1.38,-1.23,2,0.22,0,-0.1,0,0,0.32,0
-0.47,0,1,0,-0.95,-0.7,0.65,1,0.33,0,-1.67,28.54,0,0.1,0
-0.86,0,0,1,-0.95,0,0.85,1,0.2,0,0.16,1.19,0,0.17,0
-0.85,0,0,0,-0.95,-1.04,0.84,2,1,1,0.08,1.23,1,0.07,0
-0.82,0,0,1,-1.33,0.34,0.1,2,0.33,0,1.18,0.49,0,0.24,0
-1,0,0,0,-0.28,-0.7,1.3,2,0.67,0,-1.63,25.91,0,0.08,0
-0.22,1,0,1,-0.37,-1.39,1.53,1,1,1,1.04,1.08,1,0.03,0
-0.13,0,1,1,0.87,-1.04,-1.23,2,1,1,-1.6,0,1,0.04,0
-0.77,1,0,1,0.2,-1.39,-1.23,1,1,1,1.53,0,1,0.02,0
-0.61,1,0,0,-1.14,-0.35,-1.23,2,0.5,1,1.45,0,0.5,0.15,0
0.53,0,1,1,-0.85,-1.04,-1.23,2,1,1,0.79,0,1,0.07,0
-0.04,1,0,0,-0.95,-1.73,0.35,2,2,0,1.12,0.6,0,0,0
-0.6,1,0,1,0.39,1.38,-1.23,2,0.22,1,-0.41,0,0.22,0.21,0
-0.26,0,1,0,-0.76,1.03,-1.23,2,0.25,0,0.9,0,0,0.26,0
-1.16,0,0,0,-1.04,0.34,1.41,1,0.17,1,-1.64,28.84,0.17,0.21,0
-0.14,0,1,0,-1.61,0,0.36,1,0.2,0,0.4,0.8,0,0.23,0
-0.19,1,0,1,-1.14,-0.35,1.87,1,0.25,1,0.91,1.27,0.25,0.15,0
0.88,1,0,1,-1.14,0,-0.4,1,0.2,1,1.6,0.27,0.2,0.19,0
1.08,1,0,1,-1.52,0,0.12,2,0.4,1,-0.65,1.34,0.4,0.22,0
-2.33,0,1,0,0.01,0,-1.23,2,0.4,0,0.71,0,0,0.13,0
0.98,1,0,1,-1.71,-0.35,0.98,1,0.25,1,1.34,0.78,0.25,0.19,0
-0.36,1,0,0,-0.18,0.34,-1.23,2,0.33,0,-0.24,0,0,0.16,0
-0.66,1,0,1,-0.56,0,0.38,1,0.2,0,-1.15,2.93,0,0.15,0
2.06,0,0,1,0.1,-0.35,1.44,2,0.5,1,-0.97,3.74,0.5,0.1,0
-0.51,1,0,0,-0.09,-1.73,-1.23,2,2,0,1.13,0,0,0,0
0.82,0,1,1,-1.23,-0.7,-1.23,1,0.33,0,-1.14,0,0,0.12,0
2.06,0,0,1,1.34,-1.04,0.28,2,1,0,-1.1,2.54,0,0.04,0
1.33,0,1,0,-0.47,0,-1.23,2,0.4,1,0.2,0,0.4,0.15,0
-0.92,1,0,1,-0.95,1.38,-1.23,1,0.11,1,-1.29,0,0.11,0.31,0
1.21,1,0,0,0.48,-1.04,1.22,1,0.5,1,0.64,1.11,0.5,0.05,0
-1.12,0,1,1,-0.66,-1.04,0.89,1,0.5,1,1.04,0.83,0.5,0.06,0
-0.67,1,0,1,-0.95,-0.7,-1.23,2,0.67,1,0.73,0,0.67,0.1,0
0.93,1,0,0,-0.18,0.69,-1.23,2,0.29,1,1.64,0,0.29,0.19,0
-0.69,1,0,1,-0.37,-0.7,1.12,1,0.33,1,0.09,1.39,0.33,0.09,0
-0.38,1,0,0,-1.9,0,0.34,2,0.4,0,0.4,0.79,0,0.26,0
1.54,0,1,1,-0.37,0.69,-1.23,2,0.29,1,0.71,0,0.29,0.2,0
0.76,1,0,1,-0.47,-1.04,1.25,2,1,0,-0.37,1.97,0,0.06,0
-0.51,1,0,1,1.06,-1.04,0.63,1,0.5,0,1.49,0.62,0,0.04,0
1.59,1,0,1,-1.33,0.69,0.51,1,0.14,0,0.49,0.85,0,0.28,0
0.98,0,0,1,-0.09,0,-0.18,2,0.4,1,0.7,0.46,0.4,0.13,0
-1.37,1,0,0,-0.09,1.72,0.13,1,0.1,1,1.08,0.52,0.1,0.26,0
1.74,1,0,0,-0.09,1.72,-1.23,2,0.2,0,-1.21,0,0,0.26,0
-1.35,0,1,0,-0.37,-0.35,0.63,1,0.25,1,-0.17,1.28,0.25,0.11,0
-0.26,1,0,0,0.01,0,-1.23,2,0.4,0,-1.17,0,0,0.13,0
0.23,0,0,1,-0.28,0,-0.05,2,0.4,0,1.67,0.37,0,0.14,0
0.06,0,0,0,-1.14,-0.7,1.19,2,0.67,0,-1.44,8.88,0,0.11,0
2.06,0,1,0,-1.52,1.38,1.07,1,0.11,1,-0.65,2.27,0.11,0.39,0
-0.79,0,1,0,-1.04,0.69,-1.23,2,0.29,0,1.49,0,0,0.25,0
0.29,1,0,1,2.01,0.34,-1.23,2,0.33,1,-0.4,0,0.33,0.1,0
-1.25,0,0,0,0.29,-1.73,0.38,1,1,1,-0.05,1.03,1,0,0
-1.47,1,0,1,0.48,-0.7,0.62,2,0.67,0,-0.57,1.72,0,0.07,0
-0.96,0,0,1,-0.66,-0.35,0.51,1,0.25,1,0.76,0.75,0.25,0.13,0
-0.03,0,1,1,0.29,-1.04,0.36,2,1,0,-0.19,1.11,0,0.05,0
0.73,1,0,0,-0.18,-1.39,-1.23,2,2,0,-0.51,0,0,0.03,0
1.04,1,0,1,-0.76,1.03,-1.23,2,0.25,0,-1.44,0,0,0.26,0
0.12,1,0,1,-0.47,-1.04,-1.23,2,1,1,-1.37,0,1,0.06,0
-0.23,0,0,1,-0.95,-0.7,0.59,2,0.67,1,0.43,0.91,0.67,0.1,0
0.49,0,1,0,0.1,-1.73,0.25,1,1,1,0.76,0.64,1,0,0
0.75,1,0,1,0.87,0.69,-1.23,2,0.29,1,0.88,0,0.29,0.15,0
-0.18,0,0,0,-0.95,1.03,0.46,1,0.13,1,-0.04,1.07,0.13,0.28,0
-0.9,1,0,1,-0.76,-0.35,-1.23,2,0.5,0,-0.81,0,0,0.13,0
-0.02,1,0,0,-0.76,-1.04,-1.23,2,1,0,-1.48,0,0,0.06,0
-0.3,1,0,0,-0.85,-0.35,0.5,1,0.25,1,1.68,0.55,0.25,0.13,0
0.7,1,0,1,-1.14,-1.04,-1.23,2,1,0,-1.28,0,0,0.07,0
0.05,0,1,0,-0.47,-0.35,0.53,2,0.5,0,0.59,0.82,0,0.12,0
0.47,1,0,1,-1.61,1.38,1.17,1,0.11,1,1.7,0.76,0.11,0.41,0
-0.14,1,0,0,-0.09,-0.7,0.45,1,0.33,0,0.34,0.87,0,0.08,0
-0.21,0,1,0,-1.71,-1.39,0.15,1,1,1,0.57,0.64,1,0.05,0
-0.61,1,0,1,-0.18,-0.35,2.18,1,0.25,0,1.33,1.21,0,0.11,0
-0.17,0,0,1,-0.18,-1.39,0.21,2,2,1,1.62,0.46,2,0.03,0
-0.44,1,0,0,-1.04,1.38,-1.23,2,0.22,1,0.43,0,0.22,0.32,0
-0.88,0,0,0,-0.66,1.38,-0.13,1,0.11,0,0.75,0.48,0,0.28,0
1.16,0,1,1,2.68,1.38,1.16,1,0.11,1,-0.22,1.7,0.11,0.13,0
0.15,1,0,0,1.53,1.03,0.96,1,0.13,1,-0.11,1.45,0.13,0.15,0
-0.02,1,0,1,-0.09,-1.39,0.73,1,1,1,-0.19,1.37,1,0.03,0
0.46,1,0,1,0.58,-0.7,-1.23,2,0.67,1,-1.2,0,0.67,0.07,0
1.29,0,0,1,2.96,0.34,0.69,2,0.33,1,-0.44,1.61,0.33,0.09,0
1.42,1,0,0,0.01,-0.7,0.94,1,0.33,1,0.23,1.2,0.33,0.08,0
-1.1,1,0,0,-0.66,1.38,0.55,1,0.11,1,-1.49,7.61,0.11,0.28,0
-0.38,1,0,0,0.2,1.03,0.72,1,0.13,1,-1.73,203,0.13,0.2,0
-2.04,0,0,0,-0.09,1.03,0.71,1,0.13,0,0.51,0.93,0,0.21,0
-1.86,1,0,0,1.82,-0.35,0.61,1,0.25,1,-1.11,3.16,0.25,0.07,0
1.85,0,0,0,-0.18,-0.7,0.43,1,0.33,0,-1.72,92.86,0,0.08,0
1.07,0,0,1,1.72,-1.04,0.4,2,1,1,-0.51,1.43,1,0.04,0
1.02,0,0,1,0.67,1.72,0.03,2,0.2,1,-0.46,1.06,0.2,0.22,0
0.17,1,0,1,-1.52,-1.39,-1.23,2,2,0,-0.15,0,0,0.04,0
0.2,0,1,1,-0.85,-0.7,0.91,1,0.33,0,-1.69,42.3,0,0.1,0
0.2,1,0,0,-0.56,0.69,-1.23,2,0.29,1,-0.21,0,0.29,0.21,0
-0.82,1,0,1,-0.66,0,0.88,1,0.2,0,0.44,1.05,0,0.16,0
-0.1,0,0,0,-0.18,0.69,-0.22,2,0.29,1,-1.06,1.61,0.29,0.19,0
-1.03,0,0,0,-0.85,-1.04,1.07,1,0.5,0,0.79,0.98,0,0.07,0
0.94,0,0,1,-0.28,1.03,0.65,2,0.25,0,1.2,0.69,0,0.22,0
-1.85,1,0,1,-0.76,-0.35,-0.29,2,0.5,1,-0.47,0.8,0.5,0.13,0
-0.26,1,0,1,0.58,0.69,0.98,1,0.14,0,0.43,1.1,0,0.16,0
-0.01,0,0,1,-0.47,-0.35,1.06,1,0.25,1,-1.54,12.63,0.25,0.12,0
-1.2,1,0,0,-0.09,1.03,-1.23,2,0.25,0,0.64,0,0,0.21,0
-0.02,1,0,0,0.2,-1.04,0.79,1,0.5,1,-0.51,1.78,0.5,0.05,0
0.45,0,1,1,-0.09,0.69,0.72,1,0.14,0,0.23,1.07,0,0.18,0
0.05,0,0,1,1.25,1.38,1.09,1,0.11,1,-0.89,2.95,0.11,0.17,0
-0.32,1,0,1,-0.28,1.03,-1.23,2,0.25,1,0.8,0,0.25,0.22,0
-0.76,1,0,0,-0.37,1.72,-1.23,2,0.2,1,-1.3,0,0.2,0.29,0
-0.53,1,0,1,-1.33,0.34,0.7,1,0.17,1,-1.31,4.83,0.17,0.24,0
0.55,1,0,1,0.29,1.03,0.85,2,0.25,1,1.38,0.72,0.25,0.19,0
-1.76,1,0,0,-1.04,0.34,-1.23,2,0.33,0,-0.9,0,0,0.21,0
0.33,1,0,1,0.29,-1.73,-1.23,1,1,1,1.06,0,1,0,0
0.51,0,1,1,-0.76,0.69,-1.23,2,0.29,1,0.78,0,0.29,0.23,0
-1.64,1,0,1,-0.95,-1.39,1.09,1,1,1,1.67,0.74,1,0.03,0
-0.27,1,0,1,-0.28,0.34,-1.23,2,0.33,0,-0.27,0,0,0.17,0
0.6,1,0,1,-0.18,0.69,-1.23,1,0.14,0,1.03,0,0,0.19,0
-0.97,0,0,1,2.77,-1.04,0.38,1,0.5,1,-1.07,2.6,0.5,0.03,0
-0.05,0,0,1,1.06,0.34,1.1,2,0.33,1,-1.26,5.22,0.33,0.12,0
0.71,0,0,1,-1.04,-0.7,0.47,2,0.67,1,1.46,0.58,0.67,0.11,0
0.57,0,0,0,0.77,0.34,0.71,1,0.17,1,0.71,0.86,0.17,0.13,0
0.1,1,0,1,-0.09,0.69,-1.23,2,0.29,1,0.81,0,0.29,0.18,0
0.17,1,0,1,-0.28,1.38,-1.23,2,0.22,1,-1.04,0,0.22,0.25,0
0.56,1,0,1,-0.85,-1.39,-1.23,1,1,1,1.41,0,1,0.03,0
-0.54,0,0,0,-1.14,1.72,1.52,1,0.1,1,-0.28,2.04,0.1,0.37,0
0.19,1,0,1,-1.23,-0.35,-1.23,2,0.5,1,1.7,0,0.5,0.15,0
0.26,1,0,0,-0.66,0,-1.23,2,0.4,1,-0.43,0,0.4,0.16,0
0.66,0,0,1,-1.04,0.69,0.02,1,0.14,0,1.35,0.44,0,0.25,0
-0.55,0,0,0,3.15,0.34,0.78,2,0.33,1,-1.62,17.49,0.33,0.08,0
-0.95,1,0,1,-0.95,-1.39,-1.23,2,2,0,0.97,0,0,0.03,0
-0.9,1,0,0,-1.04,-1.39,-1.23,1,1,1,1.08,0,1,0.04,0
0.4,1,0,1,0.01,0.69,-1.23,2,0.29,0,-1.48,0,0,0.18,0
-0.48,0,1,0,3.06,1.72,-1.23,2,0.2,1,0.52,0,0.2,0.14,0
0.85,0,0,1,-0.09,1.38,0.56,2,0.22,1,1.65,0.57,0.22,0.24,0
1.32,0,1,1,0.1,1.03,0.45,2,0.25,1,0.3,0.89,0.25,0.2,0
-0.05,1,0,1,-1.42,1.03,-1.23,2,0.25,0,-0.13,0,0,0.33,0
-0.55,1,0,0,-0.56,0.34,0.95,2,0.33,0,-0.44,1.81,0,0.18,0
1.76,0,0,0,-0.18,0,0.48,2,0.4,1,0.48,0.84,0.4,0.14,0
-1.14,0,0,1,0.01,-1.39,0.1,1,1,0,0.24,0.72,0,0.03,0
-1.14,0,0,1,0.01,-0.35,0.81,1,0.25,1,-1.46,7.88,0.25,0.1,0
-1.23,0,1,0,2.58,-0.7,-1.23,1,0.33,1,0.26,0,0.33,0.05,0
-1.2,1,0,0,0.58,-1.04,-1.23,2,1,1,1.23,0,1,0.04,0
-0.24,0,0,1,-1.52,0,1.73,1,0.2,0,0.05,1.79,0,0.22,0
-1.4,1,0,0,-1.33,0.69,0.05,1,0.14,1,-1.07,2.05,0.14,0.28,0
0.48,1,0,0,0.01,0.34,1.2,1,0.17,1,-0.96,3.37,0.17,0.15,0
0.02,0,0,1,-1.14,-1.04,1.44,2,1,1,0.8,1.14,1,0.07,0
-0.74,0,0,1,-1.04,0.34,1.18,1,0.17,0,0.79,1.03,0,0.21,0
1.13,1,0,1,0.39,1.03,0.73,1,0.13,0,1.62,0.63,0,0.19,0
1.23,1,0,1,1.15,1.38,1.29,2,0.22,0,-1.04,3.89,0,0.18,0
-1.58,0,1,1,-0.95,1.03,0.82,1,0.13,1,-0.93,2.74,0.13,0.28,0
0.56,0,0,0,0.39,0.69,0.06,1,0.14,1,0.05,0.78,0.14,0.16,0
-0.03,1,0,0,0.48,-1.04,-1.23,2,1,1,-0.72,0,1,0.05,0
0.56,1,0,1,-0.56,-0.7,1.09,2,0.67,0,0.24,1.27,0,0.09,0
0.04,1,0,1,0.29,0.69,0.37,1,0.14,1,-0.56,1.47,0.14,0.17,0
-0.27,1,0,0,-0.66,-1.04,0.05,2,1,1,0.79,0.55,1,0.06,0
-0.58,1,0,0,-0.85,1.72,-1.23,2,0.2,1,0.42,0,0.2,0.33,0
0.46,0,1,0,-0.47,1.38,-1.23,2,0.22,1,-0.57,0,0.22,0.26,0
-0.55,1,0,1,-1.04,-1.04,-1.23,3,1.5,1,-0.37,0,1.5,0.07,0
0.89,0,0,0,0.1,-1.04,1.38,2,1,0,0.86,1.09,0,0.05,0
0.45,0,0,1,-0.18,-1.39,0.31,2,2,0,0,0.95,0,0.03,0
0.34,1,0,1,-1.33,-0.35,-1.23,2,0.5,0,0.91,0,0,0.16,0
-1.16,0,1,0,-0.85,1.03,-1.23,2,0.25,1,-1.02,0,0.25,0.27,0
0.19,1,0,1,-0.18,-0.35,-1.23,1,0.25,0,0.56,0,0,0.11,0
0.82,1,0,0,-0.47,0,-0.04,2,0.4,0,-0.06,0.77,0,0.15,0
-0.3,1,0,0,-0.76,-1.39,0.21,1,1,1,0.91,0.59,1,0.03,0
0.66,0,1,0,-0.56,1.72,0.43,2,0.2,1,-0.88,2.08,0.2,0.3,0
-0.84,0,1,0,-0.47,-0.7,-1.23,1,0.33,0,0.59,0,0,0.09,0
0.18,0,0,0,1.91,0,0.7,1,0.2,1,-0.86,2.38,0.2,0.08,0
-0.23,1,0,1,-0.66,1.38,1.16,2,0.22,1,-1.46,9.09,0.22,0.28,0
-0.52,1,0,1,0.1,-1.39,1.04,1,1,1,-0.56,2.08,1,0.03,0
0.44,1,0,0,0.39,-0.35,1.22,1,0.25,0,-1.58,16.48,0,0.09,0
0.55,1,0,1,-0.28,0.69,0.7,2,0.29,1,0.01,1.19,0.29,0.19,0
-1.28,0,1,1,-0.56,1.38,0.89,1,0.11,0,-0.02,1.34,0,0.27,0
-1.01,0,0,1,0.39,0.34,0.14,2,0.33,1,1.05,0.53,0.33,0.14,0
-0.78,0,1,1,1.34,-1.39,0.13,2,2,1,-1.29,3.26,2,0.02,0
-0.25,1,0,0,-0.66,-1.73,-1.23,2,2,0,1.51,0,0,0,0
-0.71,1,0,1,-1.8,-0.35,-1.23,1,0.25,1,-0.77,0,0.25,0.2,0
0.34,0,1,1,0.1,1.03,-1.23,1,0.13,0,-0.42,0,0,0.2,0
2.06,1,0,1,-0.85,1.38,0.72,1,0.11,0,-1.04,3.01,0,0.3,0
0.03,0,1,1,-0.37,0.34,0.64,2,0.33,1,-1.33,4.89,0.33,0.17,0
0.29,1,0,1,2.01,1.03,-1.23,2,0.25,1,-0.85,0,0.25,0.13,0
-1.05,0,0,0,0.96,0.34,0.77,1,0.17,1,-0.11,1.33,0.17,0.12,0
2.06,0,1,0,-0.28,-1.04,1.26,2,1,0,1.21,0.92,0,0.06,0
-0.96,0,0,0,-0.66,-1.39,0.51,1,1,1,-1.62,15.61,1,0.03,0
-1.27,0,1,1,0.1,-0.35,-1.23,2,0.5,0,-1.3,0,0,0.1,0
1.56,1,0,1,-0.09,0,-1.23,2,0.4,0,-0.59,0,0,0.13,0
0.16,0,0,1,-0.09,0.34,0.37,2,0.33,1,1.01,0.63,0.33,0.16,0
-0.46,1,0,1,-0.37,-1.04,0.89,1,0.5,1,1.13,0.8,0.5,0.06,0
-1.1,0,0,1,0.01,-0.35,1.06,2,0.5,0,0.81,0.97,0,0.1,0
2.06,1,0,0,0.2,0,-1.23,2,0.4,1,-1.13,0,0.4,0.12,0
-1.59,1,0,1,0.2,1.38,-1.23,1,0.11,0,-1.36,0,0,0.22,0
1.17,1,0,0,0.01,0,0.07,1,0.2,1,0.17,0.74,0.2,0.13,0
-0.43,1,0,1,0.1,0.34,-1.23,2,0.33,1,-0.05,0,0.33,0.15,0
1.01,1,0,1,-0.56,-1.39,1.06,1,1,0,-0.54,2.06,0,0.03,0
0.62,0,1,0,3.44,0,-1.23,2,0.4,1,-1.58,0,0.4,0.07,0
-1.21,0,1,1,1.15,-0.7,-1.23,2,0.67,1,-1.38,0,0.67,0.06,0
-0.45,1,0,1,-1.33,-0.7,-1.23,2,0.67,0,1.51,0,0,0.12,0
-1.03,0,1,1,-0.66,-0.35,-1.23,2,0.5,0,-0.81,0,0,0.13,0
0.24,1,0,1,0.58,0.69,1.05,1,0.14,0,-1.1,3.84,0,0.16,0
-1.3,1,0,0,-1.33,0.34,-1.23,2,0.33,0,-0.18,0,0,0.24,0
-0.06,0,0,1,-0.56,1.03,1.17,1,0.13,0,0.87,1,0,0.24,0
1.08,1,0,0,0.39,1.38,-1.23,2,0.22,0,-1.43,0,0,0.21,0
0.59,0,0,1,-0.18,1.03,1.23,1,0.13,1,-1.27,5.7,0.13,0.22,0
0.67,1,0,1,-1.71,0.34,0,1,0.17,1,1.28,0.44,0.17,0.29,0
0.79,1,0,0,-1.23,1.38,0.72,1,0.11,1,0.81,0.83,0.11,0.35,0
-0.95,0,1,0,-1.14,-1.39,-1.23,1,1,1,-1.72,0,1,0.04,0
-1.31,1,0,1,-1.61,1.38,-1.23,2,0.22,0,-0.45,0,0,0.41,0
0.58,1,0,0,1.53,-1.39,-1.23,2,2,1,-0.79,0,2,0.02,0
0.21,0,1,1,-0.09,-1.73,0.26,2,2,0,-1.68,25.41,0,0,0
0.17,0,0,0,-0.28,-1.39,0.61,1,1,1,-0.81,2.14,1,0.03,0
1.87,0,0,1,-0.66,1.38,0.06,1,0.11,0,1.65,0.41,0,0.28,0
-1.09,0,1,0,-0.56,0.69,1.55,1,0.14,0,0.88,1.15,0,0.21,0
-0.48,0,1,0,-0.37,0.69,1.13,1,0.14,1,-0.74,2.55,0.14,0.2,0
0.07,0,1,1,2.68,0,0.69,2,0.4,1,0.13,1.11,0.4,0.07,0
-1.69,0,1,0,-0.28,-1.39,1.02,1,1,0,1.63,0.72,0,0.03,0
0.63,0,0,0,-0.37,-1.04,0.92,1,0.5,1,0.36,1.11,0.5,0.06,0
-1.03,1,0,1,-0.18,-0.7,-1.23,2,0.67,1,-0.86,0,0.67,0.08,0
-0.95,1,0,0,-0.09,1.03,0.3,1,0.13,1,-0.24,1.1,0.13,0.21,0
-0.32,1,0,0,-0.95,-0.7,-1.23,2,0.67,1,0.93,0,0.67,0.1,0
0.1,0,1,1,0.29,0,-1.23,2,0.4,0,0.27,0,0,0.12,0
-2.09,1,0,0,-0.18,0.34,-1.23,2,0.33,0,-0.31,0,0,0.16,0
0.54,0,0,0,-1.23,-1.39,0.33,1,1,0,-0.63,1.53,0,0.04,0
1.49,0,0,1,-0.18,-1.04,1.01,2,1,1,1.72,0.7,1,0.05,0
-0.58,1,0,0,-0.76,1.38,-1.23,1,0.11,1,-1.64,0,0.11,0.29,0
-0.67,0,1,1,-0.47,0,1.47,1,0.2,0,-1.39,8.38,0,0.15,0
-0.39,0,0,0,-0.85,0,0.88,2,0.4,0,1.23,0.77,0,0.17,0
-0.51,1,0,1,0.48,-0.7,-1.23,2,0.67,0,-1.21,0,0,0.07,0
0.07,1,0,1,1.06,1.38,-1.23,2,0.22,0,-1.09,0,0,0.18,0
-1.24,1,0,1,-0.76,-0.7,-1.23,1,0.33,1,-1,0,0.33,0.1,0
-0.31,0,0,1,0.77,0.69,0.49,1,0.14,1,-0.58,1.61,0.14,0.15,0
1.36,1,0,0,-0.56,-1.04,0.29,1,0.5,1,0.03,0.93,0.5,0.06,0
-1.27,0,0,0,-0.95,1.38,1.5,2,0.22,0,-0.88,3.45,0,0.31,0
-0.67,1,0,0,-0.37,0.69,-1.23,2,0.29,0,-0.51,0,0,0.2,0
-1.58,1,0,1,3.25,-1.04,1.5,2,1,1,1.14,1.03,1,0.03,0
0.42,1,0,0,-0.56,-1.39,0.83,1,1,1,0.23,1.13,1,0.03,0
-0.85,1,0,0,0.77,0.69,-1.23,2,0.29,1,-0.94,0,0.29,0.15,0
0.67,1,0,0,-0.37,-0.7,-1.23,1,0.33,1,0.9,0,0.33,0.09,0
0.3,0,0,1,-0.66,0.69,1.59,1,0.14,1,-0.4,2.27,0.14,0.22,0
1.57,0,1,1,0.2,0.34,-1.23,2,0.33,0,-0.92,0,0,0.15,0
-1.15,1,0,0,-1.61,-1.73,0.39,2,2,1,-1.07,2.6,2,0,0
-1.62,1,0,1,2.87,1.38,0.27,1,0.11,1,-1.31,3.81,0.11,0.13,0
-0.58,0,0,1,-0.09,0.34,-0.21,2,0.33,1,-1.49,4.37,0.33,0.16,0
-0.56,1,0,1,-0.56,-1.04,1.01,1,0.5,0,-0.64,2.21,0,0.06,0
-0.02,1,0,0,1.25,1.03,-0.44,1,0.13,0,-1.01,1.17,0,0.15,0
1.41,1,0,0,0.1,0.34,-1.23,2,0.33,1,-0.28,0,0.33,0.15,0
-0.48,1,0,1,-1.04,0.69,-1.23,2,0.29,0,-0.72,0,0,0.25,0
-1.16,0,1,0,0.29,1.38,-1.23,1,0.11,0,0.92,0,0,0.21,0
0.47,1,0,0,-0.56,-0.35,-1.23,2,0.5,1,-0.46,0,0.5,0.12,0
-1.49,0,0,0,0.67,1.03,0.42,1,0.13,1,-0.52,1.46,0.13,0.17,0
0.36,0,1,1,-0.47,0.34,0.11,1,0.17,0,-1.57,8.62,0,0.18,0
0.56,0,0,1,0.2,-0.35,-0.07,2,0.5,1,0.74,0.51,0.5,0.1,0
-1.57,0,0,0,-0.95,0.34,1.15,1,0.17,0,0.32,1.25,0,0.21,0
0.69,1,0,0,3.54,1.38,0.99,1,0.11,1,-0.55,2.02,0.11,0.12,0
-1.45,1,0,1,2.3,1.03,-1.23,2,0.25,1,0.26,0,0.25,0.13,0
-0.19,1,0,1,-0.66,0.34,0.56,1,0.17,1,1.22,0.65,0.17,0.19,0
0.97,0,0,1,-0.66,-0.35,0.31,1,0.25,1,-0.35,1.2,0.25,0.13,0
0.13,0,0,1,0.29,0.69,0.63,1,0.14,0,-1.4,5.84,0,0.17,0
-0.13,0,0,0,-0.18,0.69,0.77,2,0.29,0,1.02,0.79,0,0.19,0
-0.65,0,1,1,0.67,1.03,-1.23,1,0.13,0,-0.66,0,0,0.17,0
0.38,0,1,1,-0.37,1.03,0.39,2,0.25,0,-1.35,4.54,0,0.23,0
-0.53,1,0,1,0.48,1.72,0.67,1,0.1,1,-1.19,3.77,0.1,0.23,0
0.7,0,1,1,-1.04,0.34,-1.23,2,0.33,0,0.81,0,0,0.21,0
0.82,1,0,1,-1.14,0,-1.23,2,0.4,1,0.28,0,0.4,0.19,0
0.63,0,1,0,-1.04,0,-1.23,2,0.4,1,-0.11,0,0.4,0.18,0
-0.99,0,1,0,-1.23,1.38,-1.23,2,0.22,1,1.02,0,0.22,0.35,0
2.06,1,0,0,0.29,1.38,0.59,1,0.11,1,1.71,0.57,0.11,0.21,0
0.28,1,0,0,0.2,1.38,-1.23,1,0.11,0,-1.51,0,0,0.22,0
-0.77,1,0,1,-0.66,0.69,-1.23,2,0.29,0,-1.66,0,0,0.22,0
-0.61,1,0,1,0.29,-1.39,1.13,2,2,1,-0.64,2.34,2,0.02,0
1.28,1,0,1,-0.28,0.69,0.44,1,0.14,1,0.33,0.87,0.14,0.19,0
-0.32,1,0,0,-0.95,-1.39,1,2,2,0,0.95,0.9,0,0.03,0
-1.36,0,1,1,0.01,-0.35,0.57,1,0.25,1,-0.04,1.15,0.25,0.1,0
0.86,0,1,0,-0.18,-1.73,1.22,1,1,1,-0.89,3.12,1,0,0
0.85,1,0,1,1.15,1.72,1.04,1,0.1,0,0.52,1.09,0,0.2,0
-0.01,1,0,0,0.39,0.34,-1.23,2,0.33,1,-1.46,0,0.33,0.14,0
-1.16,1,0,0,-0.56,0,-1.23,2,0.4,0,0.47,0,0,0.15,0
-0.76,1,0,0,0.67,-1.39,-1.23,1,1,1,1.02,0,1,0.02,0
1.46,1,0,1,-0.85,1.03,-1.23,2,0.25,0,1.73,0,0,0.27,0
-0.64,1,0,1,-0.95,-1.04,-1.23,2,1,1,-0.03,0,1,0.07,0
-1.25,1,0,1,-1.33,1.38,1.38,1,0.11,0,-0.63,2.53,0,0.36,0
1.32,0,0,0,-0.95,0.69,0.75,1,0.14,0,1.41,0.68,0,0.24,0
-0.36,0,1,1,-0.76,0.69,0,2,0.29,1,1.11,0.47,0.29,0.23,0
0.05,1,0,0,1.15,-0.7,-1.23,2,0.67,1,-1.47,0,0.67,0.06,0
0.73,1,0,1,0.67,-1.39,0.63,2,2,0,0.05,1.12,0,0.02,0
-1.57,0,0,1,-0.28,0,0.88,2,0.4,0,1.3,0.75,0,0.14,0
0.47,0,1,0,-0.28,0.69,-1.23,2,0.29,1,-0.31,0,0.29,0.19,0
0.32,1,0,1,-0.47,0.69,-1.23,2,0.29,0,0.53,0,0,0.21,0
0.32,0,1,1,-0.85,-1.04,0.55,1,0.5,0,-0.54,1.61,0,0.07,0
-0.1,0,1,1,0.29,1.38,0.9,1,0.11,0,-1.13,3.75,0,0.21,0
-0.88,0,0,1,1.91,1.38,-0.12,1,0.11,1,1.23,0.4,0.11,0.15,0
-1.69,1,0,1,-0.18,0.34,-1.23,2,0.33,1,0.46,0,0.33,0.16,0
0.81,1,0,1,0.01,-0.35,0.72,1,0.25,1,1.04,0.76,0.25,0.1,0
-0.73,1,0,0,-0.37,-1.39,0.41,1,1,1,1.19,0.61,1,0.03,0
-0.09,1,0,1,0.1,-1.39,1.26,1,1,1,0.66,1.12,1,0.03,0
2.06,0,1,0,0.2,-0.7,0.38,2,0.67,0,-0.5,1.4,0,0.07,0
-0.36,0,0,1,0.01,-1.04,0.72,2,1,0,-0.77,2.19,0,0.05,0
-1.29,0,1,0,0.39,-0.7,-1.23,2,0.67,0,-1.19,0,0,0.07,0
-1.32,0,0,1,-0.37,1.03,1,1,0.13,1,1.5,0.75,0.13,0.23,0
0.13,1,0,1,-0.37,1.38,-1.23,2,0.22,1,1.66,0,0.22,0.26,0
1.96,1,0,1,-0.85,1.03,0.96,1,0.13,0,-0.8,2.52,0,0.27,0
-0.83,0,0,1,0.29,-1.73,0.5,2,2,0,0.48,0.85,0,0,0
-1.65,0,0,1,-1.9,-1.04,0.79,1,0.5,0,0.51,0.97,0,0.11,0
-0.69,1,0,1,0.96,1.03,1.54,1,0.13,0,0.24,1.52,0,0.16,0
1.65,1,0,0,1.15,0,-1.23,2,0.4,1,1.47,0,0.4,0.1,0
0.98,0,1,0,1.91,1.03,-1.23,1,0.13,1,-1.11,0,0.13,0.14,0
-0.26,1,0,0,0.01,-0.7,0.87,1,0.33,1,0.37,1.08,0.33,0.08,0
-1.2,1,0,0,-0.95,-1.04,0.58,1,0.5,0,1.49,0.61,0,0.07,0
0.81,0,1,0,0.58,0.69,0.23,2,0.29,0,-0.5,1.28,0,0.16,0
0.05,1,0,0,-1.23,0.69,0.48,1,0.14,1,-1.18,3.32,0.14,0.27,0
1.04,1,0,1,0.77,0,1.06,2,0.4,0,1.09,0.88,0,0.11,0
-1.3,1,0,1,-0.56,-1.39,0.58,1,1,1,1.31,0.64,1,0.03,0
-1.23,1,0,0,0.1,0,-1.23,2,0.4,1,1.34,0,0.4,0.13,0
0.47,0,1,0,0.39,-0.35,-1.23,2,0.5,1,-0.59,0,0.5,0.09,0
1.4,0,0,0,-0.66,-1.04,0.45,2,1,0,-0.7,1.75,0,0.06,0
-0.73,1,0,1,1.53,0.34,0.45,1,0.17,1,1.32,0.59,0.17,0.11,0
-0.56,0,0,1,0.77,0,1.02,2,0.4,1,1.29,0.8,0.4,0.11,0
0.34,1,0,1,0.01,-0.35,-1.23,2,0.5,0,1.25,0,0,0.1,0
1.33,1,0,1,2.2,1.72,0.68,1,0.1,1,0.29,1.02,0.1,0.16,0
-1.03,1,0,1,-0.76,-1.39,-1.23,2,2,1,1.48,0,2,0.03,0
-1.29,0,1,1,-0.85,1.03,-1.23,1,0.13,0,-1.11,0,0,0.27,0
2.05,1,0,0,0.2,1.38,0.62,1,0.11,0,0.05,1.12,0,0.22,0
-1.86,1,0,0,-1.14,-0.35,-1.23,2,0.5,0,0.39,0,0,0.15,0
-0.23,0,1,1,0.39,-0.7,1.74,1,0.33,0,0.4,1.5,0,0.07,0
0.24,0,0,1,0.39,1.03,0.15,2,0.25,0,-1.59,9.82,0,0.19,0
1.52,1,0,1,-0.66,1.72,0.6,1,0.1,1,0.45,0.91,0.1,0.31,0
-0.63,0,1,0,-0.95,-1.04,1.45,2,1,0,0.39,1.36,0,0.07,0
-0.65,1,0,0,-1.14,1.03,-1.23,1,0.13,0,-1.39,0,0,0.3,0
-0.76,1,0,1,-0.95,0.69,-1.23,2,0.29,1,-0.78,0,0.29,0.24,0
-0.82,1,0,0,-0.09,0.34,0.49,2,0.33,0,-1.06,2.75,0,0.16,0
0.3,1,0,1,-0.28,-0.7,0.64,1,0.33,1,-0.63,1.82,0.33,0.08,0
-0.03,0,1,0,-1.14,0.69,-1.23,2,0.29,1,1.09,0,0.29,0.26,0
-0.34,1,0,1,0.01,-1.04,0.23,1,0.5,0,-1.28,3.43,0,0.05,0
-0.03,0,0,1,0.2,0,0.75,1,0.2,1,-1.65,24.29,0.2,0.12,0
1.12,1,0,0,0.01,0.34,-1.23,2,0.33,1,0.7,0,0.33,0.15,0
-0.68,1,0,1,0.1,0.69,-1.23,2,0.29,0,0.8,0,0,0.18,0
1.28,1,0,0,0.29,-0.7,0.98,1,0.33,0,1.73,0.69,0,0.07,0
0.48,0,0,0,0.87,-1.04,0.51,2,1,1,0.07,1.04,1,0.04,0
-0.47,0,1,1,0.01,1.72,0.46,2,0.2,0,0.66,0.76,0,0.26,0
0.26,1,0,1,-1.8,-1.39,0.07,1,1,0,-0.55,1.17,0,0.05,0
0.28,1,0,0,-1.61,-0.35,1.58,1,0.25,1,-1.25,6.21,0.25,0.18,0
1.41,1,0,0,4.39,1.72,-1.23,2,0.2,1,0.29,0,0.2,0.12,0
1.24,1,0,1,-0.28,-1.04,0.21,1,0.5,1,0.1,0.85,0.5,0.06,0
0.09,1,0,1,0.39,-1.39,0.47,2,2,0,-1.27,3.94,0,0.02,0
0.44,1,0,1,-1.71,-1.39,-1.23,2,2,1,-1.68,0,2,0.05,0
0.97,1,0,1,0.77,1.38,-1.23,2,0.22,0,0.23,0,0,0.19,0
1.85,0,1,0,-1.23,1.03,0.4,2,0.25,1,-1.4,5.25,0.25,0.31,0
0.68,1,0,1,-0.09,-0.35,-1.23,2,0.5,0,1.56,0,0,0.11,0
0.21,1,0,1,-0.47,0.69,0.48,2,0.29,1,-1.28,4.04,0.29,0.21,0
1.91,0,0,0,-0.95,1.72,0.86,2,0.2,0,0.11,1.23,0,0.34,0
-0.15,1,0,0,-0.09,-1.39,-1.23,1,1,0,-0.96,0,0,0.03,0
-0.02,0,1,1,-0.95,-1.04,-0.5,1,0.5,1,1.28,0.26,0.5,0.07,0
-0.31,0,0,1,-1.14,-1.39,-0.04,1,1,1,-0.83,1.41,1,0.04,0
1.38,0,1,1,0.87,0.69,-1.23,2,0.29,1,1.43,0,0.29,0.15,0
1.37,0,1,0,-0.18,-1.39,0.96,1,1,0,1.7,0.69,0,0.03,0
-0.37,1,0,1,-0.66,-0.35,-1.23,2,0.5,1,-1.63,0,0.5,0.13,0
1.15,1,0,1,1.34,-1.39,0.42,1,1,1,1.22,0.6,1,0.02,0
-0.45,1,0,1,-0.37,-1.04,-1.23,2,1,1,0.25,0,1,0.06,0
-0.51,1,0,0,-0.47,0,-1.23,2,0.4,0,-1.27,0,0,0.15,0
-1.14,0,1,1,2.68,-1.39,0.19,1,1,1,-0.71,1.49,1,0.01,0
1.67,1,0,1,0.48,-0.35,0.62,2,0.5,0,1.13,0.7,0,0.09,0
0.36,1,0,1,1.82,-1.39,0.45,1,1,1,0.94,0.68,1,0.02,0
0.3,1,0,1,-0.56,-1.39,0.75,1,1,0,0.61,0.91,0,0.03,0
0.3,0,1,0,1.82,1.03,-1.23,2,0.25,1,-0.6,0,0.25,0.14,0
-0.2,1,0,0,-0.56,1.03,-1.23,2,0.25,0,0.3,0,0,0.24,0
-0.84,1,0,0,0.39,0.69,-1.23,2,0.29,1,-0.39,0,0.29,0.16,0
-0.69,0,0,1,-0.56,-0.7,0.19,2,0.67,1,1.35,0.5,0.67,0.09,0
-0.71,1,0,0,0.1,1.38,-1.23,3,0.33,1,-0.68,0,0.33,0.23,0
-0.43,1,0,1,-0.66,0.69,-0.07,1,0.14,1,0.9,0.47,0.14,0.22,0
-1.5,0,1,1,-0.37,0.34,0.54,2,0.33,0,-1.28,4.18,0,0.17,0
-1.53,1,0,1,0.29,1.03,0.45,1,0.13,1,0.83,0.71,0.13,0.19,0
-1.53,1,0,0,-1.04,0,-1.23,2,0.4,0,0.45,0,0,0.18,0
1.61,0,0,1,-0.76,1.72,1,1,0.1,0,1.58,0.73,0,0.32,0
0.03,1,0,0,-0.76,0.69,0.42,1,0.14,1,-1.55,9.29,0.14,0.23,0
0.24,0,1,1,-0.66,-1.04,-1.23,2,1,0,0.7,0,0,0.06,0
1.53,1,0,1,-0.66,0.69,-1.23,2,0.29,1,-1.08,0,0.29,0.22,0
0.93,1,0,0,-0.85,1.03,0.46,1,0.13,0,-1.71,56.79,0,0.27,0
-1.24,0,0,0,-0.66,-1.73,0.53,2,2,1,1.25,0.64,2,0,0
-0.98,1,0,1,-0.37,1.72,-1.23,2,0.2,1,1.61,0,0.2,0.29,0
0.28,0,0,0,0.39,-1.04,1.23,2,1,1,1.63,0.79,1,0.05,0
-0.66,0,0,1,-0.56,0.34,0.9,1,0.17,0,-0.77,2.38,0,0.18,0
-1.28,0,1,0,-0.28,0.34,-1.23,2,0.33,1,0.04,0,0.33,0.17,0
1.1,0,0,0,-0.47,-1.39,0.85,2,2,0,-0.96,2.88,0,0.03,0
-1.89,0,1,1,-1.04,-0.7,-1.23,2,0.67,0,1.23,0,0,0.11,0
0.44,1,0,1,-0.95,-1.04,1.2,1,0.5,0,1.69,0.77,0,0.07,0
1.24,1,0,0,-0.85,1.03,-1.23,2,0.25,0,0.01,0,0,0.27,0
0.68,1,0,0,-1.61,1.03,-1.23,2,0.25,1,-0.13,0,0.25,0.36,0
-2.19,1,0,1,-0.28,-1.04,1.43,2,1,1,0.42,1.34,1,0.06,0
-1.16,0,0,1,-1.33,0,-0.22,1,0.2,1,0.05,0.61,0.2,0.2,0
0.96,1,0,1,0.1,1.03,-0.13,1,0.13,0,-0.09,0.72,0,0.2,0
0.06,1,0,1,-0.18,-1.04,-1.23,2,1,1,-0.56,0,1,0.05,0
0.16,1,0,0,-0.76,-1.04,0.05,1,0.5,0,-1.67,19.65,0,0.06,0
-0.24,0,1,1,0.2,0,0.39,1,0.2,1,0.6,0.75,0.2,0.12,0
-1.76,0,0,0,-1.33,-0.7,1.57,2,0.67,0,1.42,0.96,0,0.12,0
1.46,1,0,1,-1.9,0.69,1.07,1,0.14,0,-1.16,4.31,0,0.37,0
-1.81,0,0,1,-0.85,-0.7,0.93,1,0.33,0,-0.55,1.97,0,0.1,0
-1.15,1,0,0,-1.42,-0.7,-1.23,2,0.67,1,1.71,0,0.67,0.13,0
0.47,0,1,1,2.01,1.03,0.2,1,0.13,1,1.68,0.45,0.13,0.13,0
1.65,0,0,1,-0.37,-0.7,0.33,2,0.67,1,0.36,0.8,0.67,0.09,0
1.16,0,0,1,-0.66,1.38,1.35,1,0.11,0,-1.2,5.2,0,0.28,0
-0.11,1,0,0,-0.95,-0.7,-1.23,2,0.67,0,-1.69,0,0,0.1,0
0.05,1,0,0,0.77,1.72,-1.23,2,0.2,0,1.18,0,0,0.21,0
-1.29,0,0,1,-0.76,0,1.11,1,0.2,0,0.56,1.1,0,0.16,0
-1,1,0,0,0.58,0.34,-1.23,2,0.33,1,1.41,0,0.33,0.13,0
-0.94,0,1,0,-1.04,-1.39,-1.23,2,2,1,0.36,0,2,0.04,0
-0.28,0,0,1,0.29,-1.39,1.17,2,2,0,0.01,1.48,0,0.02,0
-0.32,1,0,1,-0.66,0.69,-1.23,2,0.29,1,-1.14,0,0.29,0.22,0
-0.93,1,0,1,-1.71,-0.35,-1.23,1,0.25,1,-1.1,0,0.25,0.19,0
1.06,1,0,0,0.01,0.69,1.26,1,0.14,1,-1.45,9.42,0.14,0.18,0
0.73,0,1,1,0.39,-0.7,0.2,1,0.33,0,-0.95,1.95,0,0.07,0
-2.06,1,0,1,-0.56,0.34,-1.23,2,0.33,0,1.48,0,0,0.18,0
-0.63,0,1,0,-1.52,0.69,-1.23,2,0.29,0,1.68,0,0,0.3,0
-0.17,0,0,1,-1.14,-0.7,0.49,1,0.33,0,1.28,0.62,0,0.11,0
0.26,1,0,1,-0.95,-0.35,1.03,1,0.25,0,-1.11,3.89,0,0.14,0
-0.09,1,0,1,-0.85,1.03,0.07,2,0.25,0,1.3,0.46,0,0.27,0
0.88,0,1,0,-1.23,-0.35,0.95,1,0.25,1,1.14,0.82,0.25,0.15,0
0.06,1,0,1,0.39,0.69,0.94,1,0.14,0,1.65,0.69,0,0.16,0
1.88,0,1,0,-0.47,0.34,0.99,2,0.33,1,0.81,0.94,0.33,0.18,0
-0.2,0,0,1,-0.18,1.38,0.88,2,0.22,1,-0.84,2.54,0.22,0.24,0
-0.03,0,0,0,0.01,-0.7,0.81,2,0.67,1,-0.73,2.19,0.67,0.08,0
-0.37,1,0,1,0.01,-0.35,0.92,1,0.25,1,0.14,1.24,0.25,0.1,0
0.33,1,0,0,-1.14,-1.39,0.34,1,1,0,1.15,0.59,0,0.04,0
0.45,1,0,1,-0.47,0,0.82,1,0.2,0,0.03,1.26,0,0.15,0
0.45,1,0,1,-0.18,1.72,1.08,1,0.1,1,-1.16,4.32,0.1,0.27,0
-0.45,1,0,1,0.48,-1.73,-1.23,2,2,1,-0.33,0,2,0,0
-0.06,1,0,0,0.1,-0.7,0.85,1,0.33,1,0.05,1.26,0.33,0.08,0
0.03,0,1,1,-0.85,-0.35,-1.23,2,0.5,0,0.36,0,0,0.13,0
0.48,1,0,0,3.54,0.69,-1.23,2,0.29,1,1.54,0,0.29,0.09,0
-0.33,0,0,0,0.2,1.03,1.05,2,0.25,0,0.25,1.24,0,0.2,0
-0.03,0,1,1,1.53,-1.39,0.08,1,1,1,1.42,0.45,1,0.02,0
1.05,0,1,1,0.48,0.34,0.12,1,0.17,0,1.37,0.47,0,0.14,0
-0.08,0,1,0,-0.47,1.03,0.66,1,0.13,0,-0.6,1.8,0,0.24,0
-0.8,0,0,0,-0.37,1.38,2.09,2,0.22,1,0.05,2.01,0.22,0.26,0
0.37,1,0,0,0.01,-0.7,0.56,1,0.33,0,0.64,0.82,0,0.08,0
0.53,1,0,0,-0.95,0.34,1.17,1,0.17,1,-1.57,15.49,0.17,0.21,0
0.02,1,0,1,1.15,0.69,-1.23,2,0.29,1,-0.98,0,0.29,0.14,0
-0.1,0,1,1,-0.66,0.69,-1.23,2,0.29,1,-1.32,0,0.29,0.22,0
-0.79,0,1,1,-0.47,0,-1.23,2,0.4,0,-1.25,0,0,0.15,0
-0.08,1,0,0,-0.76,-0.7,1.47,1,0.33,0,0.75,1.17,0,0.1,0
1.9,1,0,1,-1.52,-0.35,0.88,1,0.25,0,-1.39,6.5,0,0.17,0
-0.62,1,0,1,-1.04,0,-1.23,2,0.4,1,-0.9,0,0.4,0.18,0
-1.87,0,1,1,-0.47,1.38,-1.23,2,0.22,1,-0.19,0,0.22,0.26,0
-0.44,0,1,1,-0.47,0.69,0.16,1,0.14,1,-0.7,1.45,0.14,0.21,0
0.15,1,0,0,-0.09,0,-1.23,2,0.4,0,0.98,0,0,0.13,0
0,1,0,0,0.01,0.34,-1.23,1,0.17,0,-1.32,0,0,0.15,0
0.27,0,1,1,0.1,0,-1.23,2,0.4,0,-0.19,0,0,0.13,0
0.15,0,0,1,-0.66,-1.39,0.89,1,1,0,-1.53,11.14,0,0.03,0
-1.71,1,0,0,-1.14,-0.7,-1.23,2,0.67,0,0.72,0,0,0.11,0
-0.76,0,1,1,0.39,0.34,-1.23,2,0.33,1,0.86,0,0.33,0.14,0
0.74,0,0,1,-0.95,-1.39,0.49,2,2,0,-1.31,4.3,0,0.03,0
-1.27,1,0,0,-1.14,0.69,1.6,2,0.29,1,0.68,1.26,0.29,0.26,0
-1.12,1,0,0,0.01,-0.35,0.54,2,0.5,1,-1.02,2.66,0.5,0.1,0
-1.02,1,0,0,-0.47,0,-1.23,2,0.4,1,-1.72,0,0.4,0.15,0
-0.78,0,1,0,-0.18,1.38,0.91,1,0.11,0,0.19,1.2,0,0.24,0
0.19,1,0,0,0.39,-1.39,1.35,1,1,1,-0.07,1.67,1,0.02,0
-0.15,1,0,1,0.39,0.34,-1.23,2,0.33,0,-0.99,0,0,0.14,0
-0.14,0,0,0,-0.28,1.72,1.11,2,0.2,1,-0.06,1.51,0.2,0.28,0
-1.39,0,1,0,0.58,1.03,0.52,1,0.13,1,0.27,0.94,0.13,0.18,0
1.56,1,0,0,-0.66,-0.35,-0.02,1,0.25,1,-1.08,1.98,0.25,0.13,0
0.43,1,0,0,0.29,-1.04,-1.23,2,1,0,0.78,0,0,0.05,0
-0.68,1,0,0,-1.04,0.34,0.47,1,0.17,1,-1.02,2.57,0.17,0.21,0
-0.63,1,0,1,-0.66,0,-1.23,2,0.4,0,-0.71,0,0,0.16,0
-1,0,1,1,2.58,1.03,-1.23,2,0.25,1,0.29,0,0.25,0.12,0
0.41,1,0,0,-1.23,-0.7,0.67,1,0.33,0,-0.68,1.93,0,0.12,0
0.48,0,0,1,-0.95,-1.73,1.54,1,1,0,0.73,1.22,0,0,0
-0.42,1,0,1,-0.28,-0.35,0.85,2,0.5,0,0.04,1.26,0,0.11,0
-0.53,0,1,1,-0.28,-0.35,-1.23,2,0.5,0,-1.51,0,0,0.11,0
-1.1,1,0,1,-1.52,-1.39,0.32,1,1,0,-1.12,2.71,0,0.04,0
-0.16,0,1,1,-1.42,-0.35,1.02,1,0.25,1,0.75,0.98,0.25,0.17,0
0.74,1,0,1,-1.8,0.34,-1.23,2,0.33,0,1.66,0,0,0.3,0
-0.9,1,0,0,-0.56,-0.35,0.95,1,0.25,0,-0.64,2.15,0,0.12,0
0.71,1,0,1,2.87,-0.7,-1.23,2,0.67,1,-0.73,0,0.67,0.04,0
0.17,0,1,1,1.63,-1.04,1.48,1,0.5,1,-1.41,8.94,0.5,0.04,0
-0.45,0,0,1,-0.28,1.03,1.07,1,0.13,0,-0.04,1.47,0,0.22,0
-1.3,1,0,1,-1.23,0.69,1.24,1,0.14,1,-0.64,2.43,0.14,0.27,0
-0.46,0,1,0,1.34,-1.39,0.53,1,1,1,-0.42,1.44,1,0.02,0
0.37,0,0,0,-1.14,-1.39,0.62,2,2,0,-0.37,1.46,0,0.04,0
1.83,0,1,1,0.67,-1.39,1.71,1,1,1,-1.51,13.62,1,0.02,0
-0.81,1,0,1,-0.56,1.38,-0.13,1,0.11,0,-1.39,3.41,0,0.27,0
0.78,1,0,0,-0.66,1.03,-1.23,2,0.25,0,1.48,0,0,0.25,0
-0.74,0,0,1,-0.76,0.34,1.01,1,0.17,1,0.62,1.03,0.17,0.19,0
-0.54,0,1,0,1.63,-0.35,0.35,1,0.25,1,-0.97,2.22,0.25,0.07,0
0.13,1,0,1,-0.28,1.72,-1.23,2,0.2,0,0.63,0,0,0.28,0
-1.51,0,0,0,-0.18,1.72,0.74,2,0.2,1,-0.82,2.32,0.2,0.27,0
-0.77,0,0,1,-0.85,0.69,0.89,2,0.29,0,-0.11,1.41,0,0.23,0
-0.99,0,1,0,-1.42,-1.04,-1.23,2,1,1,1.7,0,1,0.08,0
-1.31,1,0,1,-0.85,-1.39,-1.23,2,2,0,0.46,0,0,0.03,0
1.3,0,1,1,0.01,-1.04,0.45,1,0.5,0,-0.36,1.31,0,0.05,0
2.06,0,0,0,-0.66,-1.73,0.65,1,1,0,1.3,0.67,0,0,0
-0.49,0,0,1,-0.37,-1.39,0.46,2,2,1,0.53,0.81,2,0.03,0
0.42,1,0,1,-1.23,1.38,0.96,1,0.11,0,0.92,0.89,0,0.35,0
-0.7,1,0,0,-0.95,1.72,-1.23,2,0.2,1,0.19,0,0.2,0.34,0
0.29,1,0,0,-0.56,0.34,-1.23,2,0.33,1,-0.04,0,0.33,0.18,0
-0.05,1,0,1,-0.28,0.34,0.77,1,0.17,0,-0.2,1.41,0,0.17,0
-0.95,1,0,0,-0.47,0,-0.12,2,0.4,1,-0.58,1.03,0.4,0.15,0
-0.57,0,1,1,-0.28,0.34,0.15,1,0.17,1,-1.31,3.46,0.17,0.17,0
0.35,0,1,1,-0.47,1.38,0.39,2,0.22,1,1.57,0.53,0.22,0.26,0
0.23,0,1,0,-0.66,-1.73,-1.23,1,1,1,-0.47,0,1,0,0
1.57,0,1,1,-0.09,0.69,-1.23,2,0.29,1,-0.74,0,0.29,0.18,0
1.15,0,1,0,-1.9,0.34,-1.23,2,0.33,0,-0.78,0,0,0.32,0
-0.31,0,0,0,-0.76,1.03,0.38,1,0.13,1,-0.17,1.11,0.13,0.26,0
-2.48,1,0,0,-0.28,1.72,-1.23,1,0.1,0,0.36,0,0,0.28,0
1.7,1,0,1,-1.42,0.69,1.53,1,0.14,1,1.36,0.97,0.14,0.29,0
-0.2,0,0,0,-0.66,-1.04,1.13,2,1,1,1.41,0.81,1,0.06,0
1.45,0,1,1,-1.33,0.69,-1.23,1,0.14,0,-0.18,0,0,0.28,0
-1.39,1,0,1,-0.37,0,0.84,1,0.2,0,0.48,1.01,0,0.14,0
0.86,1,0,1,-0.18,-0.7,0.06,1,0.33,1,-0.4,1.04,0.33,0.08,0
-0.1,1,0,1,-0.76,1.72,1.27,1,0.1,0,-0.15,1.7,0,0.32,0
-0.68,1,0,0,-0.09,0,-1.23,1,0.2,1,-0.22,0,0.2,0.13,0
-1.49,1,0,0,-0.95,-0.35,0.21,2,0.5,0,1.4,0.49,0,0.14,0
0.87,0,1,1,-0.09,0.69,0.15,2,0.29,0,-0.11,0.92,0,0.18,0
0.58,1,0,0,1.82,-0.7,0.41,1,0.33,1,0.25,0.89,0.33,0.05,0
0.49,0,0,0,-0.28,0.69,0.72,1,0.14,1,-1.51,9.06,0.14,0.19,0
1.97,1,0,1,-0.76,-1.04,-1.23,2,1,0,1.27,0,0,0.06,0
-0.38,1,0,1,1.15,-0.7,-1.23,2,0.67,1,-1.64,0,0.67,0.06,0
0.91,1,0,1,-0.37,0,1.36,2,0.4,0,1.41,0.89,0,0.14,0
-2.36,1,0,0,-0.56,-1.04,-1.23,2,1,0,0.04,0,0,0.06,0
-1.17,0,1,1,-0.85,-1.39,0.43,1,1,1,-0.06,1.07,1,0.03,0
0.58,0,0,0,0.1,-0.7,0.53,1,0.33,0,1.55,0.58,0,0.08,0
0.14,0,0,1,-0.56,0.69,0.33,2,0.29,0,0.75,0.68,0,0.21,0
2.06,1,0,0,-0.56,0.69,0.67,1,0.14,0,1.46,0.64,0,0.21,0
-0.69,0,1,1,-0.66,1.38,0.15,1,0.11,0,1.2,0.51,0,0.28,0
0.08,1,0,1,-1.33,-0.7,-1.23,2,0.67,1,1.28,0,0.67,0.12,0
1.48,0,0,0,1.44,-1.39,-0.01,1,1,1,1.6,0.39,1,0.02,0
1.44,1,0,0,0.2,-1.04,0.8,1,0.5,0,1.71,0.64,0,0.05,0
-0.11,1,0,1,0.48,0.69,0.57,1,0.14,0,-0.57,1.66,0,0.16,0
0.02,0,1,1,-0.18,0.69,-1.23,2,0.29,0,-0.54,0,0,0.19,0
1.29,1,0,0,-0.66,-1.04,0.52,2,1,1,1.06,0.67,1,0.06,0
-0.69,1,0,0,0.01,-1.04,0.58,1,0.5,1,0.48,0.88,0.5,0.05,0
-0.16,0,0,0,0.87,-0.35,0.08,2,0.5,0,1.6,0.42,0,0.08,0
1.69,1,0,1,0.87,1.38,0.96,1,0.11,1,1.49,0.74,0.11,0.19,0
0.28,1,0,0,-0.76,-1.39,-1.23,2,2,1,0.53,0,2,0.03,0
0.44,1,0,1,-0.18,-1.39,-1.23,2,2,1,-0.3,0,2,0.03,0
-0.11,1,0,0,-0.85,0.34,0.5,1,0.17,1,1.52,0.57,0.17,0.2,0
1.27,0,1,0,-1.52,1.03,-1.23,2,0.25,0,-0.75,0,0,0.35,0
0.88,1,0,0,-0.85,1.38,-1.23,2,0.22,0,-1.15,0,0,0.3,0
0.44,1,0,0,-1.04,1.03,-1.23,2,0.25,1,1.02,0,0.25,0.29,0
-1.6,1,0,0,0.2,-1.39,1.6,2,2,0,1.43,0.97,0,0.02,0
1.04,1,0,0,0.01,-0.7,-1.23,2,0.67,1,-0.28,0,0.67,0.08,0
1.07,0,1,0,-1.9,1.38,-1.23,1,0.11,0,1.56,0,0,0.47,0
-0.85,0,0,0,-1.23,1.72,0.53,2,0.2,0,0.95,0.71,0,0.38,0
-0.61,0,1,0,0.2,-1.04,1,1,0.5,0,-0.18,1.54,0,0.05,0
-0.96,0,0,1,-1.33,1.72,0.56,2,0.2,0,1.69,0.56,0,0.4,0
1.81,1,0,1,-0.47,1.38,-1.23,2,0.22,1,-1.19,0,0.22,0.26,0
0.03,1,0,1,-0.47,0,0.68,1,0.2,1,-0.82,2.25,0.2,0.15,0
-0.6,0,1,1,-0.37,-0.35,1.36,1,0.25,1,-1.39,8.08,0.25,0.11,0
-0.51,0,0,1,-0.37,1.03,-0.08,1,0.13,0,1.34,0.4,0,0.23,0
1.4,1,0,0,2.2,1.03,-1.23,1,0.13,1,1.14,0,0.13,0.13,0
0.04,1,0,0,0.1,-0.7,-1.23,2,0.67,0,1.18,0,0,0.08,0
-0.81,1,0,0,-0.09,0.69,-1.23,2,0.29,1,0.57,0,0.29,0.18,0
1.68,1,0,0,2.2,1.72,-0.19,2,0.2,1,0.7,0.46,0.2,0.16,0
-1.32,1,0,0,-1.04,-1.04,0.72,1,0.5,1,-0.7,2.02,0.5,0.07,0
-1.5,0,1,1,1.06,-0.7,-1.23,2,0.67,0,-1.53,0,0,0.06,0
-1.42,0,1,1,3.15,-0.7,0.36,1,0.33,1,-0.33,1.22,0.33,0.04,0
0.14,1,0,0,-0.76,0.69,0.44,1,0.14,0,0.59,0.78,0,0.23,0
0.35,1,0,1,1.44,0.34,-1.23,2,0.33,1,-0.09,0,0.33,0.11,0
-1.28,1,0,0,-1.33,0.34,-1.23,2,0.33,1,-0.06,0,0.33,0.24,0
-0.22,1,0,0,0.1,0.34,-1.23,2,0.33,1,0.68,0,0.33,0.15,0
-2.28,1,0,1,-0.37,-1.39,0.68,1,1,0,-1.69,40.67,0,0.03,0
0.64,1,0,1,-1.42,-1.04,-1.23,1,0.5,1,0.37,0,0.5,0.08,0
0.33,1,0,1,-0.85,1.38,-1.23,2,0.22,1,-1.7,0,0.22,0.3,0
-0.17,1,0,0,0.2,1.03,-0.13,1,0.13,1,-1.63,10.69,0.13,0.2,0
-1.69,0,1,0,-0.76,-1.39,-1.23,2,2,0,1.02,0,0,0.03,0
1.63,0,1,1,0.77,1.03,1.01,1,0.13,1,-0.45,1.88,0.13,0.17,0
-1.28,1,0,0,-0.66,0.69,-1.23,2,0.29,1,-0.97,0,0.29,0.22,0
1.57,0,1,1,0.1,0,-1.23,2,0.4,1,1.3,0,0.4,0.13,0
2.06,1,0,0,0.39,-0.7,-1.23,2,0.67,0,-1.7,0,0,0.07,0
0.91,1,0,1,-1.99,-0.35,-1.23,2,0.5,1,-0.91,0,0.5,0.22,0
1.72,1,0,1,-0.47,0,0.85,1,0.2,0,1.14,0.78,0,0.15,0
0.87,1,0,1,-0.76,-0.7,0.69,1,0.33,0,-0.47,1.64,0,0.1,0
-0.33,0,0,0,0.2,0,0.26,1,0.2,0,-1.07,2.42,0,0.12,0
0.21,1,0,1,-1.14,0,-1.23,2,0.4,0,0.36,0,0,0.19,0
-0.72,0,1,0,-0.76,0.34,-1.23,2,0.33,0,1.54,0,0,0.19,0
0.41,0,1,1,-0.28,1.72,-1.23,2,0.2,0,-0.77,0,0,0.28,0
0.39,0,1,0,-1.42,-0.7,-1.23,2,0.67,1,0.04,0,0.67,0.13,0
0.81,0,0,1,-0.95,0,0.53,1,0.2,1,-1.3,4.29,0.2,0.17,0
0.7,1,0,0,-0.95,-0.7,-1.23,1,0.33,1,0.6,0,0.33,0.1,0
0.64,0,0,1,1.34,0.34,0.93,2,0.33,1,0.57,1.02,0.33,0.11,0
-1.83,1,0,1,-0.18,-0.7,0.35,1,0.33,0,-0.42,1.3,0,0.08,0
-0.88,0,0,1,-0.56,1.03,0.86,2,0.25,0,0.1,1.23,0,0.24,0
0.08,1,0,0,-0.76,0.69,0.76,1,0.14,0,0.04,1.21,0,0.23,0
0.66,1,0,1,2.3,-0.35,0.99,1,0.25,1,1.16,0.83,0.25,0.06,0
0.77,1,0,1,0.58,-1.39,0.86,1,1,0,-1.32,5.36,0,0.02,0
1.81,1,0,1,0.1,0.34,0.89,1,0.17,0,0.3,1.13,0,0.15,0
0.2,0,1,1,-0.37,-1.04,0.77,2,1,1,-0.27,1.47,1,0.06,0
-1.83,0,0,0,-0.47,1.38,1.6,1,0.11,0,1.05,1.1,0,0.26,0
-0.62,1,0,1,0.1,-1.04,0.38,2,1,1,-0.2,1.13,1,0.05,0
-1.47,1,0,0,-0.76,0.69,-1.23,2,0.29,1,-1.63,0,0.29,0.23,0
0.46,1,0,0,-0.28,-1.04,-1.23,2,1,1,1.18,0,1,0.06,0
0.1,0,0,1,-1.42,0,0.14,1,0.2,1,-0.49,1.19,0.2,0.21,0
0.38,0,0,1,0.2,1.72,0.93,2,0.2,1,1.7,0.68,0.2,0.24,0
0.08,0,0,1,-0.95,0,-0.02,2,0.4,1,-0.79,1.37,0.4,0.17,0
0.92,0,1,1,2.01,-0.35,-1.23,1,0.25,1,-0.84,0,0.25,0.07,0
2,1,0,1,-0.09,0.69,0.56,1,0.14,1,0.33,0.93,0.14,0.18,0
-0.5,0,0,0,0.87,0.69,0,2,0.29,0,0.47,0.6,0,0.15,0
1.12,1,0,0,-0.56,1.38,1.35,2,0.22,0,-0.11,1.72,0,0.27,0
1,0,0,1,-0.09,-1.04,0.85,1,0.5,0,-0.19,1.45,0,0.05,0
0.23,1,0,1,0.77,-1.39,-1.23,2,2,0,0.15,0,0,0.02,0
-0.11,0,0,0,3.34,-1.04,0.65,1,0.5,1,-1.15,3.42,0.5,0.03,0
-0.21,1,0,1,2.68,0,-1.23,2,0.4,1,-1.27,0,0.4,0.07,0
0.54,1,0,0,-0.56,1.03,1.83,1,0.13,1,-0.35,2.38,0.13,0.24,0
-0.07,1,0,1,-0.18,-1.04,1.76,2,1,0,-0.13,2.01,0,0.05,0
0.87,0,1,1,1.53,-1.04,0.43,1,0.5,1,1.1,0.63,0.5,0.04,0
-1.26,0,0,1,3.15,0,0.28,1,0.2,1,-0.37,1.2,0.2,0.07,0
1.58,0,1,0,0.58,0.69,-1.23,2,0.29,1,0.49,0,0.29,0.16,0
-0.48,0,1,0,-1.23,-0.7,-1.23,2,0.67,0,0.96,0,0,0.12,0
0.91,1,0,1,0.96,0.34,0.49,1,0.17,0,0.41,0.86,0,0.12,0
0.05,0,0,0,3.15,0,0.99,2,0.4,1,0,1.38,0.4,0.07,0
0.49,0,0,1,0.01,1.38,0.91,2,0.22,1,-0.81,2.5,0.22,0.23,0
1.29,1,0,0,2.58,1.38,-1.23,2,0.22,1,-0.56,0,0.22,0.14,0
1.19,0,1,1,0.2,0.34,0.36,2,0.33,0,-0.66,1.59,0,0.15,0
-1.17,0,0,1,4.3,1.03,0.25,1,0.13,1,1.5,0.5,0.13,0.1,0
-0.53,0,0,1,-1.33,0.69,0.51,1,0.14,1,-0.37,1.37,0.14,0.28,0
0.24,1,0,0,-0.66,0.69,0.15,1,0.14,1,-0.08,0.9,0.14,0.22,0
-0.83,1,0,0,0.67,-0.7,-1.23,2,0.67,0,-1.73,0,0,0.07,0
-0.28,0,0,1,-0.56,1.03,0.32,1,0.13,1,1.3,0.55,0.13,0.24,0
0.62,1,0,1,-0.85,0.34,-1.23,2,0.33,1,-1.58,0,0.33,0.2,0
-1.91,1,0,1,-0.95,0.34,-1.23,2,0.33,1,-1.69,0,0.33,0.21,0
1.12,1,0,0,-1.61,0,-1.23,1,0.2,0,-1.35,0,0,0.23,0
-0.72,1,0,1,3.06,-0.35,-1.23,2,0.5,1,1.69,0,0.5,0.06,0
1.75,1,0,1,-0.56,-1.04,0.89,2,1,0,-1.34,5.73,0,0.06,0
1.12,1,0,1,0.2,1.38,-1.23,2,0.22,1,1.57,0,0.22,0.22,0
0.26,1,0,1,-0.76,-0.7,0.04,1,0.33,1,0.43,0.63,0.33,0.1,0
-0.62,1,0,0,-0.56,-0.35,0.6,1,0.25,0,0.43,0.91,0,0.12,0
0.41,1,0,0,-1.23,0,1.3,1,0.2,1,-0.88,3.18,0.2,0.19,0
-0.27,1,0,0,2.2,0.69,0.78,2,0.29,1,0.89,0.83,0.29,0.11,0
-0.8,1,0,0,-1.52,-1.04,-1.23,1,0.5,0,0.4,0,0,0.09,0
0.45,1,0,1,2.01,1.38,-1.23,1,0.11,1,-0.75,0,0.11,0.15,0
-0.19,0,1,0,-0.95,0.69,0.07,1,0.14,0,-1.6,10.35,0,0.24,0
-0.19,1,0,1,0.1,-0.7,1.87,2,0.67,0,0.85,1.3,0,0.08,0
1.88,0,0,0,0.1,1.38,0.5,2,0.22,1,0.6,0.8,0.22,0.23,0
-2.28,0,0,1,-0.28,-1.39,1,2,2,0,0.39,1.14,0,0.03,0
0.63,1,0,0,-0.18,1.03,0.6,1,0.13,0,-0.35,1.42,0,0.22,0
-0.71,0,0,1,-1.23,0.34,0.61,1,0.17,1,-1.5,8.13,0.17,0.23,0
-0.47,1,0,1,0.01,-0.7,-1.23,2,0.67,0,1.73,0,0,0.08,0
0.07,1,0,0,-0.18,-1.04,-1.23,2,1,1,-1.61,0,1,0.05,0
-1.23,1,0,1,-0.09,1.38,-1.23,2,0.22,0,-1.21,0,0,0.24,0
-0.4,1,0,0,0.29,1.72,-0.02,1,0.1,0,0.86,0.5,0,0.24,0
1.46,1,0,0,0.29,-1.04,-1.23,2,1,0,-0.13,0,0,0.05,0
0.24,1,0,0,-1.23,1.72,-1.23,2,0.2,1,0.67,0,0.2,0.38,0
0.3,1,0,1,-0.76,-1.39,-1.23,2,2,1,-1.69,0,2,0.03,0
-0.6,1,0,0,0.01,-1.73,0.66,1,1,0,1.7,0.59,0,0,0
0.29,0,0,1,-0.37,-1.39,0.87,2,2,1,-1.09,3.49,2,0.03,0
-1.63,0,1,1,-0.66,1.03,-0.49,1,0.13,1,-0.36,0.58,0.13,0.25,0
0.39,0,1,1,0.29,0,-1.23,2,0.4,0,1.7,0,0,0.12,0
1.23,0,0,1,0.39,-0.35,0.54,2,0.5,1,-0.22,1.26,0.5,0.09,0
-0.72,0,1,1,0.96,1.72,-1.23,2,0.2,0,-1.02,0,0,0.2,0
-1.92,1,0,1,0.2,1.38,0.65,1,0.11,0,1.19,0.7,0,0.22,0
-0.1,1,0,0,-0.37,-0.35,-1.23,2,0.5,0,0.45,0,0,0.11,0
-0.26,1,0,1,-0.18,-1.39,1.61,2,2,1,-0.07,1.84,2,0.03,0
-1.89,1,0,1,-0.28,-0.7,-0.24,1,0.33,0,0.13,0.57,0,0.08,0
1.44,1,0,1,-1.23,0,-1.23,1,0.2,0,-1.38,0,0,0.19,0
-0.66,0,0,0,-0.18,0.34,0.45,1,0.17,0,1.6,0.54,0,0.16,0
0.43,1,0,1,2.58,-0.35,1.33,1,0.25,1,0.31,1.35,0.25,0.06,0
0.26,0,0,0,-0.47,-0.35,0.21,1,0.25,1,1.56,0.47,0.25,0.12,0
-0.82,1,0,1,0.2,1.03,-1.23,1,0.13,1,-0.63,0,0.13,0.2,0
0.51,1,0,0,-0.66,-0.7,-1.23,1,0.33,0,-0.08,0,0,0.09,0
-2.13,1,0,0,-0.85,-0.7,-1.23,2,0.67,1,0.48,0,0.67,0.1,0
0.99,1,0,1,-0.28,0.69,1.06,1,0.14,1,1.62,0.74,0.14,0.19,0
-0.56,1,0,1,-0.28,-1.04,-1.23,2,1,1,-1.53,0,1,0.06,0
2.06,0,0,0,-0.85,1.03,1.26,1,0.13,1,-0.8,2.86,0.13,0.27,0
-2.22,0,1,1,0.39,0,-1.23,2,0.4,1,-1.12,0,0.4,0.12,0
0.1,0,0,1,-1.04,-1.39,0.67,2,2,0,-1.49,8.29,0,0.04,0
-0.02,1,0,1,-0.18,1.38,0.17,2,0.22,1,-1.74,353.23,0.22,0.24,0
-0.94,0,1,0,-0.76,0,0.78,1,0.2,0,-0.36,1.58,0,0.16,0
0.62,0,0,1,0.96,1.72,0.84,1,0.1,1,1.62,0.67,0.1,0.2,0
-1.42,1,0,1,0.1,-0.7,1.03,1,0.33,0,0.09,1.34,0,0.08,0
-0.45,1,0,0,-1.71,-1.73,-1.23,2,2,0,0.28,0,0,0,0
-0.33,0,0,1,0.1,1.38,0.43,2,0.22,0,0.71,0.74,0,0.23,0
-0.4,1,0,1,-1.42,-1.39,1.7,1,1,1,1.25,1.06,1,0.04,0
1.98,1,0,1,-0.95,1.03,-1.23,2,0.25,1,0.41,0,0.25,0.28,0
1.24,1,0,0,-0.18,1.38,-1.23,2,0.22,0,-1.35,0,0,0.24,0
1.27,1,0,0,0.1,1.72,-1.23,2,0.2,1,-0.54,0,0.2,0.25,0
-1.87,0,0,1,0.01,0,0.66,2,0.4,0,-0.63,1.84,0,0.13,0
1.35,0,1,1,-0.37,-0.35,0.07,1,0.25,0,0.28,0.69,0,0.11,0
-2.3,1,0,0,2.2,-1.39,0.5,1,1,1,-0.73,1.85,1,0.02,0
0.48,0,1,0,-0.18,0.69,1.47,1,0.14,0,-1.12,4.74,0,0.19,0
0.43,0,0,0,0.39,-1.04,-0.12,2,1,0,1.12,0.42,0,0.05,0
1.45,1,0,1,-1.04,-0.35,-1.23,1,0.25,0,1.29,0,0,0.14,0
-1.16,0,0,0,0.29,-1.39,0.35,2,2,1,-0.11,1.05,2,0.02,0
1.75,1,0,0,0.96,-1.39,-1.23,2,2,1,0.33,0,2,0.02,0
0.29,0,1,0,-1.23,-0.7,0,1,0.33,1,1.47,0.41,0.33,0.12,0
-0.02,1,0,0,-0.28,-1.04,-1.23,2,1,1,-0.44,0,1,0.06,0
-0.19,1,0,0,-1.14,-0.7,0.5,1,0.33,1,-0.65,1.71,0.33,0.11,0
-0.58,1,0,1,0.1,1.38,0.74,2,0.22,1,1.58,0.64,0.22,0.23,0
0.72,0,1,1,-0.56,0.34,0.33,1,0.17,0,-0.14,1.06,0,0.18,0
1.23,1,0,1,-0.76,-0.35,-0.24,2,0.5,1,-1.62,8.61,0.5,0.13,0
-0.28,0,1,0,0.1,0.69,-1.23,1,0.14,1,-1.29,0,0.14,0.18,0
-1.17,1,0,1,-1.04,-0.7,1.3,1,0.33,0,-0.23,1.82,0,0.11,0
-1.89,1,0,1,0.67,0.69,0.24,1,0.14,0,-1.55,8.34,0,0.15,0
0.81,0,1,0,-0.47,1.38,-0.37,2,0.22,1,-1,1.24,0.22,0.26,0
-1.11,0,1,1,-0.18,-0.7,-1.23,2,0.67,1,-0.37,0,0.67,0.08,0
-1.57,0,1,1,0.01,0.34,-1.23,2,0.33,1,-0.32,0,0.33,0.15,0
1.38,0,0,1,-1.04,-1.04,-0.1,2,1,1,1.38,0.39,1,0.07,0
-0.38,0,1,0,-1.33,1.72,-0.02,1,0.1,0,-0.72,1.28,0,0.4,0
0.21,1,0,0,-0.76,0.69,-0.56,1,0.14,1,0.05,0.4,0.14,0.23,0
-0.66,0,1,0,-0.37,-0.7,0.11,1,0.33,0,0.44,0.66,0,0.09,0
-0.6,0,1,1,0.39,1.72,-1.23,2,0.2,0,-0.81,0,0,0.23,0
-0.83,0,0,1,-0.37,0.34,0.15,1,0.17,0,0.09,0.81,0,0.17,0
0.05,1,0,0,0.58,0.69,-0.31,1,0.14,1,-0.92,1.21,0.14,0.16,0
-0.19,0,1,1,0.77,-0.7,-1.23,2,0.67,0,1.37,0,0,0.06,0
0.32,1,0,0,-0.18,0.69,-0.11,1,0.14,1,-0.49,0.97,0.14,0.19,0
-0.62,0,0,1,0.67,-0.35,0.85,1,0.25,0,1.1,0.79,0,0.09,0
1.33,1,0,1,-1.14,-1.39,-1.23,2,2,1,1.57,0,2,0.04,0
0.37,1,0,0,0.2,0.69,1.21,2,0.29,1,0.56,1.15,0.29,0.17,0
-0.35,1,0,1,3.34,1.72,-1.23,2,0.2,1,-0.8,0,0.2,0.14,0
2.06,1,0,0,-0.66,0,0.48,1,0.2,0,0.38,0.87,0,0.16,0
-0.05,0,0,0,-0.85,1.72,0.39,2,0.2,0,0.64,0.73,0,0.33,0
-1.11,1,0,1,-0.37,0,0.98,1,0.2,0,-0.66,2.2,0,0.14,0
-1.66,1,0,0,-0.18,-0.7,0.64,1,0.33,1,-1.32,4.77,0.33,0.08,0
-0.11,1,0,1,0.58,-1.39,-1.23,1,1,1,-1.55,0,1,0.02,0
-2.13,0,1,1,0.58,1.72,-1.23,2,0.2,1,-0.16,0,0.2,0.22,0
1.14,1,0,1,-0.28,1.38,0.82,1,0.11,1,-0.33,1.57,0.11,0.25,0
-2.32,1,0,0,-0.47,-0.7,-1.23,2,0.67,1,-0.68,0,0.67,0.09,0
1.31,1,0,1,-0.18,-1.39,-1.23,1,1,1,0.47,0,1,0.03,0
-1.21,1,0,1,-0.37,-1.04,0.09,2,1,0,0.27,0.71,0,0.06,0
1.31,1,0,0,0.29,0,1.14,1,0.2,1,-1.07,3.8,0.2,0.12,0
1.61,0,1,1,-1.99,-0.7,-1.23,2,0.67,1,-0.23,0,0.67,0.17,0
1.44,1,0,0,-0.56,1.72,0.94,1,0.1,0,1.65,0.69,0,0.3,0
-0.08,0,1,0,-0.66,-1.04,-1.23,1,0.5,0,0.54,0,0,0.06,0
-0.69,0,1,0,-0.18,1.03,-1.23,2,0.25,1,0.01,0,0.25,0.22,0
-0.13,1,0,0,-0.47,0.69,-1.23,2,0.29,1,1.72,0,0.29,0.21,0
1.25,0,1,1,-1.99,-1.39,-1.23,2,2,0,-1.02,0,0,0.06,0
-0.52,1,0,0,0.01,0,-1.23,2,0.4,0,0.32,0,0,0.13,0
-0.24,0,1,1,0.96,-0.35,0.55,1,0.25,1,0.81,0.76,0.25,0.08,0
0.09,1,0,0,-0.09,1.38,-1.23,2,0.22,1,0.57,0,0.22,0.24,0
1.91,1,0,1,-0.37,0.34,0.81,1,0.17,0,-1.24,4.43,0,0.17,0
1.16,1,0,0,-0.37,0.69,0.63,2,0.29,1,0.08,1.1,0.29,0.2,0
-0.26,0,0,1,-0.76,-0.35,0.02,2,0.5,0,-0.43,1.03,0,0.13,0
1.54,1,0,0,-0.85,1.38,-1.23,2,0.22,0,0.64,0,0,0.3,0
2.05,1,0,1,2.87,0.69,-0.07,1,0.14,1,0.68,0.52,0.14,0.1,0
0.43,1,0,1,-1.04,0,-0.24,1,0.2,1,-0.52,0.88,0.2,0.18,0
-0.28,1,0,0,-1.42,0,-1.23,2,0.4,0,0.28,0,0,0.21,0
0.27,0,0,0,0.48,-0.35,1.16,2,0.5,1,1.58,0.78,0.5,0.09,0
0.12,0,1,1,-0.18,0,0.3,1,0.2,1,-0.9,1.97,0.2,0.14,0
-1.21,1,0,1,-0.95,0.69,1.58,1,0.14,1,-0.36,2.21,0.14,0.24,0
-0.5,1,0,1,1.91,0.69,-1.23,2,0.29,1,1.08,0,0.29,0.12,0
0.17,1,0,1,0.29,0.34,-1.23,1,0.17,0,-0.19,0,0,0.14,0
0.22,1,0,1,0.39,0,-1.23,1,0.2,0,-0.63,0,0,0.12,0
1.94,0,1,0,2.68,-0.35,0.43,1,0.25,1,-0.38,1.32,0.25,0.06,0
0.43,0,1,0,-0.47,-0.35,0.53,1,0.25,1,-1.08,2.89,0.25,0.12,0
0.83,0,1,1,-0.56,-1.39,-1.23,1,1,0,0.53,0,0,0.03,0
-1.89,1,0,0,-0.66,1.03,0.98,1,0.13,0,1.71,0.69,0,0.25,0
-1.12,0,1,1,0.39,0.34,0.59,1,0.17,0,-0.18,1.27,0,0.14,0
1.24,0,0,1,-0.18,0,1.04,2,0.4,1,1.4,0.78,0.4,0.14,0
-0.04,0,0,1,1.15,-0.35,0.88,1,0.25,0,-1.22,4.39,0,0.08,0
-0.48,1,0,1,-0.76,0.34,0.94,1,0.17,0,1.6,0.7,0,0.19,0
1.89,1,0,0,0.01,-0.7,-1.23,2,0.67,0,-1.71,0,0,0.08,0
0.08,0,1,1,-0.28,-1.39,-1.23,2,2,1,-0.26,0,2,0.03,0
0.25,1,0,1,-0.47,-1.39,0.77,2,2,1,1.11,0.76,2,0.03,0
1.18,1,0,1,0.2,-0.35,0.76,1,0.25,0,0,1.24,0,0.1,0
0.5,0,0,0,-0.76,1.72,0.79,2,0.2,0,1.55,0.66,0,0.32,0
-1.65,0,1,0,2.11,1.03,-1.23,2,0.25,1,0.69,0,0.25,0.13,0
0.26,0,1,0,-0.85,0,-1.23,2,0.4,1,1.01,0,0.4,0.17,0
0.99,0,1,0,-1.33,-0.7,0.45,1,0.33,0,-0.49,1.46,0,0.12,0
-1.87,0,1,0,-0.76,-1.04,0.4,2,1,0,-0.96,2.26,0,0.06,0
0.66,0,1,1,-1.8,-0.7,-1.23,2,0.67,1,0.88,0,0.67,0.15,0
0.14,0,0,1,-0.28,0.34,-0.09,2,0.33,0,0.39,0.58,0,0.17,0
0.48,0,0,1,-0.76,-0.7,0.52,2,0.67,1,0.41,0.88,0.67,0.1,0
0.2,1,0,1,2.77,-0.35,-1.23,2,0.5,1,-1.54,0,0.5,0.06,0
-1.13,1,0,0,-0.66,-0.35,-1.23,1,0.25,1,0.26,0,0.25,0.13,0
-0.11,1,0,0,2.58,1.38,0.63,1,0.11,1,1.47,0.63,0.11,0.14,0
-0.04,1,0,1,-1.04,1.03,-1.23,2,0.25,1,-0.16,0,0.25,0.29,0
1.1,1,0,1,-1.52,-1.04,0.07,2,1,0,-0.11,0.86,0,0.09,0
1.32,0,0,1,-0.76,1.38,1.7,2,0.22,0,1.57,0.96,0,0.29,0
-0.12,0,0,0,0.2,0,0.35,1,0.2,0,1.74,0.49,0,0.12,0
-0.14,1,0,1,-0.56,0,-1.23,2,0.4,0,0.69,0,0,0.15,0
0.37,1,0,1,-0.37,-0.35,-1.23,1,0.25,0,-1.59,0,0,0.11,0
-1.5,0,0,1,-1.04,1.03,-0.38,1,0.13,1,-1.31,2.16,0.13,0.29,0
1.1,1,0,1,-1.04,0.69,0.71,2,0.29,1,0.54,0.92,0.29,0.25,0
1.82,1,0,1,1.53,-0.35,0.62,1,0.25,0,0.7,0.82,0,0.07,0
0.73,1,0,1,0.2,-1.04,-1.23,2,1,0,1.18,0,0,0.05,0
-1.67,0,1,1,0.1,-0.7,2.32,1,0.33,0,1.25,1.29,0,0.08,0
-2.12,1,0,0,1.15,-0.35,0.46,1,0.25,0,-0.51,1.49,0,0.08,0
0.27,1,0,1,-0.18,-0.7,0.19,1,0.33,1,0.31,0.75,0.33,0.08,0
1.23,1,0,1,-0.95,-1.04,0.76,2,1,0,-0.26,1.46,0,0.07,0
-0.99,0,0,0,2.2,1.72,0.61,1,0.1,1,-1.59,13.6,0.1,0.16,0
0.02,0,0,0,-0.18,1.38,1.1,1,0.11,0,1.03,0.91,0,0.24,0
0.74,0,0,0,-0.66,0,0.49,1,0.2,1,-0.4,1.39,0.2,0.16,0
-0.08,1,0,1,-0.28,-1.73,1.15,1,1,0,-0.77,2.65,0,0,0
1.51,0,0,0,0.1,-1.39,0.37,1,1,0,1.35,0.56,0,0.03,0
0.72,0,0,0,-0.18,1.03,1.28,1,0.13,0,-0.94,3.4,0,0.22,0
-0.39,1,0,1,0.2,0.69,-1.23,2,0.29,0,-0.69,0,0,0.17,0
0.17,0,1,1,3.63,-1.04,-1.23,1,0.5,1,-1.14,0,0.5,0.03,0
-0.42,1,0,1,-0.56,-0.35,0.56,1,0.25,0,0.24,0.98,0,0.12,0
-0.65,0,0,0,-0.47,1.72,0.85,1,0.1,0,0.93,0.84,0,0.29,0
-1.77,1,0,0,-1.23,-1.39,-1.23,2,2,1,-1.41,0,2,0.04,0
0.33,1,0,1,-0.18,0,-1.23,2,0.4,1,0.22,0,0.4,0.14,0
0.27,1,0,0,-0.28,0.69,-1.23,1,0.14,0,-0.92,0,0,0.19,0
2.06,0,0,1,0.1,0.34,0.29,1,0.17,0,-1.1,2.58,0,0.15,0
0.99,1,0,0,-1.71,1.03,1.45,2,0.25,1,1.64,0.86,0.25,0.38,0
-0.16,0,1,0,-0.18,-0.7,-1.23,2,0.67,0,-0.16,0,0,0.08,0
0.14,0,0,1,-1.33,0.34,1.54,2,0.33,1,0.14,1.6,0.33,0.24,0
-0.96,0,0,0,-0.28,-1.73,0.8,2,2,1,1.26,0.73,2,0,0
0.82,1,0,1,-0.56,-1.73,-1.23,2,2,0,-1.71,0,0,0,0
1.27,1,0,1,0.2,-0.35,-1.23,2,0.5,1,-1.31,0,0.5,0.1,0
0.63,1,0,1,-0.28,1.38,0.98,1,0.11,1,-0.93,2.94,0.11,0.25,0
-0.61,0,1,1,1.53,1.03,0.15,2,0.25,1,0.5,0.67,0.25,0.15,0
0.46,0,0,1,-1.14,0.34,0.79,1,0.17,0,0.09,1.19,0,0.22,0
-0.11,1,0,0,-0.56,-1.39,1.46,1,1,1,0.79,1.15,1,0.03,0
-1.87,0,1,1,-0.76,-0.35,-0.33,2,0.5,1,0.06,0.54,0.5,0.13,0
-0.48,0,1,0,0.01,0.69,0.35,1,0.14,1,-0.83,1.88,0.14,0.18,0
-1.63,0,0,0,-0.37,1.03,1.63,1,0.13,0,1.69,0.9,0,0.23,0
0.21,1,0,0,0.87,1.03,0.63,2,0.25,0,-0.29,1.39,0,0.17,0
0.06,1,0,1,0.67,1.38,1.07,2,0.22,0,1.62,0.74,0,0.2,0
0.92,0,1,1,-1.9,0,0.21,1,0.2,0,1.62,0.47,0,0.26,0
-0.94,0,1,0,-1.23,-0.7,0.64,1,0.33,0,1,0.74,0,0.12,0
1.83,0,0,0,0.77,1.03,1.07,2,0.25,0,0.15,1.31,0,0.17,0
0.32,1,0,1,-1.52,0.69,1.3,1,0.14,0,0.83,1.07,0,0.3,0
0.93,1,0,0,-0.18,0,-1.23,2,0.4,1,-1.26,0,0.4,0.14,0
0.13,0,1,1,-0.76,-0.35,0.43,2,0.5,1,-1.11,2.84,0.5,0.13,0
-0.99,0,1,1,-1.14,0,-1.23,2,0.4,0,-0.06,0,0,0.19,0
-0.13,0,0,0,0.01,-1.73,0.74,2,2,1,-0.09,1.29,2,0,0
-0.11,0,1,1,2.2,-0.7,-1.23,1,0.33,1,0.03,0,0.33,0.05,0
1.32,1,0,1,0.29,0.34,-1.23,2,0.33,1,0.11,0,0.33,0.14,0
0.29,1,0,1,0.58,-0.7,1.13,1,0.33,0,-0.9,3.03,0,0.07,0
-0.6,1,0,0,-0.66,-0.7,-1.23,2,0.67,1,0.9,0,0.67,0.09,0
0.81,1,0,1,2.68,-1.04,0.28,1,0.5,1,0.04,0.92,0.5,0.03,0
-0.55,1,0,1,0.2,-0.35,1.23,1,0.25,1,-0.14,1.66,0.25,0.1,0
-1.17,1,0,1,-0.09,-0.7,-1.23,2,0.67,0,0.71,0,0,0.08,0
0.84,1,0,1,3.82,1.72,-0.24,1,0.1,1,0.07,0.59,0.1,0.13,0
-1.12,1,0,1,-0.47,1.03,0.39,1,0.13,0,1.67,0.51,0,0.24,0
0.39,0,0,0,0.67,-1.73,-0.03,1,1,1,-1.62,10.84,1,0,0
-1.12,0,0,1,-0.56,1.03,1.06,2,0.25,0,-0.39,1.84,0,0.24,0
1.07,0,0,1,-0.37,0.34,0.35,2,0.33,1,0.1,0.93,0.33,0.17,0
0.83,1,0,1,-0.85,0.69,-1.23,2,0.29,1,1.47,0,0.29,0.23,0
-1.62,0,1,1,-1.14,-1.04,-1.23,2,1,0,-1.35,0,0,0.07,0
-1.59,0,0,1,-0.37,0.69,0.54,2,0.29,1,-0.13,1.18,0.29,0.2,0
-0.19,1,0,0,-1.04,0,0.68,1,0.2,1,0.78,0.82,0.2,0.18,0
1.04,0,0,0,-0.18,-1.73,1.2,1,1,1,0.16,1.38,1,0,0
0.85,1,0,1,0.29,1.38,1.19,1,0.11,1,1.22,0.89,0.11,0.21,0
0.52,0,1,0,-1.71,1.38,-1.23,2,0.22,1,-1.28,0,0.22,0.43,0
-1.3,0,0,1,-0.56,-0.35,0.87,2,0.5,0,-0.78,2.38,0,0.12,0
0.03,1,0,1,-0.95,-1.04,-1.23,2,1,1,-1.02,0,1,0.07,0
2.06,1,0,1,-1.04,-0.35,-1.23,2,0.5,1,-1.52,0,0.5,0.14,0
-0.05,0,0,0,1.25,0.34,0.57,2,0.33,1,-0.55,1.63,0.33,0.12,0
1.03,1,0,1,0.39,0.34,0.6,1,0.17,1,-0.44,1.53,0.17,0.14,0
1.17,1,0,1,-1.42,0.69,0.35,1,0.14,0,-1.27,3.66,0,0.29,0
0.08,1,0,0,-0.66,1.38,-1.23,2,0.22,0,0.99,0,0,0.28,0
0.79,1,0,1,-0.66,-1.39,-0.28,1,1,1,-0.94,1.29,1,0.03,0
0.38,1,0,0,-0.76,-1.04,-1.23,2,1,1,0.79,0,1,0.06,0
-0.2,0,1,1,-0.56,-1.04,-1.23,2,1,1,1.01,0,1,0.06,0
1.52,1,0,1,-0.85,1.72,-0.11,1,0.1,1,-0.44,0.93,0.1,0.33,0
-0.01,0,1,1,-1.33,0.69,1.35,2,0.29,1,-1.25,5.66,0.29,0.28,0
2.06,0,1,1,-1.61,-0.7,-1.23,1,0.33,1,0.77,0,0.33,0.14,0
-0.32,0,1,1,0.48,1.03,-1.23,2,0.25,1,-1.47,0,0.25,0.18,0
-1.74,1,0,0,-0.37,-1.04,0.91,1,0.5,1,-0.35,1.66,0.5,0.06,0
0.46,0,1,0,0.01,0,-1.23,2,0.4,0,0.05,0,0,0.13,0
0.57,1,0,1,-1.99,-1.04,1.6,2,1,0,0.51,1.36,0,0.11,0
0.18,1,0,0,-0.66,-1.04,-1.23,2,1,1,-1.03,0,1,0.06,0
0.29,0,0,1,-0.37,-1.39,0.54,1,1,1,1.36,0.62,1,0.03,0
0.54,1,0,0,0.58,0,-1.23,2,0.4,0,0.55,0,0,0.11,0
0.2,0,1,1,2.68,0.34,1.32,1,0.17,1,0.32,1.34,0.17,0.09,0
-0.63,1,0,0,3.54,0,1.35,1,0.2,1,-1.5,11.62,0.2,0.07,0
-0.39,0,1,1,-0.37,-0.35,0.75,2,0.5,1,1.23,0.72,0.5,0.11,0
-0.82,1,0,1,0.1,1.72,0.58,1,0.1,1,0.37,0.93,0.1,0.25,0
-0.57,1,0,0,0.01,0.69,0.71,1,0.14,0,-1.34,5.19,0,0.18,0
0.98,0,0,1,0.87,1.72,0.31,1,0.1,0,-0.44,1.29,0,0.21,0
-0.64,1,0,0,-1.71,-0.7,-1.23,2,0.67,1,-0.77,0,0.67,0.14,0
1.02,1,0,1,-0.18,1.72,1.74,2,0.2,1,0.6,1.38,0.2,0.27,0
0.28,1,0,0,-1.61,0.34,0.67,2,0.33,1,1.66,0.6,0.33,0.27,0
-0.49,1,0,1,0.67,-1.04,-1.23,2,1,1,-0.7,0,1,0.04,0
-1.52,1,0,0,3.25,1.03,-1.23,1,0.13,1,-1.14,0,0.13,0.11,0
-0.48,1,0,0,-0.47,0.69,-1.23,2,0.29,0,1.62,0,0,0.21,0
-0.4,1,0,0,-0.37,-0.7,-1.23,1,0.33,1,-0.9,0,0.33,0.09,0
-0.22,0,1,0,0.48,0.34,0.79,2,0.33,0,-0.37,1.59,0,0.14,0
0.02,0,1,0,0.29,-0.7,0.11,2,0.67,0,-1.08,2.2,0,0.07,0
-0.88,1,0,1,-0.47,0.69,-1.23,1,0.14,0,-0.44,0,0,0.21,0
-0.06,1,0,1,-0.85,-1.39,0.79,1,1,1,1.62,0.65,1,0.03,0
-0.12,0,1,0,0.01,-1.39,1.05,1,1,0,-0.13,1.53,0,0.03,0
0.6,0,0,1,-1.61,-1.73,0.58,1,1,0,0.96,0.73,0,0,0
1.78,1,0,1,-0.47,-0.7,0.46,1,0.33,0,-1.58,11.4,0,0.09,0
0.15,0,0,0,-1.14,-1.04,1.14,1,0.5,0,1.52,0.79,0,0.07,0
-0.05,0,0,1,0.01,-1.73,1.25,1,1,0,1.24,0.9,0,0,0
-0.85,1,0,1,-0.85,1.03,-0.05,2,0.25,1,-1.27,2.7,0.25,0.27,0
-1.84,0,0,1,0.1,1.03,1.22,2,0.25,0,-0.47,2.09,0,0.2,0
0.83,1,0,0,0.2,1.38,1.21,1,0.11,1,-0.2,1.71,0.11,0.22,0
-0.33,1,0,1,-1.33,-0.35,-1.23,1,0.25,0,0.79,0,0,0.16,0
0.67,0,0,1,0.29,-1.04,0.19,2,1,1,-1.37,4.13,1,0.05,0
0.37,1,0,0,-0.76,-1.39,-1.23,2,2,0,-1.66,0,0,0.03,0
0.25,0,1,1,2.58,0,0.63,2,0.4,1,0.55,0.88,0.4,0.08,0
0.82,0,1,1,-0.95,-1.04,-1.23,2,1,0,-1.49,0,0,0.07,0
0.34,0,1,1,-0.09,-0.7,0.8,1,0.33,0,-1.47,8.2,0,0.08,0
0.4,0,0,1,2.68,1.38,1.29,1,0.11,1,-0.01,1.58,0.11,0.13,0
1.51,0,0,1,0.1,-1.04,0.59,2,1,1,-0.93,2.44,1,0.05,0
-2.11,1,0,0,-0.66,1.72,-1.23,1,0.1,1,0.9,0,0.1,0.31,0
-1.58,0,0,1,-0.18,1.03,0.51,2,0.25,1,-1.48,7.29,0.25,0.22,0
0.13,0,1,1,-1.14,1.03,-1.23,1,0.13,1,1.53,0,0.13,0.3,0
-1.58,0,0,0,0.48,-1.04,0.71,2,1,1,-0.03,1.23,1,0.05,0
-0.24,1,0,0,-0.66,-1.39,-1.23,1,1,0,0.12,0,0,0.03,0
-0.02,1,0,1,0.58,0.69,-1.23,2,0.29,1,-0.43,0,0.29,0.16,0
-0.66,0,0,0,0.01,0.34,0.41,2,0.33,0,-1.62,14.34,0,0.15,0
1.3,0,0,0,-0.18,-1.39,0.27,2,2,1,1.67,0.47,2,0.03,0
-0.47,1,0,1,-0.66,1.38,-1.23,2,0.22,1,-0.77,0,0.22,0.28,0
-0.56,1,0,0,0.01,1.72,0.16,1,0.1,1,0.55,0.66,0.1,0.26,0
-2.31,1,0,1,-0.56,1.03,-1.23,1,0.13,1,-1.5,0,0.13,0.24,0
-0.22,1,0,1,0.01,-1.04,0.85,2,1,0,-0.3,1.57,0,0.05,0
-1.6,0,1,1,-0.95,-1.04,-1.23,2,1,0,-0.78,0,0,0.07,0
0.69,0,1,0,-0.28,-1.04,1.41,1,0.5,1,-0.31,2,0.5,0.06,0
1.31,1,0,1,-1.52,0.34,-1.23,2,0.33,1,1.1,0,0.33,0.26,0
-1.2,0,1,1,-0.37,1.03,0.68,1,0.13,1,0.62,0.88,0.13,0.23,0
0.97,1,0,1,-0.95,-1.39,-1.23,1,1,0,-0.31,0,0,0.03,0
1.08,1,0,1,-0.76,0,-1.23,2,0.4,1,1.64,0,0.4,0.16,0
-0.6,0,1,0,0.58,0.34,0.04,1,0.17,0,-0.78,1.43,0,0.13,0
0.73,1,0,1,0.1,1.38,0.67,1,0.11,1,1.05,0.74,0.11,0.23,0
1.91,0,1,1,-0.09,0.69,0.17,1,0.14,0,1.32,0.49,0,0.18,0
0.33,1,0,0,2.39,1.72,0.83,1,0.1,1,-0.59,1.94,0.1,0.16,0
-0.63,0,0,0,0.1,-1.04,0.66,2,1,0,-0.14,1.28,0,0.05,0
1.93,1,0,1,0.96,1.03,0.43,1,0.13,1,-0.85,2.03,0.13,0.16,0
1.97,1,0,1,-1.14,1.03,-1.23,1,0.13,0,1.25,0,0,0.3,0
-0.69,0,1,1,-0.28,-0.35,0.1,2,0.5,0,-0.3,1,0,0.11,0
1.23,1,0,1,-0.95,-0.35,1.11,1,0.25,0,1.54,0.77,0,0.14,0
-0.53,0,1,1,-0.47,-1.04,0.4,1,0.5,0,1.7,0.51,0,0.06,0
0.49,1,0,1,0.77,0,1.28,2,0.4,0,-1.72,148.03,0,0.11,0
-1.8,1,0,1,-1.14,-1.39,0.83,1,1,1,0.58,0.97,1,0.04,0
-1.8,0,0,1,-0.47,1.03,1.02,2,0.25,1,1.56,0.74,0.25,0.24,0
0.98,0,1,1,-0.47,0.69,0.9,1,0.14,1,-1.19,4.18,0.14,0.21,0
1.02,1,0,0,-0.37,-0.7,-1.23,3,1,1,0.57,0,1,0.09,0
-1.27,0,0,1,-1.61,0,0.27,2,0.4,1,-1.72,97.29,0.4,0.23,0
1.03,1,0,1,-0.56,-1.04,1.22,1,0.5,0,-0.5,2.14,0,0.06,0
-1.11,1,0,0,-0.76,-1.04,1.14,1,0.5,1,-1.45,8.86,0.5,0.06,0
-0.74,0,1,0,1.91,-0.7,1.15,1,0.33,1,-0.44,1.98,0.33,0.05,0
-0.27,1,0,1,-0.18,-1.73,-1.23,2,2,0,0.21,0,0,0,0
-0.56,0,0,0,-1.14,-1.04,1.19,1,0.5,0,1.22,0.89,0,0.07,0
-0.11,1,0,0,-0.76,1.38,1,1,0.11,0,-0.89,2.85,0,0.29,0
1.05,0,0,0,0.58,-0.7,0.46,2,0.67,1,-0.18,1.17,0.67,0.07,0
0.1,0,0,1,-1.04,-1.04,1.51,2,1,0,-1.01,4.09,0,0.07,0
-0.43,0,1,0,0.58,-0.35,0.2,1,0.25,1,1.72,0.45,0.25,0.09,0
0.56,1,0,0,-0.09,-0.7,0.76,1,0.33,0,-1.37,5.85,0,0.08,0
-2.14,1,0,1,-0.28,0.69,-1.23,2,0.29,1,0.67,0,0.29,0.19,0
-1.6,1,0,1,-0.66,-0.35,0.82,1,0.25,0,-0.58,1.92,0,0.13,0
-1,1,0,0,-1.61,1.03,-1.23,2,0.25,1,0.74,0,0.25,0.36,0
-1.17,1,0,1,-1.23,0.69,0.48,1,0.14,0,0.06,1.03,0,0.27,0
0.51,0,1,0,0.39,-1.73,-1.23,2,2,0,-0.71,0,0,0,0
-1.99,0,1,0,-0.37,0,1.44,1,0.2,0,0.61,1.23,0,0.14,0
2.06,1,0,0,-1.04,-1.04,-1.23,2,1,1,-1.07,0,1,0.07,0
0.5,0,1,1,-0.76,0.34,0.61,1,0.17,0,0.67,0.83,0,0.19,0
-0.37,0,0,0,0.48,1.38,0.8,2,0.22,1,0.18,1.14,0.22,0.2,0
-0.48,1,0,0,0.1,-1.39,-1.23,2,2,0,0.4,0,0,0.03,0
0.18,0,1,1,-0.47,-1.73,-1.23,1,1,0,0,0,0,0,0
-0.58,0,1,0,-0.09,1.72,-1.23,2,0.2,0,-0.73,0,0,0.26,0
-1.87,1,0,1,-0.85,-0.7,0.4,1,0.33,1,-0.86,1.99,0.33,0.1,0
0.52,0,0,1,0.2,-1.73,1.19,1,1,1,0.48,1.18,1,0,0
0.14,0,1,1,-0.37,-1.39,0.62,1,1,1,1.21,0.68,1,0.03,0
-1.8,1,0,0,-0.85,0.34,0.88,1,0.17,0,1.64,0.68,0,0.2,0
1.09,1,0,0,0.29,1.38,-1.23,2,0.22,0,-1.12,0,0,0.21,0
-0.26,1,0,0,0.1,0.69,1.04,1,0.14,1,1.34,0.8,0.14,0.18,0
0.54,0,1,1,3.25,0,0.98,1,0.2,1,1.04,0.86,0.2,0.07,0
-0.05,1,0,1,-0.85,0.69,-1.23,2,0.29,0,0.93,0,0,0.23,0
-0.01,1,0,1,-0.56,-1.73,0.35,1,1,0,-0.83,1.87,0,0,0
0.14,1,0,0,-0.76,1.38,0.61,2,0.22,1,-0.36,1.45,0.22,0.29,0
0.77,1,0,0,0.48,1.72,-1.23,1,0.1,1,-0.11,0,0.1,0.23,0
-0.77,1,0,1,0.01,1.38,0.13,1,0.11,0,1.58,0.44,0,0.23,0
-0.44,0,1,0,1.63,0,-1.23,2,0.4,1,0.93,0,0.4,0.09,0
2.06,1,0,0,0.01,-1.73,0.45,1,1,0,0.1,0.99,0,0,0
-0.24,1,0,1,-0.76,1.03,0.83,1,0.13,0,-0.07,1.33,0,0.26,0
0.17,1,0,1,0.48,-1.04,0.74,1,0.5,0,-1.48,8.12,0,0.05,0
-1.06,0,1,1,0.48,1.03,-1.23,1,0.13,0,-1.45,0,0,0.18,0
1.28,1,0,1,3.54,-0.35,0.58,1,0.25,1,0.75,0.79,0.25,0.05,0
-1.59,0,0,0,1.53,0.69,0.89,1,0.14,1,-1.57,13.21,0.14,0.13,0
-0.66,1,0,0,-0.28,-1.39,-0.09,1,1,0,-1.21,2.31,0,0.03,0
2.06,1,0,0,-0.95,1.72,-1.23,2,0.2,1,1.73,0,0.2,0.34,0
0.74,1,0,1,0.67,0,-1.23,2,0.4,0,1.39,0,0,0.11,0
-0.99,0,1,0,-0.37,-1.39,-1.23,2,2,0,0.03,0,0,0.03,0
-0.43,0,0,1,-0.09,0.34,1.03,2,0.33,1,1.24,0.82,0.33,0.16,0
0.86,0,1,0,0.01,0.34,0.25,2,0.33,0,0.22,0.82,0,0.15,0
0.7,0,0,0,0.01,0.69,0.27,2,0.29,1,1.58,0.49,0.29,0.18,0
-0.54,0,1,0,-1.52,0.34,-1.23,2,0.33,0,0.92,0,0,0.26,0
0.63,1,0,1,-1.04,1.03,-1.23,2,0.25,1,-0.62,0,0.25,0.29,0
0.32,1,0,1,-0.09,0.34,1.24,1,0.17,0,0.02,1.52,0,0.16,0
0.64,1,0,1,-0.47,1.03,0.6,1,0.13,0,-0.13,1.23,0,0.24,0
-1,1,0,0,0.87,0.69,-1.23,2,0.29,1,-0.63,0,0.29,0.15,0
-0.41,1,0,0,-0.18,0.34,-1.23,2,0.33,0,0.19,0,0,0.16,0
-0.94,0,0,1,0.2,-0.35,1.22,1,0.25,0,-1.55,14.15,0,0.1,0
-0.05,0,1,1,-0.66,-1.39,-1.23,2,2,0,1.45,0,0,0.03,0
0.3,1,0,1,-0.47,-0.7,1.07,1,0.33,0,-0.58,2.15,0,0.09,0
-0.2,1,0,1,-1.23,-1.39,1.16,1,1,1,0.41,1.21,1,0.04,0
0.99,1,0,1,-0.28,1.38,0.81,1,0.11,1,0.97,0.82,0.11,0.25,0
0.04,0,0,1,0.39,1.38,0.13,2,0.22,1,-0.31,1.03,0.22,0.21,0
0.38,0,0,1,-0.56,1.38,0.95,2,0.22,0,0.38,1.12,0,0.27,0
0.59,0,0,1,-0.66,-0.7,1.21,2,0.67,1,1.26,0.88,0.67,0.09,0
0.29,0,0,0,-0.66,-1.73,0.19,1,1,0,1.03,0.55,0,0,0
-0.15,1,0,0,0.58,0.69,1.02,1,0.14,1,0.14,1.29,0.14,0.16,0
0.46,1,0,1,0.58,1.38,-0.53,1,0.11,1,-0.4,0.56,0.11,0.2,0
0.27,1,0,1,0.29,0,0.37,1,0.2,0,-1.38,4.74,0,0.12,0
0.72,1,0,0,-0.47,0.34,0.55,1,0.17,1,-1.58,11.78,0.17,0.18,0
0.03,0,1,0,-0.28,-0.7,-1.23,2,0.67,0,0.18,0,0,0.08,0
0.24,1,0,0,-1.04,-0.7,-1.23,1,0.33,0,-0.84,0,0,0.11,0
-0.32,0,0,1,0.1,0,0.51,2,0.4,0,-0.88,2.18,0,0.13,0
-0.28,1,0,1,0.1,0.34,-1.23,2,0.33,1,-0.59,0,0.33,0.15,0
-1.07,1,0,0,-0.95,0.34,0.45,1,0.17,1,-1.09,2.81,0.17,0.21,0
-1.25,1,0,1,0.01,-1.04,-1.23,2,1,0,1.7,0,0,0.05,0
0.99,1,0,0,-0.47,-0.35,-1.23,1,0.25,1,-0.61,0,0.25,0.12,0
-1.43,1,0,0,-0.76,0.69,-1.23,2,0.29,0,-0.88,0,0,0.23,0
-0.21,1,0,1,0.1,1.03,-1.23,2,0.25,1,-1,0,0.25,0.2,0
-0.83,0,1,1,-1.71,0.69,0.63,1,0.14,1,0.83,0.78,0.14,0.33,0
-0.47,1,0,1,0.01,0.34,0.56,1,0.17,0,-1.57,11.53,0,0.15,0
-1.25,0,1,1,-0.18,-0.35,-1.23,2,0.5,1,1.13,0,0.5,0.11,0
1.68,0,0,0,-1.33,0,0.76,1,0.2,1,0.57,0.93,0.2,0.2,0
0.55,0,1,0,-0.18,1.38,1.27,1,0.11,1,0.61,1.15,0.11,0.24,0
-0.88,0,0,1,-0.76,-1.04,0.21,2,1,1,-1.66,20.16,1,0.06,0
-1.29,0,0,0,-0.66,0.34,0.89,2,0.33,1,-1.71,73.47,0.33,0.19,0
0.27,1,0,0,3.15,1.03,-1.23,2,0.25,1,0.93,0,0.25,0.11,0
-0.65,1,0,0,2.39,-0.7,-1.23,1,0.33,1,1.56,0,0.33,0.05,0
-1.68,1,0,0,-1.61,0.34,-1.23,2,0.33,1,-0.59,0,0.33,0.27,0
-1.36,1,0,1,0.01,-1.39,0.34,1,1,1,-1.21,3.18,1,0.03,0
0.6,1,0,1,-0.76,0.34,-1.23,2,0.33,1,-0.51,0,0.33,0.19,0
0.62,0,0,1,-0.47,1.03,1.14,2,0.25,1,-1.71,94.67,0.25,0.24,0
0.03,1,0,0,0.67,0,-1.23,2,0.4,0,-0.88,0,0,0.11,0
0.96,1,0,1,3.06,-1.73,-1.23,2,2,1,-1.22,0,2,0,0
-2.41,1,0,0,0.01,-1.04,-1.23,2,1,0,-1.58,0,0,0.05,0
0.2,0,0,0,-0.56,1.38,0.13,2,0.22,1,1.7,0.43,0.22,0.27,0
0.75,0,0,0,-1.04,0,0.25,1,0.2,0,0.75,0.64,0,0.18,0
-1.05,0,0,1,0.58,0.34,0.77,1,0.17,1,0.8,0.85,0.17,0.13,0
-1.11,1,0,0,0.29,0,-1.23,2,0.4,0,0.03,0,0,0.12,0
-0.57,0,1,1,-0.18,-1.04,1.29,1,0.5,0,0.6,1.17,0,0.05,0
0.23,0,0,0,-1.33,-0.7,0.51,2,0.67,1,0.06,1.05,0.67,0.12,0
0.94,1,0,0,-1.71,1.38,-1.23,2,0.22,1,0.68,0,0.22,0.43,0
-1.47,0,0,0,0.2,0,0.09,2,0.4,0,1.52,0.44,0,0.12,0
1.05,1,0,0,-0.28,-1.04,0.7,1,0.5,0,0.42,0.96,0,0.06,0
1.64,1,0,1,-0.28,1.38,-0.12,2,0.22,1,0.16,0.63,0.22,0.25,0
-0.78,0,1,1,-0.85,-1.04,-1.23,2,1,1,-0.31,0,1,0.07,0
-0.08,0,1,0,0.58,1.38,1.19,2,0.22,0,0.96,0.97,0,0.2,0
0.49,0,0,1,1.53,1.03,1.26,2,0.25,1,0.77,1.07,0.25,0.15,0
-1.6,1,0,0,-0.95,-0.35,-1.23,2,0.5,0,1.13,0,0,0.14,0
-0.55,1,0,1,0.48,1.03,0.03,2,0.25,1,0.16,0.72,0.25,0.18,0
-0.49,0,0,1,0.67,-0.35,0.36,2,0.5,1,-0.24,1.15,0.5,0.09,0
0.05,0,1,1,-0.18,-1.39,-1.23,1,1,1,0.1,0,1,0.03,0
-2.27,1,0,1,2.3,0.34,1.35,1,0.17,1,1.18,0.96,0.17,0.1,0
1.36,1,0,0,-0.37,-0.35,-1.23,1,0.25,1,0.34,0,0.25,0.11,0
-0.72,0,1,1,0.67,-1.04,0.05,2,1,0,1.54,0.42,0,0.04,0
0.08,1,0,1,0.48,-1.04,1.47,1,0.5,1,-1.49,11.88,0.5,0.05,0
0.37,0,0,1,0.39,-1.04,0.94,1,0.5,1,-0.04,1.38,0.5,0.05,0
-1.15,0,1,1,-0.28,0.34,-1.23,3,0.5,1,0.33,0,0.5,0.17,0
2.06,1,0,1,-0.95,-1.39,-1.23,2,2,0,0.92,0,0,0.03,0
1.16,0,1,0,0.01,0.69,-1.23,2,0.29,0,-1.4,0,0,0.18,0
-0.17,0,0,1,0.39,-0.7,2.18,1,0.33,0,0.26,1.85,0,0.07,0
-1.15,1,0,1,0.01,-0.7,1,2,0.67,0,0.83,0.94,0,0.08,0
1.17,1,0,1,0.2,0.69,-1.23,2,0.29,0,0.6,0,0,0.17,0
0.03,1,0,0,0.1,-1.73,-1.23,2,2,0,-1.12,0,0,0,0
-0.87,0,1,1,0.48,0,-1.23,2,0.4,0,-0.58,0,0,0.11,0
0.66,0,0,1,-0.95,0.34,0.26,1,0.17,1,-0.53,1.33,0.17,0.21,0
-0.73,0,1,0,2.49,-1.39,-1.23,2,2,1,0.05,0,2,0.02,0
-1.06,1,0,1,-0.95,0,0.11,1,0.2,1,1.34,0.47,0.2,0.17,0
-0.05,0,0,0,-0.28,0.34,1.09,2,0.33,0,-0.82,2.72,0,0.17,0
0.57,1,0,0,-0.37,1.03,1.63,1,0.13,1,-1.01,4.22,0.13,0.23,0
0.3,1,0,1,-1.52,0,1.02,1,0.2,1,-1.19,4.41,0.2,0.22,0
0.49,1,0,1,-0.18,0,0.35,2,0.4,0,-1.31,3.93,0,0.14,0
-0.72,0,1,0,0.67,-1.39,-1.23,2,2,0,0.07,0,0,0.02,0
0.58,0,1,0,-0.66,-0.35,0.9,1,0.25,0,0.64,0.97,0,0.13,0
1.14,1,0,0,-1.23,-1.39,-1.23,2,2,1,1.73,0,2,0.04,0
0.88,0,0,0,-1.33,1.38,0.08,2,0.22,0,0.63,0.6,0,0.36,0
-0.02,0,1,1,-1.8,0,-1.23,2,0.4,1,-0.73,0,0.4,0.25,0
-0.02,1,0,1,0.67,0,-1.23,2,0.4,1,-0.4,0,0.4,0.11,0
-0.4,1,0,0,-0.76,1.03,0.67,1,0.13,1,-0.8,2.18,0.13,0.26,0
0.07,0,1,1,0.1,1.72,-1.23,2,0.2,1,-0.82,0,0.2,0.25,0
-1.44,1,0,0,-0.76,0,0.98,1,0.2,1,1.07,0.85,0.2,0.16,0
0.33,1,0,1,2.11,1.72,-0.04,1,0.1,1,1.25,0.43,0.1,0.16,0
1.01,0,1,1,1.82,1.38,0.73,2,0.22,1,0.42,0.98,0.22,0.16,0
-1,0,0,1,0.39,0,0.38,1,0.2,0,-1.31,4,0,0.12,0
1.48,0,1,0,-1.04,0,-1.23,2,0.4,1,-0.23,0,0.4,0.18,0
-0.58,1,0,0,-0.47,0.69,1.04,1,0.14,0,-1.58,14.99,0,0.21,0
0.02,0,1,0,-0.56,-0.7,0.77,1,0.33,0,1.67,0.64,0,0.09,0
0.81,1,0,0,-0.47,1.38,0.89,1,0.11,1,0.09,1.25,0.11,0.26,0
-0.26,1,0,1,0.01,-1.04,-1.23,2,1,0,0.01,0,0,0.05,0
-0.55,0,0,0,2.01,-1.73,0.03,1,1,1,-0.9,1.62,1,0,0
-0.18,1,0,1,0.39,0,-1.23,2,0.4,1,-0.9,0,0.4,0.12,0
-1.2,1,0,1,0.77,-1.73,1.35,1,1,1,0.8,1.1,1,0,0
0.53,1,0,0,-0.95,1.72,0.19,1,0.1,0,-0.2,1,0,0.34,0
0.64,1,0,1,-0.56,-1.04,1.71,1,0.5,0,-1.69,59.75,0,0.06,0
-0.45,1,0,1,-0.76,1.03,-1.23,2,0.25,1,-0.99,0,0.25,0.26,0
1.01,0,1,0,-1.52,1.03,0.15,1,0.13,0,0.59,0.64,0,0.35,0
1.7,1,0,1,-0.37,-0.35,-1.23,2,0.5,1,1.71,0,0.5,0.11,0
-0.5,1,0,1,-0.66,1.72,-1.23,2,0.2,1,0.28,0,0.2,0.31,0
-0.02,0,0,1,0.1,-0.35,0.3,1,0.25,1,0.4,0.77,0.25,0.1,0
-1.46,1,0,1,-0.85,0.34,-1.23,2,0.33,0,1.4,0,0,0.2,0
0.36,0,1,1,0.1,0.69,-0.03,1,0.14,0,1.71,0.38,0,0.18,0
-1.19,1,0,0,-1.61,0,0.21,1,0.2,0,-0.99,2.08,0,0.23,0
0.63,0,1,1,-0.09,-0.7,0.84,1,0.33,0,0.26,1.12,0,0.08,0
1.14,0,1,1,-1.14,1.03,-1.23,2,0.25,0,-0.64,0,0,0.3,0
-0.87,0,0,1,-1.61,0.69,1.1,2,0.29,0,0.04,1.42,0,0.32,0
-0.32,0,1,1,-1.71,1.38,-1.23,2,0.22,0,0.95,0,0,0.43,0
1.93,0,0,1,-0.18,0.34,0.28,2,0.33,0,0.71,0.67,0,0.16,0
0.23,1,0,1,2.49,-1.73,-1.23,1,1,1,-0.25,0,1,0,0
-0.13,1,0,1,-1.42,-1.39,-1.23,2,2,1,1.09,0,2,0.04,0
1.9,0,1,1,-0.09,1.03,-1.23,2,0.25,1,-0.58,0,0.25,0.21,0
0.42,1,0,1,-1.42,0.34,-1.23,2,0.33,1,-0.13,0,0.33,0.25,0
0.57,0,1,1,-0.09,1.03,-1.23,2,0.25,1,-0.93,0,0.25,0.21,0
-0.18,1,0,1,-0.18,0.69,1.04,1,0.14,1,0.43,1.13,0.14,0.19,0
0.16,1,0,1,-0.85,0.69,0.53,1,0.14,1,1.1,0.67,0.14,0.23,0
0.59,1,0,1,-0.66,1.72,0.16,2,0.2,1,1.25,0.5,0.2,0.31,0
0.82,0,0,1,-0.09,-1.73,-0.6,2,2,0,-0.11,0.41,0,0,0
0.47,0,1,1,0.1,-0.7,1.24,1,0.33,1,0.67,1.11,0.33,0.08,0
1.64,0,1,1,3.92,1.03,-1.23,2,0.25,1,-1.15,0,0.25,0.1,0
0.52,0,1,0,-0.56,0.69,0.76,1,0.14,0,-0.04,1.27,0,0.21,0
-0.48,1,0,1,-0.85,0,-1.23,2,0.4,0,-0.42,0,0,0.17,0
0.15,1,0,1,0.01,1.72,-0.48,1,0.1,0,0.64,0.34,0,0.26,0
0.47,1,0,1,-1.9,-1.39,0.55,1,1,1,-1.69,40.1,1,0.05,0
-1.35,1,0,1,-0.09,0,-1.23,2,0.4,0,1.1,0,0,0.13,0
-0.17,0,0,0,-0.95,1.03,0.86,2,0.25,1,-0.53,1.86,0.25,0.28,0
1.03,1,0,0,-1.23,-1.39,1.2,2,2,1,-1.39,7.61,2,0.04,0
-1.25,0,1,0,0.2,-0.35,-1.23,2,0.5,1,0.83,0,0.5,0.1,0
0.04,1,0,1,-0.18,0.34,0.11,1,0.17,0,-0.92,1.78,0,0.16,0
-0.03,1,0,0,0.39,0.69,1.02,1,0.14,0,0.76,0.97,0,0.16,0
1.91,0,1,1,0.58,-0.7,0.38,1,0.33,0,0.91,0.66,0,0.07,0
-2.12,1,0,0,0.01,-1.39,0.22,1,1,0,1.59,0.47,0,0.03,0
-1.41,0,1,1,2.58,1.38,-1.23,2,0.22,1,-1.49,0,0.22,0.14,0
0.45,0,0,1,-0.56,-0.35,0.76,1,0.25,1,-0.39,1.59,0.25,0.12,0
-1,0,1,1,0.67,-0.35,-1.23,2,0.5,1,-0.74,0,0.5,0.09,0
1.68,1,0,1,-0.66,-1.39,0.74,1,1,1,-1.28,4.64,1,0.03,0
-1.76,1,0,1,0.1,0.34,1.16,1,0.17,1,-0.36,1.88,0.17,0.15,0
0.67,0,0,0,-0.66,-0.7,0.45,2,0.67,0,0.24,0.92,0,0.09,0
-0.32,0,1,1,-0.76,-1.04,1.45,2,1,1,0.61,1.23,1,0.06,0
0.73,1,0,1,0.29,-0.35,0.42,1,0.25,0,-1.72,86.66,0,0.1,0
0.3,0,0,1,0.48,-1.73,0.86,2,2,1,-1.16,3.89,2,0,0
-1.2,1,0,1,-0.09,1.03,0.15,1,0.13,0,-1.58,9.31,0,0.21,0
0.05,1,0,0,-1.8,0.69,0.93,1,0.14,0,-1.25,4.79,0,0.35,0
0.1,1,0,1,2.3,1.03,0.98,1,0.13,1,-1,3.22,0.13,0.13,0
0.12,0,0,1,0.01,0,1.02,2,0.4,1,0.8,0.96,0.4,0.13,0
-1.94,0,0,0,0.2,1.03,0.75,2,0.25,0,-0.52,1.76,0,0.2,0
-1.55,0,0,1,-1.14,-0.35,0.3,2,0.5,0,0.56,0.72,0,0.15,0
-0.49,0,1,0,0.29,0.34,-1.23,1,0.17,1,-0.17,0,0.17,0.14,0
0.39,0,1,1,-0.18,0.69,0.99,2,0.29,1,0.24,1.21,0.29,0.19,0
-2.28,1,0,1,-0.09,1.38,-1.23,2,0.22,1,-1.53,0,0.22,0.24,0
-0.51,0,1,0,0.29,-0.35,0.32,1,0.25,1,1.72,0.49,0.25,0.1,0
1.23,1,0,0,-0.09,-1.04,-1.23,2,1,0,-0.43,0,0,0.05,0
-1.77,0,1,1,-1.14,-1.04,1.54,1,0.5,1,-1.04,4.28,0.5,0.07,0
0.52,1,0,1,-0.18,1.03,0.5,1,0.13,0,-1.45,6.35,0,0.22,0
-0.6,1,0,1,-0.28,-1.04,-0.1,2,1,0,-0.34,0.87,0,0.06,0
0.91,0,1,1,-0.09,0,1.63,1,0.2,1,-1.41,9.25,0.2,0.13,0
-0.16,0,1,1,-0.76,-1.39,-1.23,2,2,0,0.61,0,0,0.03,0
0.08,1,0,1,-0.66,1.03,-1.23,1,0.13,1,-0.34,0,0.13,0.25,0
0.38,0,1,0,-0.28,0,-1.23,1,0.2,0,-1.43,0,0,0.14,0
-0.01,1,0,1,-0.18,1.38,-1.23,2,0.22,0,-1.43,0,0,0.24,0
0.72,0,1,1,-1.71,-1.04,0.75,1,0.5,1,1.4,0.68,0.5,0.1,0
-0.5,1,0,0,2.3,0.69,-1.23,2,0.29,1,-0.76,0,0.29,0.11,0
-0.34,0,1,1,-0.56,-0.35,-1.23,2,0.5,1,-0.39,0,0.5,0.12,0
1.58,0,0,1,0.2,1.38,0.98,2,0.22,1,1.16,0.83,0.22,0.22,0
1.47,1,0,0,2.3,1.38,0.64,1,0.11,1,1.46,0.63,0.11,0.14,0
-0.36,0,0,1,0.2,1.72,0.59,2,0.2,1,0.24,0.99,0.2,0.24,0
-1.04,0,1,1,1.15,0,-1.23,2,0.4,0,0.94,0,0,0.1,0
-2.05,1,0,0,2.01,0.34,0.73,1,0.17,1,0.75,0.85,0.17,0.1,0
0.05,0,1,0,-1.04,-0.7,0.6,2,0.67,1,-0.4,1.48,0.67,0.11,0
-1.45,1,0,0,-1.23,0.34,0.96,1,0.17,0,1.04,0.85,0,0.23,0
-0.97,1,0,1,0.01,1.03,1.12,1,0.13,0,1.35,0.82,0,0.21,0
0.26,1,0,1,-0.18,1.72,0.48,1,0.1,1,1.16,0.64,0.1,0.27,0
-0.11,1,0,0,-0.95,-0.35,-1.23,2,0.5,0,-0.96,0,0,0.14,0
-1.26,0,1,1,-0.76,0.34,-1.23,1,0.17,0,-1.56,0,0,0.19,0
0.4,1,0,0,1.82,0,-1.23,2,0.4,1,-0.87,0,0.4,0.09,0
0.48,0,1,1,-0.85,-1.39,-1.23,2,2,0,-1.73,0,0,0.03,0
1.78,1,0,0,0.48,-1.39,-1.23,2,2,1,1.43,0,2,0.02,0
-0.88,0,0,0,-0.66,-0.35,0.22,2,0.5,1,0.32,0.76,0.5,0.13,0
-0.2,0,1,1,-1.52,-0.7,-1.23,2,0.67,0,-1.5,0,0,0.13,0
-0.05,1,0,0,-0.47,-0.7,0.88,1,0.33,0,0.53,1.01,0,0.09,0
0.26,0,1,1,0.87,-1.39,0.88,2,2,1,-1.49,9.3,2,0.02,0
2.06,0,1,0,1.44,-0.35,0.71,1,0.25,0,-0.58,1.81,0,0.07,0
1.65,1,0,0,-0.09,1.38,1.23,1,0.11,1,-0.12,1.64,0.11,0.24,0
-0.72,0,1,1,-0.85,-1.73,-0.37,1,1,0,1.68,0.27,0,0,0
0.7,1,0,0,-0.37,-1.04,1.47,1,0.5,0,-0.99,3.9,0,0.06,0
0.65,1,0,1,0.39,0,0.16,1,0.2,1,0.52,0.66,0.2,0.12,0
1.35,0,1,1,-0.56,-0.7,-1.23,2,0.67,1,-1,0,0.67,0.09,0
0.06,0,1,1,0.77,-1.39,-1.23,2,2,1,1.7,0,2,0.02,0
-0.7,1,0,0,-0.76,-0.35,1.32,1,0.25,0,-1.52,12.68,0,0.13,0
0.73,0,1,1,-0.56,0,-1.23,2,0.4,1,0.3,0,0.4,0.15,0
2.06,0,1,0,0.58,-0.35,0.61,2,0.5,1,0.16,1.05,0.5,0.09,0
0.44,1,0,0,0.01,-0.35,-1.23,2,0.5,1,0.73,0,0.5,0.1,0
-1.35,1,0,1,-0.47,-0.35,0.92,1,0.25,1,1.62,0.69,0.25,0.12,0
1.12,0,0,1,-0.76,-0.35,0.36,1,0.25,1,-0.91,2.07,0.25,0.13,0
-0.14,1,0,1,2.01,-0.7,-1.23,2,0.67,1,-0.52,0,0.67,0.05,0
1.08,0,0,1,0.1,-1.04,0.98,2,1,0,1.33,0.78,0,0.05,0
0.12,1,0,0,0.77,0.34,-1.23,2,0.33,1,0.51,0,0.33,0.13,0
-1.53,1,0,0,-0.18,1.03,-1.23,2,0.25,1,-0.04,0,0.25,0.22,0
-0.53,0,0,1,0.01,-1.04,1.8,2,1,1,1.32,1.07,1,0.05,0
-0.7,0,1,0,0.1,-0.35,-1.23,2,0.5,0,0.24,0,0,0.1,0
-1.42,1,0,1,-0.95,1.72,-1.23,2,0.2,1,-1.3,0,0.2,0.34,0
0.82,0,1,1,2.2,0,0.57,1,0.2,1,-0.67,1.82,0.2,0.08,0
1.75,0,1,1,-0.47,1.72,0.33,1,0.1,1,-0.7,1.63,0.1,0.29,0
-0.55,0,1,0,-1.23,0.69,-1.23,2,0.29,0,0.18,0,0,0.27,0
-0.14,1,0,1,-0.66,0,-1.23,1,0.2,0,0.85,0,0,0.16,0
0.47,1,0,1,-0.47,1.38,1.19,1,0.11,1,-1.6,18.32,0.11,0.26,0
-0.16,0,0,0,-0.18,1.38,1.13,1,0.11,1,-1.54,12.86,0.11,0.24,0
0.23,0,1,0,1.72,-0.35,-1.23,2,0.5,1,-0.88,0,0.5,0.07,0
0.12,0,1,1,-0.56,-0.7,-1.23,2,0.67,1,-0.56,0,0.67,0.09,0
0.34,0,1,1,0.2,-1.73,1.16,1,1,1,1.11,0.91,1,0,0
1.7,0,1,1,-1.04,0.34,-1.23,2,0.33,1,1.49,0,0.33,0.21,0
0.21,0,1,1,-0.47,1.72,1.23,1,0.1,0,0.7,1.09,0,0.29,0
0.6,0,0,0,0.01,1.38,0.77,1,0.11,0,-0.46,1.69,0,0.23,0
0.53,0,0,1,-1.04,-1.39,0.43,1,1,1,-1.04,2.56,1,0.04,0
-0.96,1,0,1,0.1,0.34,-1.23,2,0.33,0,1.28,0,0,0.15,0
0.42,0,1,1,0.1,-1.39,-1.23,2,2,1,0.79,0,2,0.03,0
0.51,1,0,0,-0.85,1.38,-1.23,1,0.11,1,1.3,0,0.11,0.3,0
0.17,1,0,1,-0.56,-0.35,-1.23,2,0.5,1,0.55,0,0.5,0.12,0
-0.73,1,0,0,-1.52,0,0.6,2,0.4,0,1.67,0.58,0,0.22,0
-0.82,0,1,0,-0.76,-0.7,-1.23,2,0.67,1,1.64,0,0.67,0.1,0
-0.93,1,0,1,-0.18,0,-1.23,2,0.4,0,-0.3,0,0,0.14,0
-1.26,1,0,1,-1.04,1.38,-1.23,2,0.22,1,-0.83,0,0.22,0.32,0
0.2,1,0,1,-0.28,0.69,-1.23,2,0.29,0,-0.7,0,0,0.19,0
0.16,0,0,0,-1.71,-1.39,0.73,2,2,1,0,1.22,2,0.05,0
-0.23,0,1,1,0.29,0.69,-1.23,2,0.29,1,1.27,0,0.29,0.17,0
-0.76,1,0,1,2.01,1.72,0.78,2,0.2,1,1.37,0.7,0.2,0.17,0
0.02,0,1,0,-0.09,-1.39,0.44,1,1,1,1.04,0.65,1,0.03,0
0.43,0,1,0,0.96,1.38,-1.23,2,0.22,0,1.36,0,0,0.18,0
0.25,0,1,1,-0.66,1.72,-1.23,2,0.2,0,1.59,0,0,0.31,0
-0.12,0,0,0,-0.18,0,1.2,1,0.2,1,-0.88,3.05,0.2,0.14,0
-1,1,0,1,0.01,-1.04,0.85,1,0.5,0,1.27,0.75,0,0.05,0
-1.22,1,0,1,0.77,1.38,0.11,1,0.11,1,0.65,0.61,0.11,0.19,0
-1.14,0,1,0,-1.04,0.34,0.12,1,0.17,1,-0.34,1.04,0.17,0.21,0
0.55,0,1,1,-0.56,-0.7,-1.23,2,0.67,0,-0.47,0,0,0.09,0
0.28,1,0,1,0.39,0,0.41,1,0.2,1,-0.36,1.28,0.2,0.12,0
0.64,1,0,0,-0.95,-0.7,0.17,2,0.67,0,1.15,0.53,0,0.1,0
1.43,0,0,1,1.15,-0.7,0.45,1,0.33,0,-0.45,1.41,0,0.06,0
1.29,0,0,1,-0.66,1.03,0.72,1,0.13,1,0.45,0.97,0.13,0.25,0
-0.9,0,0,1,0.1,0.69,0.51,1,0.14,1,-0.29,1.3,0.14,0.18,0
1.97,0,0,0,-0.56,0.69,1.26,2,0.29,1,-0.01,1.56,0.29,0.21,0
2.06,0,1,1,0.01,-1.73,1.05,1,1,1,-0.13,1.53,1,0,0
-1.56,1,0,1,0.58,-1.04,0.52,1,0.5,1,0.45,0.87,0.5,0.04,0
0.05,1,0,1,0.48,1.03,0.18,1,0.13,1,1.54,0.46,0.13,0.18,0
0.16,1,0,0,-0.56,-1.04,1.13,1,0.5,1,-0.76,2.61,0.5,0.06,0
0.08,1,0,0,-1.42,-1.04,-1.23,2,1,1,-0.27,0,1,0.08,0
1.02,0,0,1,2.58,0.34,1.7,2,0.33,1,1.66,0.93,0.33,0.09,0
0.04,1,0,1,-0.66,0.34,-1.23,2,0.33,1,0.66,0,0.33,0.19,0
-0.28,1,0,0,0.01,-1.39,1.35,1,1,0,-0.37,2.04,0,0.03,0
1.14,1,0,0,-0.56,0.34,0.99,2,0.33,0,0.85,0.93,0,0.18,0
1.1,0,0,1,-0.76,1.03,1.16,2,0.25,1,1.69,0.76,0.25,0.26,0
0.78,1,0,1,-0.47,-0.7,-1.23,2,0.67,0,1.67,0,0,0.09,0
-0.66,0,1,1,0.2,1.03,0.14,1,0.13,0,-1.71,54.63,0,0.2,0
-0.47,0,0,0,0.39,1.03,0.78,2,0.25,0,-1.32,5.23,0,0.19,0
2.06,0,1,1,2.2,0,-1.23,2,0.4,1,1.39,0,0.4,0.08,0
2.06,1,0,0,-0.09,-1.73,0.49,1,1,1,0.85,0.72,1,0,0
1.04,1,0,1,-0.95,-0.7,1.33,1,0.33,0,-1.05,4,0,0.1,0
-0.24,0,0,0,-0.18,0.69,1.14,1,0.14,1,0.57,1.11,0.14,0.19,0
0.88,1,0,1,0.39,-0.35,1.6,1,0.25,1,-0.82,3.33,0.25,0.09,0
0.02,1,0,0,3.34,0,-1.23,2,0.4,1,-1.72,0,0.4,0.07,0
-0.24,1,0,0,-0.37,0.69,-1.23,2,0.29,1,1.62,0,0.29,0.2,0
-0.15,1,0,1,-0.47,-1.39,0.12,1,1,0,-1.09,2.24,0,0.03,0
1.29,1,0,1,2.01,0.69,-1.23,2,0.29,1,0.2,0,0.29,0.12,0
2.06,0,1,1,-0.47,1.03,1.97,1,0.13,0,-0.56,2.93,0,0.24,0
-1.39,1,0,1,-0.18,1.03,-1.23,1,0.13,0,0.03,0,0,0.22,0
-1.42,0,1,0,0.29,1.72,-1.23,2,0.2,1,-0.47,0,0.2,0.24,0
0.23,0,0,0,2.87,-0.7,0.04,2,0.67,1,-1.09,2.12,0.67,0.04,0
-0.9,1,0,0,-1.14,0.34,-1.23,1,0.17,0,-1.6,0,0,0.22,0
-0.15,1,0,0,-0.37,-1.04,-1.23,2,1,1,-1.34,0,1,0.06,0
0.64,1,0,1,-0.95,-0.7,0.42,1,0.33,1,1.56,0.54,0.33,0.1,0
-0.85,1,0,1,1.15,-0.35,-1.23,3,0.75,1,-0.58,0,0.75,0.08,0
1.07,0,0,0,0.01,1.03,0.85,1,0.13,1,-0.22,1.48,0.13,0.21,0
0.6,1,0,0,-0.66,0.69,-1.23,2,0.29,1,1.73,0,0.29,0.22,0
-1.45,1,0,0,-0.66,-1.39,-1.23,2,2,1,-1.24,0,2,0.03,0
0.68,0,1,1,-0.56,-1.04,-1.23,2,1,1,-0.12,0,1,0.06,0
-0.45,0,0,1,-0.28,1.72,0.48,2,0.2,0,1.71,0.54,0,0.28,0
0.06,0,1,1,-1.23,-0.35,1.01,1,0.25,0,-1.11,3.84,0,0.15,0
-1.7,1,0,1,-1.23,-1.04,-1.23,2,1,1,-1.19,0,1,0.08,0
0.25,0,1,1,-0.37,1.03,-1.23,2,0.25,0,-1.24,0,0,0.23,0
1.08,1,0,0,-0.95,-0.35,1.16,2,0.5,1,-1.24,5.16,0.5,0.14,0
0.06,0,1,1,-0.66,0,0.97,1,0.2,0,0.59,1.02,0,0.16,0
-0.07,0,0,1,0.77,1.38,0.98,2,0.22,0,0.9,0.91,0,0.19,0
-0.54,1,0,0,-0.66,-0.35,0.56,1,0.25,1,1.17,0.66,0.25,0.13,0
2.06,0,1,0,-0.76,-0.7,0.72,1,0.33,1,-1.2,3.91,0.33,0.1,0
0.29,1,0,1,-0.28,-1.39,0.33,1,1,0,1.55,0.51,0,0.03,0
-0.19,1,0,1,2.01,-1.04,-1.23,2,1,1,-1.7,0,1,0.03,0
-1.04,0,1,1,0.58,-1.73,-1.23,2,2,1,-0.52,0,2,0,0
-0.81,0,0,0,1.44,1.38,0.33,1,0.11,1,1.66,0.5,0.11,0.17,0
-0.23,0,1,0,0.01,1.03,0.5,1,0.13,0,0.3,0.92,0,0.21,0
-1.26,0,1,0,0.39,0,-1.23,2,0.4,0,-0.36,0,0,0.12,0
0.18,0,0,0,0.67,0.69,1.37,1,0.14,1,1.27,0.94,0.14,0.15,0
-1.29,1,0,1,-0.85,1.38,-1.23,2,0.22,0,0.02,0,0,0.3,0
1.45,1,0,0,1.25,0.69,-1.23,1,0.14,1,0.39,0,0.14,0.13,0
-0.8,1,0,1,-1.14,-1.04,0.83,1,0.5,1,-1.54,11.03,0.5,0.07,0
-0.88,1,0,0,-0.09,0,0.8,1,0.2,1,1.19,0.75,0.2,0.13,0
0.06,1,0,1,-0.18,0.69,0.57,1,0.14,0,0.92,0.73,0,0.19,0
-2.11,1,0,0,0.48,0,0.2,1,0.2,1,-0.43,1.18,0.2,0.11,0
-2.21,0,1,1,-1.04,-1.04,0.52,1,0.5,0,0.92,0.71,0,0.07,0
-0.24,0,1,0,-1.33,-0.35,-1.23,1,0.25,1,1.64,0,0.25,0.16,0
1.21,1,0,0,-0.47,1.03,-1.23,2,0.25,0,-0.09,0,0,0.24,0
0.37,1,0,1,-1.23,0.69,-1.23,2,0.29,0,-1.71,0,0,0.27,0
1.48,1,0,1,1.63,1.38,0.33,1,0.11,1,-0.49,1.35,0.11,0.16,0
-1.11,0,0,0,-1.33,-1.39,1.12,1,1,1,1.07,0.91,1,0.04,0
0.52,0,0,1,-1.52,0,1.76,2,0.4,1,-0.41,2.43,0.4,0.22,0
-0.03,0,1,1,-0.28,1.03,1.13,2,0.25,1,0.52,1.13,0.25,0.22,0
0,0,1,0,-0.28,1.03,-1.23,2,0.25,0,-0.15,0,0,0.22,0
-0.18,1,0,0,-0.28,0.34,0.78,1,0.17,0,0.45,0.99,0,0.17,0
0.93,1,0,0,-0.18,1.38,-1.23,2,0.22,1,-0.47,0,0.22,0.24,0
-0.61,1,0,0,-0.47,1.38,-1.23,2,0.22,1,-1.38,0,0.22,0.26,0
0.2,1,0,0,0.2,1.72,-1.23,3,0.3,0,-0.32,0,0,0.24,0
-0.23,1,0,1,-0.28,-0.7,-1.23,2,0.67,1,-1.59,0,0.67,0.08,0
0.98,1,0,1,0.77,0,-1.23,2,0.4,0,0.79,0,0,0.11,0
0.56,1,0,1,-0.66,-0.7,-1.23,2,0.67,0,0.51,0,0,0.09,0
-0.95,1,0,0,0.29,0.69,-1.23,2,0.29,1,1.56,0,0.29,0.17,0
-0.57,1,0,1,-0.95,0.34,1.19,1,0.17,0,-0.21,1.72,0,0.21,0
-1.64,1,0,1,-0.37,-0.35,1.04,2,0.5,0,-1.05,3.58,0,0.11,0
-1.58,1,0,0,-0.95,1.38,-1.23,1,0.11,0,1.56,0,0,0.31,0
0.05,1,0,0,0.01,0.34,0.29,2,0.33,1,0.85,0.64,0.33,0.15,0
-0.15,1,0,0,0.01,-0.7,0.67,1,0.33,0,1.47,0.64,0,0.08,0
-0.17,1,0,0,0.58,-1.04,-1.23,1,0.5,1,0.75,0,0.5,0.04,0
1.47,0,1,1,2.3,-1.73,-1.23,2,2,1,-1.27,0,2,0,0
-1.14,0,0,1,2.39,-1.39,0.25,1,1,1,-0.08,0.96,1,0.02,0
0.84,1,0,0,-0.47,1.03,0.73,2,0.25,0,1.53,0.65,0,0.24,0
-0.35,1,0,0,-0.85,1.03,-1.23,1,0.13,1,-0.13,0,0.13,0.27,0
-0.14,0,1,0,1.44,0,-1.23,1,0.2,1,0.88,0,0.2,0.09,0
-0.8,1,0,1,-1.23,1.03,0.16,2,0.25,1,-0.17,0.96,0.25,0.31,0
-1.24,1,0,1,0.48,-0.7,-1.23,2,0.67,1,-1.14,0,0.67,0.07,0
-1.67,1,0,0,-0.09,0,0.65,1,0.2,0,-0.26,1.38,0,0.13,0
-0.51,1,0,1,-0.37,-1.04,-1.23,2,1,1,0.33,0,1,0.06,0
-2.05,0,0,1,-0.56,0.69,1.24,1,0.14,0,0.2,1.37,0,0.21,0
0.8,0,1,0,-0.95,-1.39,-1.23,1,1,1,-0.3,0,1,0.03,0
-0.63,0,0,0,-1.14,1.03,0.76,2,0.25,0,-1.71,73.71,0,0.3,0
-1.66,1,0,1,-0.95,-0.35,-1.23,2,0.5,0,-1.18,0,0,0.14,0
-0.56,0,1,0,3.54,1.38,0.93,1,0.11,1,-1.51,9.97,0.11,0.12,0
-0.16,1,0,1,-0.95,-1.39,-1.23,1,1,1,-1.31,0,1,0.03,0
1.36,0,0,1,-0.37,0.69,0.35,2,0.29,0,0.31,0.84,0,0.2,0
1.44,0,1,0,-0.18,-0.7,-1.23,3,1,0,-0.02,0,0,0.08,0
1.48,0,1,0,0.67,1.03,0.93,1,0.13,1,-0.93,2.9,0.13,0.17,0
-1.4,1,0,1,0.2,1.03,-1.23,2,0.25,1,1.48,0,0.25,0.2,0
0.99,0,1,1,-1.42,1.72,-0.12,1,0.1,1,-0.91,1.43,0.1,0.42,0
0.6,1,0,1,-0.66,-0.35,1.14,1,0.25,1,-1.03,3.61,0.25,0.13,0
0.63,1,0,0,0.2,-0.7,1.11,1,0.33,1,0.02,1.44,0.33,0.07,0
1.01,1,0,1,0.48,-0.35,0.58,1,0.25,1,-1.7,54.97,0.25,0.09,0
-0.28,1,0,0,1.72,0.69,-0.08,2,0.29,1,-0.27,0.85,0.29,0.12,0
-1.92,1,0,1,-0.56,0,-1.23,2,0.4,1,-0.37,0,0.4,0.15,0
-0.11,0,1,0,-0.47,-0.7,0.02,1,0.33,1,1.19,0.46,0.33,0.09,0
-0.92,1,0,1,3.44,0,0.17,1,0.2,1,-1.06,2.21,0.2,0.07,0
-1.19,1,0,1,-0.66,0.69,1.63,2,0.29,0,-1.35,7.96,0,0.22,0
0.2,0,0,0,-0.66,-0.35,0.42,2,0.5,1,0.61,0.76,0.5,0.13,0
1.29,0,0,1,1.15,-1.04,0.76,1,0.5,1,0.61,0.92,0.5,0.04,0
1.12,0,0,1,-0.85,-0.35,0.41,1,0.25,0,-1.59,11.71,0,0.13,0
-0.48,1,0,1,-0.56,-0.7,1.16,1,0.33,0,-1,3.5,0,0.09,0
-1,0,1,0,0.2,-0.35,0.57,1,0.25,1,-1.11,3.09,0.25,0.1,0
-1.69,1,0,0,1.34,1.72,0.21,1,0.1,1,-0.17,0.99,0.1,0.19,0
0.77,1,0,1,-0.37,0.69,-0.01,1,0.14,0,0.88,0.5,0,0.2,0
0.84,0,0,0,0.29,-1.04,0.68,2,1,0,-0.22,1.36,0,0.05,0
-0.28,1,0,1,0.1,0,0.68,1,0.2,0,1.61,0.62,0,0.13,0
1.35,1,0,0,0.29,-0.7,1.28,1,0.33,1,1.31,0.89,0.33,0.07,0
-0.76,0,0,0,-0.76,-0.35,-0.24,1,0.25,1,0.79,0.42,0.25,0.13,0
0.83,0,1,0,-0.18,-1.39,0.84,1,1,1,1.4,0.71,1,0.03,0
-0.01,0,1,0,-1.52,0,-1.23,1,0.2,1,1.4,0,0.2,0.22,0
1.33,1,0,1,-0.66,1.72,0.07,1,0.1,0,-0.24,0.94,0,0.31,0
0.85,0,1,1,0.48,-0.7,0.47,1,0.33,1,0.03,1.04,0.33,0.07,0
-0.74,0,0,0,0.29,-0.7,0.98,2,0.67,1,-0.26,1.61,0.67,0.07,0
1.29,1,0,1,0.1,1.38,0.8,1,0.11,0,-0.52,1.8,0,0.23,0
-0.5,1,0,1,-0.09,0.69,0.57,2,0.29,0,0.42,0.9,0,0.18,0
-0.37,1,0,1,-0.85,1.03,-1.23,2,0.25,0,-1.69,0,0,0.27,0
0.51,0,0,0,-1.04,-0.7,0.37,2,0.67,0,0.81,0.68,0,0.11,0
-0.37,1,0,1,-0.66,-1.39,-1.23,2,2,0,-1.7,0,0,0.03,0
-0.99,0,1,1,1.06,0.69,0.83,2,0.29,1,-0.66,2.05,0.29,0.14,0
-1.81,1,0,0,0.1,-0.35,-1.23,2,0.5,0,1.43,0,0,0.1,0
1.24,0,1,1,0.67,1.38,1.83,1,0.11,1,-1.48,12.95,0.11,0.2,0
-0.1,1,0,0,0.1,0.69,-1.23,1,0.14,0,0.47,0,0,0.18,0
1.38,1,0,1,-0.09,0,0.97,1,0.2,1,1.21,0.8,0.2,0.13,0
-0.05,0,1,1,2.87,1.72,0.62,1,0.1,0,-1.04,2.86,0,0.14,0
-0.13,1,0,1,-0.47,0,0.91,1,0.2,1,0.97,0.86,0.2,0.15,0
-0.19,0,0,1,-0.85,-1.39,-0.29,1,1,1,-0.37,0.75,1,0.03,0
-1.64,1,0,0,-1.04,1.38,-1.23,2,0.22,0,-0.07,0,0,0.32,0
0.23,0,0,0,3.63,1.72,0,2,0.2,1,-0.7,1.28,0.2,0.13,0
-0.43,0,1,1,-0.47,0.69,1.03,2,0.29,0,-0.94,3.04,0,0.21,0
0.52,0,0,1,-0.28,0.69,0.3,2,0.29,0,1.55,0.5,0,0.19,0
0,1,0,1,-0.47,-0.35,0.24,1,0.25,1,0.41,0.74,0.25,0.12,0
-1.47,1,0,1,-0.76,1.03,-0.06,1,0.13,0,0.52,0.56,0,0.26,0
-1.67,1,0,1,-0.47,0,-1.23,1,0.2,0,-0.98,0,0,0.15,0
-0.86,0,1,0,0.58,-1.39,1.3,1,1,0,-0.66,2.53,0,0.02,0
0.66,0,1,1,-1.14,-0.7,-1.23,3,1,1,0.5,0,1,0.11,0
0.28,0,0,0,-0.85,-1.39,1.01,2,2,1,-1.46,8.65,2,0.03,0
-0.72,1,0,0,1.53,0.34,-1.23,1,0.17,1,-1.35,0,0.17,0.11,0
1.01,0,1,1,2.01,-0.7,-1.23,2,0.67,1,-0.38,0,0.67,0.05,0
1.35,1,0,0,-1.9,-0.7,-1.23,2,0.67,1,0.42,0,0.67,0.16,0
0.42,0,1,1,-1.71,-0.7,0.42,1,0.33,1,0.08,0.98,0.33,0.14,0
0.76,0,0,1,-0.47,0.34,0.67,2,0.33,0,0.99,0.75,0,0.18,0
0.56,0,1,0,1.72,-0.7,-1.23,2,0.67,1,-1.15,0,0.67,0.05,0
2.06,1,0,1,-0.09,0,-1.23,2,0.4,0,-1.45,0,0,0.13,0
0.66,0,1,1,-1.33,-1.04,-1.23,1,0.5,1,0.57,0,0.5,0.08,0
-0.95,1,0,0,0.39,-1.39,-1.23,2,2,1,1.68,0,2,0.02,0
-0.76,0,1,0,0.48,1.03,0.63,1,0.13,1,0.48,0.91,0.13,0.18,0
-0.04,0,0,0,-0.37,-0.7,1.44,2,0.67,0,0.83,1.13,0,0.09,0
-1.27,1,0,0,-1.23,1.72,0.41,2,0.2,0,1.16,0.61,0,0.38,0
-0.16,0,0,0,0.48,-1.04,0.04,2,1,1,0.23,0.7,1,0.05,0
1.96,0,1,0,-0.28,0.34,-1.23,2,0.33,0,0.72,0,0,0.17,0
0.46,1,0,1,0.39,-1.39,0.38,1,1,1,0.02,0.99,1,0.02,0
-0.9,1,0,1,-1.23,0.69,0.12,2,0.29,0,1.45,0.46,0,0.27,0
1.6,1,0,0,-0.76,-0.35,-1.23,2,0.5,0,-1.66,0,0,0.13,0
-0.96,0,1,1,0.58,-0.35,-1.23,1,0.25,0,0.55,0,0,0.09,0
0.07,1,0,0,0.01,-0.35,0.06,1,0.25,0,-0.05,0.83,0,0.1,0
-0.1,1,0,0,0.29,0.69,0.78,2,0.29,0,1.11,0.76,0,0.17,0
1.08,1,0,1,-0.28,1.03,-1.23,2,0.25,0,1.33,0,0,0.22,0
-1.73,1,0,1,0.87,-1.39,-1.23,2,2,1,0.17,0,2,0.02,0
-1.09,0,0,0,0.48,-1.04,0.82,1,0.5,0,0.14,1.18,0,0.05,0
0.28,1,0,1,2.58,1.03,-1.23,2,0.25,1,-0.92,0,0.25,0.12,0
-0.82,0,1,0,-1.61,-0.7,0.51,1,0.33,1,-0.81,2.03,0.33,0.14,0
-0.17,0,1,0,-0.37,1.72,-1.23,1,0.1,0,-0.3,0,0,0.29,0
-1.32,0,0,1,-1.14,1.03,-0.24,2,0.25,0,0.82,0.42,0,0.3,0
-1.55,1,0,0,0.1,-1.04,-1.23,2,1,0,0.73,0,0,0.05,0
0.12,1,0,1,3.34,0.34,-1.23,2,0.33,0,0.41,0,0,0.08,0
-0.03,0,0,1,-0.56,0,1,1,0.2,0,-1.23,4.77,0,0.15,0
0.12,1,0,0,-1.61,-1.04,0.8,2,1,1,-0.05,1.3,1,0.09,0
0.77,1,0,1,0.01,-0.35,1.35,2,0.5,0,-0.74,2.79,0,0.1,0
-0.23,1,0,1,-0.76,-1.73,0.19,1,1,0,-0.48,1.22,0,0,0
0.39,0,0,1,0.2,-1.04,0.58,2,1,1,-0.6,1.72,1,0.05,0
2.06,0,0,1,0.2,1.03,-0.25,1,0.13,0,-1.19,1.91,0,0.2,0
-0.38,1,0,0,-0.47,0,-1.23,2,0.4,0,1.49,0,0,0.15,0
1.1,1,0,0,3.06,-1.73,0.19,2,2,1,0.94,0.57,2,0,0
0.19,1,0,1,-0.95,0.69,-1.23,2,0.29,1,0.66,0,0.29,0.24,0
-1.64,1,0,1,0.01,0.69,-1.23,2,0.29,1,-0.5,0,0.29,0.18,0
-0.3,1,0,0,0.01,1.38,0.11,2,0.22,0,-1.06,2.15,0,0.23,0
-0.06,1,0,1,0.29,-0.35,0.35,1,0.25,1,-1.73,145.4,0.25,0.1,0
0.8,1,0,1,-0.18,-1.73,-1.23,2,2,1,-0.48,0,2,0,0
0,1,0,1,-0.37,-1.04,0.17,1,0.5,0,1.29,0.5,0,0.06,0
1.37,0,0,0,0.29,-1.04,1.01,1,0.5,0,-1.7,64.97,0,0.05,0
0.84,0,1,0,2.68,-1.39,-1.23,2,2,1,1.35,0,2,0.01,0
-1.01,0,1,0,0.01,-1.39,1.06,2,2,0,-0.97,3.22,0,0.03,0
0.1,1,0,1,-0.85,0.69,1.12,1,0.14,0,-0.06,1.51,0,0.23,0
0.7,1,0,1,-0.09,0.69,-1.23,2,0.29,0,-1.07,0,0,0.18,0
1.41,1,0,1,1.15,-1.73,-0.29,1,1,1,0.74,0.41,1,0,0
1.29,0,0,0,-0.09,0.34,1.66,2,0.33,0,0.92,1.17,0,0.16,0
-1.77,0,0,1,-1.42,0.34,0.5,2,0.33,1,1.21,0.64,0.33,0.25,0
0.1,1,0,0,-1.8,0.34,1.46,1,0.17,0,-0.73,2.89,0,0.3,0
0.73,0,0,1,2.77,-0.35,0.96,1,0.25,0,1.31,0.78,0,0.06,0
0.09,0,0,1,0.01,1.03,-0.39,2,0.25,1,0.14,0.48,0.25,0.21,0
0.96,1,0,0,0.01,1.03,-1.23,1,0.13,0,-0.1,0,0,0.21,0
2.01,0,1,0,-0.09,-1.04,0.58,1,0.5,0,1.38,0.63,0,0.05,0
-0.48,0,1,1,0.39,-1.04,1.1,1,0.5,1,-1.33,6.08,0.5,0.05,0
-0.9,0,1,0,-0.37,1.38,-1.23,2,0.22,1,0.1,0,0.22,0.26,0
-0.14,0,0,0,-1.14,0.69,0.95,1,0.14,1,0.02,1.34,0.14,0.26,0
-1.28,1,0,0,-0.76,-1.39,0.57,1,1,0,1.43,0.62,0,0.03,0
0.38,1,0,1,-0.47,0.69,0.86,1,0.14,1,-1.24,4.53,0.14,0.21,0
-1.53,0,0,1,0.29,1.38,1.23,1,0.11,1,0.89,1.01,0.11,0.21,0
0.16,1,0,0,0.1,-1.04,-1.23,2,1,0,-1.11,0,0,0.05,0
-0.37,0,0,1,0.01,0,0.59,2,0.4,1,-0.83,2.17,0.4,0.13,0
0.64,0,0,1,-1.14,1.03,0.59,2,0.25,0,0.82,0.77,0,0.3,0
1.17,1,0,0,-1.42,-1.73,-1.23,2,2,0,-0.2,0,0,0,0
-1.86,1,0,1,0.29,-0.7,1.42,1,0.33,0,1.57,0.87,0,0.07,0
-0.44,0,1,1,-1.14,-0.35,1.23,1,0.25,1,1.74,0.77,0.25,0.15,0
0.33,0,1,0,0.77,1.72,0.92,1,0.1,0,0.77,0.93,0,0.21,0
-0.66,0,0,0,-0.66,-0.7,0.78,2,0.67,1,0.53,0.96,0.67,0.09,0
0.66,0,0,0,-0.37,0.34,0.79,2,0.33,1,-0.8,2.34,0.33,0.17,0
-0.21,0,1,0,-0.76,-1.39,-1.23,2,2,1,1.21,0,2,0.03,0
-0.03,0,0,0,-1.04,1.03,0.22,1,0.13,1,0.81,0.62,0.13,0.29,0
1.39,1,0,0,0.1,-0.7,-1.23,2,0.67,1,-0.06,0,0.67,0.08,0
-0.51,0,0,0,0.77,-1.39,1.06,1,1,1,-0.74,2.48,1,0.02,0
0.69,1,0,0,-1.04,-1.39,0.23,1,1,1,-0.44,1.21,1,0.04,0
0.58,1,0,0,0.48,0.34,-1.23,2,0.33,1,1.61,0,0.33,0.14,0
1.25,1,0,0,-1.52,0.69,1.28,1,0.14,0,-0.47,2.14,0,0.3,0
-0.5,1,0,0,-0.37,0,-1.23,2,0.4,0,-1.2,0,0,0.14,0
-0.65,0,1,1,1.91,-0.35,-1.23,2,0.5,1,-1.26,0,0.5,0.07,0
-0.36,0,0,0,0.29,0.34,0.66,2,0.33,0,0.87,0.78,0,0.14,0
-0.31,0,1,1,-0.56,-0.35,-1.23,2,0.5,1,-1.04,0,0.5,0.12,0
0.24,1,0,1,-1.23,0.34,1.44,1,0.17,1,0.86,1.11,0.17,0.23,0
-0.18,0,1,0,0.67,-0.7,-1.23,2,0.67,0,0.35,0,0,0.07,0
-1.47,1,0,1,-1.23,0.69,2.08,1,0.14,0,0.98,1.32,0,0.27,0
0.22,0,0,1,2.77,-1.73,0.79,2,2,1,1.48,0.68,2,0,0
-0.39,1,0,0,-1.71,0.69,0.47,1,0.14,1,-1.1,2.89,0.14,0.33,0
0.64,1,0,1,-0.66,1.38,0.39,1,0.11,0,1.14,0.61,0,0.28,0
-0.27,1,0,0,-0.09,-0.7,-1.23,2,0.67,1,1.11,0,0.67,0.08,0
0.26,1,0,1,-0.09,-1.39,-1.23,2,2,1,-1.12,0,2,0.03,0
0.34,0,0,0,-0.66,-1.73,0.99,2,2,1,1.53,0.73,2,0,0
-1.67,1,0,0,-0.76,0.69,1.01,1,0.14,1,-1.63,22.77,0.14,0.23,0
0.92,1,0,1,-0.95,-1.39,-1.23,2,2,1,1.12,0,2,0.03,0
0.52,1,0,0,-0.18,-0.7,-1.23,2,0.67,1,1.12,0,0.67,0.08,0
-0.88,0,0,0,0.1,-1.39,0.22,2,2,1,0.37,0.74,2,0.03,0
0.16,1,0,1,-0.28,-0.7,-1.23,2,0.67,0,-1.13,0,0,0.08,0
-0.18,1,0,1,1.91,-1.04,0.44,1,0.5,1,0.05,1.01,0.5,0.03,0
-0.75,1,0,1,-0.47,-0.35,1.58,1,0.25,1,-0.44,2.34,0.25,0.12,0
1.64,0,0,1,-0.56,1.03,1.15,1,0.13,0,1.72,0.74,0,0.24,0
0.35,0,1,0,-0.76,1.03,-1.23,2,0.25,0,1.54,0,0,0.26,0
-1.1,1,0,1,0.1,1.03,-1.23,2,0.25,0,-0.67,0,0,0.2,0
0.65,0,0,1,0.77,-1.39,0.31,1,1,0,1.69,0.49,0,0.02,0
-0.18,1,0,1,-0.18,-1.04,-1.23,2,1,0,1.43,0,0,0.05,0
0.22,0,0,0,-1.52,1.72,0.55,1,0.1,0,-0.34,1.37,0,0.43,0
0.11,1,0,1,-0.37,0,-1.23,1,0.2,0,0.96,0,0,0.14,0
1.02,0,1,0,-1.04,-0.7,-1.23,1,0.33,0,-1.68,0,0,0.11,0
-0.1,1,0,1,0.2,0.34,-1.23,2,0.33,0,-0.6,0,0,0.15,0
-0.18,0,0,1,-0.85,-1.04,0.53,2,1,1,0.69,0.79,1,0.07,0
-2.46,0,1,1,-0.37,-1.04,-1.23,2,1,1,-0.68,0,1,0.06,0
-1.16,1,0,1,-0.76,-1.39,-1.23,2,2,0,-1.72,0,0,0.03,0
-2.21,1,0,0,0.01,-1.73,0.42,1,1,0,-1.35,4.63,0,0,0
0.1,0,0,0,-1.52,0.34,1.44,2,0.33,0,-0.17,1.84,0,0.26,0
-0.05,0,0,0,-0.95,-0.35,0.47,1,0.25,0,-1.47,6.85,0,0.14,0
1.21,1,0,1,-0.28,-0.7,-1.23,1,0.33,0,-0.61,0,0,0.08,0
-0.11,1,0,1,0.1,1.03,0.54,1,0.13,1,1.01,0.7,0.13,0.2,0
1.32,1,0,1,-0.56,-1.39,-1.23,2,2,0,-0.25,0,0,0.03,0
0.29,0,0,1,1.25,1.38,0.95,2,0.22,0,-0.8,2.51,0,0.17,0
-1.05,1,0,1,-0.76,-0.35,-1.23,2,0.5,1,-1.29,0,0.5,0.13,0
-0.54,1,0,1,0.77,-1.04,-1.23,2,1,1,1.5,0,1,0.04,0
0.05,1,0,0,0.58,-1.73,-1.23,2,2,0,1.16,0,0,0,0
-1.62,1,0,1,-0.85,-0.7,0.15,1,0.33,1,-1.26,3.07,0.33,0.1,0
0.03,1,0,0,0.29,-1.39,-1.23,2,2,1,-1.64,0,2,0.02,0
-0.06,1,0,0,-0.18,-1.39,-1.23,2,2,1,-0.54,0,2,0.03,0
1.04,0,0,1,-0.47,1.38,0.51,2,0.22,1,-1.27,4,0.22,0.26,0
-1.27,1,0,1,-0.37,-0.7,1.29,1,0.33,0,1.73,0.79,0,0.09,0
0.47,0,0,1,-0.76,-0.7,1.19,1,0.33,0,-1.64,27.06,0,0.1,0
0.68,1,0,0,0.48,0.34,1.26,1,0.17,0,0.59,1.16,0,0.14,0
-0.5,1,0,0,-0.37,1.03,-1.23,2,0.25,1,0.92,0,0.25,0.23,0
-0.04,0,1,0,2.39,-1.39,0.24,1,1,1,-1.01,2.18,1,0.02,0
2.06,0,0,1,2.11,-0.7,1.05,1,0.33,1,-0.14,1.54,0.33,0.05,0
-0.63,1,0,0,-0.66,-1.73,0.82,1,1,0,0.01,1.27,0,0,0
1.81,0,1,0,-0.66,-1.39,-1.23,2,2,1,-0.99,0,2,0.03,0
2.06,0,1,1,-0.76,0.34,0.1,2,0.33,0,0.85,0.55,0,0.19,0
1.43,1,0,0,-0.66,0.69,-0.11,1,0.14,0,0.13,0.65,0,0.22,0
0.52,1,0,0,0.29,0.34,0.16,1,0.17,0,0.93,0.56,0,0.14,0
-0.83,1,0,1,-0.85,-1.04,0.88,1,0.5,1,-0.91,2.74,0.5,0.07,0
-1.19,0,0,0,0.48,-0.35,0.73,1,0.25,0,0.54,0.93,0,0.09,0
1.25,0,0,1,-0.66,1.38,0.02,1,0.11,0,-1.16,2.34,0,0.28,0
-1.43,1,0,0,3.44,-1.04,-1.23,1,0.5,0,0.4,0,0,0.03,0
0.06,1,0,1,-0.56,0.69,1,2,0.29,0,-1.09,3.74,0,0.21,0
1.14,0,1,1,-0.18,0.69,0.9,1,0.14,0,1.73,0.67,0,0.19,0
0.6,1,0,0,-0.85,0,-1.23,2,0.4,1,1.07,0,0.4,0.17,0
-0.55,0,1,0,2.58,-0.7,-1.23,1,0.33,1,-0.51,0,0.33,0.05,0
-0.61,1,0,1,-1.04,-1.04,0.64,1,0.5,0,0.77,0.81,0,0.07,0
-0.53,1,0,0,0.2,-1.39,-1.23,2,2,0,-0.07,0,0,0.02,0
-0.81,0,0,0,-0.37,-1.39,1.02,1,1,0,1.49,0.75,0,0.03,0
-0.41,0,0,0,0.39,1.38,0.81,2,0.22,1,-1.43,7.1,0.22,0.21,0
0.47,1,0,0,0.2,1.03,-1.23,2,0.25,0,-1.25,0,0,0.2,0
0.19,1,0,0,-0.09,1.03,-1.23,2,0.25,0,-0.28,0,0,0.21,0
0.78,0,1,1,-0.85,1.03,0.92,1,0.13,1,0.83,0.91,0.13,0.27,0
1.03,0,1,0,0.01,0.69,0.69,1,0.14,0,-0.23,1.37,0,0.18,0
2.06,0,1,0,-0.95,0.69,-1.23,2,0.29,0,-1.34,0,0,0.24,0
-0.35,0,1,1,-0.09,0.69,-1.23,1,0.14,1,-1.27,0,0.14,0.18,0
-0.94,0,1,0,-1.14,0.69,0.78,1,0.14,1,0.25,1.09,0.14,0.26,0
-0.22,0,1,1,0.01,0,-1.23,2,0.4,0,0.29,0,0,0.13,0
0.1,0,0,0,1.25,-0.35,0.17,1,0.25,0,-0.16,0.96,0,0.08,0
0.26,1,0,1,-0.09,1.03,-1.23,2,0.25,1,0.58,0,0.25,0.21,0
-0.72,0,1,1,0.39,1.38,0.02,1,0.11,1,-1.21,2.54,0.11,0.21,0
1.53,1,0,1,-0.47,1.38,1.25,1,0.11,0,1.59,0.81,0,0.26,0
0.56,1,0,1,-0.09,-1.39,1.81,1,1,1,0.11,1.78,1,0.03,0
0.66,0,1,0,-0.76,0.34,1.23,1,0.17,1,-0.86,3,0.17,0.19,0
0.48,0,0,1,0.39,0.69,0.62,2,0.29,0,-0.63,1.8,0,0.16,0
-0.43,1,0,1,-0.18,0.34,-1.23,2,0.33,1,-1.36,0,0.33,0.16,0
-1.06,0,1,1,-0.09,-1.73,1.63,2,2,0,-1.07,4.63,0,0,0
0.06,1,0,1,0.2,-1.04,-1.23,2,1,0,1.02,0,0,0.05,0
-0.09,1,0,0,1.53,0.69,-1.23,2,0.29,1,0.02,0,0.29,0.13,0
0.62,0,1,0,-0.76,0,-1.23,2,0.4,0,-1.57,0,0,0.16,0
0.62,0,1,1,-0.56,-1.39,-1.23,2,2,0,1.19,0,0,0.03,0
0.7,1,0,0,-0.18,0.69,-1.23,2,0.29,1,-0.78,0,0.29,0.19,0
-0.67,0,0,1,-0.66,-1.39,1.18,1,1,0,-1.19,4.71,0,0.03,0
-0.35,0,1,0,-0.28,0.69,0.63,1,0.14,1,-0.5,1.62,0.14,0.19,0
-0.21,1,0,1,-1.04,1.38,-1.23,2,0.22,0,-1.17,0,0,0.32,0
0.23,0,1,1,0.01,1.03,0.99,1,0.13,1,0.18,1.25,0.13,0.21,0
-1.8,0,0,0,-0.28,-0.7,0.66,1,0.33,0,-0.45,1.59,0,0.08,0
0.12,1,0,0,-0.18,0,-1.23,2,0.4,0,0.9,0,0,0.14,0
-0.74,1,0,0,0.01,-0.7,1.44,2,0.67,0,-0.11,1.77,0,0.08,0
-0.42,1,0,0,-1.33,-1.04,-1.23,2,1,0,0.41,0,0,0.08,0
-0.72,1,0,1,-0.85,-1.39,-1.23,2,2,0,1.73,0,0,0.03,0
-0.61,1,0,1,0.01,0.69,-1.23,2,0.29,0,-0.3,0,0,0.18,0
0.32,1,0,0,-1.99,-1.39,0.36,1,1,1,-1.57,10.31,1,0.06,0
0.08,0,0,1,-0.18,-0.7,1.48,2,0.67,0,-0.52,2.4,0,0.08,0
1.46,1,0,1,-0.47,-1.39,-1.23,1,1,1,-0.24,0,1,0.03,0
-0.27,0,1,0,-0.28,-1.73,-1.23,2,2,0,0.2,0,0,0,0
-0.92,0,0,1,-0.76,-0.35,0.81,2,0.5,1,0.75,0.89,0.5,0.13,0
0.28,0,0,1,-0.28,-1.39,0.66,2,2,0,-1.26,4.27,0,0.03,0
-0.01,0,0,1,-1.52,-0.35,0.28,2,0.5,0,-0.54,1.36,0,0.17,0
-0.6,0,1,0,0.67,-1.04,0,1,0.5,1,-0.79,1.41,0.5,0.04,0
0.02,1,0,0,0.1,-0.35,0.06,2,0.5,1,-1.16,2.38,0.5,0.1,0
-1,0,1,0,-1.14,-0.35,-1.23,2,0.5,1,0.61,0,0.5,0.15,0
-0.69,0,0,1,-0.66,1.03,-0.58,1,0.13,1,0.65,0.29,0.13,0.25,0
-1.39,1,0,1,-0.56,0.69,0.62,1,0.14,1,-1.55,10.28,0.14,0.21,0
1.43,0,0,0,0.39,1.38,0.64,2,0.22,1,-0.69,1.94,0.22,0.21,0
-0.54,0,0,1,-1.8,1.03,1.66,2,0.25,1,-1.23,6.1,0.25,0.4,0
0.19,0,0,0,-0.85,0.69,1.02,1,0.14,0,1.54,0.74,0,0.23,0
-0.06,1,0,0,-1.42,-0.7,-0.67,1,0.33,1,-1.54,2.97,0.33,0.13,0
0.09,1,0,0,-0.66,1.38,-1.23,2,0.22,1,-0.12,0,0.22,0.28,0
1.89,0,0,1,-0.95,-1.39,0.32,2,2,1,-0.89,1.97,2,0.03,0
0.48,0,1,0,0.1,0.69,0.86,2,0.29,1,0.29,1.11,0.29,0.18,0
-0.73,0,0,1,0.01,-0.7,0.69,1,0.33,0,0.64,0.87,0,0.08,0
0.42,1,0,1,-0.09,-1.39,-1.23,2,2,0,-0.96,0,0,0.03,0
-1.79,1,0,0,-0.66,0.34,-0.08,1,0.17,1,0.18,0.64,0.17,0.19,0
-0.81,1,0,0,0.77,-1.04,-1.23,2,1,0,-1.11,0,0,0.04,0
-1.55,1,0,1,-0.18,-0.35,-1.23,2,0.5,0,-1.52,0,0,0.11,0
-0.27,0,1,0,-0.09,1.03,-1.23,2,0.25,0,-0.08,0,0,0.21,0
-0.57,1,0,0,0.01,1.38,0.96,1,0.11,1,0.9,0.9,0.11,0.23,0
-0.49,1,0,1,-0.85,1.03,-1.23,2,0.25,1,-0.91,0,0.25,0.27,0
-0.5,1,0,0,-1.33,-1.73,-1.23,2,2,1,0.02,0,2,0,0
-1.56,1,0,0,-0.47,0.34,-1.23,1,0.17,1,0.7,0,0.17,0.18,0
-2.36,1,0,1,0.2,0.34,1.23,1,0.17,0,-1.54,13.14,0,0.15,0
-0.37,1,0,1,-0.37,0.69,-1.23,2,0.29,0,0.88,0,0,0.2,0
-0.16,1,0,0,3.73,0.34,-0.46,1,0.17,1,0.34,0.4,0.17,0.08,0
0.63,1,0,0,-0.66,-1.39,-1.23,2,2,0,0.45,0,0,0.03,0
-0.18,1,0,0,0.48,0.69,-1.23,2,0.29,0,-1.22,0,0,0.16,0
-0.01,1,0,0,-0.76,-1.39,1.35,2,2,0,-1.27,5.93,0,0.03,0
-0.86,1,0,1,-0.09,0.34,0.82,2,0.33,0,-0.95,2.81,0,0.16,0
-0.13,1,0,1,0.67,1.38,1.02,1,0.11,0,-1.06,3.59,0,0.2,0
-0.1,1,0,0,-0.09,-0.7,-1.23,2,0.67,0,0.28,0,0,0.08,0
-0.79,1,0,0,-0.47,0,0.57,2,0.4,1,-1.43,6.24,0.4,0.15,0
-0.09,0,0,1,-0.85,1.03,0.93,1,0.13,0,-0.99,3.11,0,0.27,0
0.74,0,1,0,-0.37,-1.39,0.7,1,1,0,0.44,0.96,0,0.03,0
-0.28,1,0,1,-1.52,-1.39,0.47,2,2,1,1.59,0.55,2,0.04,0
0.32,1,0,1,-1.33,0,-1.23,1,0.2,1,-0.16,0,0.2,0.2,0
-1.25,1,0,0,-0.47,1.03,-1.23,2,0.25,1,0.73,0,0.25,0.24,0
-0.72,0,1,1,-0.47,-1.39,-1.23,2,2,1,-0.33,0,2,0.03,0
-0.64,0,0,1,-0.09,1.03,0.25,1,0.13,0,-0.02,0.93,0,0.21,0
-0.99,0,0,1,0.87,-0.7,1.05,2,0.67,1,-0.36,1.8,0.67,0.06,0
0.98,1,0,0,0.67,0.69,-1.23,2,0.29,1,-0.56,0,0.29,0.15,0
0.82,1,0,1,-0.47,-1.39,-1.23,2,2,1,0.46,0,2,0.03,0
-0.88,1,0,0,0.48,-1.39,-1.23,2,2,1,-0.18,0,2,0.02,0
1.32,1,0,1,-0.18,-0.7,1.05,1,0.33,1,1.38,0.79,0.33,0.08,0
1.67,1,0,1,-1.42,1.72,-1.23,2,0.2,1,0.99,0,0.2,0.42,0
-1.29,1,0,1,0.29,-1.39,-1.23,1,1,1,1.19,0,1,0.02,0
0.3,1,0,1,-0.56,-1.04,0.51,1,0.5,1,-1.06,2.78,0.5,0.06,0
-0.86,0,1,1,0.39,-1.04,0.63,2,1,0,1.3,0.66,0,0.05,0
-0.9,0,1,1,0.87,0,0.9,1,0.2,0,-0.36,1.68,0,0.1,0
0.6,1,0,0,-1.42,-0.7,0.55,1,0.33,1,1.19,0.66,0.33,0.13,0
-1.45,1,0,0,0.58,1.72,0.44,2,0.2,1,-0.39,1.33,0.2,0.22,0
-1.5,1,0,0,-0.66,-0.7,-1.23,1,0.33,1,-0.34,0,0.33,0.09,0
-0.47,1,0,1,0.01,0.69,-1.23,1,0.14,1,0.33,0,0.14,0.18,0
-0.01,0,1,1,-0.66,-1.39,0.89,2,2,1,1.36,0.74,2,0.03,0
-1.67,0,0,1,-0.09,-1.04,0.8,2,1,1,-0.3,1.53,1,0.05,0
0.09,0,0,0,-0.85,1.03,1.24,1,0.13,0,-1.04,3.81,0,0.27,0
1.06,1,0,0,0.39,0,-1.23,2,0.4,0,0.17,0,0,0.12,0
-1.8,0,0,1,0.87,1.03,0.85,2,0.25,1,1.01,0.82,0.25,0.17,0
-0.33,1,0,0,-0.56,-1.04,1.46,2,1,1,-0.61,2.57,1,0.06,0
-0.33,0,0,0,-0.76,-1.04,-0.33,2,1,0,-1.7,25.72,0,0.06,0
1.11,1,0,0,-0.85,-0.7,1.04,1,0.33,0,0.98,0.91,0,0.1,0
-1.39,0,0,1,1.06,0.69,1.01,2,0.29,0,-0.95,3.06,0,0.14,0
1.43,1,0,0,-1.14,1.03,-0.16,1,0.13,1,-0.36,0.83,0.13,0.3,0
-1.71,0,0,1,-0.47,-0.7,0.92,1,0.33,0,-0.52,1.9,0,0.09,0
-2.12,0,0,1,-1.33,-0.7,0.96,1,0.33,0,1.33,0.77,0,0.12,0
0.64,0,1,1,3.34,0,-1.23,2,0.4,0,0.89,0,0,0.07,0
-1.33,1,0,0,-0.47,-0.7,-1.23,2,0.67,1,-1.67,0,0.67,0.09,0
1.6,0,0,0,-1.23,1.03,-0.54,2,0.25,1,-1.24,1.48,0.25,0.31,0
1.35,1,0,0,-1.04,-0.35,-1.23,2,0.5,0,1.35,0,0,0.14,0
0.2,0,0,1,-0.76,-1.39,1.06,2,2,1,1.32,0.81,2,0.03,0
0.2,1,0,1,-0.56,-1.04,1.04,2,1,0,-0.41,1.85,0,0.06,0
-1.31,0,0,0,-1.33,0.69,0.88,1,0.14,0,1.63,0.68,0,0.28,0
0.86,0,1,0,0.01,-0.7,0.26,2,0.67,1,0.44,0.74,0.67,0.08,0
-0.3,0,1,1,0.01,1.38,-1.23,2,0.22,1,0.01,0,0.22,0.23,0
1.99,1,0,0,-0.09,1.03,0.94,1,0.13,1,-1.55,12.48,0.13,0.21,0
0.38,1,0,1,0.87,-0.35,-1.23,2,0.5,1,1.23,0,0.5,0.08,0
0.51,0,1,1,-1.04,1.03,1.34,1,0.13,0,-1.35,7.04,0,0.29,0
-2.49,0,0,0,1.06,-1.04,0.41,2,1,0,-0.18,1.14,0,0.04,0
-1.17,1,0,0,0.2,-1.73,-1.23,2,2,1,1.31,0,2,0,0
1.34,1,0,0,0.39,-1.73,-1.23,1,1,1,-1.47,0,1,0,0
0.02,0,1,1,1.82,0.34,-1.23,2,0.33,1,1.22,0,0.33,0.1,0
-0.32,0,0,1,-0.37,-1.73,0.01,1,1,1,-1.44,4.47,1,0,0
0.48,1,0,0,-1.52,1.72,-1.23,2,0.2,1,-0.35,0,0.2,0.43,0
1.4,1,0,1,-0.37,-0.7,-1.23,2,0.67,0,-0.13,0,0,0.09,0
2.06,0,0,0,0.01,0,0.61,1,0.2,0,-0.01,1.15,0,0.13,0
-2.13,1,0,1,-0.76,0.69,1.1,1,0.14,1,1.32,0.82,0.14,0.23,0
-0.14,0,0,1,0.2,-1.04,0.99,2,1,0,0.7,0.98,0,0.05,0
1.09,1,0,0,-1.52,-1.39,0.58,1,1,1,0.23,0.99,1,0.04,0
-0.07,1,0,1,-0.56,-1.04,-1.23,1,0.5,0,-0.06,0,0,0.06,0
2.06,0,0,1,0.2,-1.39,1.61,2,2,1,0.45,1.41,2,0.02,0
0.54,0,0,0,-0.09,1.38,0.36,1,0.11,0,-0.6,1.51,0,0.24,0
0.35,0,1,0,0.29,-0.7,0.43,1,0.33,0,-1.2,3.33,0,0.07,0
-0.73,0,1,1,2.11,1.03,0.79,1,0.13,1,-0.09,1.33,0.13,0.13,0
1.31,0,1,0,-0.37,-0.7,-1.23,2,0.67,1,-1.44,0,0.67,0.09,0
0.26,0,0,1,0.87,-0.7,0.07,1,0.33,0,0.02,0.8,0,0.06,0
0.59,1,0,0,0.48,-1.04,1.37,2,1,0,-0.26,1.91,0,0.05,0
1.64,1,0,1,-1.42,0.69,0.53,1,0.14,0,1.45,0.6,0,0.29,0
-0.65,1,0,1,-0.09,-1.39,0.77,1,1,0,-0.42,1.64,0,0.03,0
-0.28,1,0,1,0.39,-1.39,-1.23,2,2,1,0.8,0,2,0.02,0
-1.17,0,1,1,0.29,-1.39,1.83,1,1,1,0.47,1.5,1,0.02,0
1.23,1,0,1,0.87,-1.04,0.32,2,1,1,1.7,0.49,1,0.04,0
0.41,1,0,1,-0.56,0,-1.23,2,0.4,0,0.66,0,0,0.15,0
-1.59,0,0,1,-1.42,0.34,0.57,2,0.33,0,-0.77,2,0,0.25,0
-0.3,0,1,1,-0.18,-0.35,-1.23,2,0.5,0,-1.66,0,0,0.11,0
-0.5,0,1,1,-0.85,1.38,0.6,2,0.22,0,0.04,1.11,0,0.3,0
-1.11,1,0,0,-0.66,0.69,1.13,1,0.14,0,0.22,1.31,0,0.22,0
-1.35,0,1,1,0.58,0.69,0.49,1,0.14,0,-1.17,3.25,0,0.16,0
0.19,1,0,1,-0.18,-1.39,0.79,1,1,1,1.08,0.77,1,0.03,0
-0.2,0,1,0,0.2,-1.73,-1.23,1,1,0,-0.21,0,0,0,0
0.84,1,0,1,2.2,-1.04,-1.23,2,1,1,-1.3,0,1,0.03,0
1.94,0,1,1,-0.37,-1.73,-1.23,2,2,1,1.69,0,2,0,0
0.02,1,0,1,-1.14,1.72,0.49,2,0.2,0,-0.97,2.41,0,0.37,0
0.1,1,0,1,-0.56,-1.73,-0.06,1,1,0,1.41,0.4,0,0,0
0.43,0,1,0,0.48,1.03,-1.23,1,0.13,1,1.03,0,0.13,0.18,0
-0.65,1,0,0,-0.37,-1.73,-1.23,2,2,1,0.96,0,2,0,0
-1.22,0,0,0,-1.61,1.72,0.63,1,0.1,0,-0.98,2.64,0,0.45,0
2.06,1,0,1,0.39,-0.35,1.36,1,0.25,1,0.7,1.15,0.25,0.09,0
-1.44,1,0,1,-1.14,1.03,-1.23,2,0.25,1,-0.89,0,0.25,0.3,0
-1.25,0,1,1,0.48,0.34,-1.23,2,0.33,0,-0.77,0,0,0.14,0
-1,1,0,1,-0.76,-1.39,-1.23,2,2,1,1.61,0,2,0.03,0
-0.68,0,0,0,0.1,-0.7,1.37,2,0.67,0,0.64,1.18,0,0.08,0
1.07,1,0,1,0.01,-0.7,-0.03,1,0.33,0,-1.14,2.18,0,0.08,0
1.93,0,0,1,-0.37,-1.73,1.08,1,1,0,0.79,0.99,0,0,0
-0.86,1,0,0,-1.52,1.38,0.27,1,0.11,1,-0.32,1.15,0.11,0.39,0
1.55,0,1,1,-0.09,-1.39,-1.23,2,2,0,-0.84,0,0,0.03,0
-0.05,1,0,1,-1.99,1.72,-1.23,2,0.2,1,-0.82,0,0.2,0.56,0
-0.24,0,0,1,-0.09,1.03,0.49,2,0.25,1,-0.28,1.27,0.25,0.21,0
-1.51,1,0,1,-1.23,1.03,0.58,1,0.13,0,0.78,0.78,0,0.31,0
-0.33,0,0,0,-0.56,-0.7,0.38,2,0.67,1,-1.11,2.76,0.67,0.09,0
1.1,1,0,0,0.48,-0.35,0.75,1,0.25,0,0.64,0.9,0,0.09,0
-0.03,1,0,1,-0.66,-1.73,-1.23,1,1,1,0.3,0,1,0,0
-0.31,0,1,1,0.29,1.03,-0.13,1,0.13,1,-0.45,0.93,0.13,0.19,0
-1.11,0,0,1,0.96,0.34,-0.27,1,0.17,0,0.07,0.57,0,0.12,0
0.08,1,0,0,0.39,0.69,1.02,2,0.29,0,-1.69,51.03,0,0.16,0
-0.18,0,0,1,1.06,0.69,0.19,1,0.14,1,1.67,0.45,0.14,0.14,0
-0.03,1,0,0,-1.9,-1.39,-1.23,2,2,1,-1.36,0,2,0.05,0
-1.55,0,0,1,0.1,0,0.61,1,0.2,0,0.46,0.91,0,0.13,0
0.56,1,0,0,-0.37,-0.7,-1.23,2,0.67,1,-0.59,0,0.67,0.09,0
0.62,1,0,0,-0.76,-1.39,-1.23,2,2,0,-1.39,0,0,0.03,0
0.77,1,0,1,0.39,-1.04,1.43,2,1,0,0.53,1.27,0,0.05,0
-0.13,1,0,0,-0.66,-1.73,-1.23,2,2,0,1.04,0,0,0,0
1.45,1,0,1,-0.28,0.34,0.56,1,0.17,1,1.56,0.59,0.17,0.17,0
-0.45,1,0,0,-0.66,0.34,-1.23,2,0.33,0,1.67,0,0,0.19,0
-1.2,1,0,1,-0.85,0.34,0.44,1,0.17,1,0.45,0.83,0.17,0.2,0
-1.5,0,0,1,1.91,1.03,0.68,2,0.25,1,1.23,0.7,0.25,0.14,0
-1.44,0,1,0,1.72,1.03,0.74,1,0.13,1,1.41,0.68,0.13,0.14,0
1.1,1,0,1,-0.66,1.38,-1.23,2,0.22,0,0.28,0,0,0.28,0
0.13,0,1,1,2.39,0.34,-1.23,2,0.33,1,-1.46,0,0.33,0.09,0
-0.83,0,0,1,-0.95,-0.35,0.73,2,0.5,1,1.28,0.7,0.5,0.14,0
2.06,1,0,0,-0.37,0,-1.23,1,0.2,1,-0.33,0,0.2,0.14,0
0.09,1,0,1,1.44,1.03,0.91,1,0.13,0,-0.75,2.35,0,0.15,0
-2.03,0,1,1,0.1,-1.04,0.75,1,0.5,0,0.84,0.83,0,0.05,0
0.72,1,0,0,-0.18,-1.04,0.7,2,1,1,0.67,0.87,1,0.05,0
0.96,0,1,0,-0.28,1.03,0.26,1,0.13,1,-1.15,2.75,0.13,0.22,0
-1.63,0,1,0,0.87,0.69,-1.23,2,0.29,0,-0.9,0,0,0.15,0
-0.97,0,1,1,-0.47,-0.7,-1.23,1,0.33,1,0.41,0,0.33,0.09,0
2.06,1,0,1,0.1,-1.39,0.01,1,1,0,1.29,0.44,0,0.03,0
1.54,1,0,0,-0.66,-0.7,0.47,2,0.67,1,-1.43,5.91,0.67,0.09,0
1.09,1,0,1,-0.47,-1.39,0.43,1,1,1,-0.17,1.15,1,0.03,0
1.05,1,0,1,-0.09,-1.73,1.11,2,2,1,0.65,1.06,2,0,0
0.47,0,1,0,-0.28,-0.7,-1.23,3,1,0,-0.61,0,0,0.08,0
-0.21,0,1,0,0.96,-1.39,-1.23,2,2,1,1.09,0,2,0.02,0
0.09,0,1,0,-0.09,1.38,-1.23,2,0.22,1,-1.12,0,0.22,0.24,0
0.36,0,1,1,0.01,1.38,-1.23,2,0.22,1,-1.41,0,0.22,0.23,0
-0.95,0,1,0,-0.76,-1.39,1,1,1,1,0.75,0.97,1,0.03,0
-0.37,0,1,1,-1.9,0,-1.23,2,0.4,0,1.04,0,0,0.26,0
-0.73,0,0,0,-0.28,-0.7,-0.02,1,0.33,1,-1.53,6.2,0.33,0.08,0
-1.69,0,1,1,0.48,0.34,-0.24,1,0.17,1,-0.82,1.16,0.17,0.14,0
-0.05,0,0,0,-0.37,-1.39,0.73,2,2,1,0.74,0.85,2,0.03,0
1.66,1,0,0,-0.37,0.69,-1.23,1,0.14,1,-1.74,0,0.14,0.2,0
-1.29,0,1,1,-0.37,0,-1.23,2,0.4,1,0.1,0,0.4,0.14,0
1.21,0,1,1,-0.18,0.69,-1.23,2,0.29,1,-1.31,0,0.29,0.19,0
-1.06,1,0,0,-0.56,-1.39,0.06,2,2,1,-0.31,0.97,2,0.03,0
0.89,0,1,0,0.58,-1.04,-1.23,2,1,1,1.35,0,1,0.04,0
0.63,0,1,1,-0.28,1.03,-1.23,2,0.25,0,-0.78,0,0,0.22,0
1.05,1,0,0,1.34,1.03,0.6,1,0.13,1,-0.84,2.21,0.13,0.15,0
0.62,1,0,0,-0.18,0,-1.23,2,0.4,0,0.27,0,0,0.14,0
-1.45,1,0,0,-1.61,-0.7,1.29,1,0.33,0,-0.97,3.53,0,0.14,0
-0.76,1,0,0,-0.47,-1.04,-1.23,2,1,1,-0.28,0,1,0.06,0
-1.26,1,0,1,0.29,-1.39,1.3,1,1,1,-0.31,1.91,1,0.02,0
1.1,0,1,0,0.48,1.38,-1.23,2,0.22,0,1.35,0,0,0.2,0
-0.31,0,1,1,-0.47,1.03,-1.23,1,0.13,0,-0.91,0,0,0.24,0
0.6,0,1,1,-0.37,-1.04,-1.23,2,1,0,0.09,0,0,0.06,0
1.09,0,1,1,-1.9,-0.35,0.86,1,0.25,1,0.58,0.98,0.25,0.21,0
1.42,1,0,0,0.2,0.34,-1.23,1,0.17,1,-1.3,0,0.17,0.15,0
0.56,1,0,0,0.01,0,1.17,2,0.4,0,-0.07,1.55,0,0.13,0
-1.73,1,0,1,-0.95,1.38,-1.23,1,0.11,1,-0.32,0,0.11,0.31,0
0.71,0,1,1,-0.37,-1.39,0.39,1,1,1,1.13,0.61,1,0.03,0
1.47,0,0,0,-0.66,-1.39,0.32,1,1,1,0.66,0.7,1,0.03,0
-0.6,1,0,1,0.2,0.34,-1.23,2,0.33,1,-0.02,0,0.33,0.15,0
0.41,1,0,1,0.01,0.34,-1.23,2,0.33,0,1.05,0,0,0.15,0
1.78,1,0,1,3.06,0,1.16,1,0.2,1,1.09,0.92,0.2,0.07,0
-1.43,0,1,1,0.01,-0.7,-1.23,1,0.33,0,0.6,0,0,0.08,0
1.57,0,1,1,0.2,0,-1.23,2,0.4,1,0.6,0,0.4,0.12,0
-2.07,0,1,0,-0.47,-1.04,-1.23,2,1,0,1.31,0,0,0.06,0
0,0,0,1,0.2,-1.39,0.22,1,1,0,1.29,0.52,0,0.02,0
0.48,1,0,0,-0.56,-1.39,0.17,1,1,0,1.26,0.51,0,0.03,0
-0.41,1,0,1,-1.04,-1.04,-1.23,2,1,0,-1.3,0,0,0.07,0
-0.08,1,0,0,-0.56,-1.73,0.98,1,1,1,1.47,0.75,1,0,0
1.77,1,0,1,-0.18,-0.7,0.47,1,0.33,0,1.44,0.58,0,0.08,0
-0.19,1,0,1,-0.09,-0.35,-1.23,2,0.5,0,1.61,0,0,0.11,0
-0.78,0,1,0,-1.23,0.69,-1.23,2,0.29,0,0.22,0,0,0.27,0
0.22,1,0,1,-0.76,0.34,0.23,1,0.17,0,1.34,0.51,0,0.19,0
-1.38,0,1,1,0.01,-0.7,-1.23,2,0.67,1,-1.52,0,0.67,0.08,0
-0.31,0,1,1,0.01,1.03,-1.23,2,0.25,0,-1.11,0,0,0.21,0
1.29,0,0,0,3.63,0.34,0.94,1,0.17,0,-1.08,3.57,0,0.08,0
-0.52,1,0,1,-0.95,1.03,-1.23,2,0.25,1,-1.14,0,0.25,0.28,0
-0.11,1,0,1,-1.04,0.69,-1.23,2,0.29,1,0.54,0,0.29,0.25,0
1.05,1,0,0,-0.28,-1.39,0.17,1,1,1,0.09,0.82,1,0.03,0
-0.39,1,0,1,-1.23,-0.35,0.38,1,0.25,1,0.86,0.67,0.25,0.15,0
-1.72,1,0,0,-0.66,-0.7,-1.23,2,0.67,1,0.68,0,0.67,0.09,0
-1.44,1,0,0,-0.56,-0.7,-1.23,2,0.67,0,0.56,0,0,0.09,0
1.4,0,1,0,-0.66,0.34,0.61,1,0.17,0,-1.47,7.25,0,0.19,0
0.79,1,0,1,-0.37,0,0.96,1,0.2,0,0.74,0.96,0,0.14,0
-0.3,1,0,1,-0.76,0,0.48,1,0.2,1,-1.7,41.21,0.2,0.16,0
1.48,1,0,1,-1.42,1.72,1.12,1,0.1,1,-0.19,1.64,0.1,0.42,0
0.94,0,1,0,0.29,1.38,0.71,2,0.22,0,-1.06,3.09,0,0.21,0
0.38,1,0,1,-0.47,0,0.83,1,0.2,0,1.58,0.67,0,0.15,0
0.1,0,1,1,-0.85,-0.35,-1.23,2,0.5,0,0.51,0,0,0.13,0
0.1,1,0,1,-0.37,0.69,-1.23,2,0.29,0,-1.51,0,0,0.2,0
-0.35,1,0,0,3.82,0.69,-1.23,1,0.14,1,1.05,0,0.14,0.09,0
1.15,1,0,1,-0.66,1.72,1.85,1,0.1,0,1.38,1.07,0,0.31,0
-0.93,0,1,1,-0.47,-0.35,0.14,2,0.5,1,-1.23,2.91,0.5,0.12,0
-0.43,1,0,1,-1.23,1.72,0.8,1,0.1,1,-0.98,2.9,0.1,0.38,0
1.58,1,0,1,-1.04,-0.7,-1.23,2,0.67,0,1.04,0,0,0.11,0
-0.98,1,0,0,0.1,1.38,0.86,1,0.11,0,-1.43,7.22,0,0.23,0
-2.48,1,0,0,-0.37,-1.04,-1.23,2,1,1,-0.11,0,1,0.06,0
0.04,1,0,1,-0.95,-1.04,0.25,1,0.5,0,-1.1,2.48,0,0.07,0
0.2,0,0,0,-0.28,-1.04,0.12,2,1,0,-1.07,2.18,0,0.06,0
0.05,1,0,0,-0.28,-1.04,1.13,1,0.5,1,-0.21,1.68,0.5,0.06,0
1.05,1,0,0,-0.28,0.69,-1.23,2,0.29,0,1.47,0,0,0.19,0
-1.21,1,0,0,-1.52,0,0.45,1,0.2,1,1.04,0.65,0.2,0.22,0
-0.16,1,0,1,0.29,-1.39,1.13,2,2,1,1.12,0.89,2,0.02,0
-1.65,0,0,1,2.96,0.34,1.16,2,0.33,1,-1.43,8.35,0.33,0.09,0
-1.25,1,0,0,0.87,-1.73,-1.23,1,1,0,-0.26,0,0,0,0
0.38,0,1,1,-0.37,-0.7,-1.23,2,0.67,1,1.33,0,0.67,0.09,0
0.35,1,0,0,0.2,0.34,0.94,2,0.33,1,0.38,1.11,0.33,0.15,0
0.57,0,0,1,-1.52,-1.04,0.27,2,1,1,0.47,0.73,1,0.09,0
-1.66,0,0,1,-0.56,0,0.32,2,0.4,0,0.14,0.89,0,0.15,0
1.51,1,0,1,0.48,1.03,1.42,1,0.13,1,-0.75,2.89,0.13,0.18,0
2.05,1,0,1,-1.14,-1.73,-1.23,2,2,1,1.01,0,2,0,0
1.33,1,0,0,0.2,1.72,0.37,1,0.1,0,-0.23,1.15,0,0.24,0
1.48,0,1,0,-1.61,-0.35,0.61,1,0.25,1,0.13,1.06,0.25,0.18,0
1.01,0,1,1,-0.28,-0.35,1.04,1,0.25,0,-0.31,1.72,0,0.11,0
-0.06,0,1,0,1.53,-1.39,0.92,1,1,1,-1.44,7.82,1,0.02,0
-1.93,1,0,0,-0.56,1.72,1.14,2,0.2,0,0.01,1.47,0,0.3,0
-0.63,1,0,0,-0.95,-0.35,-1.23,2,0.5,0,0.38,0,0,0.14,0
-1.33,0,0,0,-0.18,-0.7,0.3,1,0.33,1,0.5,0.74,0.33,0.08,0
-0.03,1,0,0,-0.47,-0.7,-1.23,1,0.33,0,-0.79,0,0,0.09,0
1.07,1,0,1,-0.18,0.34,-1.23,1,0.17,1,0.28,0,0.17,0.16,0
1.16,1,0,1,0.1,-0.7,-1.23,2,0.67,0,0.59,0,0,0.08,0
1.44,0,1,1,-0.66,-0.7,-1.23,1,0.33,0,-0.16,0,0,0.09,0
-0.72,1,0,1,-0.18,0.69,-1.23,2,0.29,1,-0.45,0,0.29,0.19,0
0.54,1,0,1,0.39,1.03,-1.23,2,0.25,0,-1.57,0,0,0.19,0
-0.82,1,0,0,-0.56,1.38,0.41,2,0.22,0,0.5,0.79,0,0.27,0
0.07,0,1,0,-1.14,1.03,-1.23,2,0.25,0,-1.63,0,0,0.3,0
0.89,1,0,1,0.48,0.69,-1.23,2,0.29,0,-0.73,0,0,0.16,0
1.47,0,1,1,-0.95,1.03,0.32,2,0.25,0,1.6,0.5,0,0.28,0
1.04,0,1,1,-0.56,-0.35,0.04,1,0.25,0,0.3,0.67,0,0.12,0
-0.74,1,0,1,-0.76,0.34,-1.23,2,0.33,0,-1.29,0,0,0.19,0
0.05,0,0,0,-0.28,1.72,0.73,1,0.1,0,-1.58,13.32,0,0.28,0
-0.38,0,0,1,0.39,1.03,1.03,1,0.13,1,1.16,0.84,0.13,0.19,0
-0.92,0,1,1,0.2,0,1.43,2,0.4,0,-0.25,1.93,0,0.12,0
0.63,0,0,0,1.34,0,0.76,1,0.2,0,0.04,1.21,0,0.09,0
-0.32,1,0,1,-0.18,-1.73,0.5,1,1,0,-0.5,1.51,0,0,0
-2.21,1,0,1,0.96,1.38,0.56,2,0.22,1,1.15,0.67,0.22,0.18,0
-1.02,0,1,0,-0.47,-0.35,-1.23,2,0.5,0,0.7,0,0,0.12,0
1.18,0,0,1,-0.47,0,0.15,2,0.4,1,0.07,0.83,0.4,0.15,0
1.17,0,1,1,-0.95,0,-1.23,2,0.4,0,-0.6,0,0,0.17,0
-0.68,1,0,0,-0.66,1.03,1.09,2,0.25,0,1.24,0.84,0,0.25,0
1.38,1,0,1,-0.76,0.69,-1.23,2,0.29,1,0.75,0,0.29,0.23,0
-0.47,1,0,1,0.2,0,0.24,1,0.2,1,-1.25,3.22,0.2,0.12,0
0.5,0,1,1,0.1,-1.04,-1.23,1,0.5,0,-0.38,0,0,0.05,0
-1.1,1,0,0,0.1,0.69,-1.23,1,0.14,1,1.06,0,0.14,0.18,0
0.87,1,0,1,0.2,0.69,1.66,1,0.14,1,0.64,1.31,0.14,0.17,0
0.02,1,0,1,-0.85,-1.04,1.6,2,1,1,0.91,1.16,1,0.07,0
0.45,1,0,1,0.29,-0.7,1.29,2,0.67,0,-0.19,1.76,0,0.07,0
0.94,1,0,0,0.48,0.69,-1.23,2,0.29,1,1.57,0,0.29,0.16,0
-0.63,0,1,1,-0.85,-0.7,-1.23,2,0.67,0,-0.3,0,0,0.1,0
1.64,0,1,0,-0.56,-0.7,-1.23,2,0.67,1,0.72,0,0.67,0.09,0
-1.32,1,0,1,-0.47,-1.04,1.36,1,0.5,1,-0.85,3.15,0.5,0.06,0
-0.56,0,1,0,-0.95,0.34,-1.23,2,0.33,0,0.29,0,0,0.21,0
-0.55,1,0,0,-0.28,1.38,-1.23,2,0.22,1,-1.62,0,0.22,0.25,0
0.86,0,0,0,0.77,1.72,0.24,2,0.2,1,0.67,0.66,0.2,0.21,0
0.62,1,0,1,0.58,-1.39,-1.23,2,2,1,-1.11,0,2,0.02,0
-1.15,0,1,0,0.01,0.34,-0.23,1,0.17,1,-0.7,1.04,0.17,0.15,0
-1.12,1,0,1,-0.66,0.69,0.5,1,0.14,0,0.44,0.86,0,0.22,0
0.33,0,1,0,1.06,1.72,0.83,1,0.1,1,0.04,1.25,0.1,0.2,0
-1.4,1,0,1,-0.56,-1.04,-1.23,2,1,1,0.62,0,1,0.06,0
0,0,0,1,-0.47,-1.04,0.22,2,1,0,1.63,0.47,0,0.06,0
1.46,0,0,1,-0.28,0,0.63,2,0.4,0,-1.71,61.84,0,0.14,0
1.72,0,0,1,1.82,-0.7,0.61,2,0.67,1,-1,2.67,0.67,0.05,0
0.24,0,0,0,-0.28,0.34,0.39,1,0.17,0,1.43,0.55,0,0.17,0
-1.42,0,1,1,0.01,0.69,0.2,2,0.29,1,0.81,0.61,0.29,0.18,0
-0.93,1,0,1,-0.47,-1.39,0.04,1,1,1,-1.53,6.49,1,0.03,0
-0.24,0,0,1,-0.85,0.34,0.58,1,0.17,1,0.31,0.95,0.17,0.2,0
0.33,0,0,1,4.01,0.34,0.73,1,0.17,1,-0.86,2.4,0.17,0.07,0
0.34,1,0,0,-0.95,-1.73,1.3,1,1,0,0.52,1.22,0,0,0
-2.39,0,0,0,-0.76,-1.39,0.51,2,2,1,-1.57,10.94,2,0.03,0
0.2,1,0,0,1.44,-1.04,0.3,1,0.5,1,-0.64,1.51,0.5,0.04,0
-1.51,0,0,1,0.39,0.34,0.81,1,0.17,0,0.65,0.92,0,0.14,0
-0.76,1,0,1,-0.28,-0.7,0.71,2,0.67,1,0.76,0.84,0.67,0.08,0
1.27,0,0,1,-0.47,1.72,0.81,1,0.1,0,-1.1,3.45,0,0.29,0
1.16,1,0,0,-0.09,-1.73,1.22,2,2,0,-1.19,4.78,0,0,0
-0.61,1,0,1,-0.28,-1.39,0.8,1,1,0,1.38,0.7,0,0.03,0
-1.27,0,1,1,0.39,0.69,0.34,2,0.29,1,1.04,0.61,0.29,0.16,0
-0.21,1,0,1,1.34,0,0.99,1,0.2,1,0.24,1.21,0.2,0.09,0
-1.26,1,0,0,-0.76,-1.04,1.4,2,1,1,-0.68,2.69,1,0.06,0
1.06,1,0,0,2.2,0.34,-1.23,2,0.33,1,0.63,0,0.33,0.1,0
1.26,0,1,0,0.01,-0.35,0.74,2,0.5,1,0.71,0.87,0.5,0.1,0
-0.86,1,0,1,-0.28,-1.39,-1.23,2,2,0,-1.59,0,0,0.03,0
-0.23,0,0,0,0.58,0.34,-0.37,1,0.17,0,0.26,0.47,0,0.13,0
0.08,1,0,1,-1.8,0.69,-1.23,2,0.29,0,1.52,0,0,0.35,0
0.29,0,1,1,1.82,1.38,0.53,1,0.11,1,-1.67,28.55,0.11,0.16,0
-0.22,0,1,1,-0.47,-1.39,0.72,1,1,0,0.34,1.02,0,0.03,0
0.83,0,1,1,0.29,1.38,0.39,1,0.11,1,1.6,0.53,0.11,0.21,0
1.29,0,0,1,-0.56,-0.7,0.11,2,0.67,0,0.5,0.65,0,0.09,0
0.1,0,1,1,-0.56,-1.04,0.06,1,0.5,0,0.88,0.53,0,0.06,0
1.05,1,0,1,0.01,-0.7,-1.23,1,0.33,0,1.53,0,0,0.08,0
0.05,1,0,1,-0.18,0.34,0.52,2,0.33,0,-1.71,61.44,0,0.16,0
-1.11,0,1,0,0.67,0,1.02,1,0.2,1,-0.26,1.65,0.2,0.11,0
1.66,1,0,1,0.29,1.72,-1.23,2,0.2,1,-1.67,0,0.2,0.24,0
0.4,0,0,1,0.58,-1.73,0.86,2,2,0,0.88,0.86,0,0,0
-1.24,1,0,0,0.29,-1.04,-1.23,2,1,1,-0.17,0,1,0.05,0
-1.4,1,0,1,0.1,-1.73,0.53,1,1,1,1.15,0.66,1,0,0
1.36,1,0,1,-0.28,-1.39,1.16,2,2,1,1.66,0.76,2,0.03,0
-0.41,1,0,1,2.39,1.38,-1.23,2,0.22,1,-0.81,0,0.22,0.14,0
-0.48,0,1,1,0.2,-0.7,-1.23,1,0.33,0,-1.53,0,0,0.07,0
0.05,0,1,0,-0.37,-1.39,0.48,1,1,1,-0.3,1.28,1,0.03,0
0.4,0,1,1,-0.09,-1.04,-1.23,1,0.5,1,-0.3,0,0.5,0.05,0
0.32,0,1,1,-0.85,-1.04,0.83,1,0.5,1,1.4,0.71,0.5,0.07,0
-0.08,0,0,1,0.2,-1.04,0.82,1,0.5,0,1.26,0.74,0,0.05,0
-0.35,1,0,0,-1.42,-0.35,0.97,2,0.5,1,-0.15,1.51,0.5,0.17,0
0.96,1,0,1,0.01,0.34,-1.23,2,0.33,0,-0.97,0,0,0.15,0
1.84,0,0,0,-1.33,0.69,1.09,1,0.14,0,0.29,1.24,0,0.28,0
1.3,0,1,1,-0.37,1.03,0.48,1,0.13,1,0.84,0.72,0.13,0.23,0
-1.14,0,0,1,-0.37,0.69,0.82,1,0.14,1,-0.28,1.52,0.14,0.2,0
-0.36,0,0,0,0.58,-0.35,0.74,1,0.25,1,-0.66,1.98,0.25,0.09,0
-0.37,1,0,1,-0.85,0.69,-1.23,2,0.29,1,0.98,0,0.29,0.23,0
-1.11,1,0,1,-0.85,-0.35,1.03,1,0.25,0,1,0.89,0,0.13,0
-1.01,1,0,0,-0.76,-0.35,-1.23,2,0.5,1,-0.19,0,0.5,0.13,0
-1,0,0,1,-1.23,-0.35,0.72,1,0.25,1,-1.59,13.88,0.25,0.15,0
0.35,0,1,0,-0.28,-0.35,-1.23,1,0.25,0,0.29,0,0,0.11,0
-2.05,1,0,0,-0.37,0.69,-1.23,2,0.29,0,1.12,0,0,0.2,0
-0.22,1,0,1,0.1,1.38,-1.23,1,0.11,0,-1.74,0,0,0.23,0
0.09,0,1,0,-0.56,1.03,0.62,1,0.13,1,-1.71,74.98,0.13,0.24,0
-1.63,1,0,0,-0.56,1.03,0.23,1,0.13,1,-0.7,1.52,0.13,0.24,0
-1,1,0,0,0.48,0.34,0.26,1,0.17,0,0.45,0.73,0,0.14,0
1.62,1,0,0,-0.28,-0.35,-1.23,2,0.5,1,0.82,0,0.5,0.11,0
-1.56,0,0,1,0.48,1.38,1.35,2,0.22,0,1.67,0.82,0,0.2,0
-0.95,0,1,0,0.1,0.69,1.09,1,0.14,1,-1.41,7.64,0.14,0.18,0
-0.69,0,1,0,-0.09,-0.7,-1.23,2,0.67,1,-1.66,0,0.67,0.08,0
1.9,0,0,0,2.77,1.38,0.86,2,0.22,1,-0.12,1.4,0.22,0.13,0
1.07,0,1,1,-0.37,-0.35,-1.23,2,0.5,1,-1.57,0,0.5,0.11,0
0.93,1,0,1,-0.28,0.69,-1.23,1,0.14,1,-1.51,0,0.14,0.19,0
0.85,1,0,1,0.87,0,-1.23,1,0.2,1,0.31,0,0.2,0.1,0
1.08,0,0,0,-0.18,-1.73,0.6,2,2,1,0.3,0.97,2,0,0
-1.21,1,0,1,-0.28,-0.35,0.7,1,0.25,0,-1.11,3.31,0,0.11,0
0.06,0,1,1,-0.56,-0.35,-1.23,2,0.5,0,0.29,0,0,0.12,0
-0.78,1,0,1,0.1,0,-1.23,2,0.4,1,0.39,0,0.4,0.13,0
1.11,0,1,0,-0.37,0,-1.23,2,0.4,0,0,0,0,0.14,0
0.33,1,0,1,1.06,0.34,0.73,2,0.33,1,0.42,0.98,0.33,0.12,0
-1.55,1,0,0,-0.95,1.03,-1.23,2,0.25,0,0.22,0,0,0.28,0
0.99,0,0,1,-0.47,0.34,1.05,2,0.33,1,1.45,0.77,0.33,0.18,0
-0.13,1,0,0,-0.95,1.38,0.43,1,0.11,1,-1.47,6.74,0.11,0.31,0
0.86,1,0,1,0.58,-1.04,-1.23,2,1,0,-0.01,0,0,0.04,0
-0.99,1,0,1,0.1,1.72,-0.54,1,0.1,0,1.22,0.25,0,0.25,0
-0.25,1,0,1,0.48,1.72,-1.23,2,0.2,0,1.12,0,0,0.23,0
0.32,0,0,1,-0.18,1.03,-0.05,2,0.25,1,-1.3,2.89,0.25,0.22,0
0.6,1,0,1,-0.09,0,-1.23,2,0.4,1,-0.32,0,0.4,0.13,0
-0.92,0,0,1,-0.56,1.03,0.26,2,0.25,0,-1.72,68.42,0,0.24,0
0.35,0,0,0,0.67,-0.7,0.42,2,0.67,0,0.94,0.67,0,0.07,0
-0.2,0,0,0,-0.95,-1.04,0.33,2,1,1,-1.19,3.06,1,0.07,0
0.07,0,1,1,-0.47,0,1.26,1,0.2,0,-1.26,5.59,0,0.15,0
0.5,0,0,1,1.91,-0.7,0.49,1,0.33,1,1.1,0.65,0.33,0.05,0
-0.46,0,1,1,-0.09,0.69,0.83,1,0.14,1,1.63,0.66,0.14,0.18,0
-0.4,1,0,0,2.3,-1.04,0.8,1,0.5,1,0.83,0.86,0.5,0.03,0
0.1,1,0,0,-0.09,0,0.55,2,0.4,0,1.67,0.56,0,0.13,0
1.85,0,1,1,1.06,0.69,-1.23,2,0.29,1,1.36,0,0.29,0.14,0
-0.86,0,1,1,-0.95,1.03,-1.23,2,0.25,0,0.97,0,0,0.28,0
2.06,1,0,0,-0.56,-0.7,-1.23,2,0.67,1,-1.55,0,0.67,0.09,0
0.64,0,1,0,0.48,-1.04,-1.23,2,1,0,-0.95,0,0,0.05,0
-0.92,1,0,1,-0.85,-0.7,0.55,2,0.67,0,0.71,0.79,0,0.1,0
1.08,1,0,0,-0.95,-0.7,-1.23,3,1,0,-1.66,0,0,0.1,0
1.47,0,1,1,-1.33,-0.7,0.39,1,0.33,0,-1.56,9.54,0,0.12,0
-1.86,0,1,1,-1.23,1.03,-1.23,2,0.25,1,1.38,0,0.25,0.31,0
0.58,1,0,1,0.29,-1.04,-0.96,1,0.5,1,-0.39,0.22,0.5,0.05,0
1.38,0,1,1,-0.09,1.72,0.73,1,0.1,0,0.79,0.84,0,0.26,0
0.54,1,0,1,-0.66,-1.39,0.79,1,1,1,-0.76,2.23,1,0.03,0
0.55,0,1,1,-0.28,1.03,0.82,1,0.13,0,0.89,0.84,0,0.22,0
0.12,1,0,1,-0.09,-1.73,0.46,1,1,1,1.39,0.59,1,0,0
-0.15,0,0,0,-1.04,-1.04,0.62,1,0.5,0,1.59,0.6,0,0.07,0
-0.11,0,1,1,-0.28,-0.35,-1.23,1,0.25,0,1.27,0,0,0.11,0
0.92,0,1,1,-0.76,-1.39,-1.23,2,2,1,-0.72,0,2,0.03,0
1.21,0,0,1,-1.52,-1.04,1.01,1,0.5,1,-1.25,4.98,0.5,0.09,0
0.66,1,0,1,-0.18,1.38,1.15,2,0.22,1,0.89,0.98,0.22,0.24,0
0.58,1,0,1,-0.95,-0.35,-1.23,2,0.5,0,0.69,0,0,0.14,0
-0.76,1,0,0,-0.37,-0.35,0.51,1,0.25,0,0.09,1.03,0,0.11,0
-0.18,1,0,0,0.29,-1.39,-1.23,2,2,0,-0.75,0,0,0.02,0
2.05,0,0,1,0.2,1.72,0.13,1,0.1,1,1.7,0.43,0.1,0.24,0
-0.38,0,1,0,0.2,0.69,1.13,2,0.29,0,0.66,1.07,0,0.17,0
-0.96,1,0,0,0.77,1.38,-1.23,2,0.22,0,0.06,0,0,0.19,0
1.88,1,0,0,-1.14,1.72,0.35,1,0.1,0,-1.2,3.19,0,0.37,0
-0.86,1,0,0,-1.23,-1.04,-1.23,2,1,1,-0.37,0,1,0.08,0
0.64,0,1,0,3.82,0,0.51,1,0.2,1,1.29,0.62,0.2,0.06,0
0.05,0,1,0,-0.95,1.38,-1.23,2,0.22,1,-0.25,0,0.22,0.31,0
-0.1,1,0,0,0.29,0.34,-1.23,2,0.33,0,0.37,0,0,0.14,0
0.26,1,0,1,-0.37,0,0.49,2,0.4,0,-0.28,1.27,0,0.14,0
-1.85,1,0,1,-0.95,1.03,0.42,1,0.13,1,1.41,0.57,0.13,0.28,0
-0.07,0,0,1,-0.47,1.38,0.58,2,0.22,0,0.72,0.8,0,0.26,0
-0.54,1,0,1,-0.09,-1.73,0.79,1,1,0,1.01,0.79,0,0,0
1.46,0,1,1,-1.33,1.03,1.06,1,0.13,1,0.53,1.09,0.13,0.32,0
0.51,1,0,0,-0.18,0.69,-1.23,2,0.29,0,-1.44,0,0,0.19,0
-0.36,1,0,1,-0.47,1.72,-1.23,2,0.2,0,-1.29,0,0,0.29,0
0.96,0,1,1,-0.37,0.34,0.05,1,0.17,1,1.62,0.41,0.17,0.17,0
-2.31,1,0,1,-0.18,0,-1.23,2,0.4,1,0.37,0,0.4,0.14,0
0.83,1,0,1,-0.95,1.72,-1.23,2,0.2,1,1.08,0,0.2,0.34,0
-0.42,1,0,0,-0.76,0.34,0.5,1,0.17,1,0.71,0.76,0.17,0.19,0
0.03,0,1,0,-0.09,1.38,1.17,1,0.11,0,0.32,1.26,0,0.24,0
1.28,1,0,1,0.96,-1.39,1.06,1,1,1,-1.6,17.38,1,0.02,0
0.71,0,1,1,1.06,-1.04,-1.23,2,1,0,-1.55,0,0,0.04,0
0.39,0,0,1,0.58,1.38,0.43,1,0.11,0,0.52,0.8,0,0.2,0
-1.83,1,0,0,-0.85,1.38,-1.23,2,0.22,0,-0.64,0,0,0.3,0
-1.51,0,0,1,0.39,0,0.97,2,0.4,0,1.23,0.8,0,0.12,0
-0.42,1,0,1,-0.18,-1.73,-1.23,1,1,0,0.25,0,0,0,0
0.56,0,1,0,0.67,0,0.21,1,0.2,1,0.68,0.64,0.2,0.11,0
0.19,1,0,0,-0.95,0.69,1.11,1,0.14,0,-0.87,2.91,0,0.24,0
-0.01,0,1,1,-1.8,1.03,-1.23,2,0.25,1,0.23,0,0.25,0.4,0
-1.04,0,0,1,-0.95,1.38,1.1,2,0.22,0,0.82,0.99,0,0.31,0
-0.81,0,1,0,-1.23,0,-1.23,2,0.4,0,0.34,0,0,0.19,0
-0.3,0,1,0,1.82,-1.04,-1.23,2,1,1,-1.16,0,1,0.03,0
0.12,0,1,1,-1.8,1.38,0.45,2,0.22,0,-0.47,1.43,0,0.45,0
0.66,0,1,1,0.48,0.69,-1.23,1,0.14,1,-1.62,0,0.14,0.16,0
-0.52,1,0,0,-0.66,-1.39,0.03,1,1,0,-0.62,1.22,0,0.03,0
2.03,0,1,0,-0.18,1.38,0.58,1,0.11,0,0.28,0.97,0,0.24,0
-0.01,0,1,1,1.53,1.38,0.69,1,0.11,1,-1.22,4.01,0.11,0.16,0
0.62,0,1,0,-1.04,0.34,-1.23,1,0.17,0,-0.9,0,0,0.21,0
0.33,1,0,0,-0.56,1.03,-0.02,1,0.13,1,-1.17,2.29,0.13,0.24,0
-0.09,1,0,1,-1.23,-1.39,0.99,2,2,1,0.3,1.18,2,0.04,0
-1.19,0,1,0,-1.04,-0.35,-1.23,1,0.25,1,0.63,0,0.25,0.14,0
1.07,1,0,0,0.77,-1.39,1.75,1,1,0,-1.26,6.76,0,0.02,0
0.94,0,0,1,-0.09,-0.35,0.83,1,0.25,0,-0.72,2.19,0,0.11,0
1.1,1,0,1,-0.76,1.72,-0.59,2,0.2,0,1.61,0.21,0,0.32,0
0.73,1,0,1,0.1,-0.7,-1.23,1,0.33,1,0.78,0,0.33,0.08,0
0.51,1,0,1,-0.18,-0.7,0.02,2,0.67,1,1.31,0.44,0.67,0.08,0
0.13,1,0,1,-1.23,0,1.04,1,0.2,0,-1.73,321.36,0,0.19,0
0.27,0,1,0,-0.37,-1.73,-1.23,2,2,0,-0.41,0,0,0,0
0.05,1,0,1,-1.14,-1.04,0.88,1,0.5,0,-0.88,2.66,0,0.07,0
1.88,0,1,1,-0.95,1.03,0.28,1,0.13,1,-1.56,9.01,0.13,0.28,0
0.73,0,1,0,0.67,0.69,0.98,1,0.14,1,-0.56,2.03,0.14,0.15,0
0.04,0,1,0,1.44,0,-1.23,2,0.4,1,-0.92,0,0.4,0.09,0
-1.47,1,0,0,-0.09,-0.7,1.44,2,0.67,1,-1.35,7.36,0.67,0.08,0
-0.65,0,0,0,0.29,-1.04,1.41,1,0.5,0,-0.9,3.39,0,0.05,0
0.42,0,0,1,-0.09,1.38,1.4,2,0.22,1,0.06,1.58,0.22,0.24,0
0.14,1,0,1,0.1,0.69,0.79,1,0.14,0,0.38,1.03,0,0.18,0
-2.19,1,0,0,2.58,1.38,-1.23,1,0.11,0,-0.6,0,0,0.14,0
-1.77,0,1,1,-0.18,0.34,0.67,1,0.17,1,1.04,0.74,0.17,0.16,0
-1.37,1,0,1,0.1,-0.35,-1.23,2,0.5,1,1.64,0,0.5,0.1,0
0.69,0,0,0,2.39,1.72,0.35,2,0.2,1,-1.36,4.55,0.2,0.16,0
2.06,1,0,1,-0.47,0.34,-1.23,1,0.17,1,-0.82,0,0.17,0.18,0
-0.25,1,0,0,-0.95,-0.35,0.47,2,0.5,0,-1.03,2.57,0,0.14,0
1.28,0,1,1,-0.66,1.38,-1.23,2,0.22,0,-1.56,0,0,0.28,0
0.71,0,1,0,0.87,0,-1.23,2,0.4,0,-0.37,0,0,0.1,0
-1.71,1,0,0,-1.33,-0.7,0.93,1,0.33,1,0.23,1.19,0.33,0.12,0
1.38,0,0,1,-0.09,-1.39,0.99,1,1,1,1.25,0.81,1,0.03,0
2.06,0,0,1,-0.66,-1.04,0.84,2,1,0,-0.79,2.36,0,0.06,0
0.19,1,0,0,-0.09,1.38,0.73,1,0.11,0,0.53,0.93,0,0.24,0
0.83,0,1,1,2.96,-0.7,-1.23,2,0.67,1,0.71,0,0.67,0.04,0
0.73,1,0,0,0.96,-1.39,0.7,1,1,1,1.45,0.65,1,0.02,0
-1.4,1,0,0,-0.18,-1.73,1.93,1,1,1,0.57,1.48,1,0,0
1.28,1,0,0,-0.37,-0.7,0.72,1,0.33,1,-1.32,4.98,0.33,0.09,0
-0.68,0,1,1,-0.28,1.72,-1.23,2,0.2,1,1.4,0,0.2,0.28,0
0.46,1,0,0,-0.95,1.38,-1.23,2,0.22,0,0.2,0,0,0.31,0
0.81,0,0,0,0.29,-0.35,0.34,2,0.5,0,-1.71,48.69,0,0.1,0
0.65,1,0,0,0.29,-0.7,-1.23,2,0.67,0,-0.3,0,0,0.07,0
-0.99,0,1,1,-0.56,0,0.82,1,0.2,1,0.38,1.05,0.2,0.15,0
0.5,0,1,0,1.06,-1.73,1.32,1,1,0,1.63,0.82,0,0,0
-0.66,1,0,1,1.53,1.38,-1.23,1,0.11,0,-0.62,0,0,0.16,0
1.15,0,1,0,2.87,1.38,1.72,1,0.11,1,1.69,0.93,0.11,0.13,0
-1.45,1,0,1,0.48,0.34,-1.23,2,0.33,1,1.31,0,0.33,0.14,0
1.98,0,1,1,0.67,1.38,-1.23,1,0.11,0,-1.44,0,0,0.2,0
-0.44,1,0,1,-0.76,0.69,0.06,2,0.29,0,-0.68,1.31,0,0.23,0
2.06,1,0,0,-0.28,1.72,-1.23,2,0.2,1,0.01,0,0.2,0.28,0
-0.09,1,0,1,-0.28,-0.35,-1.23,2,0.5,1,1.65,0,0.5,0.11,0
2.06,1,0,1,-0.56,0.69,1.03,1,0.14,0,-1.68,40.16,0,0.21,0
-2.02,0,1,0,0.39,0.34,-1.23,1,0.17,1,-0.33,0,0.17,0.14,0
-1.1,0,1,1,-0.85,1.03,1.1,1,0.13,1,-0.34,1.8,0.13,0.27,0
0,0,0,1,-0.76,0.69,0.99,2,0.29,0,0.52,1.06,0,0.23,0
1.69,1,0,0,-0.76,-0.35,-1.23,2,0.5,1,0.73,0,0.5,0.13,0
-1.17,1,0,1,0.01,-1.04,-1.23,2,1,1,0.65,0,1,0.05,0
-1.01,1,0,1,-0.18,-1.04,-1.23,2,1,0,-1.15,0,0,0.05,0
1.55,0,1,1,-0.09,1.38,-1.23,1,0.11,0,-0.37,0,0,0.24,0
1.45,1,0,1,-0.47,0.69,-1.23,2,0.29,0,-0.06,0,0,0.21,0
0.5,0,1,0,-0.95,1.38,0.82,2,0.22,0,1.12,0.77,0,0.31,0
1.09,1,0,0,-1.04,0.34,-1.23,1,0.17,1,1.12,0,0.17,0.21,0
2.06,0,0,1,-1.61,0.69,0.24,2,0.29,0,-1.56,8.69,0,0.32,0
1.13,0,0,1,-0.47,0.34,0.72,2,0.33,1,-0.71,2.04,0.33,0.18,0
-0.84,0,1,1,0.39,1.03,1.36,2,0.25,1,1.36,0.91,0.25,0.19,0
0.11,0,1,0,-0.37,0,0.83,1,0.2,0,0.74,0.9,0,0.14,0
0.45,1,0,1,-0.09,-1.39,-1.23,2,2,1,0.99,0,2,0.03,0
0.8,1,0,0,-1.04,-0.35,1.05,2,0.5,0,-1.17,4.3,0,0.14,0
-0.12,1,0,1,-0.66,1.38,-1.23,2,0.22,0,0.2,0,0,0.28,0
0.13,0,1,1,-0.85,-0.35,-1.23,3,0.75,0,0.02,0,0,0.13,0
1.82,0,1,1,0.2,0,1.12,2,0.4,0,1.41,0.81,0,0.12,0
0.87,0,1,1,-0.28,0,-1.23,2,0.4,0,0.09,0,0,0.14,0
0.33,1,0,0,1.82,-1.39,-1.23,1,1,1,-1.73,0,1,0.02,0
0.13,1,0,0,0.01,1.03,-1.23,2,0.25,1,0.02,0,0.25,0.21,0
-0.92,0,1,0,-0.95,1.38,0.7,1,0.11,1,-1.62,17.7,0.11,0.31,0
0.47,1,0,1,-1.14,-0.35,0.18,2,0.5,0,1.67,0.45,0,0.15,0
2.06,0,1,1,-0.09,-1.04,0.29,1,0.5,1,1.25,0.55,0.5,0.05,0
0.71,1,0,0,-1.61,0.69,0.61,1,0.14,1,1.35,0.64,0.14,0.32,0
1.59,1,0,0,3.06,1.03,-1.23,2,0.25,1,0.83,0,0.25,0.11,0
-0.48,1,0,1,0.1,-1.39,0.13,1,1,0,-1.11,2.33,0,0.03,0
1.36,0,1,0,-1.14,-0.7,-1.23,2,0.67,0,0.76,0,0,0.11,0
-1.43,0,0,1,0.29,1.38,0.28,2,0.22,0,-1.48,6.34,0,0.21,0
-0.84,1,0,1,-0.28,-1.39,-0.15,1,1,0,0.95,0.43,0,0.03,0
1.06,0,0,1,-0.85,-1.39,0.55,1,1,1,-0.73,1.91,1,0.03,0
-2.28,1,0,0,-0.56,1.03,-1.23,1,0.13,1,-0.53,0,0.13,0.24,0
1.09,1,0,1,-1.04,1.03,1.66,1,0.13,0,-0.18,2,0,0.29,0
-1.63,1,0,1,-0.09,-0.7,0.92,1,0.33,0,-0.18,1.5,0,0.08,0
1.31,0,0,0,-0.18,1.72,0.72,2,0.2,1,-0.46,1.65,0.2,0.27,0
1.33,0,1,0,-0.09,0.69,-1.23,2,0.29,1,0.67,0,0.29,0.18,0
0.53,0,1,0,-0.09,-1.04,-1.23,1,0.5,1,1.07,0,0.5,0.05,0
-1.03,1,0,1,-0.37,0.69,0.85,2,0.29,0,-0.23,1.49,0,0.2,0
1.02,0,0,1,-1.61,-0.35,0.29,2,0.5,1,-1.01,2.24,0.5,0.18,0
1.05,0,0,1,-0.95,-0.35,0.85,1,0.25,1,0.05,1.26,0.25,0.14,0
-0.14,0,1,1,0.39,-0.7,1.53,1,0.33,1,0.08,1.64,0.33,0.07,0
0.76,1,0,1,-1.04,0,0.34,1,0.2,1,-0.06,1.01,0.2,0.18,0
0.36,1,0,1,-1.8,-0.35,0.45,2,0.5,0,-1.07,2.71,0,0.2,0
-0.26,1,0,0,-0.09,0.69,-1.23,1,0.14,0,1.13,0,0,0.18,0
-0.69,0,1,0,-0.95,-0.35,-1.23,2,0.5,0,-0.2,0,0,0.14,0
-1.04,1,0,0,-1.61,0.69,1,1,0.14,0,0.52,1.07,0,0.32,0
0.12,0,1,0,3.15,0.69,1.02,1,0.14,1,1.38,0.78,0.14,0.1,0
1.58,0,1,1,0.39,-0.7,-1.23,1,0.33,0,-0.49,0,0,0.07,0
-0.37,1,0,1,2.58,0.69,-1.23,2,0.29,1,-0.44,0,0.29,0.11,0
-1.75,0,1,1,0.01,-1.39,0.56,1,1,1,0.42,0.9,1,0.03,0
0.52,1,0,1,-1.52,-0.7,-1.23,2,0.67,0,-1.06,0,0,0.13,0
1.04,1,0,1,-0.95,1.72,1.14,1,0.1,1,-0.09,1.56,0.1,0.34,0
0.25,1,0,1,-0.37,1.03,-1.23,2,0.25,1,-0.76,0,0.25,0.23,0
0.85,0,0,1,0.1,0,0.79,2,0.4,1,-0.86,2.48,0.4,0.13,0
0.52,1,0,1,-0.95,-1.04,-1.23,2,1,0,1.34,0,0,0.07,0
-1,0,1,1,-1.23,1.03,1.16,1,0.13,1,1.35,0.84,0.13,0.31,0
0.75,1,0,1,-0.85,-0.7,0.76,1,0.33,0,1.08,0.77,0,0.1,0
1.19,0,0,1,0.48,-0.7,0.65,1,0.33,0,1.7,0.59,0,0.07,0
-0.55,1,0,0,-1.42,-1.39,0.43,1,1,0,-0.69,1.71,0,0.04,0
-0.79,1,0,1,0.2,-1.39,-1.23,2,2,0,-0.51,0,0,0.02,0
0.22,0,1,1,0.39,0,-1.23,2,0.4,1,-0.62,0,0.4,0.12,0
0.69,1,0,1,-0.09,0.69,-1.23,2,0.29,1,1.02,0,0.29,0.18,0
-1.34,1,0,0,-0.66,-1.04,0.96,2,1,1,0.51,1.06,1,0.06,0
-0.18,1,0,1,1.91,0,-1.23,1,0.2,1,0.65,0,0.2,0.08,0
0.19,1,0,1,0.01,-0.7,0.69,1,0.33,1,1.24,0.7,0.33,0.08,0
-1.95,0,0,0,-1.42,1.38,-0.11,2,0.22,1,-0.62,1.08,0.22,0.38,0
-0.33,1,0,1,0.01,0,-1.23,2,0.4,1,1.01,0,0.4,0.13,0
0.15,1,0,0,0.48,0.69,-1.23,2,0.29,1,-0.58,0,0.29,0.16,0
0.05,0,1,0,-1.14,1.38,-1.23,2,0.22,0,0.14,0,0,0.33,0
-1.94,0,1,1,-1.8,1.03,2.05,1,0.13,0,0.49,1.59,0,0.4,0
1.62,0,0,0,-0.76,-1.39,1.04,3,3,1,1.64,0.73,3,0.03,0
0.8,1,0,1,-0.09,-1.39,0.63,1,1,1,0.68,0.83,1,0.03,0
-0.71,1,0,1,1.25,-1.04,1.2,1,0.5,1,-1.03,3.7,0.5,0.04,0
0.55,0,0,0,-0.37,-0.7,1.25,2,0.67,1,-1.04,3.83,0.67,0.09,0
0.66,1,0,0,-1.23,1.38,0.22,1,0.11,0,-0.94,1.95,0,0.35,0
-0.23,1,0,1,-0.85,1.03,0.2,1,0.13,1,-1.51,6.79,0.13,0.27,0
1.64,0,0,1,0.2,-1.39,0.05,2,2,0,1.14,0.48,0,0.02,0
-0.94,1,0,0,-1.14,0,-1.23,2,0.4,0,0.55,0,0,0.19,0
1.66,1,0,1,-0.76,0.69,0.66,1,0.14,1,1.43,0.65,0.14,0.23,0
-0.69,1,0,1,-1.23,-0.35,-1.23,2,0.5,0,0.83,0,0,0.15,0
0.42,1,0,1,-1.04,-1.39,-1.23,2,2,0,-0.13,0,0,0.04,0
-0.65,0,0,1,-0.56,1.38,1.18,2,0.22,1,-0.6,2.29,0.22,0.27,0
-1.26,1,0,1,-0.66,1.38,1.14,1,0.11,0,-1.16,4.38,0,0.28,0
-0.3,1,0,1,0.39,1.03,-1.23,2,0.25,0,0.01,0,0,0.19,0
0.34,1,0,0,0.29,1.03,-1.23,2,0.25,1,1.7,0,0.25,0.19,0
-0.78,1,0,1,-0.95,-0.35,0.73,2,0.5,1,-0.86,2.42,0.5,0.14,0
-0.76,0,1,0,0.1,-1.39,-1.23,2,2,1,0.15,0,2,0.03,0
0.02,0,1,0,0.1,0.69,0.38,1,0.14,1,0.43,0.81,0.14,0.18,0
0.38,0,1,1,-0.76,-0.7,-1.23,2,0.67,0,-0.9,0,0,0.1,0
1.77,1,0,1,-0.66,1.03,0.64,1,0.13,0,0.15,1.07,0,0.25,0
0.06,0,0,0,-1.52,-0.35,1.4,1,0.25,1,-1.37,7.76,0.25,0.17,0
0.98,0,0,1,1.15,-0.7,0.36,1,0.33,1,-1.24,3.43,0.33,0.06,0
0.35,0,1,0,0.2,-1.39,0.92,1,1,0,1.35,0.76,0,0.02,0
-0.16,0,1,0,-0.09,-1.39,-1.23,2,2,0,-0.16,0,0,0.03,0
-0.71,1,0,1,-0.85,-1.04,-1.23,2,1,1,0.56,0,1,0.07,0
-0.39,0,1,1,-1.9,0,-1.23,1,0.2,1,1.34,0,0.2,0.26,0
0.09,1,0,0,-0.66,-1.04,1.27,1,0.5,1,0.93,1.01,0.5,0.06,0
0.98,1,0,0,-1.04,0.34,-1.23,2,0.33,0,0.94,0,0,0.21,0
-0.48,0,1,0,0.2,1.72,-1.23,2,0.2,1,1.15,0,0.2,0.24,0
-1.46,0,0,1,-0.66,1.38,1.51,1,0.11,1,-1.36,7.88,0.11,0.28,0
0.57,0,0,0,-0.95,0.34,1.75,1,0.17,0,1.23,1.08,0,0.21,0
0.46,1,0,1,-0.28,0.34,0.6,2,0.33,0,0.31,0.97,0,0.17,0
-1.11,1,0,0,3.06,-1.39,0.45,1,1,1,-1.29,4.07,1,0.01,0
-0.11,1,0,0,-0.56,0.34,0.13,2,0.33,1,0.23,0.75,0.33,0.18,0
0.22,1,0,1,0.01,-1.04,-1.23,2,1,0,-0.22,0,0,0.05,0
0.52,1,0,1,0.01,1.38,1.02,1,0.11,1,0.81,0.96,0.11,0.23,0
-0.17,0,1,1,-1.33,1.38,-1.23,2,0.22,1,-1.6,0,0.22,0.36,0
-1.24,0,1,0,0.29,0.34,-0.02,2,0.33,0,-0.75,1.32,0,0.14,0
0.5,1,0,1,-1.14,-1.39,-1.23,2,2,0,-0.12,0,0,0.04,0
-2.09,0,1,0,-0.76,-1.39,0.6,1,1,0,-0.3,1.37,0,0.03,0
0.35,0,1,0,-0.28,0,1.57,1,0.2,0,0.34,1.45,0,0.14,0
0.66,1,0,0,0.1,-1.73,-1.23,2,2,0,-0.65,0,0,0,0
0.64,0,1,0,0.87,1.03,-1.23,2,0.25,0,1.45,0,0,0.17,0
1.37,1,0,0,3.15,0,0.72,2,0.4,1,0.09,1.15,0.4,0.07,0
0.34,1,0,1,-0.28,0,0.62,1,0.2,1,0.39,0.94,0.2,0.14,0
0.04,0,1,1,0.1,0,0.47,1,0.2,0,1.28,0.61,0,0.13,0
0.51,1,0,1,-0.18,-1.39,0.94,1,1,0,1.05,0.84,0,0.03,0
0.97,0,1,1,-0.76,-1.73,0.66,1,1,0,1.02,0.74,0,0,0
-0.06,0,0,1,-1.33,-1.39,1.3,2,2,0,-0.12,1.69,0,0.04,0
-1.3,0,1,1,-0.28,-0.7,0.02,1,0.33,0,-0.57,1.16,0,0.08,0
0.84,1,0,1,-1.33,-1.73,0.55,1,1,0,1.26,0.64,0,0,0
0.73,1,0,0,0.1,0.69,-1.23,2,0.29,1,0.39,0,0.29,0.18,0
-0.3,1,0,1,-0.66,0,1.65,1,0.2,1,0.85,1.2,0.2,0.16,0
0.04,0,0,1,-0.76,0,1.19,2,0.4,1,0.09,1.43,0.4,0.16,0
2.06,0,0,0,-1.33,1.03,-0.11,2,0.25,0,-0.21,0.79,0,0.32,0
0.17,0,0,1,-1.14,-1.04,0.99,1,0.5,0,1.15,0.83,0,0.07,0
-0.32,1,0,1,0.2,-0.7,-1.23,2,0.67,1,0.65,0,0.67,0.07,0
-0.36,1,0,1,-0.95,1.38,-1.23,1,0.11,1,1.16,0,0.11,0.31,0
0.62,0,1,0,-0.95,-0.7,0.69,1,0.33,0,1.53,0.64,0,0.1,0
0.69,0,1,1,-0.56,-1.39,0.36,1,1,0,1.64,0.51,0,0.03,0
1.4,0,0,1,-1.42,-1.04,0.7,2,1,1,0.44,0.96,1,0.08,0
0,1,0,0,0.01,1.03,-1.23,1,0.13,0,0.65,0,0,0.21,0
0.3,0,1,1,0.29,-1.73,-1.23,1,1,0,0.63,0,0,0,0
-0.05,1,0,0,1.15,-0.35,0.4,1,0.25,0,0.53,0.78,0,0.08,0
1.62,0,0,1,0.77,-1.39,1.53,1,1,1,-0.6,2.62,1,0.02,0
0.79,1,0,1,0.77,0.69,-1.23,2,0.29,0,1.62,0,0,0.15,0
1.41,1,0,1,-1.33,0,-1.23,2,0.4,0,-0.92,0,0,0.2,0
1.61,1,0,1,-0.47,0.34,-1.23,2,0.33,0,0.01,0,0,0.18,0
-0.49,1,0,1,-0.76,-1.39,0.85,1,1,0,0.16,1.19,0,0.03,0
0.35,0,0,1,-0.66,-0.7,0.42,2,0.67,1,0.48,0.81,0.67,0.09,0
-0.96,0,0,1,0.2,-1.04,0.77,1,0.5,1,0.19,1.12,0.5,0.05,0
0.46,1,0,0,-1.52,-1.39,-1.23,2,2,1,0.72,0,2,0.04,0
1.43,1,0,1,-0.76,-0.35,1.59,1,0.25,1,1.26,1.02,0.25,0.13,0
-0.55,1,0,0,-0.95,-1.39,0.89,1,1,0,1.01,0.84,0,0.03,0
-2.54,0,0,1,-0.76,0,0.91,2,0.4,1,-0.47,1.83,0.4,0.16,0
0.08,1,0,1,0.01,0.69,-1.23,2,0.29,0,-0.9,0,0,0.18,0
-0.18,1,0,1,-0.37,1.72,-1.23,2,0.2,0,-0.6,0,0,0.29,0
-0.64,1,0,1,0.67,1.38,-1.23,2,0.22,0,1.23,0,0,0.2,0
1.03,0,0,0,-0.18,-1.39,0.91,2,2,1,-1.26,4.87,2,0.03,0
1.67,0,0,1,-0.56,-1.04,0.81,2,1,1,0.09,1.21,1,0.06,0
-1.15,0,1,1,0.01,-1.04,-1.23,2,1,1,-0.9,0,1,0.05,0
0.2,0,0,0,0.29,0,-0.43,3,0.6,1,0,0.49,0.6,0.12,0
0.23,1,0,1,0.2,0,-1.23,1,0.2,1,-0.6,0,0.2,0.12,0
-0.54,0,1,0,0.01,0,-1.23,2,0.4,1,-0.3,0,0.4,0.13,0
1.3,0,1,1,-0.85,0.34,-1.23,2,0.33,1,-0.63,0,0.33,0.2,0
-0.46,0,1,0,-1.52,1.72,-0.1,1,0.1,1,-0.16,0.77,0.1,0.43,0
0.37,0,1,1,-0.09,0.69,0.56,1,0.14,1,-0.42,1.47,0.14,0.18,0
2.06,0,1,1,-0.09,-1.39,1.12,1,1,1,0.07,1.41,1,0.03,0
-0.09,1,0,1,3.15,-1.39,1.35,2,2,1,0.73,1.13,2,0.01,0
-0.46,0,0,1,-1.14,-1.04,0.86,2,1,0,0.82,0.88,0,0.07,0
-0.24,1,0,0,-1.71,0.69,0.36,1,0.14,1,1.2,0.59,0.14,0.33,0
2.06,0,1,1,-0.28,-1.73,-1.23,2,2,0,0.72,0,0,0,0
2.06,0,0,1,-0.66,1.38,1.05,2,0.22,1,0.86,0.95,0.22,0.28,0
0.76,1,0,0,0.1,0.34,0.54,1,0.17,1,-0.23,1.27,0.17,0.15,0
-0.74,1,0,1,-1.04,-0.35,-1.23,2,0.5,1,1.34,0,0.5,0.14,0
0.79,0,1,1,-1.04,-1.39,-1.23,1,1,0,-1.04,0,0,0.04,0
0.19,0,1,1,-1.61,1.72,-1.23,2,0.2,0,1.32,0,0,0.45,0
1.28,1,0,0,-0.66,-0.35,-1.23,2,0.5,0,0.26,0,0,0.13,0
-0.12,0,1,0,-1.14,1.03,0.92,2,0.25,0,-1.63,21.4,0,0.3,0
1.91,1,0,1,-0.66,1.03,0.78,2,0.25,1,-1.26,4.54,0.25,0.25,0
-0.14,0,1,0,0.48,-1.73,1.3,1,1,1,0.35,1.31,1,0,0
-0.64,0,0,1,0.87,0,0.8,1,0.2,1,0.59,0.94,0.2,0.1,0
-0.62,1,0,1,0.29,1.38,1.36,2,0.22,1,0.55,1.23,0.22,0.21,0
0.75,1,0,0,0.1,0.69,1.06,2,0.29,0,-1.08,3.76,0,0.18,0
0.85,0,1,1,-0.37,1.03,0.42,1,0.13,1,-0.94,2.24,0.13,0.23,0
0.83,1,0,0,-0.85,0,-1.23,2,0.4,0,1.56,0,0,0.17,0
0.04,1,0,1,0.77,1.72,-1.23,2,0.2,0,1.22,0,0,0.21,0
1.84,1,0,1,-0.18,-0.35,-1.23,2,0.5,0,-0.09,0,0,0.11,0
-0.63,0,1,1,-1.61,0.69,0.78,1,0.14,1,1.06,0.78,0.14,0.32,0
0.07,1,0,1,-0.18,-0.35,0.1,1,0.25,1,0.26,0.72,0.25,0.11,0
-1.24,0,0,0,2.39,-1.04,1.59,2,1,1,-0.68,2.89,1,0.03,0
-1.39,1,0,0,0.77,0.34,0.53,1,0.17,0,0.37,0.9,0,0.13,0
-0.93,1,0,1,-0.18,-1.39,0.38,2,2,1,0.03,0.99,2,0.03,0
0.33,0,1,0,1.44,-1.73,0.11,2,2,1,-0.8,1.54,2,0,0
-0.78,0,1,1,-1.04,0.69,-1.23,1,0.14,1,-1.55,0,0.14,0.25,0
-0.28,1,0,0,-1.04,-0.35,-1.23,2,0.5,0,-1.02,0,0,0.14,0
-0.09,1,0,0,0.1,0.69,-1.23,2,0.29,0,-1.55,0,0,0.18,0
0.21,1,0,0,0.29,0.34,-1.23,2,0.33,0,1.69,0,0,0.14,0
-1.61,1,0,0,0.1,-1.39,1.02,2,2,0,0.88,0.93,0,0.03,0
2.06,1,0,0,-1.04,-1.39,0.46,1,1,1,-0.44,1.41,1,0.04,0
-0.21,1,0,1,1.06,1.03,-1.23,2,0.25,1,-0.36,0,0.25,0.16,0
-0.65,1,0,1,-0.66,-1.39,-1.23,2,2,1,-1.59,0,2,0.03,0
-0.92,0,0,1,-0.37,-0.7,1.05,1,0.33,1,1.34,0.8,0.33,0.09,0
0.46,1,0,1,-1.04,0,1.52,2,0.4,1,-0.2,1.93,0.4,0.18,0
-0.64,1,0,0,0.01,0.69,-1.23,2,0.29,0,-0.07,0,0,0.18,0
-0.45,1,0,0,-0.76,-1.39,0.42,1,1,1,1.16,0.61,1,0.03,0
1.48,1,0,1,-0.37,0.34,-1.23,2,0.33,1,-0.55,0,0.33,0.17,0
-0.07,0,0,0,0.48,1.03,0.47,2,0.25,0,0.85,0.71,0,0.18,0
-0.15,0,1,0,-0.28,-1.39,-1.23,1,1,0,-0.99,0,0,0.03,0
-0.53,0,0,1,-0.28,-0.7,0.84,2,0.67,1,-1.04,3.2,0.67,0.08,0
-1.49,1,0,0,-0.37,-1.04,-1.23,2,1,0,-0.04,0,0,0.06,0
0.33,1,0,0,0.87,0.69,-1.23,2,0.29,0,-0.61,0,0,0.15,0
0.66,1,0,0,-1.42,0.69,-1.23,2,0.29,0,1.15,0,0,0.29,0
0.47,1,0,0,-1.33,1.03,0.8,1,0.13,0,0.38,1.04,0,0.32,0
-0.53,0,1,1,1.15,-1.73,-1.23,1,1,1,1.31,0,1,0,0
-0.76,1,0,1,-0.18,-1.04,0.81,1,0.5,0,-0.76,2.27,0,0.05,0
0.85,0,1,0,-0.66,0,-1.23,2,0.4,0,0.55,0,0,0.16,0
-0.04,1,0,0,-0.56,-0.35,-1.23,1,0.25,0,0.91,0,0,0.12,0
1.87,1,0,0,-0.47,-1.04,-1.23,2,1,0,1.14,0,0,0.06,0
-1.11,0,0,1,-0.85,0.34,-0.05,1,0.17,1,1.33,0.42,0.17,0.2,0
0.29,1,0,1,-0.47,0.69,1.35,1,0.14,0,0.38,1.32,0,0.21,0
0.65,0,0,0,2.11,-0.35,1.17,2,0.5,0,0.41,1.21,0,0.07,0
1.04,1,0,1,-0.95,-1.39,0.95,1,1,0,-0.58,2.03,0,0.03,0
0.52,0,1,1,-1.04,-1.39,0.43,1,1,1,-0.41,1.36,1,0.04,0
0.49,1,0,1,-0.56,0,0.95,2,0.4,1,-1.05,3.41,0.4,0.15,0
-2.06,1,0,0,-0.28,-1.04,-1.23,2,1,1,1.39,0,1,0.06,0
0.15,1,0,1,-1.04,1.03,1.84,2,0.25,0,-0.29,2.3,0,0.29,0
0.78,0,0,1,1.06,1.38,0.29,1,0.11,1,-1.65,18.61,0.11,0.18,0
-1.05,1,0,0,0.67,0.69,-1.23,1,0.14,1,0.16,0,0.14,0.15,0
1.58,1,0,1,-0.56,0.34,-1.23,2,0.33,0,0.27,0,0,0.18,0
0.13,1,0,1,0.39,-0.35,0.18,2,0.5,0,0.86,0.59,0,0.09,0
0.66,1,0,0,-1.33,-0.35,-1.23,2,0.5,0,-0.31,0,0,0.16,0
0.55,1,0,1,0.01,0,-1.23,1,0.2,0,-1.63,0,0,0.13,0
0.09,0,0,1,-0.47,1.38,0.93,2,0.22,0,1.37,0.75,0,0.26,0
0.91,0,0,1,2.2,1.72,0.1,1,0.1,1,-1,1.94,0.1,0.16,0
-0.16,0,1,1,-0.37,-1.04,0.6,1,0.5,0,-0.16,1.25,0,0.06,0
-1.25,0,1,0,-0.28,0.69,-1.23,2,0.29,0,-0.34,0,0,0.19,0
0.11,0,0,1,0.2,0,0.74,2,0.4,1,0.36,1.02,0.4,0.12,0
-1.24,0,1,1,-0.76,-1.04,0.68,2,1,0,-1.02,2.87,0,0.06,0
0.45,1,0,0,-0.95,0,0.37,1,0.2,0,0.21,0.89,0,0.17,0
0.83,1,0,0,-0.28,0.34,-1.23,1,0.17,0,0.9,0,0,0.17,0
-0.98,1,0,0,-0.28,-1.04,0.93,1,0.5,1,1.35,0.76,0.5,0.06,0
-0.04,0,0,0,0.2,-1.39,0.15,3,3,0,1.55,0.45,0,0.02,0
2.06,0,0,1,-0.66,-0.7,0.98,1,0.33,1,1.03,0.86,0.33,0.09,0
-0.8,0,1,1,-0.56,-1.39,1.35,1,1,1,0.86,1.08,1,0.03,0
-0.62,1,0,1,0.58,0,-1.23,2,0.4,1,0.96,0,0.4,0.11,0
0.75,1,0,1,-1.71,-0.35,-1.23,2,0.5,0,-1.31,0,0,0.19,0
-0.35,1,0,1,-1.33,-1.39,0.42,2,2,1,0.27,0.89,2,0.04,0
-2,0,0,1,0.29,-0.35,0.81,1,0.25,1,0.45,1.01,0.25,0.1,0
1.41,0,0,0,-0.09,-0.7,1.31,1,0.33,1,-1.25,5.61,0.33,0.08,0
0,1,0,0,-0.47,1.38,-1.23,2,0.22,0,0.66,0,0,0.26,0
-0.4,0,0,1,0.29,0,1.05,1,0.2,1,-0.99,3.3,0.2,0.12,0
0.76,1,0,0,-0.47,-1.04,-1.23,2,1,1,0.33,0,1,0.06,0
-0.03,0,0,1,0.48,1.38,0.56,2,0.22,1,-0.14,1.21,0.22,0.2,0
-0.84,0,1,1,-0.37,-0.7,0.65,1,0.33,0,-0.1,1.24,0,0.09,0
1.18,0,0,0,-0.47,1.03,0.97,2,0.25,0,-0.92,2.91,0,0.24,0
-0.49,0,1,1,0.67,-1.04,-1.23,2,1,0,1.29,0,0,0.04,0
-0.85,0,1,1,-1.04,-1.39,0.81,1,1,0,-0.95,2.79,0,0.04,0
-0.8,0,1,1,-0.09,-0.35,-1.23,2,0.5,1,1.68,0,0.5,0.11,0
1.25,0,1,0,0.2,0,-1.23,2,0.4,1,-0.12,0,0.4,0.12,0
1.16,1,0,1,-0.37,1.38,-1.23,1,0.11,1,-1.19,0,0.11,0.26,0
-2.49,1,0,0,-0.37,0.69,0.65,1,0.14,1,0.17,1.07,0.14,0.2,0
0.8,1,0,1,-0.56,1.03,0.86,1,0.13,1,-1.11,3.6,0.13,0.24,0
0.05,0,1,0,3.73,-1.04,-1.23,2,1,1,1.54,0,1,0.03,0
0.64,1,0,1,-0.37,0.69,0.77,1,0.14,1,-0.54,1.8,0.14,0.2,0
0.3,1,0,1,-0.76,1.38,-1.23,2,0.22,0,-1.11,0,0,0.29,0
0.73,1,0,1,-0.37,1.72,-1.23,2,0.2,0,-0.5,0,0,0.29,0
-0.32,1,0,0,0.29,-1.39,-1.23,2,2,1,-0.6,0,2,0.02,0
1.28,0,1,0,-0.28,1.03,0.65,1,0.13,0,0.03,1.15,0,0.22,0
-0.91,1,0,1,-0.37,-0.7,0.48,1,0.33,0,-1.05,2.69,0,0.09,0
2.06,0,0,0,-1.14,1.03,0.57,2,0.25,1,0.19,1.01,0.25,0.3,0
0.32,1,0,1,0.77,1.38,0.33,1,0.11,1,-1.7,44.75,0.11,0.19,0
-0.2,1,0,0,-0.76,1.03,0.98,1,0.13,0,1.56,0.72,0,0.26,0
-0.38,0,1,0,0.1,-0.7,0.59,1,0.33,1,-0.39,1.46,0.33,0.08,0
0.55,0,1,1,-1.42,1.72,0.73,1,0.1,1,0.48,0.96,0.1,0.42,0
1.4,1,0,1,-0.66,-1.04,0.7,2,1,0,-0.36,1.51,0,0.06,0
-1.21,1,0,0,1.34,0.69,-1.23,2,0.29,1,-0.34,0,0.29,0.13,0
-0.63,0,1,1,-0.47,-1.73,-0.17,2,2,1,1.05,0.41,2,0,0
0.06,1,0,0,3.44,-0.7,-1.23,2,0.67,1,-1.72,0,0.67,0.04,0
-0.55,1,0,1,-0.56,1.38,-1.23,2,0.22,0,-0.88,0,0,0.27,0
0.17,0,0,1,-0.66,-1.73,0.44,1,1,0,-1.38,5.05,0,0,0
-0.24,1,0,1,-0.18,-1.04,0.78,1,0.5,1,-0.27,1.48,0.5,0.05,0
0.59,1,0,0,-0.56,1.03,-1.23,2,0.25,1,-1.48,0,0.25,0.24,0
-1.28,0,0,0,-1.04,-1.04,0.76,2,1,1,0.97,0.79,1,0.07,0
-0.61,1,0,1,-0.18,-0.7,0.32,1,0.33,1,-1.68,29.9,0.33,0.08,0
-1.92,1,0,1,-0.56,1.03,-1.23,2,0.25,0,1.35,0,0,0.24,0
-0.23,1,0,1,0.01,0.34,-1.23,2,0.33,0,0.6,0,0,0.15,0
-0.83,1,0,0,2.11,0.34,1.05,1,0.17,1,-0.95,3.14,0.17,0.1,0
1.7,1,0,1,-0.18,-1.39,1.44,1,1,0,-0.57,2.47,0,0.03,0
1.72,1,0,0,-0.18,0.34,0.07,2,0.33,0,-0.33,1,0,0.16,0
0.69,1,0,1,-0.37,-0.35,-1.23,1,0.25,1,1.17,0,0.25,0.11,0
-0.1,1,0,0,1.34,-1.73,0.76,2,2,1,1.04,0.77,2,0,0
-0.27,1,0,1,1.15,1.72,0.75,2,0.2,1,0.48,0.97,0.2,0.2,0
-0.74,0,0,1,0.96,-0.35,1.49,1,0.25,1,0.41,1.37,0.25,0.08,0
0.49,1,0,1,-0.09,-1.04,0.86,1,0.5,1,-1.02,3.13,0.5,0.05,0
-0.06,1,0,1,-0.66,-0.35,-1.23,2,0.5,1,-0.04,0,0.5,0.13,0
0.42,1,0,1,-0.47,1.03,0.92,2,0.25,0,-0.15,1.47,0,0.24,0
-0.13,1,0,1,-0.47,0.34,0.61,1,0.17,1,-0.04,1.17,0.17,0.18,0
0.56,1,0,0,-0.76,-0.7,0.69,1,0.33,0,1.43,0.66,0,0.1,0
0.72,1,0,1,-0.56,1.38,-1.23,2,0.22,1,0.75,0,0.22,0.27,0
-1.01,0,1,1,0.48,-0.35,-1.23,1,0.25,0,-1.55,0,0,0.09,0
0.08,1,0,0,-0.95,1.03,-1.23,2,0.25,1,0.53,0,0.25,0.28,0
-0.15,0,1,1,0.58,-0.7,-1.23,2,0.67,1,1.03,0,0.67,0.07,0
-1.28,0,0,0,0.2,1.72,0.97,1,0.1,1,-0.74,2.37,0.1,0.24,0
0.69,0,0,0,-1.04,1.38,0.1,2,0.22,0,-1.04,2.04,0,0.32,0
-0.38,0,1,1,0.01,-0.7,1.21,1,0.33,0,-0.76,2.69,0,0.08,0
-0.66,0,1,1,1.15,-0.7,0.12,1,0.33,1,0.85,0.56,0.33,0.06,0
0.62,1,0,1,-0.09,-0.7,0.87,1,0.33,1,0.95,0.84,0.33,0.08,0
-1.49,1,0,1,0.29,0.34,-1.23,2,0.33,0,-1.14,0,0,0.14,0
-0.43,0,0,1,-0.56,0.34,0.28,1,0.17,0,-0.11,1,0,0.18,0
1.4,1,0,1,-0.66,1.38,-1.23,2,0.22,0,0.57,0,0,0.28,0
0.62,1,0,1,-0.09,-1.04,-1.23,2,1,0,-1.74,0,0,0.05,0
1.33,0,1,1,-0.56,-0.7,-1.23,2,0.67,0,-1.2,0,0,0.09,0
0.85,1,0,0,0.48,0.34,1.47,1,0.17,1,1.69,0.85,0.17,0.14,0
-0.7,0,0,0,-1.23,1.72,-0.06,2,0.2,0,-0.06,0.75,0,0.38,0
-0.24,1,0,1,0.2,-0.7,-1.23,2,0.67,0,0.57,0,0,0.07,0
0.16,0,0,1,-0.76,-0.7,0.75,2,0.67,1,0.21,1.1,0.67,0.1,0
-0.32,0,1,1,-0.09,-1.73,-1.23,2,2,1,-1.08,0,2,0,0
-0.38,0,1,0,0.01,0.34,-1.23,2,0.33,1,1.11,0,0.33,0.15,0
-0.46,1,0,1,0.1,0.34,0.69,2,0.33,0,-0.93,2.55,0,0.15,0
0.51,0,0,0,0.01,0,1.09,2,0.4,1,1.56,0.76,0.4,0.13,0
-0.9,1,0,1,-0.37,-0.35,-1.23,1,0.25,0,1.02,0,0,0.11,0
-0.32,0,1,1,0.29,1.38,0.72,1,0.11,1,-1.23,4.15,0.11,0.21,0
-0.42,0,1,1,0.67,0,0.25,1,0.2,0,-0.79,1.69,0,0.11,0
-0.43,0,1,1,0.01,-1.04,1.01,2,1,0,-1.58,15.1,0,0.05,0
0.34,0,0,1,-0.37,0,1.1,1,0.2,1,-1.27,5.41,0.2,0.14,0
-0.18,0,0,1,0.29,-0.7,0.79,1,0.33,1,-1.54,10.68,0.33,0.07,0
0.26,0,0,1,-1.04,-1.39,-0.11,2,2,1,0.49,0.54,2,0.04,0
0.44,1,0,1,-0.09,0.69,1.95,2,0.29,1,-1.49,13.89,0.29,0.18,0
0.6,1,0,1,-0.28,-1.73,-1.23,2,2,0,-0.93,0,0,0,0
-0.88,1,0,1,-0.47,0.34,-1.23,1,0.17,1,-0.64,0,0.17,0.18,0
0.32,1,0,1,-0.95,1.03,-1.23,1,0.13,0,-0.59,0,0,0.28,0
-1.53,0,1,0,-0.28,1.38,-1.23,2,0.22,1,-1.46,0,0.22,0.25,0
0.06,1,0,1,0.1,-1.04,-1.23,2,1,1,1.4,0,1,0.05,0
-0.61,1,0,0,2.2,0,-1.23,1,0.2,1,0.01,0,0.2,0.08,0
0.38,0,1,0,1.06,0,-1.23,2,0.4,0,0.18,0,0,0.1,0
0.37,0,1,1,-1.61,1.03,-1.23,2,0.25,0,0.73,0,0,0.36,0
-0.36,0,1,1,-0.85,-1.04,-1.23,2,1,0,1.72,0,0,0.07,0
-1.62,0,1,1,2.68,0,-1.23,2,0.4,1,-0.25,0,0.4,0.07,0
-1.21,1,0,1,-0.09,-0.7,-1.23,1,0.33,0,0.76,0,0,0.08,0
0.46,0,1,0,-0.76,1.03,-1.23,2,0.25,1,0.55,0,0.25,0.26,0
-0.74,0,1,0,-0.76,1.38,-1.23,2,0.22,0,0.21,0,0,0.29,0
-2.26,0,0,1,-0.09,-1.04,0.95,2,1,1,-0.49,1.89,1,0.05,0
1.71,0,0,0,-1.33,-1.04,1.18,2,1,1,-1.12,4.2,1,0.08,0
0.82,1,0,0,-0.18,-1.39,-1.23,2,2,1,0.42,0,2,0.03,0
-0.6,1,0,0,-0.37,0.34,0.91,2,0.33,1,-0.38,1.71,0.33,0.17,0
1.29,0,0,1,-1.33,1.72,-0.26,2,0.2,0,-1.5,4.28,0,0.4,0
-1.15,1,0,1,-0.09,0,-1.23,2,0.4,0,-0.92,0,0,0.13,0
-0.77,0,1,1,-1.9,0.34,-1.23,2,0.33,0,-0.48,0,0,0.32,0
0.39,1,0,1,0.1,0.34,-1.23,1,0.17,1,-0.91,0,0.17,0.15,0
-0.44,1,0,1,-0.56,-0.35,-1.23,1,0.25,1,0.53,0,0.25,0.12,0
0.2,1,0,0,0.29,0.34,0.57,1,0.17,1,-0.6,1.71,0.17,0.14,0
-0.36,0,0,0,1.72,0.69,0.65,1,0.14,1,0.07,1.12,0.14,0.12,0
1.4,1,0,1,-0.18,0.69,1.43,2,0.29,1,-0.58,2.48,0.29,0.19,0
0.55,0,1,0,0.48,1.38,1.24,1,0.11,0,1.02,0.97,0,0.2,0
1.51,1,0,0,1.06,-1.39,0.28,1,1,1,1.55,0.5,1,0.02,0
-0.54,0,1,1,0.01,-1.39,-1.23,2,2,0,1.03,0,0,0.03,0
-0.5,1,0,1,0.96,-1.73,1.85,1,1,0,-0.04,1.96,0,0,0
-0.33,1,0,1,1.82,0,1.21,1,0.2,1,-0.24,1.77,0.2,0.09,0
-0.1,0,0,1,0.2,0.69,0.45,3,0.43,0,-1.44,6.01,0,0.17,0
-1.37,1,0,0,-1.14,-1.39,0.92,1,1,1,0.75,0.93,1,0.04,0
-0.28,0,1,0,0.1,-0.35,-1.23,3,0.75,0,-1.19,0,0,0.1,0
0.85,1,0,0,-1.04,0,-1.23,2,0.4,0,-1.52,0,0,0.18,0
-0.26,0,0,1,0.29,0.34,0.38,1,0.17,0,-0.12,1.07,0,0.14,0
1.12,1,0,0,-0.76,-1.39,0.53,1,1,1,-1.01,2.61,1,0.03,0
-0.48,1,0,0,-0.66,0.69,0.82,1,0.14,0,-1.47,8.09,0,0.22,0
-1.43,0,1,0,0.67,-0.7,-1.23,2,0.67,1,-0.76,0,0.67,0.07,0
-1.35,1,0,0,-0.95,1.03,0.31,1,0.13,0,-1.66,20.43,0,0.28,0
1.6,0,1,1,-1.23,-1.04,-1.23,2,1,1,-1.31,0,1,0.08,0
0.06,1,0,1,-0.09,1.72,-1.23,1,0.1,1,0.63,0,0.1,0.26,0
1.39,0,1,1,0.2,0.69,-1.23,2,0.29,1,1.72,0,0.29,0.17,0
-1.01,1,0,1,-0.76,0.34,-1.23,2,0.33,0,0.43,0,0,0.19,0
-0.84,1,0,0,0.48,-0.35,-1.23,2,0.5,0,0.6,0,0,0.09,0
0.2,1,0,1,-0.09,1.72,0.21,1,0.1,0,0.77,0.62,0,0.26,0
-0.67,0,1,1,0.29,0.34,-1.23,2,0.33,1,0.41,0,0.33,0.14,0
-0.35,0,1,0,0.58,-1.39,-1.23,1,1,0,0.75,0,0,0.02,0
-1.47,1,0,0,2.01,0.69,1.07,1,0.14,1,0.51,1.11,0.14,0.12,0
-0.27,0,1,0,-0.37,0.69,0.69,2,0.29,1,-1.66,26.04,0.29,0.2,0
0.04,1,0,1,-0.95,-0.35,0.91,1,0.25,1,0.81,0.91,0.25,0.14,0
0.32,0,0,0,0.48,-0.7,0.46,2,0.67,1,1.1,0.64,0.67,0.07,0
-0.75,0,1,1,-1.04,-0.35,-1.23,2,0.5,0,-1.62,0,0,0.14,0
-0.31,0,1,0,-0.18,1.38,0.11,2,0.22,0,-1.58,9.06,0,0.24,0
-0.19,1,0,1,0.1,0,1.14,1,0.2,1,1.73,0.74,0.2,0.13,0
1.76,1,0,1,-1.04,-1.04,-1.23,2,1,0,-0.94,0,0,0.07,0
1.07,1,0,0,-0.09,-1.04,-1.23,2,1,0,-1.68,0,0,0.05,0
-0.85,0,1,0,-1.14,-1.39,0.64,1,1,1,-0.95,2.55,1,0.04,0
-0.69,1,0,1,-0.56,-0.7,-1.23,2,0.67,1,-0.71,0,0.67,0.09,0
-1.05,1,0,0,-0.95,1.03,-1.23,2,0.25,1,1.56,0,0.25,0.28,0
0.81,1,0,0,-0.09,0.69,-1.23,2,0.29,0,-0.94,0,0,0.18,0
-1.32,1,0,1,2.11,1.03,-0.16,1,0.13,1,-1.36,3.03,0.13,0.13,0
0.25,0,0,1,0.29,-1.04,0.26,2,1,0,-1.59,10.81,0,0.05,0
1.36,0,1,0,0.2,-0.35,-1.23,1,0.25,0,0.57,0,0,0.1,0
0.91,0,1,0,-0.18,1.03,0.39,1,0.13,1,0.5,0.78,0.13,0.22,0
0.1,1,0,1,-1.9,0,0.82,1,0.2,1,-1.04,3.16,0.2,0.26,0
-1.3,1,0,1,-0.37,0.69,1.42,1,0.14,1,-0.09,1.75,0.14,0.2,0
-0.22,0,1,1,-0.95,0.34,-1.23,2,0.33,1,-0.2,0,0.33,0.21,0
-0.36,0,0,0,-0.28,1.72,0.03,1,0.1,0,0.64,0.57,0,0.28,0
-1.34,0,0,0,2.11,-1.73,0.78,1,1,1,0.16,1.14,1,0,0
0.42,1,0,0,-0.95,1.38,-1.23,2,0.22,0,1.73,0,0,0.31,0
0.38,0,0,0,0.2,-1.04,1.24,1,0.5,0,1.01,0.97,0,0.05,0
0.27,0,1,0,0.39,-0.7,0.91,2,0.67,1,-0.07,1.39,0.67,0.07,0
0.13,1,0,0,-1.14,1.38,-1.23,2,0.22,0,0.88,0,0,0.33,0
-1.6,1,0,1,-0.85,-1.73,0.23,1,1,1,-1.26,3.27,1,0,0
0.57,0,1,1,2.77,-0.35,0.61,1,0.25,1,-1.24,4,0.25,0.06,0
-1.85,1,0,0,-1.23,0,-1.23,2,0.4,0,0.14,0,0,0.19,0
0.54,1,0,0,0.1,0.69,-1.23,2,0.29,1,0.39,0,0.29,0.18,0
2.06,1,0,0,-0.09,-1.04,-1.23,2,1,0,-1.58,0,0,0.05,0
-0.95,1,0,1,-0.56,1.38,0.55,2,0.22,0,0.18,1.01,0,0.27,0
0.22,1,0,0,-0.47,1.03,-1.23,2,0.25,1,-1.46,0,0.25,0.24,0
-0.03,0,0,1,-0.56,0.69,0.94,2,0.29,1,1.24,0.79,0.29,0.21,0
-1.59,1,0,1,-0.66,1.03,-1.23,2,0.25,0,-0.57,0,0,0.25,0
0.96,1,0,0,3.25,0.34,-1.23,2,0.33,1,0.14,0,0.33,0.08,0
-0.33,1,0,1,-0.95,0,-1.23,2,0.4,0,1.64,0,0,0.17,0
-0.12,0,1,1,-0.47,0,1.01,2,0.4,0,-1.15,4.11,0,0.15,0
-1.14,0,1,1,-1.04,1.03,-1.23,2,0.25,0,1.7,0,0,0.29,0
1.19,1,0,0,-1.23,-0.7,0.45,1,0.33,1,-1.73,243.46,0.33,0.12,0
1.02,1,0,0,-1.23,0.34,-1.23,2,0.33,1,-1.13,0,0.33,0.23,0
0.05,0,0,1,-0.66,1.38,0.59,1,0.11,0,-0.31,1.38,0,0.28,0
-0.21,1,0,1,-0.56,1.38,-1.23,2,0.22,0,-0.61,0,0,0.27,0
1.32,0,0,0,-0.56,-0.35,0.55,2,0.5,0,-0.29,1.33,0,0.12,0
-1.26,0,1,0,0.01,-1.04,0.1,1,0.5,1,0.4,0.67,0.5,0.05,0
-0.32,0,1,1,-0.95,1.38,-1.23,2,0.22,0,-1.51,0,0,0.31,0
0.87,1,0,0,-1.33,-0.7,0.24,1,0.33,0,-1.25,3.23,0,0.12,0
-1.51,0,0,0,-0.18,0.34,1.34,2,0.33,1,0.44,1.28,0.33,0.16,0
-1.86,0,0,1,-1.52,0.34,0.45,2,0.33,0,0.55,0.79,0,0.26,0
0.74,0,1,0,1.06,-0.35,0.89,1,0.25,1,0.49,1.03,0.25,0.08,0
-0.76,0,1,0,0.01,-0.35,-1.23,2,0.5,0,-0.15,0,0,0.1,0
0.97,0,1,1,0.48,0,0.71,1,0.2,0,-0.31,1.47,0,0.11,0
-0.8,1,0,0,-0.85,0.34,-1.23,2,0.33,0,-0.59,0,0,0.2,0
0.03,1,0,0,-0.66,-0.35,0.12,1,0.25,1,-1.32,3.5,0.25,0.13,0
0.1,1,0,0,-0.76,0.34,1.54,1,0.17,1,-0.95,3.79,0.17,0.19,0
1.41,1,0,1,0.67,0.69,0.66,2,0.29,1,-0.12,1.26,0.29,0.15,0
-0.35,1,0,1,0.2,0.69,-1.23,2,0.29,1,-1.49,0,0.29,0.17,0
-0.86,1,0,1,0.01,0,-1.23,2,0.4,0,1.19,0,0,0.13,0
0.33,0,1,0,2.39,1.38,-1.23,2,0.22,1,0.06,0,0.22,0.14,0
0.35,1,0,1,-0.37,0.34,0.95,1,0.17,1,-0.22,1.56,0.17,0.17,0
-0.68,1,0,1,-0.28,0.69,-1.23,2,0.29,0,-0.1,0,0,0.19,0
-1.39,1,0,0,0.29,1.03,-0.32,1,0.13,0,-0.93,1.2,0,0.19,0
-0.23,0,0,1,0.1,0,1.69,2,0.4,1,0.5,1.41,0.4,0.13,0
0.33,0,1,0,0.87,1.38,0.4,1,0.11,1,-0.88,2.03,0.11,0.19,0
0.99,1,0,1,-1.33,1.38,-1.23,2,0.22,1,-0.2,0,0.22,0.36,0
0.05,1,0,0,2.01,-0.7,-1.23,2,0.67,1,-0.23,0,0.67,0.05,0
-0.07,1,0,0,0.01,1.38,-1.23,1,0.11,0,-1.68,0,0,0.23,0
1.32,1,0,1,-0.47,0,1,2,0.4,0,-0.56,2.05,0,0.15,0
-0.35,1,0,0,-0.37,-1.04,0.45,1,0.5,1,0.83,0.71,0.5,0.06,0
-1.17,1,0,1,0.77,1.72,-1.23,2,0.2,1,-1.3,0,0.2,0.21,0
-1,1,0,0,0.01,1.72,-1.23,2,0.2,1,-1.42,0,0.2,0.26,0
1.61,1,0,1,-0.76,1.38,-1.23,2,0.22,1,0.7,0,0.22,0.29,0
-0.41,0,0,1,-0.18,-1.39,0.66,2,2,1,1.06,0.73,2,0.03,0
0.15,1,0,0,-0.18,0,1.34,1,0.2,1,1.45,0.87,0.2,0.14,0
-0.03,1,0,0,-0.18,0.69,-1.23,2,0.29,0,1.64,0,0,0.19,0
0.43,1,0,1,-1.14,-1.39,0.79,1,1,0,-1.6,15.89,0,0.04,0
-1.49,0,1,1,0.67,0.34,0.26,1,0.17,1,-0.85,1.8,0.17,0.13,0
0.32,1,0,1,-0.47,-0.7,-1.23,2,0.67,0,-0.77,0,0,0.09,0
0.38,1,0,0,-1.23,0.34,-1.23,2,0.33,1,-1.17,0,0.33,0.23,0
-0.1,0,1,1,0.1,0,0.41,1,0.2,1,0.01,1.01,0.2,0.13,0
-1.49,1,0,0,-0.56,-1.39,0.59,1,1,0,0.74,0.79,0,0.03,0
0.39,0,1,0,0.67,1.03,1.27,1,0.13,0,-1.28,5.92,0,0.17,0
0.52,1,0,1,0.2,1.72,-1.23,2,0.2,1,0.8,0,0.2,0.24,0
-1.68,1,0,1,0.39,1.72,0.58,1,0.1,1,-1.25,3.98,0.1,0.23,0
-1.15,1,0,0,-0.95,-0.35,-1.23,2,0.5,1,0.01,0,0.5,0.14,0
-1.16,0,1,1,0.1,1.03,-1.23,2,0.25,1,-1.3,0,0.25,0.2,0
1.22,1,0,1,1.44,1.03,-0.11,1,0.13,1,-0.53,1,0.13,0.15,0
-0.68,0,1,0,0.48,-0.35,-1.23,2,0.5,1,0.03,0,0.5,0.09,0
-0.72,1,0,1,-0.76,-0.7,-1.23,2,0.67,0,-0.19,0,0,0.1,0
0.33,0,0,0,-0.37,-1.04,0.66,2,1,1,-1.45,6.94,1,0.06,0
0.03,1,0,1,-0.09,1.03,0.69,1,0.13,0,0.88,0.79,0,0.21,0
0.64,1,0,0,-0.85,-1.39,0.21,1,1,1,1.35,0.5,1,0.03,0
-0.32,0,0,0,-0.47,1.03,0.41,1,0.13,0,0.36,0.85,0,0.24,0
0.6,1,0,1,0.29,1.38,0.67,1,0.11,1,-0.4,1.54,0.11,0.21,0
-0.16,0,1,1,-0.09,-1.73,0.43,1,1,0,1.01,0.65,0,0,0
1.02,0,1,0,0.39,-1.39,0.76,1,1,1,1.17,0.74,1,0.02,0
-0.22,0,1,1,-0.66,-0.7,-1.23,2,0.67,1,-1.47,0,0.67,0.09,0
1.92,0,1,0,0.2,0.69,1.18,1,0.14,1,0.97,0.96,0.14,0.17,0
-1.12,0,1,1,-0.47,1.03,0.52,1,0.13,1,0.78,0.75,0.13,0.24,0
-0.06,1,0,0,0.58,1.03,0.14,1,0.13,0,-1.35,3.78,0,0.18,0
2,1,0,0,-0.95,1.03,-1.23,2,0.25,0,0.82,0,0,0.28,0
-0.06,1,0,1,0.1,0.34,0.88,1,0.17,1,1.64,0.68,0.17,0.15,0
1.05,0,1,0,-0.28,-0.7,-1.23,2,0.67,1,-0.9,0,0.67,0.08,0
1.13,0,1,0,0.2,0.34,-1.23,2,0.33,0,0.02,0,0,0.15,0
0.66,0,0,0,0.58,1.38,0.48,2,0.22,1,1.11,0.65,0.22,0.2,0
0.69,1,0,1,1.06,1.38,0.22,1,0.11,1,0.43,0.72,0.11,0.18,0
-0.06,0,0,1,-1.04,0.69,0.66,2,0.29,1,-1.14,3.41,0.29,0.25,0
0.32,1,0,1,-0.66,-0.7,1.16,2,0.67,1,-0.16,1.64,0.67,0.09,0
0.29,0,0,0,-0.18,1.03,0.01,2,0.25,1,1.3,0.44,0.25,0.22,0
-1.27,0,1,1,-1.52,0.69,0.45,1,0.14,0,1.22,0.62,0,0.3,0
0.62,1,0,0,-0.76,-0.7,-1.23,2,0.67,1,0.21,0,0.67,0.1,0
0.85,0,0,1,0.01,0,0.24,1,0.2,1,-0.11,0.98,0.2,0.13,0
0.76,1,0,0,-0.66,0.34,-1.23,2,0.33,1,0.87,0,0.33,0.19,0
0.78,1,0,0,-0.47,-1.73,1.75,1,1,1,0.03,1.82,1,0,0
-1.35,1,0,1,-0.85,-0.7,1.07,2,0.67,1,-1.72,159.59,0.67,0.1,0
-0.98,1,0,1,0.1,0,0.79,1,0.2,1,-0.09,1.32,0.2,0.13,0
-0.74,1,0,0,0.58,-1.04,-1.23,2,1,0,-1.54,0,0,0.04,0
0.24,1,0,1,-0.28,-1.04,1.25,1,0.5,1,-1.26,5.63,0.5,0.06,0
-0.83,1,0,0,-0.95,-1.73,-1.23,1,1,0,-1.1,0,0,0,0
-0.2,1,0,1,1.15,1.03,0.39,1,0.13,0,1.24,0.59,0,0.16,0
-0.28,0,1,1,0.48,-1.39,0.11,1,1,1,-0.33,1.03,1,0.02,0
0.15,1,0,1,-0.37,1.03,0.55,1,0.13,0,1.2,0.66,0,0.23,0
-1.32,0,1,0,-0.28,1.03,0.6,1,0.13,0,-1.51,8.61,0,0.22,0
0.57,0,0,1,-0.76,-1.39,0.65,2,2,0,-0.79,2.15,0,0.03,0
-0.33,1,0,0,0.96,1.38,1.1,1,0.11,0,-1.08,3.81,0,0.18,0
-0.44,0,1,1,2.58,1.03,0.76,1,0.13,1,-0.6,1.88,0.13,0.12,0
-1.29,1,0,0,-0.28,-1.73,-1.23,2,2,0,-0.04,0,0,0,0
-0.48,0,0,0,0.29,1.72,1.44,1,0.1,0,-0.03,1.69,0,0.24,0
-0.15,0,0,1,-0.28,0.34,0.32,1,0.17,0,1.43,0.53,0,0.17,0
0.19,0,1,0,-0.56,1.03,-1.23,2,0.25,1,0.49,0,0.25,0.24,0
-0.27,1,0,1,3.06,0.69,-1.23,2,0.29,1,0.15,0,0.29,0.1,0
-0.2,1,0,1,-0.95,-1.04,-1.23,2,1,1,-1.42,0,1,0.07,0
1.06,1,0,1,0.87,-0.35,-1.23,2,0.5,1,0.81,0,0.5,0.08,0
-0.65,1,0,1,0.1,0,-1.23,2,0.4,0,0.01,0,0,0.13,0
0.81,0,0,1,-1.23,-0.35,0.33,2,0.5,0,-1.06,2.47,0,0.15,0
-1.7,0,1,1,-1.14,0.69,-1.23,2,0.29,0,-1.24,0,0,0.26,0
-0.92,1,0,1,-0.09,0,-1.23,1,0.2,0,0.27,0,0,0.13,0
1.16,0,1,0,-0.66,1.03,-1.23,2,0.25,0,-1.45,0,0,0.25,0
0.19,1,0,1,1.72,0,-1.23,2,0.4,1,-0.75,0,0.4,0.09,0
0.6,1,0,1,0.01,1.03,-1.23,2,0.25,0,-0.76,0,0,0.21,0
-1,0,1,0,0.58,-0.35,-1.23,2,0.5,1,1.62,0,0.5,0.09,0
0.5,1,0,1,-0.18,1.72,-1.23,2,0.2,0,-0.29,0,0,0.27,0
0.84,0,1,1,1.44,-1.73,0.93,1,1,1,-1.51,10.02,1,0,0
-0.53,1,0,1,-0.85,1.38,0.46,1,0.11,1,0.37,0.87,0.11,0.3,0
-1.57,1,0,1,-0.37,1.72,-1.23,2,0.2,0,-1.55,0,0,0.29,0
-1.29,0,1,1,-0.09,-1.04,-1.23,2,1,0,-0.73,0,0,0.05,0
-1.17,0,1,0,-0.09,-1.39,0.33,1,1,1,0.04,0.94,1,0.03,0
0.47,0,1,1,0.77,-1.39,0.49,1,1,1,-0.34,1.32,1,0.02,0
0.29,1,0,0,-0.56,1.38,0.58,2,0.22,0,1.34,0.63,0,0.27,0
2.06,1,0,1,-0.66,-0.35,-1.23,1,0.25,1,1.4,0,0.25,0.13,0
-1.61,0,1,0,0.29,0.69,-1.23,2,0.29,0,0.53,0,0,0.17,0
-1.17,0,1,0,-0.09,0.34,1.05,1,0.17,1,0.83,0.96,0.17,0.16,0
2.06,1,0,1,0.2,-0.7,0.96,1,0.33,1,-0.73,2.36,0.33,0.07,0
-1.42,1,0,1,-0.85,0,-1.23,2,0.4,0,1.09,0,0,0.17,0
-0.34,0,0,0,0.1,-1.39,0.91,2,2,1,-0.79,2.45,2,0.03,0
1.57,0,0,0,0.2,-0.35,0.23,2,0.5,1,1.2,0.54,0.5,0.1,0
-1.07,1,0,1,0.39,-1.39,0.25,1,1,1,-0.34,1.15,1,0.02,0
-0.39,0,0,1,2.87,1.38,0.04,1,0.11,1,-1.59,9,0.11,0.13,0
-0.61,0,0,0,-0.47,0.34,0.41,2,0.33,1,0.04,1,0.33,0.18,0
-1.08,1,0,1,-0.95,0,-1.23,1,0.2,1,-0.09,0,0.2,0.17,0
0.73,0,0,1,-0.18,-0.35,0.35,1,0.25,0,-0.16,1.08,0,0.11,0
-0.27,0,1,1,-0.37,-1.04,-1.23,2,1,0,-0.22,0,0,0.06,0
-1.46,0,0,0,-0.95,-1.73,0.5,2,2,1,-0.13,1.16,2,0,0
0.03,0,1,1,-0.37,1.38,-1.23,2,0.22,1,-0.94,0,0.22,0.26,0
0.6,0,1,0,-0.18,1.03,-1.23,3,0.38,0,-0.49,0,0,0.22,0
-0.95,1,0,1,-0.66,1.38,1.1,1,0.11,0,0.06,1.4,0,0.28,0
0.35,0,0,1,-0.18,-0.35,0.99,2,0.5,1,-0.83,2.64,0.5,0.11,0
0.6,1,0,1,-1.23,0.34,1.28,1,0.17,1,-1.66,35.49,0.17,0.23,0
-0.43,0,1,1,-0.18,0,0.85,1,0.2,1,-1.27,4.83,0.2,0.14,0
-0.34,0,0,0,-0.95,1.72,0.38,2,0.2,1,-1.17,3.08,0.2,0.34,0
2.06,1,0,0,-0.37,0.34,0.08,1,0.17,0,-1.73,99.13,0,0.17,0
-0.58,0,0,1,0.1,-1.73,1.21,2,2,1,-0.29,1.82,2,0,0
-0.36,0,1,1,3.06,-0.35,-1.23,2,0.5,1,1.28,0,0.5,0.06,0
-0.44,0,1,0,-0.09,1.38,0.42,1,0.11,1,-0.74,1.78,0.11,0.24,0
0.62,1,0,1,-1.71,-0.35,0.52,2,0.5,1,-0.76,1.94,0.5,0.19,0
0.46,1,0,1,-0.95,0,-1.23,2,0.4,1,-1.62,0,0.4,0.17,0
-1.25,0,0,1,-0.56,1.38,-0.02,1,0.11,1,0.03,0.74,0.11,0.27,0
-1.46,0,1,1,-0.95,-1.39,-1.23,2,2,0,-0.54,0,0,0.03,0
1.11,0,0,1,-0.56,-1.73,0.84,2,2,1,-1.28,4.85,2,0,0
0.15,1,0,1,1.15,-1.04,-1.23,1,0.5,0,-0.81,0,0,0.04,0
-0.2,0,0,0,-1.61,0.34,1,1,0.17,1,-0.63,2.18,0.17,0.27,0
-0.77,0,1,1,-0.56,-0.7,-1.23,2,0.67,1,1.57,0,0.67,0.09,0
-1.1,0,1,1,-1.61,-0.7,-0.16,1,0.33,1,0.18,0.6,0.33,0.14,0
-1.75,1,0,0,-0.47,0,-1.23,2,0.4,1,0.44,0,0.4,0.15,0
-1.43,0,1,1,-0.76,0.34,-1.23,2,0.33,0,1.19,0,0,0.19,0
0.73,0,1,1,-0.09,0.69,-1.23,1,0.14,1,-0.81,0,0.14,0.18,0
-2.04,1,0,0,-0.18,-0.35,0.89,2,0.5,0,-1.58,14.73,0,0.11,0
-0.92,1,0,1,0.87,-0.7,0.25,1,0.33,1,1.1,0.57,0.33,0.06,0
0.33,1,0,1,0.1,-0.35,-1.23,2,0.5,1,0.71,0,0.5,0.1,0
1.01,1,0,1,0.1,-0.7,0.3,1,0.33,0,1.24,0.56,0,0.08,0
0.81,1,0,0,-0.66,1.38,-1.23,2,0.22,0,0.88,0,0,0.28,0
0.13,1,0,1,0.01,-0.35,-1.23,1,0.25,0,-0.4,0,0,0.1,0
-0.24,0,0,1,2.2,-0.7,1.07,2,0.67,1,0.75,1,0.67,0.05,0
0.65,1,0,1,0.67,0,-1.23,1,0.2,1,-0.77,0,0.2,0.11,0
-0.92,0,0,1,-0.76,-1.04,0.58,1,0.5,1,1.5,0.6,0.5,0.06,0
-0.19,1,0,1,0.39,-1.04,0.38,1,0.5,0,-1.32,4.12,0,0.05,0
0.08,0,1,1,-1.71,0.69,-1.23,2,0.29,1,0.94,0,0.29,0.33,0
-0.55,1,0,1,-1.9,-1.04,-1.23,2,1,1,-0.16,0,1,0.11,0
-1.43,1,0,0,-0.56,0.34,0.72,2,0.33,1,-0.29,1.45,0.33,0.18,0
0.55,1,0,1,0.01,-1.04,0.56,1,0.5,0,1.73,0.56,0,0.05,0
-1.83,1,0,1,-1.23,0.34,-1.23,2,0.33,0,0.91,0,0,0.23,0
-0.48,0,0,1,-0.28,1.72,0.59,1,0.1,1,0.6,0.84,0.1,0.28,0
0.34,1,0,1,0.2,0.34,0.31,2,0.33,1,1.47,0.52,0.33,0.15,0
-1.17,1,0,1,-1.04,-1.73,0.2,2,2,1,1.56,0.47,2,0,0
1.48,0,1,1,-0.76,-1.73,1.1,2,2,1,1.31,0.82,2,0,0
-1.61,1,0,0,-0.09,-1.04,-0.21,1,0.5,1,-0.92,1.34,0.5,0.05,0
-1.02,0,0,1,-0.09,1.72,0.89,2,0.2,1,-0.93,2.84,0.2,0.26,0
-0.5,1,0,0,-0.95,-0.7,0.2,2,0.67,1,-0.65,1.42,0.67,0.1,0
-0.45,0,0,1,0.1,0,0.23,1,0.2,1,1.42,0.5,0.2,0.13,0
0.79,1,0,0,-0.76,-1.04,-0.39,2,1,1,1.05,0.33,1,0.06,0
-1.74,1,0,1,-0.09,-0.35,0.78,1,0.25,0,-1.12,3.49,0,0.11,0
0.37,1,0,0,-0.47,-1.39,-1.23,2,2,0,-0.22,0,0,0.03,0
-0.65,0,0,1,-0.37,-0.7,0.45,1,0.33,0,-0.1,1.1,0,0.09,0
-0.47,0,1,0,0.87,1.72,1.18,1,0.1,1,0.58,1.13,0.1,0.21,0
-0.7,1,0,1,0.01,-1.39,0.85,2,2,0,-0.47,1.77,0,0.03,0
0.91,0,0,1,-0.18,0.69,1.03,2,0.29,0,1.66,0.72,0,0.19,0
0.97,0,1,1,-0.85,-1.39,0.83,1,1,0,0.37,1.05,0,0.03,0
1.35,1,0,1,-1.52,-1.04,0.5,1,0.5,0,1.28,0.62,0,0.09,0
0.5,1,0,1,-0.47,-1.04,0.66,1,0.5,0,1.48,0.63,0,0.06,0
-0.12,1,0,0,-1.14,-1.04,-1.23,2,1,0,0.44,0,0,0.07,0
-0.7,1,0,0,-1.14,-0.35,-1.23,3,0.75,0,1.1,0,0,0.15,0
-0.66,1,0,1,0.29,-1.39,-1.23,1,1,0,0.4,0,0,0.02,0
0.45,1,0,1,0.1,1.38,-1.23,2,0.22,0,-1.04,0,0,0.23,0
-1.44,1,0,0,-0.85,0,-1.23,2,0.4,0,0.76,0,0,0.17,0
1.42,1,0,1,-0.66,-0.35,0.57,1,0.25,0,-0.19,1.25,0,0.13,0
-1.29,0,1,1,2.58,0.69,0.89,2,0.29,1,1.01,0.83,0.29,0.11,0
0.42,1,0,0,-0.56,0.34,-1.23,2,0.33,1,0.01,0,0.33,0.18,0
-1.75,1,0,0,0.01,0.34,-1.23,1,0.17,1,-1.31,0,0.17,0.15,0
1.05,1,0,1,-0.56,-0.35,-1.23,2,0.5,1,-1.05,0,0.5,0.12,0
0.08,1,0,0,-0.09,0.34,0.42,1,0.17,0,0.97,0.66,0,0.16,0
0.29,0,1,1,0.29,-1.04,-1.23,1,0.5,1,1.19,0,0.5,0.05,0
1.07,0,0,1,-1.14,0.69,0.66,2,0.29,1,-0.21,1.34,0.29,0.26,0
-0.18,0,1,0,0.01,-1.04,-1.23,2,1,0,1.58,0,0,0.05,0
0.24,1,0,0,-0.76,-1.39,-1.23,1,1,0,0.5,0,0,0.03,0
-0.52,0,0,1,-1.04,-1.04,0.64,1,0.5,1,-0.7,1.95,0.5,0.07,0
-0.06,0,1,1,0.96,1.03,-1.23,2,0.25,0,1.08,0,0,0.16,0
0.49,1,0,1,-0.28,0.34,-1.23,2,0.33,1,-1.41,0,0.33,0.17,0
-1.47,0,1,1,1.44,1.72,-1.23,1,0.1,1,1.32,0,0.1,0.19,0
0.91,1,0,0,0.01,-1.39,0.29,2,2,1,1.55,0.5,2,0.03,0
0.57,0,0,0,0.01,1.03,0.58,1,0.13,1,-1.62,16.79,0.13,0.21,0
-0.75,0,0,0,-0.28,1.03,0.85,1,0.13,1,0.76,0.9,0.13,0.22,0
0.5,1,0,1,-0.66,-0.7,-1.23,2,0.67,1,1.23,0,0.67,0.09,0
1.82,1,0,0,-0.85,0,-1.23,2,0.4,1,1,0,0.4,0.17,0
-0.98,1,0,0,0.77,-1.04,1.02,1,0.5,1,-0.86,2.78,0.5,0.04,0
1.18,1,0,1,-0.47,1.38,0.25,1,0.11,0,0.66,0.66,0,0.26,0
-1.1,0,1,1,-0.18,-1.04,-1.23,2,1,0,0.61,0,0,0.05,0
0.93,0,1,0,-0.76,1.03,-1.23,2,0.25,0,-0.23,0,0,0.26,0
2.06,0,1,1,-0.09,0.69,0.62,1,0.14,1,1.08,0.71,0.14,0.18,0
1.19,0,0,1,-0.85,-0.35,0.82,2,0.5,1,-1.24,4.42,0.5,0.13,0
-0.4,1,0,0,-0.56,-1.73,-0.19,2,2,0,0.04,0.63,0,0,0
-0.06,1,0,0,1.53,0.69,-1.23,2,0.29,1,-1.42,0,0.29,0.13,0
0.47,0,0,1,0.39,-0.35,0.6,1,0.25,1,1.04,0.71,0.25,0.09,0
0.68,1,0,0,0.1,-0.7,-1.23,2,0.67,1,1.17,0,0.67,0.08,0
-0.63,1,0,1,-0.66,1.38,-1.23,2,0.22,0,0.67,0,0,0.28,0
0.06,1,0,0,0.58,0.69,1.11,1,0.14,1,1.73,0.73,0.14,0.16,0
-1.84,0,0,0,-0.37,0.69,0.88,1,0.14,0,1.56,0.69,0,0.2,0
0.73,1,0,1,0.2,0.69,-1.23,2,0.29,1,-0.68,0,0.29,0.17,0
-1.39,0,1,0,-0.76,0.69,-1.23,1,0.14,0,-0.92,0,0,0.23,0
2.06,1,0,1,-0.56,-1.73,0.77,1,1,1,-1.15,3.7,1,0,0
1.53,0,0,0,-0.09,-0.35,0.84,1,0.25,0,0.99,0.82,0,0.11,0
-0.4,0,0,1,3.54,0.34,0.32,1,0.17,1,1.59,0.5,0.17,0.08,0
-1.14,1,0,0,0.1,-0.7,1.42,1,0.33,1,1.73,0.83,0.33,0.08,0
0.71,0,1,0,-0.56,0.69,-1.23,2,0.29,0,-1.39,0,0,0.21,0
1.51,0,1,1,-0.66,0,0.42,2,0.4,1,0.31,0.87,0.4,0.16,0
2.06,0,0,0,0.1,0.69,0.45,1,0.14,1,-1.73,139.66,0.14,0.18,0
-0.53,0,1,1,-0.37,0.34,0.97,1,0.17,0,-0.4,1.78,0,0.17,0
0.76,1,0,0,-0.85,1.38,1.06,1,0.11,1,0.13,1.32,0.11,0.3,0
-1.47,1,0,0,0.39,1.38,-1.23,1,0.11,0,0.06,0,0,0.21,0
1.27,0,1,1,-0.18,-1.04,0.43,2,1,0,1.36,0.58,0,0.05,0
-1.29,1,0,1,-1.04,-1.39,0.57,1,1,1,0.46,0.89,1,0.04,0
-1.12,1,0,0,-0.95,0.69,-1.23,2,0.29,1,1.68,0,0.29,0.24,0
-1.87,1,0,1,-0.37,-1.39,0.32,1,1,0,-1.64,16.18,0,0.03,0
1.6,0,1,1,-0.18,0,-1.23,2,0.4,0,-1.36,0,0,0.14,0
0.22,1,0,1,-0.18,0,1.23,1,0.2,1,1.09,0.94,0.2,0.14,0
1.27,1,0,1,0.58,1.03,0.33,1,0.13,1,0.24,0.85,0.13,0.18,0
-0.38,1,0,1,0.48,0.34,-1.23,2,0.33,1,0.08,0,0.33,0.14,0
0.55,1,0,0,0.1,0.34,0.3,1,0.17,1,1.39,0.53,0.17,0.15,0
-0.67,0,1,1,0.2,-0.7,-0.2,1,0.33,0,-0.28,0.76,0,0.07,0
0.27,1,0,0,-1.42,-1.73,1.15,2,2,0,1.44,0.81,0,0,0
-0.96,0,1,0,-0.76,0.69,-1.23,2,0.29,0,1.16,0,0,0.23,0
-0.17,0,0,0,-0.18,0.69,1.07,2,0.29,0,1.61,0.74,0,0.19,0
0.05,0,0,1,-0.18,1.38,0.72,1,0.11,1,1.39,0.67,0.11,0.24,0
-0.33,0,0,0,-1.04,0.34,0.36,2,0.33,0,-0.9,2.05,0,0.21,0
0.12,1,0,0,0.2,-0.35,-1.23,2,0.5,0,0.46,0,0,0.1,0
0.56,0,1,1,-0.56,0.69,-0.13,1,0.14,1,-0.61,1.05,0.14,0.21,0
-0.21,0,0,0,-1.33,0.69,0.05,1,0.14,0,-0.11,0.85,0,0.28,0
2.06,1,0,1,-0.37,-1.04,-1.23,2,1,1,-0.75,0,1,0.06,0
-0.8,1,0,0,-0.66,1.38,0.78,2,0.22,1,0.52,0.96,0.22,0.28,0
0.3,1,0,1,-1.14,-0.7,-1.23,1,0.33,0,-1.18,0,0,0.11,0
1.11,1,0,0,-0.66,-1.04,0.13,1,0.5,1,-0.43,1.12,0.5,0.06,0
-0.55,1,0,1,0.58,0.69,-1.23,2,0.29,0,1.18,0,0,0.16,0
-0.73,0,0,1,-0.37,1.72,0.96,2,0.2,1,-1.31,5.5,0.2,0.29,0
-0.3,1,0,1,1.91,0,0.69,1,0.2,1,-0.69,1.98,0.2,0.08,0
-0.13,0,0,1,2.2,-0.35,0.52,2,0.5,1,-0.45,1.46,0.5,0.06,0
-0.11,1,0,0,-1.8,-0.35,-1.23,2,0.5,1,-0.38,0,0.5,0.2,0
-0.07,0,1,1,-1.04,-1.73,-1.23,2,2,0,0.34,0,0,0,0
1.06,1,0,0,-0.76,0.34,0.48,1,0.17,0,-0.15,1.17,0,0.19,0
0.52,1,0,0,0.2,-1.04,-1.23,1,0.5,0,-0.91,0,0,0.05,0
0.59,0,1,1,-1.9,0.69,0.58,1,0.14,1,-1.66,25.07,0.14,0.37,0
-1.34,0,1,0,-1.61,1.72,-1.23,1,0.1,1,0.02,0,0.1,0.45,0
-0.15,1,0,0,-1.42,1.38,-1.23,2,0.22,1,-1.07,0,0.22,0.38,0
-1.26,1,0,0,-0.76,0,-1.23,2,0.4,0,-1.27,0,0,0.16,0
1.1,1,0,1,-1.04,-0.7,-0.02,1,0.33,1,1.73,0.38,0.33,0.11,0
1.21,0,1,0,-1.42,0,-1.23,2,0.4,1,-0.57,0,0.4,0.21,0
-1.3,0,1,1,-0.56,0,-1.23,2,0.4,0,1.06,0,0,0.15,0
1.12,0,1,1,-0.09,-1.39,-1.23,2,2,0,-1.38,0,0,0.03,0
0.91,1,0,0,-1.23,-0.7,-1.23,2,0.67,0,-0.57,0,0,0.12,0
-1.06,0,1,1,-0.18,-0.35,-1.23,1,0.25,0,0.38,0,0,0.11,0
-0.37,0,1,1,1.91,-0.35,1.27,1,0.25,1,0.18,1.41,0.25,0.07,0
2.06,0,0,1,-0.09,0.69,0.41,2,0.29,0,-0.98,2.33,0,0.18,0
-1.69,1,0,0,-0.47,-1.04,0.31,1,0.5,0,-1.58,10.57,0,0.06,0
0.83,1,0,1,-0.85,0.69,-1.23,2,0.29,1,0.75,0,0.29,0.23,0
0.78,0,1,0,-0.37,1.38,-1.23,2,0.22,1,0.01,0,0.22,0.26,0
-0.43,1,0,0,-0.37,-1.04,1.14,1,0.5,0,0.69,1.06,0,0.06,0
0.66,1,0,1,1.25,-0.35,0.39,1,0.25,1,1.51,0.54,0.25,0.08,0
0.49,0,1,1,-1.14,0.34,0.78,2,0.33,0,-1.26,4.54,0,0.22,0
-0.51,1,0,0,0.67,-0.7,0.35,1,0.33,0,0.66,0.71,0,0.07,0
1.23,0,1,1,0.2,-1.39,-0.06,1,1,0,-1.29,2.82,0,0.02,0
2.06,0,0,1,0.48,-0.7,1.02,2,0.67,1,1.5,0.75,0.67,0.07,0
-1.69,0,1,1,-0.56,1.03,1.11,1,0.13,0,-1.02,3.52,0,0.24,0
0.93,0,0,0,0.1,-1.04,0.73,2,1,1,-1.2,3.97,1,0.05,0
0.37,1,0,1,0.01,-0.35,-1.23,2,0.5,0,0.96,0,0,0.1,0
-0.4,0,1,0,-0.28,0,0.69,2,0.4,0,1.03,0.75,0,0.14,0
0.05,0,1,1,-0.18,1.03,1.4,2,0.25,0,-0.41,2.15,0,0.22,0
-0.35,1,0,1,-0.47,-1.39,-0.24,2,2,0,0.1,0.58,0,0.03,0
0.24,1,0,0,-1.14,-0.35,0.04,1,0.25,1,-0.86,1.56,0.25,0.15,0
0.63,0,1,1,-0.66,0,-1.23,2,0.4,1,0.83,0,0.4,0.16,0
-0.27,0,0,0,-1.14,0.69,0.45,1,0.14,1,1.17,0.63,0.14,0.26,0
-0.55,0,1,1,-1.23,0,-1.23,2,0.4,1,-0.09,0,0.4,0.19,0
0.33,0,1,1,0.67,-0.35,-1.23,1,0.25,1,-1.66,0,0.25,0.09,0
1.29,1,0,1,0.58,1.03,-1.23,1,0.13,0,0.53,0,0,0.18,0
0.79,1,0,0,-0.95,-1.39,1.12,1,1,1,1.28,0.85,1,0.03,0
-0.22,1,0,1,-0.76,0.34,-1.23,2,0.33,0,-0.11,0,0,0.19,0
0.35,1,0,1,0.67,-1.73,-1.23,2,2,1,-1.11,0,2,0,0
-1.05,0,0,0,-0.18,-1.39,0.87,2,2,1,0.49,1.02,2,0.03,0
-0.6,0,0,1,2.87,-1.04,1.77,2,1,1,0.1,1.77,1,0.03,0
-1.19,0,1,1,0.1,1.38,-1.23,2,0.22,1,-1.53,0,0.22,0.23,0
0.58,1,0,0,-0.28,0.34,-1.23,1,0.17,0,-0.02,0,0,0.17,0
-0.61,0,1,1,0.2,-1.73,-1.23,2,2,0,-0.59,0,0,0,0
0.54,1,0,1,0.48,0.34,0.36,1,0.17,0,0.89,0.65,0,0.14,0
0.75,0,1,0,0.58,-0.35,-1.23,2,0.5,0,-1.09,0,0,0.09,0
-2.05,0,0,1,1.25,-1.39,0.35,2,2,0,-0.14,1.07,0,0.02,0
-1.02,0,1,1,0.29,-0.35,-1.23,2,0.5,0,1.66,0,0,0.1,0
-1.77,0,0,0,-1.52,1.38,0.75,1,0.11,1,-0.09,1.3,0.11,0.39,0
1.22,1,0,1,-1.33,0.34,-1.23,2,0.33,1,-1.37,0,0.33,0.24,0
0.95,1,0,1,-0.76,-0.35,0.46,1,0.25,1,-1.4,5.34,0.25,0.13,0
0.58,0,1,1,0.48,-0.7,-1.23,2,0.67,1,0.61,0,0.67,0.07,0
0.7,0,1,1,-0.66,1.03,-1.23,2,0.25,1,-1.02,0,0.25,0.25,0
1.15,1,0,1,-0.76,0.69,0.66,1,0.14,1,1.03,0.74,0.14,0.23,0
1.26,1,0,1,-1.52,-1.04,-1.23,2,1,0,-1.42,0,0,0.09,0
-1.54,1,0,1,0.58,-1.73,-1.23,1,1,0,-0.27,0,0,0,0
-0.91,1,0,0,-0.47,0.34,-1.23,2,0.33,0,-1.11,0,0,0.18,0
0.26,1,0,0,0.2,-0.35,0.4,1,0.25,1,-0.36,1.28,0.25,0.1,0
-0.77,0,1,1,1.25,-1.04,0.39,2,1,1,-1.45,6.04,1,0.04,0
-0.22,0,1,1,-0.37,-0.35,1.57,2,0.5,1,1.01,1.1,0.5,0.11,0
-0.26,0,1,1,1.25,1.03,0.72,1,0.13,0,-0.89,2.47,0,0.15,0
-0.23,1,0,1,0.58,1.38,-1.23,2,0.22,1,-0.06,0,0.22,0.2,0
-1.86,0,0,0,-0.28,0,0.22,2,0.4,1,-0.06,0.93,0.4,0.14,0
1.66,1,0,0,0.58,0,-1.23,2,0.4,1,0.8,0,0.4,0.11,0
-1.52,1,0,1,0.29,-0.7,0.94,2,0.67,0,0.61,1,0,0.07,0
0.38,1,0,0,-1.42,-0.7,0.55,1,0.33,0,1.02,0.7,0,0.13,0
0.1,0,0,0,-0.18,-1.04,0.91,1,0.5,0,-0.5,1.86,0,0.05,0
-1.06,1,0,0,0.2,-0.35,0.1,1,0.25,1,-0.77,1.48,0.25,0.1,0
-0.43,0,0,1,-0.76,1.38,0.44,1,0.11,1,0.87,0.69,0.11,0.29,0
0.77,0,0,1,0.1,1.03,0.44,1,0.13,0,-0.66,1.68,0,0.2,0
-0.92,0,0,0,-0.76,1.38,0.65,1,0.11,1,0.15,1.08,0.11,0.29,0
-1.2,0,1,1,-0.18,-0.7,1.59,2,0.67,1,-1.58,18.99,0.67,0.08,0
0.11,1,0,0,-0.85,0.69,-1.23,2,0.29,0,-0.49,0,0,0.23,0
1.25,1,0,1,-1.14,-1.04,-1.23,2,1,1,1.73,0,1,0.07,0
-1.09,1,0,1,-1.23,0.69,-1.23,2,0.29,1,0.98,0,0.29,0.27,0
2.06,0,0,0,-0.56,-1.04,0.11,1,0.5,1,-0.44,1.11,0.5,0.06,0
-0.51,0,0,1,0.39,-0.7,1.05,2,0.67,1,0.19,1.28,0.67,0.07,0
0.64,0,0,1,-0.09,0.69,0.9,2,0.29,1,-0.71,2.25,0.29,0.18,0
-0.64,1,0,0,-0.76,1.72,0.55,1,0.1,0,0.84,0.75,0,0.32,0
-0.52,0,1,1,-0.18,1.03,1.62,1,0.13,1,-0.4,2.3,0.13,0.22,0
-0.09,0,0,1,0.2,-0.35,1.3,1,0.25,0,-0.57,2.34,0,0.1,0
-0.83,0,0,0,1.72,0,0.16,1,0.2,1,0.06,0.84,0.2,0.09,0
1.51,1,0,1,-0.85,-1.04,0.97,2,1,0,-0.65,2.18,0,0.07,0
-0.09,0,1,0,-0.28,0.34,-1.23,2,0.33,1,-0.04,0,0.33,0.17,0
0.05,1,0,1,-1.04,1.72,-1.23,2,0.2,1,0.46,0,0.2,0.36,0
-0.35,1,0,0,-0.47,-1.73,0.88,2,2,0,1.45,0.72,0,0,0
1.15,0,0,1,-1.04,-0.7,0.78,2,0.67,1,0.1,1.18,0.67,0.11,0
0.54,0,0,1,-0.37,0,1.03,2,0.4,0,1.18,0.84,0,0.14,0
-1.49,1,0,1,0.2,-0.7,-0.28,2,0.67,1,0.67,0.42,0.67,0.07,0
-0.6,1,0,1,-0.76,1.38,-1.23,2,0.22,1,-1.38,0,0.22,0.29,0
-0.03,1,0,1,-1.52,1.38,1.47,1,0.11,0,0.6,1.25,0,0.39,0
-1.95,0,0,1,-0.47,-1.39,0.29,2,2,0,0.67,0.68,0,0.03,0
-0.56,0,1,1,-0.28,-1.04,-1.23,2,1,1,0.44,0,1,0.06,0
-1.62,1,0,1,0.1,0.69,-1.23,2,0.29,1,1.01,0,0.29,0.18,0
-0.24,1,0,1,3.25,-1.73,1.12,1,1,1,-0.98,3.35,1,0,0
2.06,0,1,1,-0.18,-1.04,-1.23,2,1,0,0.35,0,0,0.05,0
-0.19,1,0,0,0.96,0,1.47,1,0.2,0,0.7,1.2,0,0.1,0
-1.66,1,0,1,-0.56,-1.39,-1.23,2,2,1,-0.34,0,2,0.03,0
0.67,1,0,1,0.1,0.69,-1.23,1,0.14,1,0.72,0,0.14,0.18,0
0.29,1,0,1,0.87,1.03,-1.23,2,0.25,0,-1.33,0,0,0.17,0
-1.92,0,1,0,-0.56,0.34,-1.23,2,0.33,1,-0.08,0,0.33,0.18,0
0.88,0,1,1,-0.66,0.69,-1.23,1,0.14,1,-0.37,0,0.14,0.22,0
-1.55,0,0,0,-0.47,0.69,0.27,1,0.14,1,1.73,0.47,0.14,0.21,0
-1.2,1,0,0,-0.95,0,-1.23,2,0.4,1,-0.82,0,0.4,0.17,0
1.12,1,0,0,-0.56,-1.04,-1.23,2,1,0,-0.76,0,0,0.06,0
1.74,1,0,1,-0.37,-1.39,-1.23,2,2,1,-1.68,0,2,0.03,0
-1.22,0,0,1,0.39,-0.35,0.06,2,0.5,1,-1.52,6.42,0.5,0.09,0
-0.19,0,0,0,-0.37,-1.04,1.19,2,1,0,-0.62,2.33,0,0.06,0
0.38,1,0,0,-0.47,1.38,0.79,1,0.11,0,1.72,0.63,0,0.26,0
0.17,0,0,0,-0.56,-0.35,0.81,2,0.5,0,-0.54,1.84,0,0.12,0
0.5,0,1,0,-1.33,1.03,-1.23,2,0.25,1,-0.83,0,0.25,0.32,0
-1.59,0,1,1,-0.18,1.03,0.84,2,0.25,1,1.11,0.79,0.25,0.22,0
1.34,0,1,0,-0.56,0.34,1.11,1,0.17,1,0.95,0.94,0.17,0.18,0
0.02,1,0,0,-0.18,-0.35,-1.23,2,0.5,0,0.75,0,0,0.11,0
-1.68,1,0,0,-0.76,1.03,0.34,1,0.13,0,0.42,0.79,0,0.26,0
-0.81,1,0,1,-1.42,-1.39,-1.23,2,2,1,0.89,0,2,0.04,0
1.08,1,0,0,-0.09,-1.39,-1.23,2,2,0,-1.38,0,0,0.03,0
1.33,0,0,0,-1.42,1.72,0.73,2,0.2,0,-0.98,2.8,0,0.42,0
0.44,0,1,0,0.67,-0.7,1.21,1,0.33,0,1.4,0.84,0,0.07,0
-1.25,0,1,0,-1.61,0.69,-1.23,2,0.29,0,0.07,0,0,0.32,0
0.91,0,1,0,-0.56,-0.7,0.73,2,0.67,1,-1.26,4.38,0.67,0.09,0
0.41,0,0,1,-0.76,-1.04,0.97,2,1,0,-0.78,2.48,0,0.06,0
-0.41,1,0,0,-0.85,1.38,0.19,1,0.11,0,1.67,0.45,0,0.3,0
-0.08,0,1,1,-0.47,0.34,-1.23,2,0.33,1,0.28,0,0.33,0.18,0
0.79,0,1,0,-0.76,1.72,0.33,2,0.2,0,-0.41,1.27,0,0.32,0
-1.47,1,0,0,2.39,-1.04,-1.23,1,0.5,1,-1.63,0,0.5,0.03,0
-1.04,1,0,1,-0.76,0,1.05,2,0.4,1,0.38,1.16,0.4,0.16,0
1.07,0,0,0,0.01,-0.7,1.35,1,0.33,1,-1.32,6.66,0.33,0.08,0
1.12,1,0,1,-1.23,-0.35,-1.23,2,0.5,0,0.61,0,0,0.15,0
1.48,0,1,1,-0.56,1.03,-1.23,2,0.25,0,-0.15,0,0,0.24,0
-1.05,1,0,1,-0.95,-0.7,-1.23,2,0.67,0,0.8,0,0,0.1,0
0.21,1,0,1,-0.76,-1.73,0.64,1,1,0,1.25,0.68,0,0,0
-0.19,1,0,0,-1.71,-1.39,-1.23,2,2,0,-0.28,0,0,0.05,0
-0.74,1,0,1,-0.09,1.03,-1.23,2,0.25,0,-0.14,0,0,0.21,0
1.01,1,0,1,-0.47,0,0.12,1,0.2,1,0.64,0.61,0.2,0.15,0
-1.68,0,0,0,-1.04,0.69,1.01,2,0.29,0,0.12,1.3,0,0.25,0
0.62,0,0,1,1.82,0.69,1.5,2,0.29,1,-1.56,16.21,0.29,0.12,0
1.27,1,0,1,2.39,-1.04,1.11,1,0.5,1,1.5,0.78,0.5,0.03,0
0.07,0,1,1,3.44,0.69,0.8,1,0.14,1,-0.15,1.38,0.14,0.09,0
-0.74,1,0,0,-1.23,1.72,1.38,1,0.1,1,-1.42,8.8,0.1,0.38,0
-1.12,1,0,1,-0.95,1.38,-1.23,1,0.11,0,-1.6,0,0,0.31,0
0.6,1,0,0,-0.66,-1.04,0.18,1,0.5,0,0.67,0.63,0,0.06,0
-0.35,0,1,1,2.11,-0.7,0.6,1,0.33,1,-1.08,2.99,0.33,0.05,0
1.23,1,0,0,3.25,-1.39,-1.23,1,1,1,-1.22,0,1,0.01,0
-0.44,0,0,1,-1.23,-1.39,0.48,1,1,1,-1.62,15.1,1,0.04,0
-1.53,0,1,1,-0.76,-0.35,-1.23,2,0.5,1,-1.36,0,0.5,0.13,0
-0.44,0,0,0,-0.09,1.03,0.44,2,0.25,1,0.64,0.76,0.25,0.21,0
2.06,0,0,0,0.1,-0.35,0.34,2,0.5,0,0.11,0.92,0,0.1,0
-0.62,0,0,0,-0.47,-0.35,1.19,1,0.25,1,-0.48,2.08,0.25,0.12,0
-0.74,0,1,1,-0.18,-0.35,-1.23,2,0.5,1,-1.18,0,0.5,0.11,0
-0.83,1,0,1,0.01,1.72,0.85,2,0.2,0,-0.34,1.61,0,0.26,0
0.6,1,0,0,-0.18,1.38,-1.23,2,0.22,0,-1.45,0,0,0.24,0
-0.41,1,0,1,1.34,-0.7,0.11,1,0.33,0,-1.72,67.64,0,0.06,0
0.5,0,0,1,-0.28,0.34,1.13,1,0.17,1,-1.15,4.37,0.17,0.17,0
0.55,1,0,1,-0.28,-0.7,0.61,1,0.33,1,-0.58,1.71,0.33,0.08,0
0.66,0,0,1,0.01,-0.7,1.18,2,0.67,0,-0.63,2.35,0,0.08,0
-0.72,0,1,0,0.39,-0.35,1.5,1,0.25,1,0,1.7,0.25,0.09,0
-0.61,1,0,1,-1.14,-0.7,-1.23,2,0.67,1,-1.4,0,0.67,0.11,0
-1.03,1,0,1,0.39,0.69,-1.23,2,0.29,0,1.36,0,0,0.16,0
0.4,0,0,0,-1.04,-1.04,-0.19,2,1,0,-0.37,0.82,0,0.07,0
-0.48,1,0,0,1.63,-1.73,-0.22,1,1,1,0.43,0.5,1,0,0
-1.41,1,0,0,0.2,0.69,-1.23,2,0.29,1,-1.68,0,0.29,0.17,0
0.49,1,0,1,-0.95,0,0.3,1,0.2,1,0.92,0.62,0.2,0.17,0
-0.8,0,0,1,-0.76,-1.73,0.93,1,1,1,-0.52,1.91,1,0,0
-2.09,0,1,0,-0.56,1.03,-1.23,2,0.25,0,0.99,0,0,0.24,0
2.06,0,0,0,-0.76,-0.7,-0.4,1,0.33,0,-1.12,1.44,0,0.1,0
-0.4,1,0,1,0.2,0,-1.23,3,0.6,0,0.89,0,0,0.12,0
0.41,0,1,1,0.96,1.03,0.64,1,0.13,1,-0.85,2.29,0.13,0.16,0
-0.53,0,1,0,0.96,-1.04,-1.23,2,1,0,0.19,0,0,0.04,0
-1.58,1,0,1,-0.56,-1.39,1.95,1,1,0,-0.53,2.84,0,0.03,0
1.57,0,1,1,1.15,0.69,-1.23,1,0.14,1,-1.03,0,0.14,0.14,0
-0.07,1,0,1,-0.56,1.38,1.04,1,0.11,0,-0.08,1.48,0,0.27,0
0.66,1,0,1,-0.47,1.72,-1.23,2,0.2,1,-0.35,0,0.2,0.29,0
-1.33,0,1,1,-0.85,-0.7,-1.23,2,0.67,0,0.79,0,0,0.1,0
-1.54,0,0,0,0.1,0.69,0.65,1,0.14,0,1.67,0.6,0,0.18,0
0.82,0,1,0,2.2,-1.04,-1.23,2,1,1,1.09,0,1,0.03,0
-0.63,0,0,1,-0.28,0.34,0.25,2,0.33,1,1.3,0.53,0.33,0.17,0
-1.99,0,0,1,-0.37,1.38,1.13,2,0.22,1,-1.68,42.22,0.22,0.26,0
-1.01,0,1,1,0.2,0.34,1.1,1,0.17,1,-1.4,7.49,0.17,0.15,0
-1.77,1,0,1,0.77,-1.39,-1.23,1,1,0,-0.08,0,0,0.02,0
0.44,1,0,1,-0.76,-1.04,-1.23,2,1,1,0.13,0,1,0.06,0
0.58,0,1,1,0.39,1.72,-1.23,2,0.2,0,0.32,0,0,0.23,0
-0.15,0,1,1,-0.18,-1.39,0.62,1,1,0,-0.83,2.19,0,0.03,0
1.62,1,0,1,-0.56,1.72,0.41,2,0.2,0,1.36,0.57,0,0.3,0
-0.71,1,0,1,-0.76,-1.04,-1.23,2,1,1,-1.15,0,1,0.06,0
0.45,1,0,1,-0.66,-1.73,0.25,1,1,1,-0.7,1.53,1,0,0
1.31,1,0,1,0.01,1.03,-1.23,2,0.25,1,-1.42,0,0.25,0.21,0
-0.54,0,0,1,-0.66,1.38,0.76,2,0.22,0,1.72,0.62,0,0.28,0
-0.65,1,0,0,-0.47,-0.7,0.71,1,0.33,1,0.55,0.92,0.33,0.09,0
0.13,0,0,1,0.29,0,0.22,1,0.2,1,-0.36,1.14,0.2,0.12,0
1.31,1,0,1,-0.28,0.69,-1.23,1,0.14,0,0.11,0,0,0.19,0
-0.61,1,0,1,3.06,-0.35,-1.23,2,0.5,1,-1.44,0,0.5,0.06,0
2.06,1,0,1,-0.47,-1.04,-0.07,1,0.5,1,0.27,0.62,0.5,0.06,0
-1.14,1,0,1,-0.18,0.34,-1.23,2,0.33,0,0.73,0,0,0.16,0
0.24,0,1,1,-0.28,-1.04,-1.23,2,1,1,1.44,0,1,0.06,0
-1.01,1,0,1,-0.09,-0.7,0.37,1,0.33,0,1.53,0.53,0,0.08,0
-0.21,1,0,0,-1.04,-1.39,-1.23,2,2,1,0.58,0,2,0.04,0
-1.91,1,0,1,-1.23,-0.7,1.29,1,0.33,1,0.65,1.14,0.33,0.12,0
-0.39,1,0,1,0.77,0.34,1.11,1,0.17,1,-0.4,1.89,0.17,0.13,0
-0.96,1,0,1,-1.14,-1.39,1.21,1,1,0,1.45,0.83,0,0.04,0
1.29,0,0,0,-0.56,-1.39,0.68,2,2,1,-1.28,4.51,2,0.03,0
0.49,0,0,1,1.25,1.03,0.33,1,0.13,1,0.93,0.63,0.13,0.15,0
-0.44,0,0,1,-0.56,-1.39,0.42,2,2,0,-0.51,1.45,0,0.03,0
0.2,0,1,0,-1.8,-0.35,-1.23,2,0.5,0,0.34,0,0,0.2,0
-0.62,0,1,1,0.01,1.03,-1.23,2,0.25,0,-1,0,0,0.21,0
0.28,1,0,0,0.67,-1.39,-1.23,2,2,0,-0.31,0,0,0.02,0
-0.63,1,0,1,0.77,-0.7,-1.23,2,0.67,0,1.25,0,0,0.06,0
0.56,1,0,0,0.87,-1.73,-1.23,2,2,0,0.86,0,0,0,0
-0.44,1,0,1,0.29,1.72,1.4,1,0.1,0,-1.06,4.21,0,0.24,0
0.33,1,0,0,-0.18,1.03,1.16,1,0.13,0,-1.13,4.22,0,0.22,0
-0.56,0,0,1,-0.66,-0.7,0.32,2,0.67,0,-1.01,2.31,0,0.09,0
-0.75,0,0,1,-0.18,-1.39,0.95,1,1,0,1.73,0.68,0,0.03,0
1.28,0,0,1,-0.28,1.38,0.87,1,0.11,0,0.91,0.86,0,0.25,0
0.64,1,0,0,-1.14,-1.04,0.91,1,0.5,0,0.46,1.05,0,0.07,0
-0.68,0,0,0,-1.04,1.38,0.94,2,0.22,1,-1.04,3.35,0.22,0.32,0
0.16,1,0,0,-0.66,1.72,0.58,2,0.2,1,-1.14,3.28,0.2,0.31,0
0.59,0,1,0,-0.37,1.03,0.74,1,0.13,0,1.72,0.62,0,0.23,0
-2.13,1,0,1,-0.18,-0.7,-1.23,2,0.67,1,1.39,0,0.67,0.08,0
0.41,0,0,1,0.48,1.38,0.38,2,0.22,0,-1.13,2.84,0,0.2,0
2.06,1,0,1,-0.18,0.34,-1.23,2,0.33,0,0.16,0,0,0.16,0
-1.17,0,1,0,-0.56,0.69,0.96,1,0.14,0,-0.65,2.17,0,0.21,0
0.2,1,0,0,0.58,0,-0.46,1,0.2,1,-0.8,0.88,0.2,0.11,0
0.02,0,1,0,-0.28,-1.39,-1.23,2,2,1,-1.4,0,2,0.03,0
0.47,0,1,1,-1.42,1.38,-1.23,1,0.11,0,-1.55,0,0,0.38,0
-0.09,0,1,0,-0.56,1.38,-1.23,2,0.22,1,0.88,0,0.22,0.27,0
-0.48,0,1,0,-0.47,-0.7,-1.23,2,0.67,0,-1.07,0,0,0.09,0
-0.5,1,0,0,3.15,-0.7,-1.23,2,0.67,1,1.24,0,0.67,0.04,0
-1.65,0,0,1,-1.23,-0.35,0.41,1,0.25,1,0.8,0.7,0.25,0.15,0
2.06,1,0,1,-0.76,-0.35,-1.23,2,0.5,0,0.91,0,0,0.13,0
-1.34,1,0,1,-1.61,0,-1.23,2,0.4,1,0,0,0.4,0.23,0
0.78,1,0,1,-0.18,-1.04,0.89,2,1,0,-1.14,3.8,0,0.05,0
2.06,0,0,0,-0.37,0.69,0.61,1,0.14,1,0.51,0.88,0.14,0.2,0
-0.14,1,0,0,0.2,1.38,-1.23,2,0.22,0,0.79,0,0,0.22,0
0.41,0,1,1,-0.66,-1.04,-0.01,1,0.5,1,0.9,0.5,0.5,0.06,0
0.4,1,0,1,0.1,1.03,1.34,1,0.13,0,-0.88,3.23,0,0.2,0
-0.99,1,0,0,-1.14,1.03,0.41,1,0.13,1,0.29,0.87,0.13,0.3,0
-0.91,0,1,1,-1.42,0.69,-1.23,2,0.29,0,-1.46,0,0,0.29,0
-1.62,1,0,0,-0.56,-1.39,0.98,1,1,1,-0.17,1.53,1,0.03,0
-1.21,1,0,1,-1.14,1.38,-1.23,2,0.22,0,1.07,0,0,0.33,0
0.47,0,0,1,0.29,0.69,1.38,1,0.14,0,0.36,1.34,0,0.17,0
-0.52,1,0,1,-0.47,-1.73,-1.23,2,2,1,-1.68,0,2,0,0
1.62,1,0,0,-0.47,-1.39,-1.23,1,1,0,0.25,0,0,0.03,0
-0.63,1,0,1,-1.42,0.69,0.8,1,0.14,0,-0.72,2.15,0,0.29,0
-0.38,1,0,0,0.2,-0.7,0.75,1,0.33,1,1.38,0.69,0.33,0.07,0
1.19,0,0,0,0.58,0.34,0.34,1,0.17,0,0.47,0.77,0,0.13,0
-0.97,0,1,1,0.29,-0.35,-1.23,2,0.5,1,-0.23,0,0.5,0.1,0
-0.03,1,0,0,-0.09,-1.04,-1.23,2,1,1,-1.57,0,1,0.05,0
0.78,0,0,0,-0.56,0.69,0.36,2,0.29,1,-0.77,1.77,0.29,0.21,0
1.27,1,0,1,-0.56,1.38,-1.23,2,0.22,1,-1.72,0,0.22,0.27,0
-0.7,0,0,1,-1.14,-0.35,0.47,2,0.5,1,1.66,0.54,0.5,0.15,0
0.56,1,0,1,-1.33,1.38,-1.23,2,0.22,1,0.21,0,0.22,0.36,0
0.36,0,1,1,0.39,-0.35,0.34,2,0.5,0,-0.98,2.22,0,0.09,0
0.94,1,0,1,-0.95,1.03,-1.23,2,0.25,1,0.28,0,0.25,0.28,0
0.08,0,0,0,-1.04,1.38,1.22,1,0.11,0,1.16,0.92,0,0.32,0
-0.78,1,0,1,-1.14,-0.7,1.01,1,0.33,0,0,1.4,0,0.11,0
0.77,1,0,1,-0.18,0.34,0.77,2,0.33,1,1.34,0.7,0.33,0.16,0
-2.07,1,0,1,-0.95,0.69,0.65,1,0.14,1,-0.98,2.7,0.14,0.24,0
-0.09,0,0,0,-1.9,-0.7,0.6,1,0.33,1,1.32,0.65,0.33,0.16,0
-0.34,0,1,1,-0.66,0,0.91,1,0.2,1,0.95,0.86,0.2,0.16,0
-0.63,1,0,1,0.77,-1.73,0.66,1,1,1,-1.6,14.35,1,0,0
0.87,1,0,1,1.06,-1.04,-1.23,2,1,1,0.82,0,1,0.04,0
-1.04,1,0,1,-0.47,1.03,0.74,1,0.13,0,0.29,1.05,0,0.24,0
-0.99,1,0,1,-0.76,1.03,1.11,1,0.13,0,0.65,1.06,0,0.26,0
0.17,0,1,0,-0.28,-0.7,0.72,2,0.67,1,1.51,0.65,0.67,0.08,0
1.44,0,1,0,0.2,0.69,0.53,1,0.14,0,-0.23,1.26,0,0.17,0
0.79,0,0,1,-0.47,-1.04,1.12,1,0.5,1,-0.49,2.03,0.5,0.06,0
0.97,1,0,0,0.01,0.34,-1.23,1,0.17,0,-1.56,0,0,0.15,0
-0.22,0,0,1,-0.37,1.03,0.57,1,0.13,1,-0.16,1.23,0.13,0.23,0
-0.33,1,0,0,-0.37,-0.35,0.22,1,0.25,1,-1.38,4.4,0.25,0.11,0
-0.17,1,0,1,-0.47,1.03,0.46,1,0.13,1,0.4,0.85,0.13,0.24,0
-0.44,0,1,0,-0.37,0.34,-1.23,2,0.33,1,0.75,0,0.33,0.17,0
-1.49,1,0,0,-0.37,-1.39,-1.23,2,2,0,-0.14,0,0,0.03,0
-1.19,0,0,0,-0.37,-0.35,0.72,1,0.25,0,-0.4,1.57,0,0.11,0
0.82,0,1,0,0.39,-1.39,0.44,1,1,1,1.63,0.54,1,0.02,0
-0.7,0,0,1,0.01,1.03,0.42,1,0.13,0,-0.82,1.95,0,0.21,0
-0.07,1,0,0,-1.42,1.03,0.26,1,0.13,0,-1.12,2.58,0,0.33,0
1.44,0,1,1,-0.18,1.03,-1.23,2,0.25,1,0.86,0,0.25,0.22,0
1.62,0,0,0,0.1,-1.39,0.93,1,1,1,-0.94,2.91,1,0.03,0
-0.72,1,0,0,-0.18,1.72,0.45,1,0.1,0,-0.23,1.2,0,0.27,0
2.06,1,0,1,0.2,-0.7,-1.23,2,0.67,0,0.5,0,0,0.07,0
1.07,1,0,0,-0.37,-0.35,-1.23,2,0.5,0,-0.96,0,0,0.11,0
-0.14,0,0,1,-0.37,1.03,1.13,2,0.25,1,-0.27,1.74,0.25,0.23,0
0.5,0,1,1,-0.76,1.03,0.79,2,0.25,0,0.83,0.85,0,0.26,0
-1.12,1,0,0,-1.33,0.69,-1.23,2,0.29,1,-0.31,0,0.29,0.28,0
-0.11,0,0,1,0.87,-1.39,0.56,1,1,1,0.62,0.82,1,0.02,0
-1.01,1,0,0,-1.14,-0.7,-1.23,2,0.67,0,1.04,0,0,0.11,0
0.94,1,0,1,-0.09,1.38,-1.23,2,0.22,0,-1.49,0,0,0.24,0
-0.54,1,0,1,-0.37,1.03,0.6,1,0.13,1,-0.45,1.54,0.13,0.23,0
-0.34,0,1,1,0.2,-0.35,0.62,1,0.25,0,0.63,0.84,0,0.1,0
-0.04,1,0,1,0.39,1.38,-1.23,2,0.22,1,-0.38,0,0.22,0.21,0
-1.65,1,0,0,2.77,-0.7,0.5,1,0.33,1,0.24,0.95,0.33,0.04,0
0.02,1,0,0,-0.66,-1.04,-1.23,2,1,0,-0.79,0,0,0.06,0
-2.46,0,0,1,0.01,-1.39,0.87,2,2,1,1.02,0.82,2,0.03,0
-2.43,0,0,0,-1.33,-1.73,0.34,2,2,1,1.05,0.61,2,0,0
-0.22,0,1,1,-0.47,1.03,-1.23,2,0.25,1,1.4,0,0.25,0.24,0
0.28,0,1,0,0.1,-0.35,0.6,1,0.25,0,-1.45,6.85,0,0.1,0
-1.28,0,1,1,-1.04,0.34,0.83,2,0.33,0,-0.35,1.61,0,0.21,0
0.34,0,0,1,3.25,1.38,0.77,1,0.11,1,-0.84,2.4,0.11,0.12,0
-1.19,1,0,0,0.2,1.38,-1.23,1,0.11,0,0.37,0,0,0.22,0
-0.05,1,0,0,-0.09,-1.04,-1.23,2,1,0,1.37,0,0,0.05,0
0.58,1,0,1,-0.37,-1.04,-1.23,3,1.5,1,-0.1,0,1.5,0.06,0
-0.5,1,0,1,-0.47,0,-1.23,2,0.4,1,-0.39,0,0.4,0.15,0
-0.16,1,0,0,0.77,-1.04,0.79,2,1,0,-0.64,1.99,0,0.04,0
-0.55,1,0,1,2.68,-1.04,-1.23,2,1,1,0.15,0,1,0.03,0
-1.53,1,0,1,-0.09,-1.39,-1.23,2,2,1,-0.09,0,2,0.03,0
0.29,1,0,1,-0.18,0.69,-0.04,1,0.14,0,1.64,0.38,0,0.19,0
0.72,0,1,1,-0.56,-0.7,0.76,2,0.67,1,0.74,0.87,0.67,0.09,0
1.52,1,0,1,-1.42,0,-1.23,2,0.4,0,1.43,0,0,0.21,0
-0.58,1,0,1,-0.28,0.34,1.24,1,0.17,0,0.61,1.14,0,0.17,0
-1.26,1,0,0,-0.76,0.69,-1.23,2,0.29,1,1.31,0,0.29,0.23,0
-0.46,0,0,0,-0.66,-1.39,0.48,2,2,1,-0.71,1.8,2,0.03,0
-1.42,1,0,0,0.39,1.38,-1.23,2,0.22,0,0.91,0,0,0.21,0
-0.47,1,0,0,-0.85,1.38,0.94,1,0.11,1,1.5,0.73,0.11,0.3,0
-0.79,0,1,0,-0.18,0.69,-1.23,2,0.29,0,-1.18,0,0,0.19,0
0.78,1,0,0,-0.09,0,0.81,1,0.2,0,0.49,0.99,0,0.13,0
-0.41,0,1,0,-1.04,-0.7,0.32,2,0.67,0,1.41,0.53,0,0.11,0
-0.6,0,0,0,0.2,-0.35,0.69,2,0.5,1,0.17,1.09,0.5,0.1,0
-1.91,0,0,1,0.2,-1.04,1.21,2,1,0,1.42,0.84,0,0.05,0
0.94,0,0,0,-0.28,-1.73,0.82,2,2,0,-0.45,1.72,0,0,0
0.35,0,0,0,0.48,-1.04,0.92,2,1,1,-0.87,2.68,1,0.05,0
-1.04,0,1,0,-0.56,1.38,-0.06,1,0.11,1,0.06,0.7,0.11,0.27,0
-0.6,0,1,1,-1.23,1.38,0,1,0.11,0,1.17,0.45,0,0.35,0
0.26,0,1,0,-0.85,0,-1.23,2,0.4,0,1.37,0,0,0.17,0
-0.98,1,0,0,0.67,1.72,-1.23,2,0.2,0,0.16,0,0,0.22,0
0.71,1,0,1,-0.28,-0.7,1.27,1,0.33,1,1.73,0.78,0.33,0.08,0
-1.46,0,1,1,0.2,0.69,0.8,1,0.14,1,0.26,1.1,0.14,0.17,0
0.35,1,0,1,-0.56,-0.35,1.03,1,0.25,0,0.06,1.36,0,0.12,0
0.81,0,1,1,0.48,-0.35,0.5,2,0.5,0,0.92,0.7,0,0.09,0
0.34,1,0,0,-0.56,1.38,-1.23,2,0.22,1,-1.07,0,0.22,0.27,0
0.4,0,1,0,2.3,-1.39,-1.23,2,2,1,1.5,0,2,0.02,0
0.22,0,0,0,-1.71,-1.39,-0.65,1,1,0,-1.24,1.24,0,0.05,0
0.92,1,0,0,-1.8,-0.35,0.92,1,0.25,1,0.87,0.89,0.25,0.2,0
-0.34,1,0,0,-1.71,-1.04,0.79,1,0.5,0,-0.74,2.18,0,0.1,0
0.24,1,0,0,0.29,1.38,-1.23,2,0.22,0,-1.67,0,0,0.21,0
1.15,1,0,1,-1.23,0.34,0.86,1,0.17,0,1.27,0.75,0,0.23,0
1.44,0,1,1,-0.18,0.34,-1.23,2,0.33,1,0.34,0,0.33,0.16,0
1.07,0,1,0,-1.14,1.03,-1.23,2,0.25,0,0.38,0,0,0.3,0
0.81,1,0,1,0.48,0.34,-1.23,2,0.33,0,0.9,0,0,0.14,0
-0.46,0,0,0,0.77,-1.73,0.97,2,2,1,-0.81,2.55,2,0,0
-0.36,1,0,1,-1.52,1.03,-0.05,1,0.13,1,-0.65,1.17,0.13,0.35,0
1.26,1,0,1,0.77,1.38,1.22,1,0.11,1,-1.43,8.62,0.11,0.19,0
0.02,0,1,1,0.2,1.03,0.62,1,0.13,0,1.54,0.61,0,0.2,0
1.47,1,0,1,0.01,-0.7,0.98,1,0.33,0,-0.28,1.64,0,0.08,0
0.96,0,1,1,0.58,0.69,1.3,1,0.14,0,0.44,1.25,0,0.16,0
0.99,1,0,1,-0.18,-1.04,-1.23,2,1,0,0.75,0,0,0.05,0
0.65,0,1,1,-0.09,0.34,0.65,2,0.33,1,-0.42,1.54,0.33,0.16,0
0.28,0,1,0,0.1,-0.7,0.83,1,0.33,0,1.19,0.76,0,0.08,0
-1.14,0,1,1,0.01,-1.39,-1.23,1,1,1,0.14,0,1,0.03,0
-0.37,0,0,0,-0.56,-0.7,0.98,2,0.67,1,1.24,0.8,0.67,0.09,0
-2.44,0,1,1,1.34,0,1.45,1,0.2,1,-1.35,7.48,0.2,0.09,0
-0.23,1,0,0,0.58,1.03,-1.23,2,0.25,0,1.63,0,0,0.18,0
0.51,1,0,1,-1.23,-0.35,0.68,1,0.25,0,0.73,0.84,0,0.15,0
-0.28,0,0,1,-0.56,-1.04,0.06,1,0.5,1,0.07,0.77,0.5,0.06,0
-0.28,1,0,0,-0.18,-0.35,1.02,1,0.25,1,-0.11,1.49,0.25,0.11,0
0.29,1,0,0,0.48,-0.7,0.68,2,0.67,0,-1.71,75.68,0,0.07,0
-1.41,1,0,1,0.58,-1.39,1.64,1,1,0,-0.69,2.96,0,0.02,0
-1.65,1,0,1,-0.56,0,0.11,1,0.2,0,1.53,0.44,0,0.15,0
1.06,1,0,1,5.06,-0.7,0.72,1,0.33,1,1.66,0.62,0.33,0.03,0
0.44,0,0,0,-0.18,0.34,0.31,1,0.17,1,-1.08,2.51,0.17,0.16,0
0.29,1,0,0,-0.85,-1.39,0.58,1,1,1,1.38,0.63,1,0.03,0
-1.26,0,1,1,-0.47,1.38,-1.23,1,0.11,1,-0.12,0,0.11,0.26,0
-0.33,0,1,0,-0.76,-0.7,1.05,1,0.33,1,-0.67,2.3,0.33,0.1,0
0.3,0,1,0,-0.18,0.34,0.76,2,0.33,0,-0.13,1.34,0,0.16,0
1.9,1,0,0,-1.04,0.34,-1.23,1,0.17,0,-0.45,0,0,0.21,0
-0.15,0,1,0,-0.95,0.34,1.3,2,0.33,1,0.02,1.56,0.33,0.21,0
-1.16,0,1,1,0.39,0,-1.23,2,0.4,0,0.47,0,0,0.12,0
-0.87,0,0,0,0.48,0,1.04,2,0.4,0,-0.55,2.07,0,0.11,0
-0.55,0,1,1,-0.37,-1.73,0.82,1,1,1,0.96,0.82,1,0,0
0.63,1,0,0,-0.95,1.38,-1.23,2,0.22,1,-1.68,0,0.22,0.31,0
-0.46,1,0,1,-0.76,1.72,-1.23,2,0.2,0,1.65,0,0,0.32,0
-0.37,0,1,1,1.15,0.34,0.09,1,0.17,1,1.2,0.48,0.17,0.12,0
-0.64,1,0,1,-0.28,-1.39,0.39,1,1,1,-0.56,1.48,1,0.03,0
-0.46,0,0,1,0.58,0,-0.2,1,0.2,1,-0.11,0.68,0.2,0.11,0
-0.71,1,0,1,-0.95,-0.35,-1.23,2,0.5,0,0.97,0,0,0.14,0
0.62,1,0,0,-0.28,-0.35,0.63,1,0.25,0,-0.72,1.98,0,0.11,0
-1.9,1,0,1,1.72,-1.39,-1.23,2,2,1,0.25,0,2,0.02,0
1.02,1,0,1,-0.85,-1.39,-1.23,2,2,1,0.46,0,2,0.03,0
0.82,0,1,1,-1.23,0.34,-1.23,2,0.33,1,1.49,0,0.33,0.23,0
1.21,1,0,0,-0.37,0.34,0.63,1,0.17,1,-1.25,4.14,0.17,0.17,0
-0.37,1,0,0,-1.52,-0.35,-1.23,2,0.5,0,1.68,0,0,0.17,0
-0.7,0,0,0,0.2,0,0.02,1,0.2,0,1.57,0.41,0,0.12,0
2.06,1,0,0,0.1,0,-1.23,2,0.4,0,-1.13,0,0,0.13,0
1.53,1,0,1,-1.61,1.03,-1.23,2,0.25,0,0.13,0,0,0.36,0
0.46,1,0,1,-0.18,-1.04,-1.23,2,1,1,-0.01,0,1,0.05,0
0.92,1,0,1,0.1,-0.35,-1.23,2,0.5,0,1.27,0,0,0.1,0
-1.05,1,0,0,-0.47,-0.35,-1.23,2,0.5,0,0.68,0,0,0.12,0
2.06,1,0,1,-0.37,1.38,0.41,1,0.11,1,-1.67,27.07,0.11,0.26,0
0.29,1,0,0,-1.42,0.34,0.62,2,0.33,1,0.62,0.85,0.33,0.25,0
-0.46,0,0,1,0.01,1.03,0.95,2,0.25,0,-1.19,4.29,0,0.21,0
2.06,1,0,1,-0.66,-0.35,1.27,2,0.5,1,0.9,1.03,0.5,0.13,0
-0.33,0,0,1,0.2,-0.7,1.15,2,0.67,0,1.22,0.87,0,0.07,0
0.71,0,1,1,0.48,-1.04,-1.23,2,1,0,1.68,0,0,0.05,0
-0.11,0,0,1,-1.23,0,0.22,1,0.2,1,-1.68,27.41,0.2,0.19,0
0.62,1,0,1,0.1,0,-1.23,2,0.4,0,1.09,0,0,0.13,0
-0.73,1,0,1,-0.76,-1.04,-1.23,2,1,1,-0.63,0,1,0.06,0
-1.04,1,0,1,0.48,1.38,-1.23,2,0.22,0,-1.28,0,0,0.2,0
1.97,1,0,0,-0.76,-0.7,1.38,2,0.67,1,0.46,1.28,0.67,0.1,0
1.13,1,0,1,-0.47,-1.04,-1.23,2,1,0,1.11,0,0,0.06,0
0.38,1,0,0,-0.85,0.34,-1.23,2,0.33,0,1.38,0,0,0.2,0
1.06,0,0,0,-0.37,0,0.1,2,0.4,0,-1.42,4.52,0,0.14,0
0.11,1,0,1,-0.37,1.38,0.38,1,0.11,0,-0.28,1.19,0,0.26,0
0.5,1,0,1,-1.04,0.69,-1.23,2,0.29,1,-1.35,0,0.29,0.25,0
-0.39,1,0,0,-1.14,0,0.78,1,0.2,0,1.72,0.63,0,0.19,0
1.36,1,0,1,-0.66,1.38,-1.23,1,0.11,1,-0.22,0,0.11,0.28,0
-0.71,1,0,0,0.39,0,1.23,1,0.2,0,1.23,0.9,0,0.12,0
0.29,1,0,1,-0.85,1.38,-1.23,2,0.22,0,1,0,0,0.3,0
-0.41,1,0,0,0.1,-1.04,0.79,1,0.5,0,-0.12,1.35,0,0.05,0
-2.02,0,0,0,-0.18,0.34,1.5,1,0.17,1,-0.79,3.13,0.17,0.16,0
-0.31,1,0,1,-0.66,-1.39,-1.23,2,2,1,1.19,0,2,0.03,0
0.95,1,0,1,-0.66,0.34,1.35,1,0.17,0,-1.24,5.53,0,0.19,0
0.91,0,0,0,0.1,-1.39,0.62,2,2,0,1.4,0.64,0,0.03,0
-1.69,1,0,1,-1.42,0.69,0.92,2,0.29,1,-0.03,1.36,0.29,0.29,0
-1.42,0,1,0,0.2,1.38,0.49,2,0.22,1,1.05,0.67,0.22,0.22,0
-0.91,0,1,1,-1.23,0.69,-1.23,2,0.29,0,-1.63,0,0,0.27,0
1.58,1,0,0,2.49,-1.04,1.2,2,1,1,-1.62,21.88,1,0.03,0
-0.45,0,1,0,-0.66,0.69,-1.23,3,0.43,1,-1.55,0,0.43,0.22,0
-0.23,0,0,0,1.15,1.38,1.27,2,0.22,1,-0.5,2.19,0.22,0.18,0
0.37,1,0,0,0.2,1.72,-1.23,1,0.1,0,0.57,0,0,0.24,0
0.51,0,0,1,-0.37,-0.35,0.31,2,0.5,0,1.61,0.5,0,0.11,0
0.13,1,0,0,0.29,-1.39,0.09,2,2,0,-0.5,1.15,0,0.02,0
0.21,0,1,0,-0.76,-0.35,-1.23,2,0.5,1,-0.36,0,0.5,0.13,0
0.8,1,0,1,-0.47,-0.35,0.48,1,0.25,0,-0.2,1.2,0,0.12,0
-0.79,1,0,0,-0.47,0.69,1.23,1,0.14,1,0.6,1.14,0.14,0.21,0
-1.93,1,0,1,-0.09,-0.7,0.64,1,0.33,0,-0.43,1.54,0,0.08,0
-0.48,0,1,1,-1.14,1.38,0.4,1,0.11,0,-1.21,3.35,0,0.33,0
1.92,0,1,0,-0.18,1.72,-1.23,2,0.2,0,0.2,0,0,0.27,0
-1.44,0,0,0,3.44,1.38,0.47,1,0.11,1,0.09,1,0.11,0.12,0
-1.37,1,0,0,0.58,1.03,-1.23,2,0.25,1,-1.11,0,0.25,0.18,0
1.09,1,0,1,2.68,-0.35,-1.23,3,0.75,1,-0.12,0,0.75,0.06,0
-1.67,1,0,0,0.77,1.03,0.44,2,0.25,1,0.13,0.97,0.25,0.17,0
-0.3,0,1,1,-1.14,1.38,1.02,1,0.11,1,0.92,0.92,0.11,0.33,0
0.02,1,0,0,-0.28,0.34,0.58,2,0.33,1,0.18,1.02,0.33,0.17,0
-0.26,1,0,0,-0.18,0.69,0.63,1,0.14,0,-0.9,2.39,0,0.19,0
-1.34,0,1,0,0.01,-0.7,1.12,1,0.33,0,-0.47,2.01,0,0.08,0
-0.82,0,0,1,-0.56,-0.7,-0.07,1,0.33,0,-1.27,2.68,0,0.09,0
1.01,0,1,1,-0.37,0,0.46,1,0.2,1,0.87,0.7,0.2,0.14,0
-0.62,1,0,1,-0.37,0.69,1.71,1,0.14,1,-0.77,3.27,0.14,0.2,0
1.69,0,0,1,-0.95,-1.39,0.89,2,2,1,0.83,0.89,2,0.03,0
0.6,1,0,0,0.58,-0.7,0.44,1,0.33,1,1.29,0.6,0.33,0.07,0
-2.25,0,1,1,-1.14,-1.04,-1.23,2,1,1,0.93,0,1,0.07,0
1.35,1,0,1,-1.8,-1.73,0.78,2,2,1,0.14,1.15,2,0,0
0.06,1,0,0,-0.85,-0.35,-0.03,1,0.25,1,-1.34,3.24,0.25,0.13,0
0.34,1,0,1,-0.09,0.69,0.53,2,0.29,0,0.04,1.07,0,0.18,0
-0.32,1,0,1,-0.66,0.34,-1.23,2,0.33,0,-0.76,0,0,0.19,0
-1.3,0,1,0,-0.85,0,-1.23,2,0.4,1,0.85,0,0.4,0.17,0
1.47,0,0,0,-0.47,0,0.82,1,0.2,0,0.75,0.89,0,0.15,0
-1.35,1,0,1,-0.76,-0.35,0.27,1,0.25,0,-0.4,1.21,0,0.13,0
-0.1,1,0,1,-0.37,0,-1.23,2,0.4,0,-0.12,0,0,0.14,0
-1.52,0,1,1,0.1,0,-1.23,2,0.4,0,0.81,0,0,0.13,0
0.37,1,0,1,-0.09,-1.73,0.99,1,1,1,0.28,1.19,1,0,0
-1.22,0,0,1,-0.09,-0.35,-0.1,2,0.5,1,0.07,0.68,0.5,0.11,0
-0.76,1,0,0,-0.66,-1.39,-1.23,2,2,0,-1.57,0,0,0.03,0
-0.08,0,0,1,-1.33,-0.35,0.62,1,0.25,1,0.83,0.78,0.25,0.16,0
0.13,1,0,0,-0.56,-1.04,-1.23,2,1,0,0.93,0,0,0.06,0
-1.3,0,0,0,-0.85,-1.73,1.31,2,2,1,0.01,1.57,2,0,0
0.76,0,0,1,1.44,1.03,1.53,1,0.13,1,0.64,1.26,0.13,0.15,0
0.36,0,1,1,-0.09,-0.35,-1.23,2,0.5,1,-1.12,0,0.5,0.11,0
-0.65,1,0,0,-1.71,1.03,-1.23,2,0.25,1,0.17,0,0.25,0.38,0
-0.04,0,0,1,-0.37,-0.7,1.86,1,0.33,1,-1.04,4.79,0.33,0.09,0
1.39,0,0,0,-0.09,1.38,0.49,1,0.11,0,0.81,0.73,0,0.24,0
1.78,1,0,1,-0.18,0,1.42,1,0.2,1,1.28,0.95,0.2,0.14,0
0.38,0,0,1,-0.09,-0.35,0.66,1,0.25,1,-0.2,1.33,0.25,0.11,0
2.06,1,0,0,-1.04,1.38,-1.23,2,0.22,0,1.49,0,0,0.32,0
-1.6,1,0,0,-0.28,0.69,-1.23,2,0.29,0,0.14,0,0,0.19,0
-1.28,0,0,0,-0.85,0.34,0.8,1,0.17,1,1.08,0.78,0.17,0.2,0
-1.3,0,1,0,2.01,0.69,-1.23,2,0.29,1,1.18,0,0.29,0.12,0
0.79,0,0,1,-1.71,1.03,1.23,1,0.13,1,1.1,0.94,0.13,0.38,0
0.21,0,0,0,-1.52,1.38,0.76,1,0.11,1,1.03,0.78,0.11,0.39,0
-0.26,1,0,1,0.01,0,-1.23,1,0.2,0,-0.01,0,0,0.13,0
-0.08,0,0,1,-0.56,0.69,0.35,2,0.29,1,-1.04,2.45,0.29,0.21,0
0.58,1,0,0,-0.56,-1.04,-0.3,1,0.5,1,-0.29,0.7,0.5,0.06,0
-1.15,0,1,1,-1.04,0,-1.23,2,0.4,0,-0.9,0,0,0.18,0
-1.58,0,0,1,0.58,0.69,0.52,2,0.29,1,1.15,0.66,0.29,0.16,0
0.47,0,1,0,-0.85,-1.73,-1.23,2,2,1,-1.58,0,2,0,0
1.11,1,0,0,-0.56,0.69,-1.23,1,0.14,0,1.53,0,0,0.21,0
0.36,1,0,0,-0.56,0.34,-1.23,2,0.33,1,1.51,0,0.33,0.18,0
0.05,0,0,0,-0.85,-1.39,0.11,2,2,1,1.46,0.45,2,0.03,0
-0.51,0,1,1,-1.42,0.69,-1.23,2,0.29,0,0.78,0,0,0.29,0
-0.96,1,0,1,-0.66,0,-0.05,1,0.2,0,0.63,0.54,0,0.16,0
-0.67,0,1,1,-0.95,-1.04,0.9,1,0.5,1,-1.11,3.66,0.5,0.07,0
1.14,0,0,0,-0.09,-1.39,0.71,2,2,0,0.16,1.1,0,0.03,0
-1,1,0,0,-0.37,1.72,-0.02,2,0.2,1,1.57,0.39,0.2,0.29,0
1.28,1,0,0,0.77,0.34,0.29,1,0.17,1,-0.67,1.54,0.17,0.13,0
1.25,0,1,0,-0.56,0,-1.23,2,0.4,0,-1.59,0,0,0.15,0
1.46,1,0,1,-0.76,0.34,-0.08,2,0.33,1,0.45,0.57,0.33,0.19,0
0.23,0,0,0,0.2,1.38,0.35,1,0.11,0,0.89,0.65,0,0.22,0
1.18,1,0,1,0.1,0.34,0.99,1,0.17,1,-0.56,2.03,0.17,0.15,0
1.01,1,0,0,0.2,-1.04,0.24,1,0.5,1,-0.5,1.29,0.5,0.05,0
-2.36,1,0,1,1.44,-0.7,1.02,1,0.33,1,-0.24,1.62,0.33,0.06,0
-0.85,0,1,1,-1.14,0,0.81,2,0.4,1,0.32,1.07,0.4,0.19,0
-1.54,1,0,0,2.39,-0.7,1.01,1,0.33,1,0.02,1.38,0.33,0.05,0
-1.31,1,0,0,-1.04,0.69,-1.23,2,0.29,1,0.82,0,0.29,0.25,0
0.4,1,0,1,-0.47,-1.39,1.42,1,1,0,0.96,1.06,0,0.03,0
0.11,1,0,1,-1.23,1.03,-1.23,2,0.25,0,1.68,0,0,0.31,0
-0.46,0,1,1,-0.56,1.03,-1.23,2,0.25,1,-0.64,0,0.25,0.24,0
0.28,0,0,0,1.44,-1.39,0.76,2,2,1,0.09,1.18,2,0.02,0
-0.15,0,0,0,-0.95,-0.7,0.33,1,0.33,1,0.55,0.74,0.33,0.1,0
-0.04,1,0,1,-0.66,0,0.33,1,0.2,1,-1.34,4.19,0.2,0.16,0
0.84,1,0,1,-0.28,0,-1.23,2,0.4,0,1.07,0,0,0.14,0
-0.95,1,0,0,0.39,-1.39,-1.23,1,1,1,-0.23,0,1,0.02,0
-0.72,1,0,1,-1.04,-0.7,0.45,1,0.33,1,-1.22,3.49,0.33,0.11,0
-0.88,1,0,1,0.67,0.69,0.94,1,0.14,1,0.7,0.97,0.14,0.15,0
0.07,0,1,0,0.2,0.34,0.57,1,0.17,0,-1.44,6.39,0,0.15,0
2.03,1,0,1,2.58,0.69,0.76,1,0.14,1,-0.82,2.33,0.14,0.11,0
-0.56,0,1,1,1.72,0.34,-1.23,2,0.33,1,-0.48,0,0.33,0.11,0
-0.74,1,0,1,0.01,0,-1.23,2,0.4,1,-1.05,0,0.4,0.13,0
0.94,1,0,0,-0.28,-0.7,-1.23,2,0.67,1,-0.18,0,0.67,0.08,0
-0.39,1,0,1,0.48,-0.7,-1.23,2,0.67,1,0.63,0,0.67,0.07,0
0.45,0,1,1,-0.76,0,-1.23,1,0.2,0,-1.12,0,0,0.16,0
-1.76,1,0,0,0.29,-1.39,1.21,2,2,0,0.03,1.5,0,0.02,0
0.16,1,0,0,1.91,0,-1.23,2,0.4,1,1.48,0,0.4,0.08,0
-0.78,1,0,1,-1.42,-1.04,-1.23,2,1,1,0.34,0,1,0.08,0
2.06,1,0,1,-0.28,-0.7,-1.23,2,0.67,0,1.65,0,0,0.08,0
0.93,1,0,1,-0.28,-0.35,1.54,1,0.25,1,-0.24,1.99,0.25,0.11,0
-0.65,0,0,1,0.2,0.34,0.47,2,0.33,0,1.72,0.53,0,0.15,0
0.32,1,0,1,-0.28,0,1.05,1,0.2,1,1.48,0.77,0.2,0.14,0
-0.41,0,1,0,-0.56,0.69,-1.23,2,0.29,1,-1.68,0,0.29,0.21,0
-0.64,1,0,0,-0.18,0.34,0.99,1,0.17,1,-1.41,7.29,0.17,0.16,0
0.69,0,1,0,-0.47,-1.39,-1.23,2,2,0,0.33,0,0,0.03,0
-0.98,0,0,1,-0.56,-0.7,0.76,2,0.67,0,-0.65,1.98,0,0.09,0
2.06,1,0,1,-0.18,-0.35,0.81,1,0.25,0,1.69,0.64,0,0.11,0
0.36,0,1,0,0.29,-1.04,-1.23,2,1,0,1.74,0,0,0.05,0
0.65,1,0,0,-0.18,1.03,-1.23,1,0.13,1,-1.46,0,0.13,0.22,0
-2.21,1,0,0,-1.23,-1.39,0.71,1,1,1,-0.37,1.53,1,0.04,0
-0.47,0,1,1,0.77,0.69,1.06,1,0.14,0,1.55,0.75,0,0.15,0
1.11,0,0,1,0.2,1.72,0.05,1,0.1,1,-0.38,1.02,0.1,0.24,0
-0.52,1,0,1,0.67,1.72,0.3,1,0.1,0,-1.4,4.81,0,0.22,0
1.83,1,0,1,-0.09,0,-1.23,2,0.4,0,0.06,0,0,0.13,0
-0.44,0,0,1,-1.52,1.03,1.94,2,0.25,1,0.28,1.7,0.25,0.35,0
-0.44,1,0,0,-0.85,1.03,0.15,1,0.13,0,0.74,0.6,0,0.27,0
-1,1,0,1,0.48,0.69,0.14,1,0.14,1,-0.73,1.47,0.14,0.16,0
0.34,0,0,0,-0.37,-1.39,0.9,2,2,0,1.5,0.71,0,0.03,0
0.1,0,1,1,-0.56,-0.35,-1.23,1,0.25,0,-1.22,0,0,0.12,0
0.18,0,0,1,0.01,-0.35,0.05,1,0.25,0,-1.07,2.08,0,0.1,0
1.3,1,0,0,-0.95,0,-1.23,2,0.4,1,0.75,0,0.4,0.17,0
1.75,1,0,1,-0.28,-0.35,-1.23,2,0.5,0,-1.19,0,0,0.11,0
0.15,1,0,1,-0.28,-1.39,-1.23,2,2,1,0.37,0,2,0.03,0
2.06,0,0,1,-0.76,-0.35,1.12,1,0.25,1,-0.18,1.63,0.25,0.13,0
0.54,1,0,0,0.29,0.69,-1.23,2,0.29,1,-0.48,0,0.29,0.17,0
-1.5,0,1,1,-0.66,1.03,-1.23,2,0.25,1,1.44,0,0.25,0.25,0
-0.65,0,1,1,-0.66,-0.7,0.52,1,0.33,1,-1.65,21.85,0.33,0.09,0
-0.3,0,1,0,-1.23,1.03,-1.23,2,0.25,1,0.43,0,0.25,0.31,0
-0.46,1,0,1,-0.47,0,-1.23,1,0.2,0,1.08,0,0,0.15,0
1.11,0,1,0,0.39,1.72,-1.23,2,0.2,1,-0.78,0,0.2,0.23,0
0.27,1,0,0,0.96,-0.7,-1.23,2,0.67,1,1.53,0,0.67,0.06,0
1.83,0,1,0,-0.37,-1.73,-1.23,2,2,1,1.47,0,2,0,0
0.81,1,0,0,-0.28,1.03,0.52,1,0.13,0,0.37,0.9,0,0.22,0
0.04,1,0,1,-0.28,-1.04,0.57,1,0.5,0,-1.52,8.72,0,0.06,0
0.04,0,1,0,-0.28,0,-1.23,2,0.4,0,0.99,0,0,0.14,0
-0.33,0,1,1,1.25,1.03,-1.23,2,0.25,1,0.4,0,0.25,0.15,0
-0.09,0,1,1,-1.23,1.03,1.09,1,0.13,1,1.47,0.78,0.13,0.31,0
-1.85,0,1,0,-0.66,-1.39,1.33,1,1,1,-0.74,2.78,1,0.03,0
-1.87,0,1,1,-0.85,-0.35,0.78,1,0.25,0,-0.55,1.84,0,0.13,0
-0.18,1,0,0,2.01,1.03,-0.11,1,0.13,1,-1.56,6.74,0.13,0.13,0
-0.5,1,0,1,-0.76,0.69,1.26,1,0.14,1,1.38,0.87,0.14,0.23,0
-0.11,0,1,1,-0.95,0,1.93,2,0.4,0,0.72,1.39,0,0.17,0
-2.03,0,1,0,0.87,0,1.1,1,0.2,1,-0.12,1.55,0.2,0.1,0
-0.15,1,0,1,-0.47,1.03,-1.23,2,0.25,0,-1.07,0,0,0.24,0
-0.31,0,1,1,1.06,-0.7,1.39,1,0.33,1,0.54,1.24,0.33,0.06,0
1.49,0,0,1,-0.09,0.69,0.79,2,0.29,1,0.47,0.99,0.29,0.18,0
-1.04,1,0,1,-1.61,0.34,1.25,1,0.17,1,-0.84,2.98,0.17,0.27,0
-0.21,0,1,1,0.2,0.69,0.5,1,0.14,1,-0.94,2.33,0.14,0.17,0
-0.8,0,0,1,-0.85,1.03,0.82,1,0.13,0,1.61,0.66,0,0.27,0
-0.93,0,1,1,-1.42,1.03,1.08,1,0.13,1,1.41,0.79,0.13,0.33,0
0.12,1,0,0,0.01,0,0.99,1,0.2,0,-1.4,7.05,0,0.13,0
-0.14,1,0,1,-1.14,1.38,0.84,1,0.11,0,-0.93,2.76,0,0.33,0
0,0,0,1,-0.18,1.38,0.61,1,0.11,1,1.32,0.65,0.11,0.24,0
-0.05,1,0,0,-0.56,-1.04,-1.23,2,1,0,1.71,0,0,0.06,0
-0.86,1,0,0,0.87,-0.7,-1.23,1,0.33,0,-0.78,0,0,0.06,0
-0.13,1,0,1,0.2,-1.39,0.89,1,1,1,-0.91,2.76,1,0.02,0
0.77,1,0,0,-0.76,0.34,-1.23,1,0.17,0,-0.67,0,0,0.19,0
0.6,1,0,0,0.2,-0.7,1.18,2,0.67,0,-0.49,2.1,0,0.07,0
1.41,0,1,1,0.01,1.72,0.52,1,0.1,1,0.02,1.08,0.1,0.26,0
0.03,1,0,1,-0.18,0.69,0.95,1,0.14,0,0.78,0.94,0,0.19,0
0.13,1,0,1,-0.56,0,1.29,2,0.4,1,-1.24,5.51,0.4,0.15,0
0.12,1,0,1,2.39,-1.73,0.36,1,1,1,-1,2.31,1,0,0
1.07,1,0,1,-0.47,0.69,-1.23,2,0.29,1,-0.61,0,0.29,0.21,0
-0.75,1,0,1,0.01,-1.04,-1.23,2,1,0,-0.51,0,0,0.05,0
0.16,0,0,0,-0.28,-0.7,0.84,2,0.67,0,0.68,0.93,0,0.08,0
-0.53,1,0,0,0.39,-0.35,-1.23,1,0.25,0,1.22,0,0,0.09,0
1.81,1,0,0,-0.28,-0.7,1.11,1,0.33,1,0.67,1.06,0.33,0.08,0
1.63,0,1,0,2.68,1.72,0.77,1,0.1,1,1.21,0.73,0.1,0.15,0
-1.4,0,1,1,-0.95,-0.35,1.19,2,0.5,0,-1.57,15.46,0,0.14,0
-2.14,1,0,1,-0.47,-1.04,1.09,1,0.5,0,0.22,1.28,0,0.06,0
-0.01,1,0,0,0.01,-0.35,-1.23,2,0.5,0,1.5,0,0,0.1,0
-0.43,1,0,1,-1.23,0.69,-1.23,2,0.29,0,-0.03,0,0,0.27,0
1.79,0,0,1,3.63,-0.7,-0.78,2,0.67,1,-1.69,10.02,0.67,0.04,0
0.12,1,0,1,-0.95,0,1.13,1,0.2,0,-1.55,13.46,0,0.17,0
0.5,0,0,0,1.15,-1.04,0.25,2,1,1,-0.15,1.01,1,0.04,0
-0.49,0,0,0,0.1,1.03,1.16,1,0.13,0,0.09,1.42,0,0.2,0
1.59,0,0,0,-0.56,1.72,0.99,1,0.1,1,-0.34,1.72,0.1,0.3,0
-0.2,0,1,1,0.67,1.38,1.35,1,0.11,1,-0.11,1.72,0.11,0.2,0
-1.53,1,0,1,-0.66,-0.35,-1.23,2,0.5,1,0.92,0,0.5,0.13,0
-1.06,1,0,0,-0.18,1.38,-1.23,2,0.22,0,-0.04,0,0,0.24,0
0.18,1,0,1,-1.04,-0.35,0.49,1,0.25,0,1.62,0.56,0,0.14,0
0.67,0,1,1,-0.09,-1.04,0.33,2,1,1,-1.66,21.25,1,0.05,0
-0.8,0,0,1,-0.37,1.38,0.93,2,0.22,1,0.34,1.12,0.22,0.26,0
-1.46,1,0,1,1.53,1.03,0.9,2,0.25,1,1.22,0.78,0.25,0.15,0
0.2,0,0,0,0.1,-1.04,1.13,1,0.5,1,-0.53,2.11,0.5,0.05,0
-0.39,0,1,1,0.48,1.38,0.39,1,0.11,1,-0.92,2.13,0.11,0.2,0
0.28,1,0,0,-1.23,-1.39,-1.23,2,2,0,-0.95,0,0,0.04,0
1.31,1,0,0,-0.85,-0.35,-1.23,2,0.5,1,0.27,0,0.5,0.13,0
-1.02,0,1,1,1.53,-0.7,-1.23,1,0.33,1,-1.04,0,0.33,0.05,0
-0.11,0,1,1,0.01,-0.7,-1.23,1,0.33,1,0.1,0,0.33,0.08,0
-1.13,1,0,1,-0.47,-0.7,0.84,1,0.33,0,0.6,0.95,0,0.09,0
1.09,1,0,1,-0.76,1.72,0.74,1,0.1,0,-0.67,1.99,0,0.32,0
0.35,0,1,0,-1.42,1.38,0.04,1,0.11,1,1.68,0.4,0.11,0.38,0
-0.27,0,1,1,-0.09,0.69,0.76,1,0.14,0,0.61,0.92,0,0.18,0
0.11,0,1,1,-0.09,0.69,1.07,1,0.14,1,-1.47,9.14,0.14,0.18,0
-0.24,0,1,0,-1.04,-0.7,1.3,1,0.33,1,-1.15,4.62,0.33,0.11,0
1.67,0,1,1,-0.09,-0.7,0.81,2,0.67,1,1.3,0.73,0.67,0.08,0
0.69,0,1,1,-0.28,-1.04,0.42,2,1,1,-0.89,2.09,1,0.06,0
0.44,0,1,1,-1.04,-1.39,1.1,1,1,1,-0.39,1.87,1,0.04,0
0.56,1,0,1,5.06,-1.39,0.79,2,2,1,-1.14,3.66,2,0.01,0
0.11,1,0,1,0.2,0,-1.23,1,0.2,1,-0.21,0,0.2,0.12,0
-0.8,1,0,0,-1.14,-0.35,-1.23,2,0.5,1,1,0,0.5,0.15,0
-0.12,1,0,1,-0.18,0,0.35,1,0.2,1,1.27,0.57,0.2,0.14,0
0.7,1,0,0,2.68,0.69,-1.23,3,0.43,1,-0.3,0,0.43,0.1,0
-0.83,1,0,1,-0.18,0.34,-1.23,1,0.17,1,1.52,0,0.17,0.16,0
-1.96,1,0,0,0.1,0.69,-1.23,2,0.29,0,1.33,0,0,0.18,0
-0.44,0,1,1,0.87,0.69,-0.01,1,0.14,0,0.45,0.6,0,0.15,0
-0.53,0,1,1,0.29,0.34,-1.23,2,0.33,0,0.24,0,0,0.14,0
1.15,1,0,0,0.48,0.69,1.33,1,0.14,0,-1.31,6.43,0,0.16,0
0.12,1,0,0,-0.09,-1.04,0.32,1,0.5,0,0.35,0.8,0,0.05,0
1,0,0,1,-0.95,0.69,0.66,1,0.14,1,1.31,0.67,0.14,0.24,0
-1.15,1,0,1,0.01,0.34,-1.23,2,0.33,1,-0.23,0,0.33,0.15,0
-0.26,1,0,1,0.39,-0.35,0.74,1,0.25,0,-0.5,1.72,0,0.09,0
-0.31,0,1,0,0.39,1.03,-1.23,1,0.13,0,0.05,0,0,0.19,0
1.07,1,0,0,-1.14,0.69,-1.23,2,0.29,0,0.77,0,0,0.26,0
0.29,0,0,0,1.06,0.34,0.9,2,0.33,1,1.46,0.72,0.33,0.12,0
-1.69,1,0,1,-0.18,-1.04,-1.23,2,1,1,0.46,0,1,0.05,0
2.06,1,0,0,0.29,-0.7,-1.23,2,0.67,1,1.34,0,0.67,0.07,0
-0.49,1,0,1,-0.76,-0.35,-1.23,2,0.5,1,-1.57,0,0.5,0.13,0
0.8,0,0,0,-0.66,1.38,0.82,2,0.22,1,0.91,0.84,0.22,0.28,0
-0.31,0,1,1,0.2,0,0.45,1,0.2,1,-0.08,1.1,0.2,0.12,0
1.89,1,0,1,-0.85,-1.39,-1.23,2,2,0,0.73,0,0,0.03,0
-1.54,1,0,1,-0.18,1.72,-1.23,1,0.1,1,-0.41,0,0.1,0.27,0
1.81,0,0,1,-0.18,0.34,0.67,1,0.17,1,-0.83,2.26,0.17,0.16,0
0.18,1,0,1,0.67,-1.73,-1.23,2,2,0,-1.23,0,0,0,0
-1.69,0,1,0,0.1,0.34,0.96,1,0.17,1,1.62,0.7,0.17,0.15,0
-0.52,0,0,0,0.01,0.69,0.19,2,0.29,0,-0.72,1.51,0,0.18,0
-0.46,0,1,1,-0.47,-0.7,1.36,1,0.33,1,1.58,0.85,0.33,0.09,0
-0.78,1,0,0,1.44,1.38,-0.13,1,0.11,1,0.77,0.47,0.11,0.17,0
-0.76,0,1,1,0.87,0.34,1.66,1,0.17,0,1.63,0.93,0,0.13,0
0,1,0,0,-1.33,1.03,-1.23,2,0.25,1,0.46,0,0.25,0.32,0
0.44,0,0,1,0.67,-1.04,0.45,1,0.5,1,-0.66,1.68,0.5,0.04,0
1.55,1,0,1,2.01,0.34,0.19,2,0.33,1,0.55,0.67,0.33,0.1,0
0.63,1,0,0,-0.37,1.03,-1.23,1,0.13,1,-0.57,0,0.13,0.23,0
0.12,1,0,1,-0.66,1.38,-1.23,2,0.22,0,-0.61,0,0,0.28,0
0.43,1,0,0,-0.85,0.69,-1.23,2,0.29,1,-1.41,0,0.29,0.23,0
-0.38,1,0,0,-0.37,-1.39,-1.23,2,2,1,-1.68,0,2,0.03,0
-1.79,1,0,1,-0.37,-1.39,0.26,1,1,0,1.37,0.52,0,0.03,0
-0.92,1,0,1,-0.28,0.34,-1.23,2,0.33,0,-1.17,0,0,0.17,0
0.6,0,0,1,-0.85,1.38,0.62,2,0.22,1,0.6,0.86,0.22,0.3,0
0.35,1,0,0,-1.23,0,0.17,1,0.2,0,0.1,0.82,0,0.19,0
-1.08,0,0,0,0.29,1.38,0.16,2,0.22,0,-0.74,1.5,0,0.21,0
1.33,1,0,0,0.29,0,-1.23,2,0.4,0,-1.29,0,0,0.12,0
-1.75,0,0,1,0.48,-0.7,1.4,1,0.33,0,-0.07,1.7,0,0.07,0
-2.13,1,0,1,-1.33,0.34,-1.23,2,0.33,0,0.34,0,0,0.24,0
-0.46,0,1,1,-0.28,-1.73,0.28,1,1,1,0.35,0.78,1,0,0
0.49,1,0,1,0.2,-0.7,0.23,1,0.33,1,-1.49,6.31,0.33,0.07,0
-0.85,0,1,1,0.01,0,-1.23,2,0.4,1,0.51,0,0.4,0.13,0
-1.27,1,0,1,-0.95,-0.7,0.42,1,0.33,0,-0.77,1.84,0,0.1,0
0.19,0,0,1,0.77,-1.73,-0.2,2,2,1,1.42,0.35,2,0,0
-0.11,1,0,1,-0.09,1.38,-1.23,2,0.22,0,-0.2,0,0,0.24,0
-1.26,0,1,0,0.48,-1.39,-1.23,2,2,0,-1.49,0,0,0.02,0
-1.07,1,0,0,1.15,-1.39,-1.23,2,2,1,-0.75,0,2,0.02,0
0.58,0,0,1,-0.47,1.38,1.38,2,0.22,0,-0.09,1.71,0,0.26,0
0.87,1,0,1,0.39,1.38,0.82,1,0.11,1,-0.47,1.75,0.11,0.21,0
1.18,1,0,1,0.39,1.38,1.31,2,0.22,0,0.63,1.16,0,0.21,0
-0.58,0,0,0,-1.71,-1.04,0.17,2,1,0,1.18,0.52,0,0.1,0
0.25,1,0,0,-0.47,1.72,0.14,1,0.1,0,0.8,0.58,0,0.29,0
0.54,1,0,1,1.06,1.03,1.34,2,0.25,1,-0.36,2.02,0.25,0.16,0
1.65,1,0,1,-0.56,0.34,-1.23,2,0.33,1,-0.38,0,0.33,0.18,0
0.67,0,1,1,0.29,0.34,-1.23,2,0.33,1,0.5,0,0.33,0.14,0
0.14,1,0,1,0.1,1.38,-1.23,2,0.22,0,1.65,0,0,0.23,0
2.06,1,0,1,-0.95,0.34,-1.23,2,0.33,1,-1.55,0,0.33,0.21,0
0.76,0,0,1,-0.28,0.34,0.29,2,0.33,1,-1.56,8.9,0.33,0.17,0
-0.91,1,0,1,-0.85,0.69,0.23,1,0.14,0,0.39,0.74,0,0.23,0
0.66,0,0,1,-1.23,-0.7,0.69,2,0.67,0,-0.6,1.83,0,0.12,0
-0.38,1,0,1,-0.28,-1.39,0.67,1,1,0,0.8,0.81,0,0.03,0
0.93,1,0,1,-0.56,-1.39,0.85,1,1,1,0.4,1.05,1,0.03,0
-0.66,1,0,1,-0.56,1.03,1.15,1,0.13,0,0.4,1.21,0,0.24,0
-1.92,0,0,1,-1.42,0,0.65,1,0.2,1,0.48,0.92,0.2,0.21,0
0.4,0,1,0,0.1,0,1.25,1,0.2,1,0.32,1.3,0.2,0.13,0
0.06,1,0,1,-0.85,-0.7,-1.23,2,0.67,1,-1.44,0,0.67,0.1,0
-0.74,1,0,0,-0.56,-1.39,-0.17,2,2,0,1.12,0.4,0,0.03,0
0.68,1,0,0,0.48,-1.39,-1.23,1,1,1,0.9,0,1,0.02,0
-1.03,1,0,1,0.29,-1.39,-0.42,1,1,1,-1.33,2.15,1,0.02,0
-1.28,0,0,0,0.01,1.38,0.32,2,0.22,0,-0.09,1.02,0,0.23,0
0.36,1,0,0,0.39,-1.39,0.9,1,1,1,-1.01,3.17,1,0.02,0
0.91,0,1,1,-0.28,0,-1.23,2,0.4,1,-0.06,0,0.4,0.14,0
-1.27,1,0,1,-0.47,-1.39,0.79,1,1,1,1.33,0.71,1,0.03,0
-0.77,0,0,1,0.67,-0.35,0.98,1,0.25,1,-1.16,4.11,0.25,0.09,0
0.85,1,0,0,-0.09,-0.7,1.3,1,0.33,0,-1.4,8.02,0,0.08,0
-0.47,0,1,1,0.2,0,0.43,1,0.2,0,0.75,0.72,0,0.12,0
-0.67,1,0,1,-0.56,1.38,-1.23,1,0.11,0,-1.62,0,0,0.27,0
-0.9,0,1,0,-1.42,0.34,1.17,1,0.17,1,0.93,0.97,0.17,0.25,0
0.88,0,0,0,-1.23,-1.73,0.13,1,1,1,1.53,0.45,1,0,0
0.25,0,1,1,-0.66,1.03,1.94,1,0.13,1,-0.82,3.75,0.13,0.25,0
0.06,0,1,0,-0.66,-1.39,0.45,1,1,1,-1.44,6.12,1,0.03,0
-1.95,1,0,1,0.01,-0.35,1.02,2,0.5,0,0.54,1.07,0,0.1,0
2.06,0,0,0,-0.28,-1.73,0.97,2,2,1,-0.02,1.38,2,0,0
2.06,1,0,0,-1.14,0.69,-0.53,2,0.29,1,-1.69,14.43,0.29,0.26,0
-0.23,1,0,0,-0.18,1.38,-1.23,2,0.22,1,-1.14,0,0.22,0.24,0
1.53,1,0,1,-1.04,-0.7,-1.23,2,0.67,0,-1.7,0,0,0.11,0
-0.62,1,0,0,0.29,1.72,-1.23,2,0.2,0,1.23,0,0,0.24,0
-0.38,0,1,0,-0.18,1.38,-1.23,2,0.22,1,-0.66,0,0.22,0.24,0
0.15,1,0,1,-1.33,0.69,0.23,1,0.14,1,0.21,0.81,0.14,0.28,0
-0.83,1,0,1,-1.52,-1.04,-1.23,1,0.5,0,1.72,0,0,0.09,0
-0.2,0,1,1,-0.95,-0.7,-1.23,2,0.67,1,1.7,0,0.67,0.1,0
-0.67,1,0,1,-0.66,-1.39,-1.23,2,2,0,-1.19,0,0,0.03,0
0.42,1,0,1,-0.85,1.38,-1.23,1,0.11,0,-0.88,0,0,0.3,0
-0.12,1,0,1,-0.37,1.03,-1.23,2,0.25,0,1.22,0,0,0.23,0
0.49,1,0,0,-1.14,-1.39,0.3,1,1,1,-1.04,2.35,1,0.04,0
0.85,0,0,1,0.58,-1.04,0.6,2,1,0,-1.68,35.4,0,0.04,0
2.06,1,0,1,-1.9,1.03,-1.23,1,0.13,1,-0.55,0,0.13,0.42,0
-0.34,1,0,0,-0.76,-0.35,-1.23,2,0.5,0,-1.23,0,0,0.13,0
-1.84,1,0,0,-1.33,0.34,0.55,2,0.33,0,-0.93,2.37,0,0.24,0
-0.75,1,0,1,1.06,0,1.2,2,0.4,0,1.21,0.89,0,0.1,0
0.41,0,1,1,-1.23,1.03,0.64,1,0.13,1,-0.29,1.4,0.13,0.31,0
-0.56,1,0,1,0.29,0.69,-1.23,2,0.29,1,0.37,0,0.29,0.17,0
-0.78,0,1,1,0.2,-1.04,0.38,1,0.5,0,0.46,0.79,0,0.05,0
0.24,0,1,0,0.2,-0.35,0.8,1,0.25,1,1.16,0.76,0.25,0.1,0
-1.49,1,0,0,-0.76,-1.73,0.49,1,1,1,-0.98,2.43,1,0,0
-2,0,1,1,0.48,0.69,-1.23,2,0.29,0,1.49,0,0,0.16,0
-0.69,0,0,0,0.2,-0.7,0.19,1,0.33,0,1.37,0.49,0,0.07,0
0.97,0,0,1,-0.95,0.34,0.76,2,0.33,0,0.72,0.87,0,0.21,0
0.38,1,0,0,-0.37,-1.39,0.55,2,2,1,-0.91,2.31,2,0.03,0
0.39,0,1,0,0.67,-0.7,-1.23,2,0.67,1,0.08,0,0.67,0.07,0
-1.36,1,0,1,-0.47,0,-1.23,1,0.2,0,-0.55,0,0,0.15,0
0.85,0,1,0,-0.09,0,-1.23,2,0.4,1,-1.72,0,0.4,0.13,0
0.16,0,1,1,0.39,0,-1.23,2,0.4,0,-1.23,0,0,0.12,0
-1.44,0,1,0,0.1,-1.39,-1.23,1,1,1,1.46,0,1,0.03,0
0.53,1,0,1,0.1,0.69,1.11,1,0.14,1,0.61,1.08,0.14,0.18,0
0.08,0,0,1,-0.76,-1.04,0.01,2,1,0,-1.51,5.72,0,0.06,0
0.04,1,0,0,-1.42,1.03,1.1,1,0.13,1,0.52,1.12,0.13,0.33,0
-0.02,0,0,0,0.2,-0.35,0.63,1,0.25,0,0.76,0.81,0,0.1,0
-0.55,0,1,1,-1.42,-1.73,0.51,2,2,1,1.53,0.58,2,0,0
1.36,1,0,1,-0.56,0.69,1.84,1,0.14,1,1.16,1.15,0.14,0.21,0
-0.07,1,0,1,-0.09,-0.7,-1.23,2,0.67,1,-0.35,0,0.67,0.08,0
0.29,0,1,0,0.01,0.69,0.24,1,0.14,1,-1.63,15.01,0.14,0.18,0
0.28,1,0,0,2.01,-1.04,-1.23,2,1,1,-0.98,0,1,0.03,0
1.61,1,0,1,-0.47,0,0.6,1,0.2,1,-1.18,3.55,0.2,0.15,0
0.18,0,1,1,0.39,-1.39,1.13,1,1,0,0.72,1.04,0,0.02,0
0.09,0,0,1,-0.95,1.38,0.1,1,0.11,1,-0.28,0.99,0.11,0.31,0
0.1,1,0,1,-0.47,-1.39,-1.23,2,2,0,-1.57,0,0,0.03,0
-0.51,1,0,0,-0.18,0,-1.23,1,0.2,0,-1.38,0,0,0.14,0
1.04,1,0,1,-0.85,-0.7,1.42,1,0.33,0,0.6,1.23,0,0.1,0
-1.24,1,0,0,-0.18,-1.39,-1.23,1,1,0,-1.66,0,0,0.03,0
-0.04,1,0,0,0.29,1.38,-1.23,2,0.22,1,-0.85,0,0.22,0.21,0
0.59,0,1,1,0.67,0.69,-0.12,1,0.14,1,-1.05,1.73,0.14,0.15,0
-1.04,0,1,1,0.01,-1.04,0.64,2,1,1,1.66,0.59,1,0.05,0
0.2,1,0,1,-0.56,-1.39,-1.23,2,2,1,-0.24,0,2,0.03,0
-0.61,1,0,0,-0.76,-1.04,0.12,2,1,1,0.28,0.72,1,0.06,0
-0.64,1,0,0,1.06,-0.35,-1.23,2,0.5,1,1.43,0,0.5,0.08,0
0.77,1,0,0,-0.56,-0.35,-1.23,1,0.25,1,-0.56,0,0.25,0.12,0
-0.83,1,0,0,0.39,1.38,-1.23,2,0.22,1,-1.54,0,0.22,0.21,0
-0.78,1,0,1,0.67,-1.39,-1.23,2,2,1,-0.59,0,2,0.02,0
-1.55,0,0,1,-1.33,0.34,0.44,1,0.17,0,0.26,0.91,0,0.24,0
-2.27,0,0,1,0.29,1.03,0.71,2,0.25,0,0.45,0.96,0,0.19,0
0.71,0,1,1,0.1,-0.35,0.83,1,0.25,1,1.32,0.73,0.25,0.1,0
2.06,0,0,1,-0.28,0.69,0.42,1,0.14,1,-0.22,1.18,0.14,0.19,0
-1,0,0,0,-0.76,0.34,0.95,1,0.17,0,0.12,1.27,0,0.19,0
-2.41,1,0,1,-0.28,0.69,0.22,1,0.14,1,-0.54,1.3,0.14,0.19,0
0.67,0,1,1,-0.76,0.69,-1.23,1,0.14,1,0.87,0,0.14,0.23,0
1.19,0,0,1,-0.18,-1.04,0.37,2,1,1,0.83,0.67,1,0.05,0
0.02,0,1,0,-0.09,0.34,0.75,2,0.33,1,1.54,0.65,0.33,0.16,0
0.09,1,0,0,-0.18,-1.39,1.2,1,1,1,0.71,1.07,1,0.03,0
-0.79,0,0,1,-0.37,0,1.4,1,0.2,1,-1.48,10.84,0.2,0.14,0
-0.41,1,0,1,-0.09,0.69,-1.23,1,0.14,1,-0.64,0,0.14,0.18,0
0.91,0,1,1,-0.37,1.03,0.81,1,0.13,0,-1.46,7.92,0,0.23,0
-0.82,1,0,1,0.96,-0.35,1.67,1,0.25,0,-1.73,345.34,0,0.08,0
0.37,1,0,0,0.48,0.69,-0.34,1,0.14,0,1.42,0.3,0,0.16,0
0.29,0,1,1,-0.56,-0.35,0.31,1,0.25,0,-1.72,81.92,0,0.12,0
-0.35,0,1,0,0.67,-0.7,0.48,1,0.33,1,-0.23,1.23,0.33,0.07,0
0.23,1,0,1,0.01,0.69,0.09,2,0.29,0,0.16,0.75,0,0.18,0
0.98,1,0,0,-0.56,-1.39,-1.23,2,2,1,1.29,0,2,0.03,0
0.27,0,0,0,-1.23,-0.7,0.42,1,0.33,0,0.34,0.86,0,0.12,0
-0.39,0,1,1,0.01,1.03,0.67,1,0.13,0,-1.34,5.07,0,0.21,0
-0.69,0,1,0,-0.85,0,-1.23,2,0.4,1,1.48,0,0.4,0.17,0
0.13,1,0,1,-1.61,0.34,-1.23,2,0.33,1,0.55,0,0.33,0.27,0
-1.91,1,0,1,-1.23,1.38,0.47,1,0.11,0,-1.55,9.73,0,0.35,0
-1.45,0,0,0,1.06,0.69,0.76,1,0.14,1,-1.33,5.21,0.14,0.14,0
-0.33,0,1,0,-0.09,0.34,-1.23,2,0.33,1,0.3,0,0.33,0.16,0
0.47,0,0,0,2.58,0.69,0.69,2,0.29,1,1.29,0.69,0.29,0.11,0
-1,1,0,0,0.48,1.38,0.95,2,0.22,0,0.26,1.18,0,0.2,0
0.09,0,0,1,0.01,1.03,0.48,2,0.25,1,1.7,0.54,0.25,0.21,0
0.12,1,0,1,0.48,1.03,-1.23,2,0.25,1,1.31,0,0.25,0.18,0
-0.98,0,1,1,-0.09,-1.04,0.62,1,0.5,0,0.88,0.77,0,0.05,0
0.52,0,1,0,0.01,1.38,-1.23,2,0.22,1,0.17,0,0.22,0.23,0
-0.66,0,1,1,0.29,0,0.7,1,0.2,0,1.65,0.62,0,0.12,0
-0.82,1,0,0,0.77,0.69,-1.23,2,0.29,0,0.21,0,0,0.15,0
-1.15,1,0,0,0.1,0.69,0.07,1,0.14,0,1.17,0.48,0,0.18,0
-0.07,0,0,0,-0.47,1.72,0.73,2,0.2,1,1.43,0.67,0.2,0.29,0
1.06,1,0,0,1.06,-0.35,-1.23,2,0.5,1,-1.73,0,0.5,0.08,0
0.57,1,0,1,-0.37,0,-1.23,2,0.4,1,-0.32,0,0.4,0.14,0
1.81,1,0,1,-0.66,1.38,-1.23,2,0.22,0,-1.57,0,0,0.28,0
-0.24,0,1,1,0.87,-1.39,0.9,1,1,0,-0.37,1.68,0,0.02,0
-1.23,1,0,1,2.01,0,0,2,0.4,1,-1.5,5.52,0.4,0.08,0
1.17,1,0,0,0.48,-1.39,-1.23,2,2,1,-1.54,0,2,0.02,0
0.51,1,0,0,-0.28,-0.35,-1.23,2,0.5,0,0.53,0,0,0.11,0
0.1,1,0,1,0.2,-0.7,-1.23,2,0.67,1,0.15,0,0.67,0.07,0
-0.12,1,0,0,-0.37,-1.39,0.43,2,2,1,0.68,0.74,2,0.03,0
-0.97,1,0,0,-1.42,-0.35,-1.23,1,0.25,0,-1.38,0,0,0.17,0
-0.18,1,0,0,-0.66,-1.39,0.44,1,1,1,-1.1,2.84,1,0.03,0
-0.28,0,1,0,1.06,-1.04,0.17,1,0.5,1,0.07,0.83,0.5,0.04,0
-0.41,1,0,1,2.77,0,0.1,2,0.4,1,0.81,0.56,0.4,0.07,0
1.29,1,0,1,-1.04,1.38,0.56,1,0.11,0,0.86,0.74,0,0.32,0
0.32,0,0,1,0.87,0,1.01,2,0.4,0,-0.47,1.91,0,0.1,0
-0.9,0,0,0,-0.66,1.72,1.02,2,0.2,0,-1.47,9.1,0,0.31,0
0.2,1,0,0,1.06,1.03,0.99,1,0.13,1,-1.69,43.79,0.13,0.16,0
1.04,1,0,1,0.39,-1.39,0.62,1,1,0,0.45,0.91,0,0.02,0
-1.1,1,0,0,-0.56,0.34,-1.23,2,0.33,1,0.42,0,0.33,0.18,0
-0.12,1,0,0,-0.09,0,-1.23,2,0.4,0,-0.11,0,0,0.13,0
0.22,1,0,0,-1.04,0.34,-1.23,1,0.17,1,-1.59,0,0.17,0.21,0
-0.12,1,0,0,-0.37,1.03,-1.23,1,0.13,0,1.12,0,0,0.23,0
0.48,1,0,0,-1.33,-1.39,-1.23,2,2,0,-0.21,0,0,0.04,0
2.06,0,1,1,0.48,1.03,-1.23,2,0.25,1,1.45,0,0.25,0.18,0
1.01,1,0,0,-0.47,1.03,-1.23,2,0.25,0,-0.81,0,0,0.24,0
-1.94,0,1,0,-0.37,-1.04,-1.23,2,1,1,-1.71,0,1,0.06,0
-0.81,1,0,0,-0.85,0.34,-1.23,1,0.17,1,1.3,0,0.17,0.2,0
0.94,0,1,1,1.06,-1.39,0.04,1,1,1,-1.51,6.05,1,0.02,0
-0.14,1,0,1,-0.28,-1.04,1.22,1,0.5,1,-0.49,2.13,0.5,0.06,0
0,1,0,1,-1.04,0.69,-1.23,2,0.29,0,-1.73,0,0,0.25,0
0.22,1,0,1,-1.04,-0.35,1.45,1,0.25,1,1.21,0.99,0.25,0.14,0
-1.31,0,0,1,-0.95,1.38,1.09,2,0.22,0,-1.18,4.5,0,0.31,0
-0.27,0,0,0,0.58,0,1.21,1,0.2,0,-0.54,2.21,0,0.11,0
0.27,1,0,0,-1.14,-1.04,-1.23,2,1,1,0.25,0,1,0.07,0
-1.93,0,0,1,-0.18,-0.35,1.27,1,0.25,0,0.76,1.09,0,0.11,0
0.7,0,0,1,-1.23,0.69,1.14,1,0.14,0,-0.85,2.89,0,0.27,0
-0.79,1,0,1,-0.56,1.03,0.38,1,0.13,0,0.05,0.97,0,0.24,0
-0.37,0,1,1,0.2,-0.35,-1.23,1,0.25,1,0.86,0,0.25,0.1,0
0,0,1,1,0.58,-0.35,-1.23,2,0.5,0,1.62,0,0,0.09,0
-0.96,1,0,0,1.63,0.69,0.72,2,0.29,1,0.28,1.04,0.29,0.13,0
-1.14,0,0,1,-0.18,-0.7,0.86,1,0.33,0,-1.4,6.71,0,0.08,0
-0.21,1,0,1,-0.76,-1.73,-1.23,2,2,1,-1.14,0,2,0,0
-1.32,0,0,1,2.01,-1.39,1.4,1,1,1,-0.75,2.87,1,0.02,0
0.28,1,0,0,0.87,-1.04,-1.23,2,1,1,-1.18,0,1,0.04,0
-2.2,1,0,1,-0.09,-1.04,-1.23,2,1,0,0.64,0,0,0.05,0
-1.1,1,0,1,0.48,-1.39,-1.23,2,2,0,-0.54,0,0,0.02,0
-0.57,0,0,1,-0.47,-1.04,0.18,2,1,1,0.98,0.56,1,0.06,0
0.28,1,0,1,-1.23,-0.7,-1.23,2,0.67,0,-1.65,0,0,0.12,0
2.06,1,0,0,-0.28,0.34,-1.23,2,0.33,1,1.57,0,0.33,0.17,0
-0.64,0,0,0,-1.8,-1.04,0.71,2,1,0,-1.68,34.31,0,0.1,0
1.39,0,1,0,-0.76,-1.04,0.72,2,1,0,-0.32,1.49,0,0.06,0
-0.91,0,1,1,1.72,0.34,-1.23,2,0.33,1,-1.06,0,0.33,0.11,0
-0.62,1,0,1,-0.95,0.34,-1.23,2,0.33,1,0.15,0,0.33,0.21,0
-0.08,0,1,1,0.39,-1.39,-1.23,2,2,1,0.79,0,2,0.02,0
-0.47,1,0,0,-0.66,0,-1.23,2,0.4,1,-1.01,0,0.4,0.16,0
1.23,0,1,1,-0.09,0.34,-1.23,2,0.33,0,0.07,0,0,0.16,0
-0.32,1,0,0,-0.56,1.38,0.82,1,0.11,1,1.61,0.66,0.11,0.27,0
0.77,1,0,1,-0.76,1.03,-1.23,2,0.25,1,-0.7,0,0.25,0.26,0
1.73,0,0,0,3.15,1.03,0.94,2,0.25,1,-0.63,2.12,0.25,0.11,0
0.19,0,0,0,-0.37,-0.35,0.51,2,0.5,0,1.3,0.62,0,0.11,0
0.64,1,0,0,-0.66,-1.39,-1.23,2,2,0,-1.71,0,0,0.03,0
-0.49,0,0,0,-0.37,1.38,1.11,1,0.11,0,1.1,0.89,0,0.26,0
-0.55,1,0,0,0.2,-0.35,1.11,2,0.5,1,-0.83,2.79,0.5,0.1,0
-0.73,0,0,1,3.54,-1.04,0.86,2,1,1,-0.84,2.52,1,0.03,0
0.7,1,0,0,0.01,-0.7,-1.23,2,0.67,1,0.79,0,0.67,0.08,0
-1.28,0,1,1,1.34,1.03,-1.23,1,0.13,1,-0.84,0,0.13,0.15,0
0.81,0,1,0,0.29,-1.39,-1.23,2,2,1,0.86,0,2,0.02,0
0.99,1,0,0,-1.42,-0.35,-1.23,1,0.25,1,-0.1,0,0.25,0.17,0
1.12,1,0,0,0.67,-1.04,-1.23,1,0.5,1,0.67,0,0.5,0.04,0
1.01,1,0,0,0.01,-0.7,1.3,1,0.33,1,-0.04,1.61,0.33,0.08,0
0.49,0,1,0,2.3,0,-1.23,1,0.2,1,1.28,0,0.2,0.08,0
0.37,1,0,1,-0.18,1.38,0.93,1,0.11,0,-1.26,4.88,0,0.24,0
0.29,1,0,1,0.1,-1.39,-1.23,1,1,1,-1.45,0,1,0.03,0
0.33,0,0,1,-0.28,0,-0.07,2,0.4,0,-1.1,1.96,0,0.14,0
1.32,1,0,0,-0.47,0.69,0.53,1,0.14,1,0.23,0.97,0.14,0.21,0
0.95,1,0,0,-1.33,-0.35,0.89,2,0.5,0,0.52,1.02,0,0.16,0
-0.02,0,0,1,-1.42,0.69,0.4,1,0.14,0,0.57,0.76,0,0.29,0
1.16,1,0,1,2.68,-1.39,1.17,2,2,1,0.11,1.41,2,0.01,0
-0.57,0,0,1,-0.85,1.38,0.87,2,0.22,1,-0.73,2.26,0.22,0.3,0
-0.26,1,0,0,-0.28,1.03,0.86,2,0.25,0,1.72,0.65,0,0.22,0
0.85,1,0,1,-0.28,0,-1.23,2,0.4,1,0.16,0,0.4,0.14,0
0.15,0,1,0,-0.66,1.72,-1.23,1,0.1,1,-1.35,0,0.1,0.31,0
0.77,1,0,1,-0.09,0.34,-1.23,2,0.33,1,1.02,0,0.33,0.16,0
-1,1,0,0,-0.09,-0.7,1,1,0.33,1,1.64,0.71,0.33,0.08,0
0.25,0,1,0,-0.37,1.03,1.27,1,0.13,1,-1.13,4.42,0.13,0.23,0
-0.16,0,1,0,0.87,-1.04,-1.23,2,1,1,0.63,0,1,0.04,0
-0.51,1,0,1,0.77,-1.39,-0.19,2,2,1,-0.06,0.67,2,0.02,0
1.11,0,1,1,0.1,-0.7,-1.23,2,0.67,0,-0.07,0,0,0.08,0
-0.11,1,0,0,2.68,-0.7,-1.23,1,0.33,1,-0.99,0,0.33,0.04,0
1.07,0,1,0,1.06,0.69,1.13,2,0.29,1,0.88,0.97,0.29,0.14,0
0.04,1,0,0,-0.18,0,-1.23,1,0.2,1,-0.5,0,0.2,0.14,0
-0.01,0,1,1,-1.42,1.03,0.52,1,0.13,0,0.08,1.04,0,0.33,0
1.87,0,1,0,0.48,1.72,-1.23,1,0.1,1,-0.91,0,0.1,0.23,0
-1.36,1,0,1,0.01,-1.04,0.58,2,1,0,-0.04,1.16,0,0.05,0
-0.76,0,1,1,0.2,-0.35,0.2,1,0.25,1,0.61,0.66,0.25,0.1,0
-0.77,0,1,1,0.58,0,0.92,1,0.2,0,0.61,0.99,0,0.11,0
-0.05,1,0,1,0.1,0,0.28,2,0.4,1,1.38,0.52,0.4,0.13,0
0.63,0,0,0,0.58,-1.39,0.34,2,2,0,-0.86,1.93,0,0.02,0
1.61,0,1,0,-0.18,-1.04,0.98,2,1,1,-0.43,1.83,1,0.05,0
0.2,1,0,0,0.01,1.03,0.41,1,0.13,0,-0.19,1.14,0,0.21,0
0.29,0,1,0,-1.04,1.38,-1.23,2,0.22,1,-0.67,0,0.22,0.32,0
2.06,0,1,0,0.01,0.34,-1.23,2,0.33,0,0.07,0,0,0.15,0
0.2,0,0,0,-0.37,-1.04,0.05,1,0.5,1,1.72,0.4,0.5,0.06,0
0.85,1,0,0,-1.42,-0.7,1.37,1,0.33,1,-1.57,16.83,0.33,0.13,0
1.17,1,0,0,0.01,-1.39,0.84,2,2,1,1.53,0.69,2,0.03,0
0.23,1,0,0,0.29,-0.35,-1.23,2,0.5,0,0.37,0,0,0.1,0
0.67,1,0,1,-0.66,1.03,1.58,1,0.13,0,1.51,0.94,0,0.25,0
-0.31,1,0,1,-0.76,0.69,0.96,1,0.14,1,0.85,0.92,0.14,0.23,0
1.51,0,1,0,-1.52,-0.7,1.12,2,0.67,0,0.44,1.17,0,0.13,0
0.22,1,0,1,-0.47,0.34,-1.23,1,0.17,0,-1.35,0,0,0.18,0
-1.28,0,1,0,0.67,1.72,0.88,1,0.1,0,-0.78,2.39,0,0.22,0
0.74,1,0,0,-0.09,-0.7,-1.23,2,0.67,1,1.18,0,0.67,0.08,0
-0.56,0,0,1,-0.47,-0.35,0.37,2,0.5,1,-1.66,20.71,0.5,0.12,0
0.99,1,0,0,-0.66,-0.35,-1.23,2,0.5,1,-0.47,0,0.5,0.13,0
-1.32,1,0,0,-1.23,-0.35,-1.23,2,0.5,0,1.48,0,0,0.15,0
-0.27,1,0,1,0.48,-0.7,-1.23,2,0.67,0,-0.2,0,0,0.07,0
-1.01,0,1,1,-0.09,-1.39,1.68,2,2,0,1.47,0.98,0,0.03,0
2.06,0,1,1,-0.56,-0.7,0.38,2,0.67,1,0.63,0.74,0.67,0.09,0
-0.53,0,0,1,-0.56,-1.04,-0.39,2,1,0,-0.26,0.61,0,0.06,0
-1.64,1,0,1,-0.37,1.03,0.71,1,0.13,0,-0.26,1.42,0,0.23,0
0.96,1,0,0,-0.85,-1.39,0.81,1,1,1,0.67,0.92,1,0.03,0
-1.33,1,0,1,0.2,0,1.08,1,0.2,1,-1.48,9.75,0.2,0.12,0
0.32,0,1,0,1.72,-1.04,1.55,1,0.5,1,0.55,1.31,0.5,0.04,0
-0.21,0,0,0,-1.04,1.03,0.48,1,0.13,1,-1.39,5.23,0.13,0.29,0
1.61,1,0,0,2.68,-1.39,-1.23,2,2,1,0.07,0,2,0.01,0
0.54,0,1,1,0.01,0.34,1.22,1,0.17,0,1.45,0.83,0,0.15,0
1.08,0,0,0,-0.09,-1.39,0.09,1,1,1,-1.56,7.94,1,0.03,0
0.71,1,0,0,1.44,0.69,-1.23,2,0.29,1,0.43,0,0.29,0.13,0
0.34,1,0,1,-0.85,-0.35,0.61,1,0.25,0,1.44,0.63,0,0.13,0
1.02,1,0,1,0.2,0,-0.3,1,0.2,1,-0.68,0.94,0.2,0.12,0
0.76,0,1,1,-0.28,-1.39,-1.23,2,2,0,-0.83,0,0,0.03,0
1.24,0,1,1,-0.85,1.03,-1.23,2,0.25,1,-0.86,0,0.25,0.27,0
0.3,1,0,1,-0.18,-0.35,-1.23,2,0.5,0,-0.68,0,0,0.11,0
0.5,1,0,0,-0.66,-0.35,0.55,1,0.25,1,0.48,0.87,0.25,0.13,0
-2.16,1,0,1,-0.47,-0.35,-1.23,2,0.5,0,-0.55,0,0,0.12,0
-0.79,0,1,1,-0.28,-0.7,-1.23,2,0.67,1,-1.59,0,0.67,0.08,0
-0.47,1,0,1,-0.56,1.38,0.83,1,0.11,0,0.83,0.87,0,0.27,0
-0.19,0,0,1,2.49,0.34,0.85,1,0.17,1,-0.26,1.52,0.17,0.09,0
-0.96,1,0,1,-0.66,1.72,0.46,1,0.1,0,1.56,0.55,0,0.31,0
-0.11,0,0,1,-1.52,-0.7,-0.07,1,0.33,0,1.06,0.45,0,0.13,0
0.41,1,0,0,-0.28,0.34,0.54,1,0.17,0,-0.33,1.36,0,0.17,0
-0.45,0,1,1,-0.47,1.38,0.9,1,0.11,0,1.35,0.75,0,0.26,0
2.06,1,0,0,0.67,-0.7,-1.23,2,0.67,1,1.53,0,0.67,0.07,0
1.34,0,0,1,-0.47,0,0.28,2,0.4,0,1.34,0.53,0,0.15,0
-0.34,0,1,0,0.1,1.03,-1.23,2,0.25,0,-0.35,0,0,0.2,0
0.26,1,0,1,-0.95,0.69,0.89,1,0.14,0,1.55,0.7,0,0.24,0
-1.49,1,0,1,-0.56,0.69,-1.23,2,0.29,1,-0.26,0,0.29,0.21,0
-1.66,1,0,1,-0.47,0,0.74,2,0.4,0,0.94,0.8,0,0.15,0
0.28,1,0,1,-0.28,-1.73,0.5,1,1,1,-0.27,1.27,1,0,0
-0.14,0,0,1,-0.85,0.34,0.74,2,0.33,0,-0.6,1.87,0,0.2,0
-0.5,1,0,0,-0.56,1.03,-1.23,2,0.25,1,0.22,0,0.25,0.24,0
0.97,0,1,0,-0.85,-1.39,0.76,1,1,1,0.73,0.87,1,0.03,0
-0.11,1,0,0,1.06,1.38,0.66,2,0.22,0,-0.3,1.42,0,0.18,0
0.35,1,0,0,-0.09,0,0.91,1,0.2,0,0.47,1.05,0,0.13,0
-1.61,0,0,1,0.01,1.03,0.7,2,0.25,1,-1.56,11.84,0.25,0.21,0
-0.95,0,0,0,-1.04,-0.7,1.21,1,0.33,0,-0.62,2.37,0,0.11,0
0.35,1,0,1,-0.09,0,0.46,2,0.4,1,1.71,0.53,0.4,0.13,0
-0.39,1,0,1,0.29,0.69,0.62,1,0.14,1,-0.36,1.45,0.14,0.17,0
1.48,1,0,1,-0.85,1.03,-1.23,2,0.25,1,-1.32,0,0.25,0.27,0
0.43,0,0,1,0.96,0.34,0.55,2,0.33,1,0.13,1.03,0.33,0.12,0
0.54,0,1,1,-0.28,0.69,0.94,1,0.14,0,0.76,0.94,0,0.19,0
0.72,0,0,1,-1.52,-1.73,1.79,2,2,1,0.07,1.8,2,0,0
1.31,0,0,1,0.48,-0.7,0.77,2,0.67,1,-0.35,1.56,0.67,0.07,0
0.03,1,0,1,0.48,1.03,-1.23,2,0.25,1,0.95,0,0.25,0.18,0
-1.02,1,0,0,-0.09,1.38,0.92,1,0.11,0,-0.73,2.32,0,0.24,0
0.59,1,0,0,-0.47,-0.35,-1.23,1,0.25,1,-0.65,0,0.25,0.12,0
-0.04,1,0,0,0.1,1.38,-1.23,2,0.22,1,-0.13,0,0.22,0.23,0
-0.55,0,0,1,1.25,1.03,0.12,2,0.25,1,1.06,0.52,0.25,0.15,0
-1.55,1,0,1,0.29,1.38,0.61,1,0.11,1,-0.15,1.25,0.11,0.21,0
0.6,1,0,1,0.48,1.38,0.84,1,0.11,0,0.29,1.1,0,0.2,0
-0.31,0,0,0,-0.47,-1.04,0.24,2,1,0,-0.96,2.03,0,0.06,0
1.54,1,0,1,2.96,1.03,-0.1,1,0.13,1,-1.11,1.93,0.13,0.11,0
0.25,1,0,0,-0.56,0.34,-1.23,2,0.33,0,-1.15,0,0,0.18,0
-0.93,1,0,0,-0.37,0,-1.23,2,0.4,0,-0.7,0,0,0.14,0
0.58,1,0,0,0.29,1.72,-1.23,2,0.2,1,0.92,0,0.2,0.24,0
0.2,1,0,1,-0.56,0.34,0.19,1,0.17,0,-0.58,1.32,0,0.18,0
-0.02,0,1,0,-0.66,0.69,-1.23,1,0.14,0,-1.24,0,0,0.22,0
-1.31,1,0,1,-1.04,-1.39,0.27,1,1,1,-0.84,1.81,1,0.04,0
-0.8,0,1,0,3.15,1.03,0.36,1,0.13,1,-0.07,1.03,0.13,0.11,0
0.07,1,0,1,-0.56,-1.39,0.13,2,2,0,0.07,0.81,0,0.03,0
0.37,0,1,1,0.01,1.72,0.96,1,0.1,0,-0.19,1.53,0,0.26,0
0.34,1,0,0,-0.95,1.38,-1.23,2,0.22,1,-0.89,0,0.22,0.31,0
1.06,0,0,0,0.77,-1.39,0.88,1,1,0,1.69,0.66,0,0.02,0
-1.35,0,1,0,-0.85,-0.35,1.1,2,0.5,0,0.78,1,0,0.13,0
-1.07,0,0,1,-1.33,-0.35,0.35,2,0.5,1,-0.83,1.88,0.5,0.16,0
-0.03,0,1,0,-1.04,1.38,0.41,1,0.11,1,1.01,0.65,0.11,0.32,0
-0.12,1,0,0,-0.18,-0.35,0.64,2,0.5,1,1.42,0.64,0.5,0.11,0
0.73,1,0,1,-0.28,-1.39,1.26,2,2,1,-0.88,3.13,2,0.03,0
-1.06,0,0,1,-0.66,-1.04,0.36,1,0.5,1,-0.77,1.77,0.5,0.06,0
-1.01,1,0,1,0.2,-1.39,-1.23,2,2,0,-0.16,0,0,0.02,0
1.1,1,0,1,-0.28,0.69,1.1,1,0.14,0,0.54,1.11,0,0.19,0
0.7,0,1,1,0.1,1.38,-1.23,2,0.22,0,0.37,0,0,0.23,0
-0.26,1,0,1,0.2,0.34,0.34,2,0.33,0,-0.75,1.71,0,0.15,0
0.97,0,1,1,0.01,-0.35,0.3,1,0.25,0,-1.4,4.9,0,0.1,0
1.04,0,1,0,-0.47,1.03,0.81,2,0.25,0,-1.73,265.04,0,0.24,0
1.35,0,0,1,-0.37,0.69,0.26,2,0.29,1,1.28,0.53,0.29,0.2,0
1.31,0,0,0,0.67,-1.73,0.49,1,1,0,-1.73,220.32,0,0,0
0.68,1,0,0,-0.95,0.34,-1.23,2,0.33,1,-0.02,0,0.33,0.21,0
0.2,1,0,1,-0.18,-1.04,-1.23,2,1,1,-0.8,0,1,0.05,0
-0.99,1,0,1,0.1,1.72,1.02,1,0.1,1,0.1,1.32,0.1,0.25,0
0.29,0,0,0,-0.85,-0.35,0.02,1,0.25,1,0.37,0.64,0.25,0.13,0
-0.82,1,0,1,-0.09,-1.39,0.72,1,1,1,0.95,0.78,1,0.03,0
-1.43,0,1,0,-0.37,0,0.77,1,0.2,1,-1.41,6.63,0.2,0.14,0
0.48,1,0,1,-0.37,0,0.91,1,0.2,0,-0.61,2.05,0,0.14,0
-2.34,0,1,1,-0.47,0.69,-1.23,1,0.14,1,-1.46,0,0.14,0.21,0
0.35,1,0,0,0.39,0.69,-1.23,2,0.29,0,0.54,0,0,0.16,0
-0.52,1,0,0,-0.66,0.69,0.36,1,0.14,0,0.57,0.74,0,0.22,0
-1.34,1,0,1,-0.18,0,0.47,2,0.4,1,-0.26,1.25,0.4,0.14,0
-0.17,1,0,1,3.63,0,-1.23,2,0.4,1,1.07,0,0.4,0.06,0
-2.13,1,0,0,-0.56,0.69,-1.23,2,0.29,0,0.39,0,0,0.21,0
0.53,0,0,0,-0.28,-1.04,0.46,2,1,1,-0.82,1.99,1,0.06,0
-1.71,1,0,1,-0.18,0,-1.23,2,0.4,1,1.22,0,0.4,0.14,0
-0.23,1,0,1,-1.33,0.69,-1.23,2,0.29,1,1.67,0,0.29,0.28,0
-0.48,0,1,0,-1.04,0.34,-1.23,2,0.33,1,-0.54,0,0.33,0.21,0
0.76,0,0,1,-0.76,1.38,0.99,1,0.11,0,-1.52,10.69,0,0.29,0
-0.86,0,0,1,0.1,0.69,0.73,1,0.14,0,0.67,0.88,0,0.18,0
1.39,1,0,1,-0.28,-1.04,-1.23,1,0.5,1,-0.67,0,0.5,0.06,0
1.76,0,0,0,-0.76,-1.04,-0.12,1,0.5,1,-1.3,2.71,0.5,0.06,0
-0.26,0,1,1,-0.66,0.69,0.49,1,0.14,1,0.6,0.79,0.14,0.22,0
1.27,1,0,0,0.2,0.69,1.82,1,0.14,1,-0.74,3.31,0.14,0.17,0
0.78,1,0,0,1.34,-1.39,0.59,1,1,1,-1.25,4,1,0.02,0
-0.1,0,1,0,0.1,-0.35,0.39,1,0.25,1,-0.84,1.96,0.25,0.1,0
-0.02,1,0,0,0.67,-1.04,-1.23,2,1,1,-0.58,0,1,0.04,0
-2.24,0,1,1,-0.56,-0.7,-1.23,1,0.33,1,-1.69,0,0.33,0.09,0
0.91,1,0,0,-0.09,0.69,-1.23,2,0.29,0,-0.54,0,0,0.18,0
-1.49,0,0,1,-0.76,1.38,0.56,1,0.11,0,0.87,0.74,0,0.29,0
-0.46,0,0,0,-1.14,0.34,1.54,1,0.17,1,0.2,1.55,0.17,0.22,0
0.48,0,0,1,1.15,-1.39,1.14,1,1,1,-0.81,2.76,1,0.02,0
-1.52,0,0,1,0.29,0.69,0.88,2,0.29,1,0.86,0.88,0.29,0.17,0
0.03,1,0,0,3.34,-1.73,0.72,1,1,1,1.05,0.76,1,0,0
0.1,0,1,1,-0.09,0.34,0.54,1,0.17,1,0.95,0.71,0.17,0.16,0
0.02,1,0,0,-0.47,0.34,0.34,2,0.33,1,0.07,0.93,0.33,0.18,0
0.19,1,0,0,0.29,1.38,-1.23,2,0.22,0,0.62,0,0,0.21,0
-0.58,1,0,1,-0.37,-1.04,0.92,1,0.5,1,-0.6,2.05,0.5,0.06,0
1.09,0,0,1,-0.66,-1.73,0.53,2,2,1,-0.76,1.95,2,0,0
-0.09,1,0,0,-0.56,-0.35,0.13,2,0.5,1,-0.7,1.41,0.5,0.12,0
-1.7,0,0,1,-0.18,-1.39,0.4,1,1,0,-0.85,1.97,0,0.03,0
1.59,1,0,1,1.53,0.69,-1.23,2,0.29,1,0.32,0,0.29,0.13,0
0.17,1,0,1,-0.76,-0.7,0.37,1,0.33,1,1.56,0.52,0.33,0.1,0
0.17,0,1,1,-0.37,-0.35,0.34,2,0.5,0,-0.75,1.71,0,0.11,0
0.29,1,0,1,-0.95,-0.7,-1.23,2,0.67,1,-0.63,0,0.67,0.1,0
0.3,1,0,0,0.39,-0.35,-1.23,2,0.5,1,-0.72,0,0.5,0.09,0
-0.07,0,1,1,-0.66,-0.7,0.96,1,0.33,1,-1.49,9.63,0.33,0.09,0
-0.82,1,0,0,-0.85,-0.35,0.15,1,0.25,0,0.78,0.59,0,0.13,0
-0.24,0,1,0,-0.37,0.69,-1.23,1,0.14,0,1.52,0,0,0.2,0
-1.19,1,0,1,0.01,-0.35,-1.23,2,0.5,0,-1.27,0,0,0.1,0
0.97,0,1,1,-0.47,-0.7,-1.23,2,0.67,0,-1.27,0,0,0.09,0
0.6,1,0,0,-0.47,-1.04,0.56,1,0.5,0,-0.75,1.96,0,0.06,0
0.03,0,0,1,-0.76,-1.04,1.25,2,1,0,-1.3,6.14,0,0.06,0
-0.03,0,0,1,-0.76,0.69,0.79,1,0.14,1,0.52,0.97,0.14,0.23,0
0.13,0,0,0,-0.18,1.03,1.26,1,0.13,0,0.32,1.31,0,0.22,0
-0.39,0,0,0,0.39,-0.35,1.03,1,0.25,1,-1.39,6.99,0.25,0.09,0
-0.32,1,0,1,-1.04,1.38,-0.07,1,0.11,1,1.57,0.38,0.11,0.32,0
0.11,1,0,1,1.15,0.34,1.12,1,0.17,1,-0.56,2.16,0.17,0.12,0
0.19,0,0,1,0.58,-1.39,0.76,1,1,0,0.19,1.12,0,0.02,0
1.21,0,0,0,-0.56,-1.39,1.09,1,1,1,0.56,1.09,1,0.03,0
-1.65,1,0,0,3.15,0.34,0.24,1,0.17,1,-1.62,12.98,0.17,0.08,0
0.03,1,0,1,0.39,-1.73,-1.23,2,2,0,-1.26,0,0,0,0
0.29,0,0,1,1.82,1.03,0.79,2,0.25,1,-0.23,1.45,0.25,0.14,0
0.38,1,0,1,-1.04,0.69,0.51,1,0.14,1,-1.26,3.94,0.14,0.25,0
1.93,1,0,0,-0.09,-1.04,-1.23,2,1,1,-0.93,0,1,0.05,0
2.06,1,0,1,-1.04,1.03,-0.14,2,0.25,1,1.64,0.35,0.25,0.29,0
-1.07,0,1,0,-1.61,0.69,1.04,1,0.14,0,0.31,1.2,0,0.32,0
0.58,1,0,1,-0.18,-1.39,-1.23,2,2,1,-1.64,0,2,0.03,0
-0.22,1,0,0,0.39,-1.73,-1.23,2,2,1,-1.02,0,2,0,0
0.38,1,0,0,-0.28,-0.35,0.33,1,0.25,1,-0.64,1.54,0.25,0.11,0
-1.54,0,0,0,-0.56,0.34,0.78,2,0.33,1,1.02,0.79,0.33,0.18,0
-0.19,0,1,0,-0.66,-1.39,-1.23,2,2,0,-1.4,0,0,0.03,0
-1.83,0,0,0,-0.18,0,1.06,2,0.4,1,0.19,1.29,0.4,0.14,0
2.06,0,0,0,-0.76,-1.39,0.86,2,2,1,-1.66,29.13,2,0.03,0
-0.69,1,0,1,-0.28,1.38,-1.23,1,0.11,1,0.1,0,0.11,0.25,0
0.95,0,1,1,-1.42,1.03,-1.23,2,0.25,0,-1.67,0,0,0.33,0
1.14,0,1,0,-0.47,-1.04,-1.23,2,1,0,-0.68,0,0,0.06,0
-0.52,1,0,1,0.96,0.69,0.22,1,0.14,0,-0.15,0.99,0,0.14,0
-1.55,1,0,0,-0.47,0,-1.23,1,0.2,0,-1.26,0,0,0.15,0
-2.41,1,0,1,-0.47,1.03,1.27,1,0.13,0,0.94,1.01,0,0.24,0
1.52,0,1,1,1.91,-0.35,0.85,1,0.25,1,-0.11,1.38,0.25,0.07,0
1.42,0,0,0,0.29,0.34,1,2,0.33,0,-0.61,2.14,0,0.14,0
0.5,0,1,1,0.39,-1.04,0.96,2,1,0,-0.3,1.65,0,0.05,0
-0.36,1,0,1,-1.99,0.34,-1.23,2,0.33,1,-1.27,0,0.33,0.33,0
0,1,0,0,0.2,-0.35,-0.61,1,0.25,1,0.08,0.37,0.25,0.1,0
0.04,1,0,0,-1.04,0.69,-1.23,2,0.29,0,0.89,0,0,0.25,0
0.4,1,0,1,0.01,-0.35,-1.23,2,0.5,0,1.67,0,0,0.1,0
-1.54,1,0,1,-0.85,-0.35,-1.23,2,0.5,1,-0.59,0,0.5,0.13,0
-0.08,1,0,1,-0.47,0.69,-1.23,2,0.29,1,0,0,0.29,0.21,0
1.15,1,0,1,-1.04,-1.04,-1.23,2,1,0,1.18,0,0,0.07,0
0.71,1,0,1,0.96,0,0.47,1,0.2,1,-1.46,6.52,0.2,0.1,0
1.43,1,0,1,-1.14,0.34,-1.23,2,0.33,0,0.06,0,0,0.22,0
-1.01,0,1,1,0.29,0.69,-1.23,2,0.29,0,-1.61,0,0,0.17,0
-2.1,0,1,1,-1.33,-1.04,-1.23,2,1,0,-0.08,0,0,0.08,0
-0.19,0,0,1,0.29,0.34,-0.26,2,0.33,1,0.84,0.4,0.33,0.14,0
0.19,0,1,1,-1.33,0.69,1.29,2,0.29,0,0.42,1.26,0,0.28,0
0.04,0,1,1,-0.47,0,-1.23,2,0.4,0,1.03,0,0,0.15,0
0.78,1,0,0,-0.09,-0.35,-1.23,2,0.5,0,-1.62,0,0,0.11,0
0.85,0,0,0,-0.85,-1.39,0.42,1,1,0,-1.37,4.75,0,0.03,0
-1.26,0,1,0,-0.37,0,-1.23,2,0.4,0,-0.76,0,0,0.14,0
-1.63,1,0,0,-0.18,1.03,1.07,2,0.25,0,1.02,0.9,0,0.22,0
-0.37,0,1,0,-0.95,0.69,1.07,2,0.29,1,0.46,1.13,0.29,0.24,0
0.16,1,0,1,-0.28,-0.35,0.7,2,0.5,0,-1.15,3.57,0,0.11,0
-0.07,0,1,1,1.44,0.34,-1.23,1,0.17,1,-0.27,0,0.17,0.11,0
0.58,1,0,1,3.25,0.34,-0.16,1,0.17,1,-0.65,1.06,0.17,0.08,0
-0.49,1,0,1,0.1,-0.35,0.42,2,0.5,1,-1.07,2.65,0.5,0.1,0
0.21,1,0,0,-0.47,0,1.41,1,0.2,0,0.19,1.49,0,0.15,0
-0.54,0,1,0,-0.37,1.03,-1.23,3,0.38,1,-0.2,0,0.38,0.23,0
-0.46,0,1,1,0.29,1.72,-1.23,2,0.2,0,1.35,0,0,0.24,0
2.06,0,0,0,-0.28,-0.7,1.48,1,0.33,0,1.29,0.97,0,0.08,0
-0.07,0,1,0,-1.23,-0.35,1.23,2,0.5,1,-0.3,1.86,0.5,0.15,0
0.05,1,0,1,-0.18,-0.35,-1.23,2,0.5,1,0.74,0,0.5,0.11,0
2.06,1,0,1,-0.85,1.72,1.24,2,0.2,0,-0.65,2.45,0,0.33,0
0.34,0,1,1,-0.47,1.38,0.61,2,0.22,1,-1.3,4.52,0.22,0.26,0
0.13,0,0,1,-0.18,0.69,1.08,2,0.29,1,1.33,0.81,0.29,0.19,0
-0.12,1,0,1,3.63,0.34,0.07,2,0.33,1,-0.77,1.45,0.33,0.08,0
0.55,1,0,1,-1.52,0.34,1.44,1,0.17,1,0.97,1.07,0.17,0.26,0
0.42,1,0,0,0.1,-1.73,0.62,1,1,1,-0.69,1.9,1,0,0
-0.53,1,0,1,-0.47,1.03,-1.23,2,0.25,1,1.29,0,0.25,0.24,0
-0.8,1,0,0,-0.28,-1.39,-1.23,1,1,1,-0.75,0,1,0.03,0
-0.64,0,0,0,0.2,0.69,0.26,1,0.14,1,0.02,0.92,0.14,0.17,0
-0.04,0,1,1,-1.04,0.34,1.17,2,0.33,0,0.04,1.46,0,0.21,0
-0.17,1,0,0,0.2,0.69,-1.23,2,0.29,1,0.54,0,0.29,0.17,0
0.1,1,0,1,-0.09,-0.35,-1.23,2,0.5,0,-0.21,0,0,0.11,0
0.16,0,0,0,-0.18,-1.04,1.31,1,0.5,1,-0.12,1.7,0.5,0.05,0
0.47,1,0,1,0.48,1.03,1.37,1,0.13,0,-0.43,2.14,0,0.18,0
1.92,1,0,0,-0.95,1.38,0.92,1,0.11,1,0.93,0.87,0.11,0.31,0
0.17,0,1,0,-0.47,0,-1.23,2,0.4,0,1.11,0,0,0.15,0
-0.56,0,1,1,-1.8,-0.7,1.78,1,0.33,0,0.06,1.81,0,0.15,0
-2.28,1,0,1,-0.76,0,-1.23,1,0.2,0,-0.08,0,0,0.16,0
-0.56,0,1,1,2.68,0.34,-1.23,2,0.33,1,0.67,0,0.33,0.09,0
-0.53,1,0,1,-1.04,0.69,0.69,1,0.14,0,-1.2,3.84,0,0.25,0
-1.36,1,0,0,-1.61,1.03,-1.23,1,0.13,1,1.17,0,0.13,0.36,0
0.18,1,0,0,-0.18,0.69,0.84,1,0.14,0,-0.14,1.4,0,0.19,0
-0.18,1,0,0,0.01,1.38,0.84,2,0.22,0,1.23,0.76,0,0.23,0
-0.04,0,1,1,-0.56,0.69,0.72,2,0.29,0,-0.4,1.57,0,0.21,0
0.85,1,0,1,0.01,-1.39,-1.23,2,2,1,0.73,0,2,0.03,0
-0.98,1,0,1,-0.47,1.03,1.4,1,0.13,1,0.07,1.57,0.13,0.24,0
-1.67,0,1,1,1.82,-0.35,-1.23,2,0.5,1,1.59,0,0.5,0.07,0
-0.12,1,0,1,-1.61,-0.35,-1.23,2,0.5,0,-1.25,0,0,0.18,0
0.67,1,0,1,-0.37,-1.04,1.03,1,0.5,1,-0.69,2.33,0.5,0.06,0
1.62,0,0,0,0.29,1.38,0.46,2,0.22,1,0.53,0.81,0.22,0.21,0
0.66,0,1,1,-0.47,0,-1.23,2,0.4,0,1.62,0,0,0.15,0
-0.25,0,0,0,-1.52,0.34,0.15,1,0.17,0,0.17,0.78,0,0.26,0
0.48,1,0,1,-0.28,0.69,-1.23,2,0.29,1,-0.44,0,0.29,0.19,0
2.06,0,0,0,-0.76,-0.35,1.41,1,0.25,1,-0.66,2.66,0.25,0.13,0
0.89,0,0,0,0.58,-1.04,0.36,2,1,1,-0.37,1.26,1,0.04,0
1.67,1,0,1,-0.95,0.34,-1.23,2,0.33,0,1.18,0,0,0.21,0
-0.7,1,0,1,-0.28,1.03,-1.23,2,0.25,1,-1.64,0,0.25,0.22,0
0.82,0,0,0,-0.18,0,0.76,1,0.2,0,0.32,1.05,0,0.14,0
0.27,1,0,1,-0.28,-0.35,-1.23,2,0.5,0,-1.6,0,0,0.11,0
1.01,0,0,0,0.1,-0.7,0.43,2,0.67,0,-1.08,2.71,0,0.08,0
1.06,0,0,0,-0.09,1.38,1.21,1,0.11,1,1.4,0.84,0.11,0.24,0
-0.17,0,1,0,-0.28,-1.39,-1.23,1,1,1,0.76,0,1,0.03,0
-0.3,1,0,1,-0.95,0.69,0.4,1,0.14,1,-1.59,11.55,0.14,0.24,0
0.5,0,0,1,-0.28,-1.04,0.76,2,1,0,0.06,1.19,0,0.06,0
0.66,0,1,1,-0.56,1.03,0.73,1,0.13,0,1.09,0.75,0,0.24,0
-1.53,0,1,1,-0.66,1.38,0.38,2,0.22,1,1.01,0.63,0.22,0.28,0
0.36,0,1,0,0.39,0.34,0.65,1,0.17,0,-0.55,1.71,0,0.14,0
-0.46,1,0,0,-0.37,-1.73,0.95,2,2,0,1.51,0.73,0,0,0
0.28,1,0,1,-0.09,-0.7,-1.23,2,0.67,0,-0.58,0,0,0.08,0
0.76,0,0,1,-0.76,-1.04,1.35,2,1,1,-0.61,2.48,1,0.06,0
-0.13,0,1,1,-0.37,-1.39,-1.23,2,2,0,1.14,0,0,0.03,0
-0.23,1,0,0,-0.95,1.38,-0.07,1,0.11,1,-1.13,2.07,0.11,0.31,0
-1.27,1,0,0,-0.66,-0.35,0.15,2,0.5,0,0.98,0.55,0,0.13,0
-2.26,1,0,0,-1.14,0.34,-0.23,2,0.33,0,-0.8,1.16,0,0.22,0
-0.3,0,1,0,0.77,0.34,1.06,1,0.17,0,0,1.42,0,0.13,0
0.73,1,0,1,1.44,0,-1.23,2,0.4,1,-1.66,0,0.4,0.09,0
-0.38,0,1,1,-0.28,0,-1.23,2,0.4,0,0.53,0,0,0.14,0
-0.17,1,0,0,-1.42,-1.04,0.18,1,0.5,0,-0.64,1.38,0,0.08,0
0.95,1,0,0,-0.95,-0.35,-1.23,2,0.5,1,1.39,0,0.5,0.14,0
0.7,1,0,1,-0.37,-0.7,0.34,1,0.33,1,-0.81,1.82,0.33,0.09,0
-0.15,0,0,1,-0.85,1.03,1.05,2,0.25,1,0.17,1.29,0.25,0.27,0
0.49,1,0,0,-0.18,-1.04,1.44,2,1,1,-0.49,2.31,1,0.05,0
0.64,0,1,0,0.01,0,1.39,2,0.4,1,-1.33,6.88,0.4,0.13,0
0.09,1,0,1,-1.8,1.03,-1.23,2,0.25,0,0.22,0,0,0.4,0
-0.8,0,1,1,0.48,1.03,-1.23,2,0.25,0,-0.65,0,0,0.18,0
0.84,1,0,1,0.67,-1.73,-1.23,2,2,1,1.47,0,2,0,0
1.44,0,1,1,-1.8,1.03,-1.23,2,0.25,0,1.18,0,0,0.4,0
0.8,0,1,0,0.39,0,-1.23,1,0.2,1,0.35,0,0.2,0.12,0
-0.06,0,1,0,-0.95,-0.35,-1.23,2,0.5,1,-0.45,0,0.5,0.14,0
-0.04,0,0,1,-0.85,0.34,1.07,2,0.33,0,-1.69,48.43,0,0.2,0
-0.56,0,1,1,-0.66,-0.35,-1.23,2,0.5,1,0.81,0,0.5,0.13,0
-0.42,1,0,1,0.1,1.38,-1.23,1,0.11,1,0.86,0,0.11,0.23,0
-1.43,1,0,1,-0.28,-1.73,0.85,1,1,0,-0.82,2.45,0,0,0
0.16,0,0,1,-0.85,-0.7,0.54,1,0.33,1,-0.44,1.47,0.33,0.1,0
0.51,0,0,0,-0.85,-0.35,0.64,1,0.25,1,0.6,0.87,0.25,0.13,0
0,0,0,0,-0.18,1.72,0.66,2,0.2,1,-0.42,1.55,0.2,0.27,0
-1.12,0,1,0,-1.23,-1.04,-1.23,2,1,1,-0.79,0,1,0.08,0
0.37,1,0,0,-0.37,1.03,0.46,1,0.13,0,-1.13,2.98,0,0.23,0
2.06,0,0,0,0.77,-0.35,0.36,2,0.5,1,0.38,0.81,0.5,0.09,0
0.08,0,0,0,1.53,1.03,0.69,1,0.13,1,0.34,1,0.13,0.15,0
-2.1,1,0,0,-0.28,0.34,0.12,2,0.33,0,-0.31,1.02,0,0.17,0
-0.43,0,1,1,-0.66,-0.35,0.37,1,0.25,1,0.36,0.83,0.25,0.13,0
0.49,1,0,1,-0.76,-1.39,1.28,1,1,0,0.6,1.16,0,0.03,0
1.12,1,0,1,0.48,-1.04,0.55,2,1,0,0,1.11,0,0.05,0
-1.1,0,1,1,-1.61,-0.35,-1.23,2,0.5,0,-0.52,0,0,0.18,0
-0.86,0,1,1,-0.37,1.03,1.23,1,0.13,0,-0.2,1.73,0,0.23,0
-1.66,0,1,1,0.1,0.34,1.28,1,0.17,0,1.58,0.82,0,0.15,0
-0.25,1,0,1,-0.47,0.69,0.59,2,0.29,1,-0.76,2,0.29,0.21,0
0.7,0,0,1,0.39,0,0.9,2,0.4,0,-1.17,4.02,0,0.12,0
1.26,1,0,0,-0.37,1.38,-1.23,1,0.11,1,-1.3,0,0.11,0.26,0
-0.93,1,0,1,-0.66,0,-1.23,2,0.4,0,-0.26,0,0,0.16,0
1.69,1,0,1,0.96,1.03,-1.23,2,0.25,0,1,0,0,0.16,0
-1.16,0,0,0,0.29,-0.35,0.06,1,0.25,0,0.33,0.67,0,0.1,0
-0.52,1,0,0,-1.23,0.34,0.52,1,0.17,0,-0.31,1.32,0,0.23,0
0.04,1,0,0,-0.37,-1.04,0.23,1,0.5,1,-0.23,1.05,0.5,0.06,0
-0.3,1,0,1,0.1,-0.35,0.37,2,0.5,0,1.69,0.51,0,0.1,0
-0.42,0,1,0,-0.18,1.72,1.02,2,0.2,1,0.51,1.08,0.2,0.27,0
1.49,1,0,0,-0.28,-1.39,1.21,1,1,1,0.61,1.12,1,0.03,0
-0.97,1,0,0,-1.14,-1.04,-1.23,2,1,1,-1.66,0,1,0.07,0
1.79,0,0,1,0.96,1.03,0.91,1,0.13,1,-0.56,1.96,0.13,0.16,0
0.49,1,0,1,-1.14,0.69,-1.23,2,0.29,0,0.2,0,0,0.26,0
-0.21,1,0,0,-0.28,1.03,0.8,2,0.25,1,0.6,0.94,0.25,0.22,0
0.45,1,0,1,0.77,-0.35,-1.23,2,0.5,0,1.69,0,0,0.09,0
0.32,1,0,0,1.82,1.03,0.27,1,0.13,1,0.69,0.67,0.13,0.14,0
-0.91,0,0,1,0.48,0.69,0.46,2,0.29,1,1.7,0.53,0.29,0.16,0
0.09,0,1,1,-1.14,-0.35,-1.23,2,0.5,0,-0.01,0,0,0.15,0
-0.87,0,0,1,1.44,-0.35,0.68,2,0.5,1,1.26,0.69,0.5,0.07,0
-1.09,0,0,1,-0.18,1.38,0.31,2,0.22,1,0.08,0.91,0.22,0.24,0
1.53,1,0,1,-0.28,-1.39,-1.23,2,2,1,1.03,0,2,0.03,0
1.1,1,0,1,-0.09,-1.73,-1.23,1,1,0,-0.29,0,0,0,0
-0.1,1,0,1,1.06,0.34,1.24,2,0.33,1,0.54,1.17,0.33,0.12,0
0.7,1,0,1,-0.95,-1.04,-1.23,1,0.5,0,0.46,0,0,0.07,0
-0.28,1,0,0,-0.37,-1.73,0.87,1,1,1,-0.91,2.73,1,0,0
-0.07,1,0,1,0.1,1.03,0.27,1,0.13,0,-0.46,1.26,0,0.2,0
-1.56,0,0,1,-0.85,-1.04,0.79,2,1,1,-0.54,1.82,1,0.07,0
-0.7,1,0,0,0.29,0.69,-1.23,2,0.29,0,0.76,0,0,0.17,0
-0.57,0,0,0,-1.23,1.03,0.67,1,0.13,1,0.89,0.78,0.13,0.31,0
0.2,0,1,1,0.39,-1.39,0.34,1,1,0,0.35,0.81,0,0.02,0
1.69,0,1,0,3.15,-1.04,-1.23,2,1,1,0.53,0,1,0.03,0
0.1,1,0,0,0.1,1.03,1.45,1,0.13,1,1.48,0.9,0.13,0.2,0
-0.73,0,0,1,-0.37,1.38,0.72,1,0.11,1,-1.12,3.4,0.11,0.26,0
2.06,1,0,0,4.01,-1.39,-1.23,2,2,1,-0.7,0,2,0.01,0
0.26,0,1,1,-0.37,-1.73,-1.23,2,2,0,0.69,0,0,0,0
-0.75,1,0,1,0.67,0,0.59,1,0.2,0,-0.75,1.99,0,0.11,0
-0.74,1,0,0,-0.56,-1.39,0.67,1,1,1,1,0.75,1,0.03,0
0.63,0,0,0,1.25,1.03,1.1,1,0.13,1,0.55,1.1,0.13,0.15,0
0.43,1,0,1,0.1,0.34,1.39,1,0.17,0,-0.17,1.81,0,0.15,0
1.13,0,1,0,-0.56,-1.39,0.67,2,2,1,0.98,0.75,2,0.03,0
1.63,1,0,1,-0.66,-1.39,-1.23,2,2,1,-0.94,0,2,0.03,0
-0.41,0,0,0,-0.28,1.72,0.43,1,0.1,0,1.05,0.64,0,0.28,0
0.05,1,0,0,-0.09,0.34,-1.23,1,0.17,1,1.54,0,0.17,0.16,0
-0.51,0,1,1,-1.04,0.34,-1.23,2,0.33,0,-1.49,0,0,0.21,0
1.08,1,0,1,0.29,-1.04,0.7,1,0.5,0,0.99,0.76,0,0.05,0
-1.01,1,0,1,-0.18,-1.39,-1.23,1,1,0,-1.21,0,0,0.03,0
0.75,1,0,1,-1.04,-0.35,-1.23,2,0.5,1,0.41,0,0.5,0.14,0
-1.49,0,1,0,-0.47,-0.35,-1.23,2,0.5,1,-0.69,0,0.5,0.12,0
1.31,1,0,1,0.39,-1.39,-1.23,2,2,0,-1.36,0,0,0.02,0
-0.87,1,0,1,-0.47,-0.7,-1.23,1,0.33,0,1.53,0,0,0.09,0
0.84,1,0,1,-1.23,0.69,-1.23,2,0.29,0,0.94,0,0,0.27,0
0.48,1,0,0,0.29,1.72,-1.23,2,0.2,0,-0.67,0,0,0.24,0
-0.99,1,0,1,-0.95,-0.35,0.84,1,0.25,1,-0.92,2.71,0.25,0.14,0
-0.69,0,0,0,2.2,1.38,0.98,2,0.22,1,0.37,1.14,0.22,0.15,0
0.39,1,0,0,-0.09,0.69,0.75,1,0.14,1,1,0.78,0.14,0.18,0
-0.25,1,0,0,-0.18,-1.04,0.92,2,1,0,0.85,0.9,0,0.05,0
-0.15,0,1,1,3.54,1.38,0.8,1,0.11,1,-1.05,3.18,0.11,0.12,0
0.71,0,1,0,-0.37,1.03,-1.23,1,0.13,1,1.13,0,0.13,0.23,0
0.83,0,1,1,0.2,-0.7,-1.23,2,0.67,0,0.02,0,0,0.07,0
-2.32,1,0,1,-0.47,1.38,-1.23,2,0.22,0,0.14,0,0,0.26,0
0.52,0,1,0,-0.85,-1.04,-1.23,2,1,0,0.27,0,0,0.07,0
-1.43,1,0,1,1.15,0.34,1.1,1,0.17,1,1.13,0.88,0.17,0.12,0
-0.16,1,0,1,0.2,-0.35,0.43,2,0.5,0,1.63,0.53,0,0.1,0
0.36,1,0,1,-0.56,0.34,-1.23,1,0.17,0,-0.72,0,0,0.18,0
-0.43,1,0,1,1.34,0.69,-1.23,2,0.29,1,-0.83,0,0.29,0.13,0
-2.36,0,1,0,1.44,-0.35,-1.23,2,0.5,1,-1.62,0,0.5,0.07,0
0.06,0,1,1,-1.04,1.03,0.7,1,0.13,1,0.64,0.88,0.13,0.29,0
-0.67,0,0,1,-0.18,1.03,1.46,2,0.25,1,0.08,1.6,0.25,0.22,0
-1.75,0,1,0,-0.18,1.03,-1.23,2,0.25,0,-0.97,0,0,0.22,0
1.02,1,0,0,-0.56,-1.39,-0.03,1,1,0,-1.39,3.69,0,0.03,0
-0.93,0,0,1,0.96,0,0.29,1,0.2,1,-1.28,3.55,0.2,0.1,0
0.26,0,1,1,-1.14,-0.35,-1.23,1,0.25,1,0.14,0,0.25,0.15,0
-0.37,0,0,1,0.39,-0.7,0.17,1,0.33,1,0.87,0.58,0.33,0.07,0
-0.71,1,0,0,0.01,-1.39,0.89,2,2,0,1.6,0.69,0,0.03,0
-0.51,1,0,1,0.1,1.72,0.82,1,0.1,0,1.27,0.74,0,0.25,0
0.59,0,0,1,0.29,1.38,1.61,2,0.22,1,0.08,1.69,0.22,0.21,0
1.52,0,0,0,-0.56,1.72,0.11,1,0.1,0,-0.53,1.2,0,0.3,0
0.33,1,0,1,-1.23,1.03,-1.23,2,0.25,0,1.36,0,0,0.31,0
0.45,0,1,0,0.01,1.38,-1.23,2,0.22,0,0,0,0,0.23,0
1.84,0,1,1,0.29,1.72,-1.23,1,0.1,1,1.5,0,0.1,0.24,0
-0.58,0,1,0,-0.09,0.69,0.33,1,0.14,0,-0.39,1.25,0,0.18,0
-0.74,0,1,1,-0.56,-1.39,-1.23,2,2,1,-0.79,0,2,0.03,0
0.75,1,0,0,-0.37,-1.73,-1.23,2,2,1,-0.67,0,2,0,0
1.48,0,1,0,-0.85,-1.39,1.26,1,1,1,0.99,0.99,1,0.03,0
0.24,0,0,1,0.48,-0.7,0.2,1,0.33,0,-0.46,1.21,0,0.07,0
-2.41,1,0,1,-1.04,0.69,0.36,1,0.14,0,0.38,0.81,0,0.25,0
-1.54,1,0,1,-0.56,1.03,-1.23,2,0.25,1,0.41,0,0.25,0.24,0
0.28,1,0,0,1.06,0.34,-1.23,1,0.17,0,-1.6,0,0,0.12,0
-0.53,0,0,1,0.1,1.72,0.98,2,0.2,1,-1.5,9.74,0.2,0.25,0
0.88,1,0,1,-0.95,-0.35,-1.23,2,0.5,0,-0.84,0,0,0.14,0
0.34,0,1,1,-0.85,-1.39,0.59,1,1,1,-0.61,1.74,1,0.03,0
1.84,1,0,1,-0.76,1.38,-1.23,1,0.11,1,1.12,0,0.11,0.29,0
0.42,1,0,0,-0.95,1.38,0.64,1,0.11,0,-0.84,2.24,0,0.31,0
0.7,0,1,1,0.01,0.34,-1.23,2,0.33,1,-0.63,0,0.33,0.15,0
0.3,0,0,0,-0.76,-0.7,0.81,3,1,1,1.33,0.72,1,0.1,0
1.94,0,1,0,0.2,0,-1.23,2,0.4,0,-0.33,0,0,0.12,0
0.46,0,1,0,-0.76,0,-1.23,2,0.4,1,-1.5,0,0.4,0.16,0
0.32,1,0,1,0.67,-1.73,0.47,1,1,0,-1.64,18.36,0,0,0
1.15,1,0,1,-0.28,0,0.69,1,0.2,1,-1,2.8,0.2,0.14,0
1.04,0,1,1,-0.09,0.69,-1.23,2,0.29,0,-0.16,0,0,0.18,0
0.28,0,1,1,-1.04,0,1,1,0.2,1,-0.8,2.56,0.2,0.18,0
-0.17,1,0,0,-0.18,0.69,-0.4,2,0.29,1,1.46,0.28,0.29,0.19,0
1.02,1,0,1,-0.18,0.69,-1.23,2,0.29,0,-1.39,0,0,0.19,0
-0.63,0,1,1,-0.18,0.34,1.5,1,0.17,1,0.49,1.32,0.17,0.16,0
-0.42,1,0,0,-1.14,-0.35,0.17,2,0.5,0,1.44,0.48,0,0.15,0
-1.54,1,0,1,-0.56,0.69,-1.23,2,0.29,1,-1.67,0,0.29,0.21,0
-0.75,1,0,0,0.1,0.69,-1.23,2,0.29,0,0.04,0,0,0.18,0
-1.07,1,0,0,-0.66,-1.04,-1.23,2,1,0,0.55,0,0,0.06,0
-0.74,1,0,0,-1.14,1.38,-1.23,2,0.22,0,0.47,0,0,0.33,0
0.11,1,0,1,0.01,0,-1.23,2,0.4,0,1.41,0,0,0.13,0
1.48,1,0,1,0.67,0.34,-1.23,2,0.33,0,1.66,0,0,0.13,0
0.71,1,0,1,2.11,0,-1.23,2,0.4,1,-1.23,0,0.4,0.08,0
0.8,1,0,0,2.87,-1.39,-1.23,2,2,1,0.55,0,2,0.01,0
-0.54,0,0,1,-1.9,-0.7,1.18,1,0.33,1,1.28,0.87,0.33,0.16,0
1.77,0,0,0,0.67,-0.7,0.62,2,0.67,0,-1.28,4.38,0,0.07,0
0.2,0,1,0,0.1,-0.7,-1.23,1,0.33,1,1.44,0,0.33,0.08,0
2.06,1,0,1,-1.04,1.03,0.38,1,0.13,0,1.68,0.51,0,0.29,0
0.56,0,0,1,0.29,1.03,1.45,2,0.25,1,-0.78,3.01,0.25,0.19,0
0.27,0,1,1,0.1,0.69,0.3,1,0.14,1,-0.65,1.51,0.14,0.18,0
0.88,1,0,1,0.39,-0.35,2.02,1,0.25,0,-0.48,2.8,0,0.09,0
-1.55,0,0,1,-0.09,1.38,0.2,2,0.22,1,0.58,0.67,0.22,0.24,0
-1.39,1,0,0,-0.95,-1.04,0.46,1,0.5,0,1,0.67,0,0.07,0
1.19,1,0,1,-0.66,0.34,1.75,1,0.17,1,0.04,1.81,0.17,0.19,0
-1.35,0,0,0,-1.52,-0.7,0.63,2,0.67,1,-1.09,3.09,0.67,0.13,0
-1.13,1,0,1,0.67,0.34,-1.23,2,0.33,1,-0.29,0,0.33,0.13,0
1.44,0,0,0,-0.47,-1.04,1.4,1,0.5,0,1.73,0.82,0,0.06,0
1.52,1,0,1,-0.76,1.38,-1.23,2,0.22,1,-1.31,0,0.22,0.29,0
1.66,1,0,1,0.1,-1.39,0.4,1,1,1,0.38,0.83,1,0.03,0
0.74,0,1,0,-0.66,-0.35,-1.23,2,0.5,1,0.24,0,0.5,0.13,0
0.25,1,0,1,-1.04,1.38,-1.23,1,0.11,0,0.59,0,0,0.32,0
0.1,0,0,1,0.01,1.38,0.93,2,0.22,0,1.44,0.74,0,0.23,0
-0.87,0,1,1,-0.66,1.72,1.14,1,0.1,1,1.04,0.92,0.1,0.31,0
1.22,1,0,1,-1.33,-1.73,0.03,1,1,1,-1.6,9.43,1,0,0
-0.42,0,1,0,-0.76,0,-1.23,2,0.4,0,-0.63,0,0,0.16,0
0.67,1,0,0,-0.76,-0.7,0.55,1,0.33,1,-0.09,1.17,0.33,0.1,0
1.03,0,0,1,0.29,1.03,1.21,2,0.25,0,-0.55,2.21,0,0.19,0
-2.27,0,0,1,0.58,0,0.11,2,0.4,0,-1.1,2.27,0,0.11,0
0.55,1,0,1,-1.42,-1.04,1.15,2,1,0,1.44,0.81,0,0.08,0
-0.38,1,0,0,-0.09,-0.35,-0.06,1,0.25,1,-0.42,0.95,0.25,0.11,0
1.01,1,0,1,-0.09,-0.35,0.62,1,0.25,1,-0.51,1.62,0.25,0.11,0
-1.64,0,0,1,1.15,1.03,0.66,2,0.25,1,-0.57,1.75,0.25,0.16,0
-0.8,1,0,1,0.1,0.69,1.14,1,0.14,1,0.18,1.34,0.14,0.18,0
0.3,1,0,1,-0.76,1.72,0.59,1,0.1,1,0.39,0.92,0.1,0.32,0
-1.99,0,1,1,-0.28,0,-1.23,2,0.4,0,-0.35,0,0,0.14,0
-0.63,1,0,1,0.01,1.38,-1.23,2,0.22,1,0.08,0,0.22,0.23,0
-0.5,1,0,1,-0.37,1.03,-1.23,1,0.13,1,-1.35,0,0.13,0.23,0
-1.14,0,1,1,-0.18,-1.73,0.71,1,1,0,-1.25,4.28,0,0,0
-1.62,1,0,1,-1.33,0.34,-1.23,2,0.33,1,0.17,0,0.33,0.24,0
1.52,1,0,1,-0.95,-1.39,-1.23,1,1,1,0.87,0,1,0.03,0
-1.29,0,0,1,2.11,0.34,0.92,2,0.33,1,-0.95,2.96,0.33,0.1,0
-0.2,0,1,1,-0.09,0.69,-1.23,2,0.29,0,1.42,0,0,0.18,0
-0.77,1,0,0,-0.95,0,0.51,1,0.2,1,0.46,0.86,0.2,0.17,0
-0.99,1,0,1,-0.85,-1.39,-1.23,2,2,0,-0.21,0,0,0.03,0
1.03,0,1,0,-0.18,-1.04,0.6,1,0.5,0,-0.2,1.29,0,0.05,0
0.15,1,0,1,-1.04,1.03,0.97,1,0.13,0,-0.17,1.52,0,0.29,0
-0.11,0,1,1,-0.18,0,1.31,1,0.2,0,-0.33,1.94,0,0.14,0
-2,1,0,0,-0.56,0.69,0.82,1,0.14,1,-0.7,2.13,0.14,0.21,0
0.46,1,0,1,-0.28,-0.35,1.36,1,0.25,0,0.01,1.6,0,0.11,0
-0.04,0,1,1,-0.66,1.38,0.07,1,0.11,1,0.5,0.63,0.11,0.28,0
1.63,0,1,1,-1.33,0.69,-1.23,2,0.29,1,-1.34,0,0.29,0.28,0
0.51,0,1,1,-0.95,1.03,-1.23,2,0.25,1,0.9,0,0.25,0.28,0
0.1,0,0,1,-1.23,-0.35,0.62,1,0.25,1,1.08,0.71,0.25,0.15,0
-0.37,0,1,1,0.2,-1.39,0.81,1,1,1,-0.77,2.28,1,0.02,0
0.56,0,0,0,0.1,-0.7,0.26,1,0.33,1,0.16,0.85,0.33,0.08,0
0.7,1,0,1,0.87,1.38,-1.23,2,0.22,1,-0.49,0,0.22,0.19,0
-0.66,1,0,0,0.67,0.34,0.2,1,0.17,0,-0.52,1.26,0,0.13,0
-0.84,0,1,1,-0.76,-1.39,0.62,1,1,0,0.79,0.79,0,0.03,0
-0.85,1,0,0,-0.09,-0.7,0.9,1,0.33,1,0.42,1.07,0.33,0.08,0
-0.17,0,0,1,3.34,0,0.52,1,0.2,0,-1.57,10.8,0,0.07,0
1.24,0,0,0,0.67,0,1.05,2,0.4,0,1.13,0.86,0,0.11,0
0.26,0,1,0,2.39,-0.35,0.65,1,0.25,1,-0.16,1.28,0.25,0.06,0
-0.51,0,1,0,0.2,-0.7,-1.23,2,0.67,0,-0.8,0,0,0.07,0
-0.47,0,1,0,-0.28,1.38,-1.23,2,0.22,1,-1.12,0,0.22,0.25,0
1.05,0,1,0,-0.76,-0.35,1.09,2,0.5,0,-1.04,3.57,0,0.13,0
2.06,1,0,1,-0.76,1.03,-1.23,2,0.25,0,1.37,0,0,0.26,0
-0.44,0,0,0,0.87,-1.04,0.82,2,1,0,-1.18,3.97,0,0.04,0
1.4,0,1,0,-0.47,1.38,-1.23,2,0.22,0,0.29,0,0,0.26,0
0.17,0,1,1,-0.76,0,-1.23,2,0.4,1,-1.39,0,0.4,0.16,0
2.04,0,1,1,-0.37,0,0.7,2,0.4,0,-0.27,1.42,0,0.14,0
-1.7,1,0,0,0.01,1.03,0.34,1,0.13,1,0.36,0.81,0.13,0.21,0
-0.54,0,1,0,2.39,-1.39,-0.22,1,1,1,0.91,0.41,1,0.02,0
-1.5,1,0,0,0.1,-0.7,-1.23,1,0.33,1,0.77,0,0.33,0.08,0
-1.09,1,0,1,-0.85,-0.7,-1.23,2,0.67,0,1.22,0,0,0.1,0
1.47,1,0,1,1.63,1.03,0.69,2,0.25,0,-1.22,4,0,0.14,0
0.33,1,0,0,-0.85,1.38,-1.23,2,0.22,1,1.65,0,0.22,0.3,0
0.35,1,0,1,-0.66,1.38,0.38,2,0.22,1,-0.56,1.48,0.22,0.28,0
0.43,0,1,1,0.67,-1.04,-1.23,2,1,1,0.1,0,1,0.04,0
0.16,0,0,1,3.06,-1.39,-0.38,2,2,1,0.21,0.47,2,0.01,0
0.44,1,0,1,2.77,-1.04,-1.23,2,1,1,-0.7,0,1,0.03,0
1.1,0,0,1,-0.56,-1.39,0.73,1,1,0,-1,2.87,0,0.03,0
0.35,0,0,1,-1.99,1.38,0.23,1,0.11,1,-1.66,18.95,0.11,0.5,0
0.42,0,1,1,-0.37,0.34,-1.23,2,0.33,1,1.36,0,0.33,0.17,0
-1.74,1,0,0,-0.37,0,1.14,2,0.4,0,0.16,1.36,0,0.14,0
0.87,1,0,1,1.53,0.34,0.92,1,0.17,0,-1.7,59.15,0,0.11,0
0.32,1,0,0,2.3,0.69,-1.23,2,0.29,1,-0.78,0,0.29,0.11,0
-0.36,1,0,0,-0.76,1.03,-1.23,1,0.13,1,-0.41,0,0.13,0.26,0
-0.16,1,0,1,0.39,1.72,0.73,2,0.2,1,1.37,0.68,0.2,0.23,0
1.75,0,1,0,-0.76,-1.04,0.28,1,0.5,0,0.06,0.91,0,0.06,0
0.65,1,0,1,0.2,-0.7,-1.23,2,0.67,0,-0.77,0,0,0.07,0
-0.02,1,0,0,0.2,-0.7,0.87,1,0.33,1,0.78,0.9,0.33,0.07,0
-0.93,1,0,1,-0.56,0.34,-1.23,2,0.33,0,1.28,0,0,0.18,0
0.76,0,1,1,0.2,0,-1.23,1,0.2,1,0.27,0,0.2,0.12,0
-2.17,1,0,1,2.01,-1.39,1.03,1,1,1,1.29,0.81,1,0.02,0
-0.74,0,1,1,-1.61,-0.7,0.68,1,0.33,1,-0.87,2.38,0.33,0.14,0
1.31,0,0,1,-0.37,0.69,0.74,1,0.14,1,-0.42,1.61,0.14,0.2,0
0.92,1,0,0,-0.28,-1.73,-1.23,2,2,0,0.58,0,0,0,0
0.1,1,0,1,0.1,0,0.89,2,0.4,1,-1.07,3.4,0.4,0.13,0
-1,1,0,0,-0.37,1.03,-1.23,2,0.25,1,1.33,0,0.25,0.23,0
2.06,1,0,0,-1.42,0.34,-1.23,2,0.33,1,-1.51,0,0.33,0.25,0
-1.04,1,0,1,-1.33,-1.73,-1.23,2,2,1,1.46,0,2,0,0
1.03,0,1,0,0.01,0.34,-1.23,2,0.33,0,-1.41,0,0,0.15,0
-1.66,0,1,0,-0.09,-0.7,0.33,1,0.33,1,-0.13,1.05,0.33,0.08,0
-0.47,0,0,1,-1.04,1.72,0.6,1,0.1,0,-1.16,3.43,0,0.36,0
0.25,1,0,1,-0.47,1.03,-1.23,2,0.25,1,1.47,0,0.25,0.24,0
-0.31,0,1,0,-0.28,0.69,0.64,1,0.14,1,0.97,0.75,0.14,0.19,0
2.06,1,0,1,0.1,0.34,0.33,1,0.17,1,-0.2,1.1,0.17,0.15,0
0.63,1,0,1,0.2,-0.7,-1.23,2,0.67,1,1.63,0,0.67,0.07,0
-0.24,0,0,1,-0.85,-0.7,0.84,2,0.67,1,-1.04,3.2,0.67,0.1,0
2.06,1,0,0,-0.47,-1.04,-1.23,2,1,0,-0.84,0,0,0.06,0
-0.38,0,1,0,-0.28,-1.39,-0.52,1,1,1,-0.47,0.6,1,0.03,0
0.34,0,0,0,0.96,0.69,0.52,2,0.29,0,0.71,0.77,0,0.14,0
-0.08,0,1,1,-0.37,-1.04,-1.23,2,1,0,-0.56,0,0,0.06,0
-0.51,0,1,0,-1.8,1.38,0.74,2,0.22,0,-0.23,1.41,0,0.45,0
1.19,1,0,0,-1.14,0.69,1.32,2,0.29,1,-0.91,3.34,0.29,0.26,0
0.5,1,0,1,-0.95,-0.7,0.79,1,0.33,1,0.9,0.83,0.33,0.1,0
2.06,0,0,1,-0.95,-1.39,1.25,1,1,1,1.11,0.94,1,0.03,0
2.06,0,0,1,0.39,0,0.85,2,0.4,1,-1.41,6.72,0.4,0.12,0
-0.23,0,1,1,0.1,1.72,-1.23,2,0.2,0,0.07,0,0,0.25,0
0.88,1,0,0,2.3,1.72,-1.23,2,0.2,1,-1.73,0,0.2,0.16,0
0.63,1,0,0,-1.71,-1.73,0.1,2,2,1,-1.72,58.81,2,0,0
-0.7,0,1,0,-1.61,-1.04,-1.23,2,1,1,-1.64,0,1,0.09,0
1.1,1,0,1,0.67,-1.73,-1.23,2,2,0,-1.09,0,0,0,0
1.02,0,0,0,-0.56,1.72,0,1,0.1,1,-1.21,2.52,0.1,0.3,0
0.56,1,0,1,-0.47,0.69,0.66,1,0.14,0,-1.7,47.11,0,0.21,0
-0.68,1,0,1,1.44,1.03,0.17,1,0.13,1,-0.78,1.57,0.13,0.15,0
0.94,1,0,0,2.39,-1.04,-0.11,1,0.5,1,-0.71,1.17,0.5,0.03,0
0.91,1,0,1,-1.23,1.38,-1.23,2,0.22,1,-0.89,0,0.22,0.35,0
-0.67,0,1,0,-0.56,1.72,-0.15,2,0.2,1,0.71,0.48,0.2,0.3,0
-0.24,1,0,0,1.72,1.38,-1.23,2,0.22,1,0.13,0,0.22,0.16,0
-1.03,0,1,1,3.54,-1.04,0.83,2,1,1,1.42,0.71,1,0.03,0
-0.46,0,0,1,-0.09,-0.7,0.38,1,0.33,0,-1.1,2.7,0,0.08,0
0.24,1,0,1,-1.61,-0.7,-1.23,1,0.33,1,1.28,0,0.33,0.14,0
-0.69,0,0,0,-0.76,0.34,1.22,1,0.17,0,-0.01,1.54,0,0.19,0
-0.63,1,0,1,0.1,1.03,-1.23,2,0.25,0,-0.65,0,0,0.2,0
-0.68,1,0,1,1.63,-0.35,0.99,2,0.5,1,-0.78,2.5,0.5,0.07,0
-1.47,1,0,0,-1.33,-1.04,0.56,1,0.5,1,-0.9,2.31,0.5,0.08,0
-1.99,0,0,1,0.48,0.69,0.13,1,0.14,0,1.37,0.47,0,0.16,0
0.43,1,0,0,-0.28,-0.7,-1.23,2,0.67,1,-1.6,0,0.67,0.08,0
-1.54,0,0,1,-0.56,0,1.57,2,0.4,0,-1.16,5.25,0,0.15,0
-1.37,1,0,1,0.67,-0.7,-1.23,2,0.67,0,-0.41,0,0,0.07,0
0.1,0,0,1,0.67,0,0.52,2,0.4,1,-1.15,3.24,0.4,0.11,0
1.27,0,1,1,2.3,1.38,0.56,1,0.11,1,-0.12,1.19,0.11,0.14,0
-0.33,0,0,0,1.25,1.03,0.76,1,0.13,0,-1.32,5.19,0,0.15,0
0.35,0,0,1,1.91,1.38,0.74,1,0.11,1,-1.47,7.75,0.11,0.15,0
-0.16,1,0,1,-0.47,-0.7,0.93,2,0.67,1,-0.28,1.61,0.67,0.09,0
0.3,1,0,0,-1.33,-0.35,0.76,1,0.25,1,-0.17,1.37,0.25,0.16,0
-0.44,0,0,1,-0.47,-0.7,0.48,1,0.33,1,-1.1,2.9,0.33,0.09,0
1.09,0,0,0,-0.47,-1.04,1.15,1,0.5,0,1.64,0.76,0,0.06,0
-0.41,1,0,1,-0.85,-1.04,0.44,1,0.5,0,1.04,0.65,0,0.07,0
-1.23,0,0,1,-1.42,1.03,1.06,1,0.13,0,-1.15,4.17,0,0.33,0
-0.04,0,0,0,-0.56,-0.7,1.48,2,0.67,0,-0.17,1.87,0,0.09,0
-0.7,1,0,1,-0.09,1.03,-1.23,1,0.13,0,-0.91,0,0,0.21,0
1.28,0,0,1,0.29,-1.04,0.89,2,1,1,1.09,0.81,1,0.05,0
0.27,1,0,1,1.82,1.38,-1.23,1,0.11,1,1.19,0,0.11,0.16,0
-1.12,0,0,1,-1.33,1.03,1.01,1,0.13,0,-0.79,2.56,0,0.32,0
-0.39,0,1,1,-0.95,-1.73,-1.23,2,2,1,0.59,0,2,0,0
0.16,1,0,1,0.1,0,-1.23,2,0.4,0,0.83,0,0,0.13,0
1.31,1,0,0,-1.04,-1.04,0.93,1,0.5,1,0.32,1.14,0.5,0.07,0
0.56,1,0,1,-0.66,0.69,-1.23,2,0.29,0,-1.6,0,0,0.22,0
0.23,1,0,0,0.48,1.03,0.91,1,0.13,1,-1.64,23.38,0.13,0.18,0
-0.47,1,0,1,0.2,1.72,-1.23,2,0.2,1,-0.05,0,0.2,0.24,0
0.86,1,0,0,0.1,1.38,1.61,1,0.11,1,-1.52,13.82,0.11,0.23,0
-0.81,1,0,0,-0.28,1.03,-0.13,2,0.25,1,-0.86,1.36,0.25,0.22,0
-0.57,1,0,0,-0.56,1.38,-1.23,2,0.22,1,-1.02,0,0.22,0.27,0
1.02,1,0,1,0.29,-1.04,-0.32,2,1,1,1.49,0.31,1,0.05,0
-0.27,0,1,1,-0.56,0.34,-0.16,1,0.17,1,1.23,0.39,0.17,0.18,0
0.15,1,0,0,0.2,1.03,0.32,1,0.13,0,0.64,0.7,0,0.2,0
-0.03,1,0,1,0.29,-0.35,-1.23,2,0.5,0,-1.41,0,0,0.1,0
-0.84,0,0,0,-0.66,1.03,1.1,1,0.13,1,0.56,1.1,0.13,0.25,0
-0.87,1,0,0,-1.71,-0.7,-1.23,2,0.67,1,-1.68,0,0.67,0.14,0
-1.17,0,0,0,0.77,-0.35,0.76,2,0.5,1,-0.86,2.44,0.5,0.09,0
0.86,1,0,1,0.39,0.69,0.5,1,0.14,0,1.43,0.59,0,0.16,0
-0.4,1,0,0,-0.09,-1.39,-1.23,2,2,1,-1.58,0,2,0.03,0
-0.03,1,0,1,-0.47,-1.73,-1.23,1,1,1,1.18,0,1,0,0
-0.97,1,0,0,-1.14,-0.7,0.18,1,0.33,1,0.4,0.71,0.33,0.11,0
-0.08,0,1,0,-1.8,-1.73,0.91,1,1,1,-1.67,33.62,1,0,0
-2.25,1,0,0,0.96,1.72,-1.23,1,0.1,1,-0.22,0,0.1,0.2,0
-0.08,0,0,1,0.2,0.69,1.26,1,0.14,1,-0.88,3.12,0.14,0.17,0
-1.68,1,0,0,-0.28,-1.73,-1.23,2,2,0,0.64,0,0,0,0
0.96,0,0,1,0.01,-0.7,0.69,1,0.33,1,-1.29,4.58,0.33,0.08,0
0.99,0,1,1,0.96,0.69,-1.23,2,0.29,1,-1.56,0,0.29,0.14,0
0.16,0,0,0,1.91,1.03,1.22,2,0.25,1,1.54,0.81,0.25,0.14,0
-0.73,0,0,0,-0.56,0.69,0.88,2,0.29,0,-0.35,1.65,0,0.21,0
2.06,1,0,1,-1.14,0.34,0.32,2,0.33,0,0.92,0.63,0,0.22,0
-0.91,1,0,1,-1.61,-0.7,0.98,1,0.33,1,-1.64,23.75,0.33,0.14,0
1.19,0,0,0,-1.04,-0.7,-0.22,2,0.67,1,-1.51,4.76,0.67,0.11,0
0.09,1,0,1,-0.66,1.38,0.3,1,0.11,1,1.52,0.51,0.11,0.28,0
-0.45,0,1,1,-1.04,-1.39,0.95,2,2,1,0.18,1.23,2,0.04,0
-0.07,0,0,1,-0.37,0,1.36,3,0.6,1,-0.63,2.53,0.6,0.14,0
0.99,1,0,1,0.77,1.03,1.06,1,0.13,1,-0.66,2.29,0.13,0.17,0
-0.65,0,1,1,-0.56,-1.04,-1.23,2,1,1,-1.52,0,1,0.06,0
0.42,0,1,1,-0.85,1.38,-1.23,2,0.22,1,-1.55,0,0.22,0.3,0
0.16,1,0,0,-0.09,0.34,0.81,1,0.17,1,-1.6,15.4,0.17,0.16,0
-0.11,0,1,0,0.67,-0.7,-1.23,1,0.33,1,0.98,0,0.33,0.07,0
-0.41,0,0,0,-0.95,-0.35,0.04,2,0.5,1,-1.27,2.93,0.5,0.14,0
-1.26,1,0,0,-0.95,1.03,-1.23,2,0.25,0,-1.4,0,0,0.28,0
0.26,1,0,0,-0.28,-0.7,0.24,1,0.33,1,-0.08,0.96,0.33,0.08,0
-0.12,0,0,0,0.67,1.72,0.54,2,0.2,1,0.59,0.82,0.2,0.22,0
1.36,1,0,1,-0.28,0,0.08,2,0.4,1,0.14,0.75,0.4,0.14,0
-0.1,0,0,1,-0.66,0,0.74,1,0.2,1,-0.02,1.24,0.2,0.16,0
0.48,1,0,0,-0.09,-1.39,1.69,1,1,0,-0.88,3.68,0,0.03,0
0.07,1,0,1,0.48,0.34,0,1,0.17,0,-0.37,0.97,0,0.14,0
0.97,1,0,0,-0.09,1.38,-1.23,2,0.22,0,-1.38,0,0,0.24,0
1.28,0,1,1,0.67,1.38,-1.23,2,0.22,1,-1.14,0,0.22,0.2,0
-1.03,1,0,0,0.58,0.34,-1.23,2,0.33,1,-0.85,0,0.33,0.13,0
1.46,1,0,0,0.29,-1.73,0.36,2,2,0,-0.92,2.1,0,0,0
0.16,1,0,0,-0.28,1.03,-1.23,1,0.13,1,1.02,0,0.13,0.22,0
0.68,0,0,0,-0.85,-1.04,2.07,2,1,0,-0.6,3.14,0,0.07,0
-0.58,1,0,0,-0.76,-1.73,0.05,1,1,0,-0.38,1.01,0,0,0
-0.52,0,0,1,1.72,1.38,0.99,2,0.22,1,0.06,1.34,0.22,0.16,0
-0.88,1,0,1,0.96,0.69,-1.23,2,0.29,1,-0.18,0,0.29,0.14,0
0.28,0,0,1,0.87,-1.04,0.39,2,1,1,1.62,0.52,1,0.04,0
-0.03,0,1,0,-0.76,0,-1.23,2,0.4,1,-1.65,0,0.4,0.16,0
-0.09,1,0,1,0.1,1.03,0.52,1,0.13,0,-0.82,2.07,0,0.2,0
0.18,0,1,1,0.39,1.72,0.59,1,0.1,1,0.01,1.13,0.1,0.23,0
-0.16,0,1,1,0.2,-1.39,-1.23,2,2,0,1.31,0,0,0.02,0
-0.49,0,1,1,-0.85,0.34,0.85,2,0.33,1,-1.41,6.72,0.33,0.2,0
-0.16,1,0,0,3.15,-0.35,-0.03,1,0.25,1,-1.26,2.73,0.25,0.06,0
-0.09,1,0,0,0.1,0.69,-1.23,2,0.29,0,1.46,0,0,0.18,0
-0.23,0,0,0,-1.04,-0.7,1.23,2,0.67,0,0.19,1.39,0,0.11,0
-1.57,1,0,0,-0.09,1.38,-1.23,2,0.22,1,1.44,0,0.22,0.24,0
-0.86,0,1,1,-0.47,1.72,-1.23,2,0.2,1,1.07,0,0.2,0.29,0
-2.09,0,1,1,-0.66,-1.73,1.27,1,1,1,1.16,0.93,1,0,0
0.52,0,1,1,-0.37,1.72,1.33,2,0.2,1,-0.5,2.24,0.2,0.29,0
-0.39,0,1,1,-0.18,-0.7,1.53,1,0.33,1,-1.65,32.07,0.33,0.08,0
0.34,0,0,0,0.01,-1.04,-0.46,2,1,1,-0.24,0.55,1,0.05,0
-0.72,1,0,1,-0.37,-0.35,-1.23,2,0.5,1,-0.24,0,0.5,0.11,0
-0.93,0,1,1,-1.04,0.34,0.76,1,0.17,1,-0.51,1.75,0.17,0.21,0
-0.96,0,0,1,-1.23,-1.39,1.16,2,2,1,-1.32,6.1,2,0.04,0
-0.09,1,0,1,-0.37,-1.04,0.91,1,0.5,1,0.39,1.09,0.5,0.06,0
1.6,0,0,1,-1.42,0.34,1.07,2,0.33,0,1.49,0.77,0,0.25,0
0.38,1,0,1,-0.37,1.38,-1.23,2,0.22,1,-0.47,0,0.22,0.26,0
-0.92,1,0,1,-0.56,0.34,-1.23,2,0.33,0,0.2,0,0,0.18,0
-0.39,0,0,1,-0.09,1.38,0.8,2,0.22,0,-1.46,7.96,0,0.24,0
-0.64,1,0,1,-0.18,0,-1.23,1,0.2,0,-0.67,0,0,0.14,0
-0.6,0,1,1,-0.76,1.03,0.58,1,0.13,1,1.34,0.64,0.13,0.26,0
0.66,1,0,1,-0.47,0,1.04,1,0.2,1,-0.02,1.43,0.2,0.15,0
-0.65,0,1,0,-0.37,0.69,-1.23,2,0.29,1,0.15,0,0.29,0.2,0
0.29,0,1,1,0.01,0.34,-1.23,2,0.33,0,-1.53,0,0,0.15,0
0.82,0,1,1,-0.09,0,0.68,1,0.2,1,1.1,0.73,0.2,0.13,0
1.89,1,0,1,0.77,-1.04,-1.23,2,1,1,1.43,0,1,0.04,0
-0.67,0,1,0,-0.56,0.69,-1.23,2,0.29,1,1.19,0,0.29,0.21,0
0.63,1,0,1,-0.09,-0.35,0.75,1,0.25,0,0.73,0.87,0,0.11,0
1.84,1,0,1,-0.85,-0.35,-0.05,2,0.5,0,1.07,0.45,0,0.13,0
-1.56,0,1,1,-0.09,0.69,-1.23,2,0.29,0,1.6,0,0,0.18,0
1.62,1,0,1,0.77,-1.39,0.3,1,1,0,0.48,0.74,0,0.02,0
2.06,1,0,1,0.1,1.03,0.42,1,0.13,0,-0.68,1.69,0,0.2,0
1.36,1,0,0,2.96,0.69,0.33,1,0.14,1,0.54,0.74,0.14,0.1,0
-0.22,0,1,1,-0.76,0.34,0.9,1,0.17,1,0.54,1.02,0.17,0.19,0
-0.71,0,1,1,-0.56,0.34,-1.23,2,0.33,1,-0.47,0,0.33,0.18,0
-1.89,1,0,1,-1.61,-1.04,-1.23,2,1,0,-1.25,0,0,0.09,0
1.6,1,0,1,0.01,-1.04,-1.23,1,0.5,0,1.16,0,0,0.05,0
0.72,1,0,1,-1.23,1.72,-0.39,2,0.2,0,-0.95,1.14,0,0.38,0
1.35,0,1,0,-0.95,0.34,0.36,1,0.17,0,0.21,0.88,0,0.21,0
-0.61,0,0,1,-0.56,-1.04,1.28,1,0.5,1,-1.09,4.22,0.5,0.06,0
1.12,1,0,0,0.58,1.03,-1.23,2,0.25,1,-0.01,0,0.25,0.18,0
-1.84,1,0,0,-0.37,0.34,-0.11,1,0.17,0,0.75,0.49,0,0.17,0
-0.12,0,1,0,-0.37,0,0.96,2,0.4,0,-0.7,2.29,0,0.14,0
0.56,1,0,1,-1.33,-0.7,0.6,1,0.33,1,1.68,0.58,0.33,0.12,0
-1.39,0,0,0,-0.56,1.72,1,1,0.1,1,0.47,1.09,0.1,0.3,0
2.06,1,0,0,0.1,-1.73,-1.23,2,2,0,-1.72,0,0,0,0
0.99,0,0,0,-0.56,-1.04,0.5,2,1,1,0.8,0.74,1,0.06,0
-0.3,0,0,1,-0.56,-0.7,0.33,2,0.67,0,-0.9,2,0,0.09,0
0.96,1,0,1,-0.85,0.69,0.02,1,0.14,0,0.77,0.54,0,0.23,0
0.84,0,0,1,-0.09,0,1.64,1,0.2,1,1.66,0.91,0.2,0.13,0
2.06,1,0,1,4.01,0,-1.23,2,0.4,1,-0.96,0,0.4,0.06,0
2.06,0,0,0,-0.47,-0.7,0.85,2,0.67,1,-0.2,1.46,0.67,0.09,0
0.37,1,0,1,-0.47,0.34,1.12,2,0.33,1,-0.2,1.65,0.33,0.18,0
-0.98,1,0,0,0.1,1.03,-1.23,2,0.25,0,-0.66,0,0,0.2,0
0.23,1,0,1,-0.18,-0.35,-1.23,2,0.5,0,1.1,0,0,0.11,0
1.64,1,0,0,-0.09,-1.04,1.25,2,1,1,1.3,0.89,1,0.05,0
-0.21,1,0,1,-0.18,0.34,-1.23,2,0.33,1,-0.3,0,0.33,0.16,0
-0.9,0,0,0,-0.85,-1.73,0.39,2,2,0,0.59,0.75,0,0,0
0.27,0,1,0,-0.47,-0.35,-1.23,2,0.5,1,-1.63,0,0.5,0.12,0
-0.7,1,0,1,0.1,1.38,0.58,1,0.11,0,-1.23,3.86,0,0.23,0
-0.61,0,1,1,0.58,1.03,0.13,1,0.13,1,-0.57,1.26,0.13,0.18,0
2.06,1,0,1,-0.85,0.34,0.16,1,0.17,1,1.54,0.46,0.17,0.2,0
-0.18,0,1,1,0.29,1.72,-1.23,1,0.1,1,-0.36,0,0.1,0.24,0
1.04,0,0,1,-0.28,0,-0.05,1,0.2,1,-0.19,0.82,0.2,0.14,0
-0.61,0,0,1,-0.76,0.69,0.77,1,0.14,0,-0.24,1.45,0,0.23,0
-0.1,0,0,1,0.29,-0.7,0.73,2,0.67,1,1.16,0.73,0.67,0.07,0
2.05,1,0,1,-0.37,-0.35,0.55,1,0.25,0,0.46,0.88,0,0.11,0
-0.04,0,1,1,0.77,1.72,0.37,1,0.1,1,-0.19,1.12,0.1,0.21,0
-0.44,0,0,0,-0.85,-1.04,0.23,2,1,0,0.57,0.68,0,0.07,0
-0.99,1,0,0,-1.23,0.69,-1.23,2,0.29,0,-0.12,0,0,0.27,0
-1.59,0,1,1,-1.14,0.69,1.17,1,0.14,0,1.17,0.89,0,0.26,0
-0.53,0,0,1,-0.09,1.38,0.2,1,0.11,0,0.99,0.57,0,0.24,0
-1.09,0,0,1,-0.56,-1.39,0.9,2,2,1,0.13,1.23,2,0.03,0
1.28,1,0,0,-0.28,1.38,0.62,1,0.11,0,-0.43,1.53,0,0.25,0
-1.93,1,0,1,0.67,0.34,1.37,1,0.17,0,1.44,0.88,0,0.13,0
0.47,0,0,0,-1.14,-1.04,0.31,2,1,1,-1.64,16.07,1,0.07,0
0.17,0,1,1,0.58,-0.7,-1.23,2,0.67,0,1.11,0,0,0.07,0
1.67,1,0,1,-0.66,0,0.91,2,0.4,0,-0.19,1.49,0,0.16,0
-1.39,1,0,1,1.15,1.03,0.7,2,0.25,1,1.19,0.71,0.25,0.16,0
-0.06,1,0,1,0.01,1.03,-1.23,2,0.25,0,-0.06,0,0,0.21,0
0.14,0,1,1,-0.66,0,0.92,1,0.2,0,0.6,0.99,0,0.16,0
-2.31,0,1,0,0.01,1.38,-1.23,2,0.22,0,-1.25,0,0,0.23,0
0.36,1,0,0,0.1,0.69,-1.23,2,0.29,0,0.07,0,0,0.18,0
-0.68,1,0,0,-0.56,-0.35,1.22,1,0.25,0,-0.64,2.42,0,0.12,0
0.59,1,0,0,2.68,-1.39,-1.23,2,2,1,-1.67,0,2,0.01,0
0.69,1,0,0,-1.61,0,0.58,1,0.2,1,-0.12,1.21,0.2,0.23,0
-1.92,0,0,1,-1.42,0.34,1.27,1,0.17,0,1.59,0.82,0,0.25,0
1.82,1,0,1,-1.23,0,1.06,1,0.2,0,-0.69,2.37,0,0.19,0
1,0,0,1,-0.28,1.03,0.42,2,0.25,1,1.4,0.57,0.25,0.22,0
0.58,0,1,1,-0.66,1.38,-1.23,2,0.22,0,0.46,0,0,0.28,0
-0.63,0,1,1,-0.18,-1.39,-1.23,2,2,0,0.58,0,0,0.03,0
-0.37,1,0,1,0.58,0,-1.23,2,0.4,1,1.13,0,0.4,0.11,0
-0.17,1,0,0,-0.28,-1.39,-0.11,1,1,0,0.28,0.6,0,0.03,0
0.68,0,0,1,0.2,1.03,0.8,2,0.25,1,0.66,0.91,0.25,0.2,0
-0.62,0,0,0,0.48,1.72,0.59,1,0.1,0,-1.71,57.21,0,0.23,0
-0.79,1,0,1,-0.47,-1.39,0.58,1,1,0,1.14,0.68,0,0.03,0
0.52,1,0,0,-0.37,-1.04,-1.23,2,1,1,-0.6,0,1,0.06,0
1,1,0,0,-0.47,1.72,-1.23,2,0.2,1,-0.86,0,0.2,0.29,0
-0.01,1,0,1,-0.66,-1.04,0.13,1,0.5,0,1.1,0.52,0,0.06,0
0.83,0,1,0,0.01,-1.04,0.81,1,0.5,1,-0.44,1.69,0.5,0.05,0
-0.13,0,0,0,-1.23,-1.39,0.46,2,2,1,-1.33,4.48,2,0.04,0
-0.84,0,1,1,0.2,-1.04,-1.23,2,1,0,0.59,0,0,0.05,0
-1.98,0,0,1,1.06,0,0.53,1,0.2,0,0.97,0.7,0,0.1,0
0.34,1,0,0,3.25,1.03,0.98,2,0.25,1,0.58,1.03,0.25,0.11,0
2.06,1,0,0,0.67,-1.04,1.3,1,0.5,1,-1.41,8.31,0.5,0.04,0
